mes,serie,valor,estado,quiebre
1959-01,m2_eeuu,286.6,dato,
1959-02,m2_eeuu,287.7,dato,
1959-03,m2_eeuu,289.2,dato,
1959-04,m2_eeuu,290.1,dato,
1959-05,m2_eeuu,292.2,dato,
1959-06,m2_eeuu,294.1,dato,
1959-07,m2_eeuu,295.2,dato,
1959-08,m2_eeuu,296.4,dato,
1959-09,m2_eeuu,296.7,dato,
1959-10,m2_eeuu,296.5,dato,
1959-11,m2_eeuu,297.1,dato,
1959-12,m2_eeuu,297.8,dato,
1960-01,m2_eeuu,298.2,dato,
1960-02,m2_eeuu,298.4,dato,
1960-03,m2_eeuu,299.3,dato,
1960-04,m2_eeuu,300.1,dato,
1960-05,m2_eeuu,300.9,dato,
1960-06,m2_eeuu,302.3,dato,
1960-07,m2_eeuu,304.1,dato,
1960-08,m2_eeuu,306.9,dato,
1960-09,m2_eeuu,308.4,dato,
1960-10,m2_eeuu,309.5,dato,
1960-11,m2_eeuu,310.9,dato,
1960-12,m2_eeuu,312.4,dato,
1961-01,m2_eeuu,314.1,dato,
1961-02,m2_eeuu,316.5,dato,
1961-03,m2_eeuu,318.3,dato,
1961-04,m2_eeuu,319.9,dato,
1961-05,m2_eeuu,322.2,dato,
1961-06,m2_eeuu,324.3,dato,
1961-07,m2_eeuu,325.6,dato,
1961-08,m2_eeuu,327.6,dato,
1961-09,m2_eeuu,329.5,dato,
1961-10,m2_eeuu,331.1,dato,
1961-11,m2_eeuu,333.4,dato,
1961-12,m2_eeuu,335.5,dato,
1962-01,m2_eeuu,337.5,dato,
1962-02,m2_eeuu,340.1,dato,
1962-03,m2_eeuu,343.1,dato,
1962-04,m2_eeuu,345.5,dato,
1962-05,m2_eeuu,347.5,dato,
1962-06,m2_eeuu,349.3,dato,
1962-07,m2_eeuu,350.8,dato,
1962-08,m2_eeuu,352.8,dato,
1962-09,m2_eeuu,354.9,dato,
1962-10,m2_eeuu,357.2,dato,
1962-11,m2_eeuu,359.8,dato,
1962-12,m2_eeuu,362.7,dato,
1963-01,m2_eeuu,365.2,dato,
1963-02,m2_eeuu,367.9,dato,
1963-03,m2_eeuu,370.7,dato,
1963-04,m2_eeuu,373.3,dato,
1963-05,m2_eeuu,376.1,dato,
1963-06,m2_eeuu,378.4,dato,
1963-07,m2_eeuu,381.1,dato,
1963-08,m2_eeuu,383.6,dato,
1963-09,m2_eeuu,386,dato,
1963-10,m2_eeuu,388.3,dato,
1963-11,m2_eeuu,391.5,dato,
1963-12,m2_eeuu,393.2,dato,
1964-01,m2_eeuu,395.2,dato,
1964-02,m2_eeuu,397.6,dato,
1964-03,m2_eeuu,399.8,dato,
1964-04,m2_eeuu,401.7,dato,
1964-05,m2_eeuu,404.2,dato,
1964-06,m2_eeuu,407.1,dato,
1964-07,m2_eeuu,410.1,dato,
1964-08,m2_eeuu,413.4,dato,
1964-09,m2_eeuu,416.9,dato,
1964-10,m2_eeuu,419.1,dato,
1964-11,m2_eeuu,422.1,dato,
1964-12,m2_eeuu,424.8,dato,
1965-01,m2_eeuu,427.5,dato,
1965-02,m2_eeuu,430.4,dato,
1965-03,m2_eeuu,433.2,dato,
1965-04,m2_eeuu,435.5,dato,
1965-05,m2_eeuu,437.1,dato,
1965-06,m2_eeuu,440.1,dato,
1965-07,m2_eeuu,442.9,dato,
1965-08,m2_eeuu,445.8,dato,
1965-09,m2_eeuu,449.5,dato,
1965-10,m2_eeuu,452.6,dato,
1965-11,m2_eeuu,455.7,dato,
1965-12,m2_eeuu,459.2,dato,
1966-01,m2_eeuu,462,dato,
1966-02,m2_eeuu,464.6,dato,
1966-03,m2_eeuu,467.2,dato,
1966-04,m2_eeuu,469.3,dato,
1966-05,m2_eeuu,470.1,dato,
1966-06,m2_eeuu,471.2,dato,
1966-07,m2_eeuu,470.8,dato,
1966-08,m2_eeuu,472.6,dato,
1966-09,m2_eeuu,475.4,dato,
1966-10,m2_eeuu,475.7,dato,
1966-11,m2_eeuu,477.3,dato,
1966-12,m2_eeuu,480.2,dato,
1967-01,m2_eeuu,481.6,dato,
1967-02,m2_eeuu,485.1,dato,
1967-03,m2_eeuu,489.7,dato,
1967-04,m2_eeuu,492.1,dato,
1967-05,m2_eeuu,497.2,dato,
1967-06,m2_eeuu,502,dato,
1967-07,m2_eeuu,506.3,dato,
1967-08,m2_eeuu,510.8,dato,
1967-09,m2_eeuu,514.7,dato,
1967-10,m2_eeuu,518.2,dato,
1967-11,m2_eeuu,521.2,dato,
1967-12,m2_eeuu,524.8,dato,
1968-01,m2_eeuu,527.4,dato,
1968-02,m2_eeuu,530.4,dato,
1968-03,m2_eeuu,533.2,dato,
1968-04,m2_eeuu,535.7,dato,
1968-05,m2_eeuu,538.9,dato,
1968-06,m2_eeuu,542.6,dato,
1968-07,m2_eeuu,545.6,dato,
1968-08,m2_eeuu,549.4,dato,
1968-09,m2_eeuu,553.5,dato,
1968-10,m2_eeuu,557.6,dato,
1968-11,m2_eeuu,562.4,dato,
1968-12,m2_eeuu,566.9,dato,
1969-01,m2_eeuu,569.3,dato,
1969-02,m2_eeuu,571.9,dato,
1969-03,m2_eeuu,574.4,dato,
1969-04,m2_eeuu,575.7,dato,
1969-05,m2_eeuu,576.5,dato,
1969-06,m2_eeuu,578.5,dato,
1969-07,m2_eeuu,579.5,dato,
1969-08,m2_eeuu,580.1,dato,
1969-09,m2_eeuu,582.1,dato,
1969-10,m2_eeuu,583.4,dato,
1969-11,m2_eeuu,585.4,dato,
1969-12,m2_eeuu,587.9,dato,
1970-01,m2_eeuu,589.6,dato,
1970-02,m2_eeuu,586.3,dato,
1970-03,m2_eeuu,587.3,dato,
1970-04,m2_eeuu,588.4,dato,
1970-05,m2_eeuu,591.5,dato,
1970-06,m2_eeuu,595.2,dato,
1970-07,m2_eeuu,599.1,dato,
1970-08,m2_eeuu,604.9,dato,
1970-09,m2_eeuu,611.2,dato,
1970-10,m2_eeuu,616.4,dato,
1970-11,m2_eeuu,621.1,dato,
1970-12,m2_eeuu,626.6,dato,
1971-01,m2_eeuu,633,dato,
1971-02,m2_eeuu,641,dato,
1971-03,m2_eeuu,649.9,dato,
1971-04,m2_eeuu,658.4,dato,
1971-05,m2_eeuu,666.7,dato,
1971-06,m2_eeuu,673,dato,
1971-07,m2_eeuu,679.6,dato,
1971-08,m2_eeuu,685.5,dato,
1971-09,m2_eeuu,692.5,dato,
1971-10,m2_eeuu,698.4,dato,
1971-11,m2_eeuu,704.6,dato,
1971-12,m2_eeuu,710.3,dato,
1972-01,m2_eeuu,717.7,dato,
1972-02,m2_eeuu,725.7,dato,
1972-03,m2_eeuu,733.5,dato,
1972-04,m2_eeuu,738.4,dato,
1972-05,m2_eeuu,743.3,dato,
1972-06,m2_eeuu,749.7,dato,
1972-07,m2_eeuu,759.5,dato,
1972-08,m2_eeuu,768.7,dato,
1972-09,m2_eeuu,778.3,dato,
1972-10,m2_eeuu,786.9,dato,
1972-11,m2_eeuu,793.9,dato,
1972-12,m2_eeuu,802.3,dato,
1973-01,m2_eeuu,810.3,dato,
1973-02,m2_eeuu,814.1,dato,
1973-03,m2_eeuu,815.3,dato,
1973-04,m2_eeuu,819.7,dato,
1973-05,m2_eeuu,826.8,dato,
1973-06,m2_eeuu,833.2,dato,
1973-07,m2_eeuu,836.5,dato,
1973-08,m2_eeuu,838.8,dato,
1973-09,m2_eeuu,839.3,dato,
1973-10,m2_eeuu,842.6,dato,
1973-11,m2_eeuu,848.9,dato,
1973-12,m2_eeuu,855.5,dato,
1974-01,m2_eeuu,859.7,dato,
1974-02,m2_eeuu,864.2,dato,
1974-03,m2_eeuu,870.1,dato,
1974-04,m2_eeuu,872.9,dato,
1974-05,m2_eeuu,874.6,dato,
1974-06,m2_eeuu,877.8,dato,
1974-07,m2_eeuu,881.4,dato,
1974-08,m2_eeuu,884.1,dato,
1974-09,m2_eeuu,887.9,dato,
1974-10,m2_eeuu,893.3,dato,
1974-11,m2_eeuu,898.6,dato,
1974-12,m2_eeuu,902.1,dato,
1975-01,m2_eeuu,906.3,dato,
1975-02,m2_eeuu,914.1,dato,
1975-03,m2_eeuu,925,dato,
1975-04,m2_eeuu,935.1,dato,
1975-05,m2_eeuu,947.9,dato,
1975-06,m2_eeuu,963,dato,
1975-07,m2_eeuu,975.1,dato,
1975-08,m2_eeuu,983.1,dato,
1975-09,m2_eeuu,991.5,dato,
1975-10,m2_eeuu,997.8,dato,
1975-11,m2_eeuu,1007,dato,
1975-12,m2_eeuu,1016.3,dato,
1976-01,m2_eeuu,1026.7,dato,
1976-02,m2_eeuu,1040.3,dato,
1976-03,m2_eeuu,1049.9,dato,
1976-04,m2_eeuu,1060.8,dato,
1976-05,m2_eeuu,1072.1,dato,
1976-06,m2_eeuu,1077.6,dato,
1976-07,m2_eeuu,1086.3,dato,
1976-08,m2_eeuu,1098.7,dato,
1976-09,m2_eeuu,1110.8,dato,
1976-10,m2_eeuu,1125,dato,
1976-11,m2_eeuu,1138.3,dato,
1976-12,m2_eeuu,1152.1,dato,
1977-01,m2_eeuu,1165.2,dato,
1977-02,m2_eeuu,1177.5,dato,
1977-03,m2_eeuu,1188.4,dato,
1977-04,m2_eeuu,1199.6,dato,
1977-05,m2_eeuu,1209,dato,
1977-06,m2_eeuu,1217.8,dato,
1977-07,m2_eeuu,1226.8,dato,
1977-08,m2_eeuu,1237.1,dato,
1977-09,m2_eeuu,1246.3,dato,
1977-10,m2_eeuu,1254,dato,
1977-11,m2_eeuu,1262.4,dato,
1977-12,m2_eeuu,1270.4,dato,
1978-01,m2_eeuu,1279.7,dato,
1978-02,m2_eeuu,1285.4,dato,
1978-03,m2_eeuu,1292.1,dato,
1978-04,m2_eeuu,1300.3,dato,
1978-05,m2_eeuu,1310.5,dato,
1978-06,m2_eeuu,1318.5,dato,
1978-07,m2_eeuu,1324.2,dato,
1978-08,m2_eeuu,1333.5,dato,
1978-09,m2_eeuu,1345.1,dato,
1978-10,m2_eeuu,1352.4,dato,
1978-11,m2_eeuu,1359.2,dato,
1978-12,m2_eeuu,1366.1,dato,
1979-01,m2_eeuu,1371.6,dato,
1979-02,m2_eeuu,1377.7,dato,
1979-03,m2_eeuu,1387.7,dato,
1979-04,m2_eeuu,1402.1,dato,
1979-05,m2_eeuu,1410.2,dato,
1979-06,m2_eeuu,1423,dato,
1979-07,m2_eeuu,1434.8,dato,
1979-08,m2_eeuu,1446.6,dato,
1979-09,m2_eeuu,1454.2,dato,
1979-10,m2_eeuu,1460.4,dato,
1979-11,m2_eeuu,1465.9,dato,
1979-12,m2_eeuu,1473.9,dato,
1980-01,m2_eeuu,1482.7,dato,
1980-02,m2_eeuu,1494.4,dato,
1980-03,m2_eeuu,1499.7,dato,
1980-04,m2_eeuu,1502.2,dato,
1980-05,m2_eeuu,1512.4,dato,
1980-06,m2_eeuu,1529.2,dato,
1980-07,m2_eeuu,1545.5,dato,
1980-08,m2_eeuu,1561.5,dato,
1980-09,m2_eeuu,1574,dato,
1980-10,m2_eeuu,1584.7,dato,
1980-11,m2_eeuu,1595.7,dato,
1980-12,m2_eeuu,1599.9,dato,
1981-01,m2_eeuu,1607,dato,
1981-02,m2_eeuu,1618.6,dato,
1981-03,m2_eeuu,1636.5,dato,
1981-04,m2_eeuu,1659.2,dato,
1981-05,m2_eeuu,1664.3,dato,
1981-06,m2_eeuu,1670.4,dato,
1981-07,m2_eeuu,1681.9,dato,
1981-08,m2_eeuu,1694.3,dato,
1981-09,m2_eeuu,1706,dato,
1981-10,m2_eeuu,1721.7,dato,
1981-11,m2_eeuu,1736,dato,
1981-12,m2_eeuu,1755.5,dato,
1982-01,m2_eeuu,1770.4,dato,
1982-02,m2_eeuu,1774.4,dato,
1982-03,m2_eeuu,1786.4,dato,
1982-04,m2_eeuu,1804,dato,
1982-05,m2_eeuu,1815.7,dato,
1982-06,m2_eeuu,1826.2,dato,
1982-07,m2_eeuu,1831.6,dato,
1982-08,m2_eeuu,1845.1,dato,
1982-09,m2_eeuu,1858.3,dato,
1982-10,m2_eeuu,1869.4,dato,
1982-11,m2_eeuu,1883.4,dato,
1982-12,m2_eeuu,1905.9,dato,
1983-01,m2_eeuu,1959.4,dato,
1983-02,m2_eeuu,1996.7,dato,
1983-03,m2_eeuu,2015.2,dato,
1983-04,m2_eeuu,2028.9,dato,
1983-05,m2_eeuu,2043.6,dato,
1983-06,m2_eeuu,2053.8,dato,
1983-07,m2_eeuu,2064.9,dato,
1983-08,m2_eeuu,2073.9,dato,
1983-09,m2_eeuu,2083,dato,
1983-10,m2_eeuu,2098.8,dato,
1983-11,m2_eeuu,2111.9,dato,
1983-12,m2_eeuu,2123.4,dato,
1984-01,m2_eeuu,2138,dato,
1984-02,m2_eeuu,2158.2,dato,
1984-03,m2_eeuu,2175.3,dato,
1984-04,m2_eeuu,2192.1,dato,
1984-05,m2_eeuu,2204.8,dato,
1984-06,m2_eeuu,2215.6,dato,
1984-07,m2_eeuu,2223.6,dato,
1984-08,m2_eeuu,2230.2,dato,
1984-09,m2_eeuu,2244.2,dato,
1984-10,m2_eeuu,2258.4,dato,
1984-11,m2_eeuu,2280.9,dato,
1984-12,m2_eeuu,2306.3,dato,
1985-01,m2_eeuu,2332.1,dato,
1985-02,m2_eeuu,2353.9,dato,
1985-03,m2_eeuu,2366.3,dato,
1985-04,m2_eeuu,2375.8,dato,
1985-05,m2_eeuu,2390.4,dato,
1985-06,m2_eeuu,2413.3,dato,
1985-07,m2_eeuu,2429.6,dato,
1985-08,m2_eeuu,2443.9,dato,
1985-09,m2_eeuu,2456.2,dato,
1985-10,m2_eeuu,2467.6,dato,
1985-11,m2_eeuu,2477.3,dato,
1985-12,m2_eeuu,2492,dato,
1986-01,m2_eeuu,2501.6,dato,
1986-02,m2_eeuu,2512.5,dato,
1986-03,m2_eeuu,2533.1,dato,
1986-04,m2_eeuu,2558.1,dato,
1986-05,m2_eeuu,2585.7,dato,
1986-06,m2_eeuu,2605.7,dato,
1986-07,m2_eeuu,2626.6,dato,
1986-08,m2_eeuu,2646.5,dato,
1986-09,m2_eeuu,2667.9,dato,
1986-10,m2_eeuu,2687.1,dato,
1986-11,m2_eeuu,2701,dato,
1986-12,m2_eeuu,2728,dato,
1987-01,m2_eeuu,2743.3,dato,
1987-02,m2_eeuu,2747,dato,
1987-03,m2_eeuu,2753.5,dato,
1987-04,m2_eeuu,2767.8,dato,
1987-05,m2_eeuu,2773.7,dato,
1987-06,m2_eeuu,2775.3,dato,
1987-07,m2_eeuu,2779,dato,
1987-08,m2_eeuu,2788.3,dato,
1987-09,m2_eeuu,2799.6,dato,
1987-10,m2_eeuu,2814.7,dato,
1987-11,m2_eeuu,2818.9,dato,
1987-12,m2_eeuu,2826.7,dato,
1988-01,m2_eeuu,2846.9,dato,
1988-02,m2_eeuu,2869.6,dato,
1988-03,m2_eeuu,2890.2,dato,
1988-04,m2_eeuu,2910.4,dato,
1988-05,m2_eeuu,2926.6,dato,
1988-06,m2_eeuu,2939,dato,
1988-07,m2_eeuu,2947.2,dato,
1988-08,m2_eeuu,2952.1,dato,
1988-09,m2_eeuu,2957.2,dato,
1988-10,m2_eeuu,2965.4,dato,
1988-11,m2_eeuu,2980.3,dato,
1988-12,m2_eeuu,2988.8,dato,
1989-01,m2_eeuu,2991.2,dato,
1989-02,m2_eeuu,2991.2,dato,
1989-03,m2_eeuu,2998.9,dato,
1989-04,m2_eeuu,3005.5,dato,
1989-05,m2_eeuu,3012.1,dato,
1989-06,m2_eeuu,3028.6,dato,
1989-07,m2_eeuu,3052.5,dato,
1989-08,m2_eeuu,3074.6,dato,
1989-09,m2_eeuu,3092.9,dato,
1989-10,m2_eeuu,3114.3,dato,
1989-11,m2_eeuu,3133.6,dato,
1989-12,m2_eeuu,3153.4,dato,
1990-01,m2_eeuu,3166.3,dato,
1990-02,m2_eeuu,3178.2,dato,
1990-03,m2_eeuu,3189.2,dato,
1990-04,m2_eeuu,3201.2,dato,
1990-05,m2_eeuu,3201.3,dato,
1990-06,m2_eeuu,3214.6,dato,
1990-07,m2_eeuu,3224.7,dato,
1990-08,m2_eeuu,3242.1,dato,
1990-09,m2_eeuu,3254.7,dato,
1990-10,m2_eeuu,3259.2,dato,
1990-11,m2_eeuu,3262.8,dato,
1990-12,m2_eeuu,3272.5,dato,
1991-01,m2_eeuu,3287.4,dato,
1991-02,m2_eeuu,3303.6,dato,
1991-03,m2_eeuu,3321,dato,
1991-04,m2_eeuu,3331.9,dato,
1991-05,m2_eeuu,3343.6,dato,
1991-06,m2_eeuu,3352.8,dato,
1991-07,m2_eeuu,3356.2,dato,
1991-08,m2_eeuu,3355,dato,
1991-09,m2_eeuu,3355,dato,
1991-10,m2_eeuu,3360,dato,
1991-11,m2_eeuu,3365.8,dato,
1991-12,m2_eeuu,3373,dato,
1992-01,m2_eeuu,3380.9,dato,
1992-02,m2_eeuu,3399.3,dato,
1992-03,m2_eeuu,3403.1,dato,
1992-04,m2_eeuu,3399.2,dato,
1992-05,m2_eeuu,3399.1,dato,
1992-06,m2_eeuu,3394,dato,
1992-07,m2_eeuu,3393.9,dato,
1992-08,m2_eeuu,3398.7,dato,
1992-09,m2_eeuu,3410.4,dato,
1992-10,m2_eeuu,3423.9,dato,
1992-11,m2_eeuu,3426.9,dato,
1992-12,m2_eeuu,3425.3,dato,
1993-01,m2_eeuu,3418.9,dato,
1993-02,m2_eeuu,3413.8,dato,
1993-03,m2_eeuu,3410.9,dato,
1993-04,m2_eeuu,3410.7,dato,
1993-05,m2_eeuu,3437.5,dato,
1993-06,m2_eeuu,3442.7,dato,
1993-07,m2_eeuu,3441.9,dato,
1993-08,m2_eeuu,3445.6,dato,
1993-09,m2_eeuu,3452.6,dato,
1993-10,m2_eeuu,3456.9,dato,
1993-11,m2_eeuu,3470.7,dato,
1993-12,m2_eeuu,3475,dato,
1994-01,m2_eeuu,3474.8,dato,
1994-02,m2_eeuu,3475.1,dato,
1994-03,m2_eeuu,3479.2,dato,
1994-04,m2_eeuu,3480.5,dato,
1994-05,m2_eeuu,3491.4,dato,
1994-06,m2_eeuu,3479.8,dato,
1994-07,m2_eeuu,3488.1,dato,
1994-08,m2_eeuu,3485.6,dato,
1994-09,m2_eeuu,3486.7,dato,
1994-10,m2_eeuu,3484.8,dato,
1994-11,m2_eeuu,3487.8,dato,
1994-12,m2_eeuu,3486.7,dato,
1995-01,m2_eeuu,3492.2,dato,
1995-02,m2_eeuu,3489.2,dato,
1995-03,m2_eeuu,3489.9,dato,
1995-04,m2_eeuu,3498.2,dato,
1995-05,m2_eeuu,3525.1,dato,
1995-06,m2_eeuu,3549.4,dato,
1995-07,m2_eeuu,3567.5,dato,
1995-08,m2_eeuu,3588.9,dato,
1995-09,m2_eeuu,3602.9,dato,
1995-10,m2_eeuu,3614.1,dato,
1995-11,m2_eeuu,3620.4,dato,
1995-12,m2_eeuu,3629.8,dato,
1996-01,m2_eeuu,3647.4,dato,
1996-02,m2_eeuu,3660.8,dato,
1996-03,m2_eeuu,3685.4,dato,
1996-04,m2_eeuu,3696.4,dato,
1996-05,m2_eeuu,3710.7,dato,
1996-06,m2_eeuu,3723.3,dato,
1996-07,m2_eeuu,3737.5,dato,
1996-08,m2_eeuu,3744.1,dato,
1996-09,m2_eeuu,3754.2,dato,
1996-10,m2_eeuu,3773.4,dato,
1996-11,m2_eeuu,3795.5,dato,
1996-12,m2_eeuu,3818.7,dato,
1997-01,m2_eeuu,3834,dato,
1997-02,m2_eeuu,3845,dato,
1997-03,m2_eeuu,3859.5,dato,
1997-04,m2_eeuu,3875.8,dato,
1997-05,m2_eeuu,3890.5,dato,
1997-06,m2_eeuu,3907.1,dato,
1997-07,m2_eeuu,3924.9,dato,
1997-08,m2_eeuu,3957.7,dato,
1997-09,m2_eeuu,3973.7,dato,
1997-10,m2_eeuu,3992.7,dato,
1997-11,m2_eeuu,4015,dato,
1997-12,m2_eeuu,4033,dato,
1998-01,m2_eeuu,4055.2,dato,
1998-02,m2_eeuu,4087.3,dato,
1998-03,m2_eeuu,4112.4,dato,
1998-04,m2_eeuu,4138.9,dato,
1998-05,m2_eeuu,4165.9,dato,
1998-06,m2_eeuu,4185.6,dato,
1998-07,m2_eeuu,4205.4,dato,
1998-08,m2_eeuu,4229.3,dato,
1998-09,m2_eeuu,4268.3,dato,
1998-10,m2_eeuu,4308.2,dato,
1998-11,m2_eeuu,4346.8,dato,
1998-12,m2_eeuu,4375.5,dato,
1999-01,m2_eeuu,4401.7,dato,
1999-02,m2_eeuu,4423.7,dato,
1999-03,m2_eeuu,4430.1,dato,
1999-04,m2_eeuu,4459.9,dato,
1999-05,m2_eeuu,4487.9,dato,
1999-06,m2_eeuu,4510.1,dato,
1999-07,m2_eeuu,4537.6,dato,
1999-08,m2_eeuu,4553.6,dato,
1999-09,m2_eeuu,4569.5,dato,
1999-10,m2_eeuu,4592.9,dato,
1999-11,m2_eeuu,4611.9,dato,
1999-12,m2_eeuu,4639.1,dato,
2000-01,m2_eeuu,4666.1,dato,
2000-02,m2_eeuu,4678.7,dato,
2000-03,m2_eeuu,4709.1,dato,
2000-04,m2_eeuu,4766.4,dato,
2000-05,m2_eeuu,4757.5,dato,
2000-06,m2_eeuu,4775.8,dato,
2000-07,m2_eeuu,4793.4,dato,
2000-08,m2_eeuu,4820.4,dato,
2000-09,m2_eeuu,4855.9,dato,
2000-10,m2_eeuu,4871.4,dato,
2000-11,m2_eeuu,4882.6,dato,
2000-12,m2_eeuu,4927.3,dato,
2001-01,m2_eeuu,4976.8,dato,
2001-02,m2_eeuu,5014.9,dato,
2001-03,m2_eeuu,5072.2,dato,
2001-04,m2_eeuu,5137.9,dato,
2001-05,m2_eeuu,5139.1,dato,
2001-06,m2_eeuu,5182.3,dato,
2001-07,m2_eeuu,5212,dato,
2001-08,m2_eeuu,5244.4,dato,
2001-09,m2_eeuu,5355.9,dato,
2001-10,m2_eeuu,5344,dato,
2001-11,m2_eeuu,5387.5,dato,
2001-12,m2_eeuu,5440.1,dato,
2002-01,m2_eeuu,5459.6,dato,
2002-02,m2_eeuu,5488.4,dato,
2002-03,m2_eeuu,5499.8,dato,
2002-04,m2_eeuu,5501.3,dato,
2002-05,m2_eeuu,5530.1,dato,
2002-06,m2_eeuu,5555.3,dato,
2002-07,m2_eeuu,5597.6,dato,
2002-08,m2_eeuu,5638.5,dato,
2002-09,m2_eeuu,5662.9,dato,
2002-10,m2_eeuu,5707.3,dato,
2002-11,m2_eeuu,5758,dato,
2002-12,m2_eeuu,5779,dato,
2003-01,m2_eeuu,5811.1,dato,
2003-02,m2_eeuu,5846.8,dato,
2003-03,m2_eeuu,5866.3,dato,
2003-04,m2_eeuu,5904.9,dato,
2003-05,m2_eeuu,5967,dato,
2003-06,m2_eeuu,6003.9,dato,
2003-07,m2_eeuu,6050.4,dato,
2003-08,m2_eeuu,6107,dato,
2003-09,m2_eeuu,6080,dato,
2003-10,m2_eeuu,6070.2,dato,
2003-11,m2_eeuu,6075.5,dato,
2003-12,m2_eeuu,6073.5,dato,
2004-01,m2_eeuu,6081.3,dato,
2004-02,m2_eeuu,6120.7,dato,
2004-03,m2_eeuu,6156.3,dato,
2004-04,m2_eeuu,6198.5,dato,
2004-05,m2_eeuu,6277.2,dato,
2004-06,m2_eeuu,6279.3,dato,
2004-07,m2_eeuu,6292.3,dato,
2004-08,m2_eeuu,6317.7,dato,
2004-09,m2_eeuu,6352.3,dato,
2004-10,m2_eeuu,6379.9,dato,
2004-11,m2_eeuu,6406.3,dato,
2004-12,m2_eeuu,6424.3,dato,
2005-01,m2_eeuu,6429.9,dato,
2005-02,m2_eeuu,6437.7,dato,
2005-03,m2_eeuu,6446.6,dato,
2005-04,m2_eeuu,6461.4,dato,
2005-05,m2_eeuu,6480.6,dato,
2005-06,m2_eeuu,6513.2,dato,
2005-07,m2_eeuu,6545.1,dato,
2005-08,m2_eeuu,6576.7,dato,
2005-09,m2_eeuu,6610.2,dato,
2005-10,m2_eeuu,6644,dato,
2005-11,m2_eeuu,6660.6,dato,
2005-12,m2_eeuu,6687.4,dato,
2006-01,m2_eeuu,6728.4,dato,
2006-02,m2_eeuu,6753.1,dato,
2006-03,m2_eeuu,6766.9,dato,
2006-04,m2_eeuu,6806.3,dato,
2006-05,m2_eeuu,6815.7,dato,
2006-06,m2_eeuu,6854,dato,
2006-07,m2_eeuu,6896.1,dato,
2006-08,m2_eeuu,6926.4,dato,
2006-09,m2_eeuu,6952.8,dato,
2006-10,m2_eeuu,7002.1,dato,
2006-11,m2_eeuu,7037.3,dato,
2006-12,m2_eeuu,7079.3,dato,
2007-01,m2_eeuu,7115.6,dato,
2007-02,m2_eeuu,7131.9,dato,
2007-03,m2_eeuu,7164.7,dato,
2007-04,m2_eeuu,7239.9,dato,
2007-05,m2_eeuu,7257.1,dato,
2007-06,m2_eeuu,7290.6,dato,
2007-07,m2_eeuu,7321.8,dato,
2007-08,m2_eeuu,7397,dato,
2007-09,m2_eeuu,7413.8,dato,
2007-10,m2_eeuu,7429,dato,
2007-11,m2_eeuu,7454,dato,
2007-12,m2_eeuu,7482.7,dato,
2008-01,m2_eeuu,7513.6,dato,
2008-02,m2_eeuu,7600.3,dato,
2008-03,m2_eeuu,7664.9,dato,
2008-04,m2_eeuu,7711.4,dato,
2008-05,m2_eeuu,7728.3,dato,
2008-06,m2_eeuu,7747.3,dato,
2008-07,m2_eeuu,7794.9,dato,
2008-08,m2_eeuu,7808.8,dato,
2008-09,m2_eeuu,7873.6,dato,
2008-10,m2_eeuu,7976.3,dato,
2008-11,m2_eeuu,8027.8,dato,
2008-12,m2_eeuu,8203,dato,
2009-01,m2_eeuu,8284.2,dato,
2009-02,m2_eeuu,8314.7,dato,
2009-03,m2_eeuu,8380.5,dato,
2009-04,m2_eeuu,8390.2,dato,
2009-05,m2_eeuu,8452.9,dato,
2009-06,m2_eeuu,8462.9,dato,
2009-07,m2_eeuu,8467.3,dato,
2009-08,m2_eeuu,8466.2,dato,
2009-09,m2_eeuu,8462.7,dato,
2009-10,m2_eeuu,8489.2,dato,
2009-11,m2_eeuu,8517.9,dato,
2009-12,m2_eeuu,8510.6,dato,
2010-01,m2_eeuu,8473.1,dato,
2010-02,m2_eeuu,8523.4,dato,
2010-03,m2_eeuu,8519,dato,
2010-04,m2_eeuu,8554.3,dato,
2010-05,m2_eeuu,8612,dato,
2010-06,m2_eeuu,8631,dato,
2010-07,m2_eeuu,8642.3,dato,
2010-08,m2_eeuu,8690.5,dato,
2010-09,m2_eeuu,8719.6,dato,
2010-10,m2_eeuu,8769.8,dato,
2010-11,m2_eeuu,8790.3,dato,
2010-12,m2_eeuu,8822,dato,
2011-01,m2_eeuu,8844.5,dato,
2011-02,m2_eeuu,8909.9,dato,
2011-03,m2_eeuu,8967.7,dato,
2011-04,m2_eeuu,9033.6,dato,
2011-05,m2_eeuu,9109.4,dato,
2011-06,m2_eeuu,9184.2,dato,
2011-07,m2_eeuu,9346.9,dato,
2011-08,m2_eeuu,9532.5,dato,
2011-09,m2_eeuu,9553.3,dato,
2011-10,m2_eeuu,9586.2,dato,
2011-11,m2_eeuu,9639.5,dato,
2011-12,m2_eeuu,9683.5,dato,
2012-01,m2_eeuu,9753.3,dato,
2012-02,m2_eeuu,9806.3,dato,
2012-03,m2_eeuu,9849.3,dato,
2012-04,m2_eeuu,9905,dato,
2012-05,m2_eeuu,9951.9,dato,
2012-06,m2_eeuu,10023.7,dato,
2012-07,m2_eeuu,10076,dato,
2012-08,m2_eeuu,10147.8,dato,
2012-09,m2_eeuu,10228.4,dato,
2012-10,m2_eeuu,10294.4,dato,
2012-11,m2_eeuu,10365.6,dato,
2012-12,m2_eeuu,10485.4,dato,
2013-01,m2_eeuu,10502.3,dato,
2013-02,m2_eeuu,10523,dato,
2013-03,m2_eeuu,10578.7,dato,
2013-04,m2_eeuu,10608.9,dato,
2013-05,m2_eeuu,10646.5,dato,
2013-06,m2_eeuu,10705.6,dato,
2013-07,m2_eeuu,10743,dato,
2013-08,m2_eeuu,10803.6,dato,
2013-09,m2_eeuu,10865.8,dato,
2013-10,m2_eeuu,10989.2,dato,
2013-11,m2_eeuu,10999.8,dato,
2013-12,m2_eeuu,11062.4,dato,
2014-01,m2_eeuu,11127.5,dato,
2014-02,m2_eeuu,11191.9,dato,
2014-03,m2_eeuu,11228.8,dato,
2014-04,m2_eeuu,11276,dato,
2014-05,m2_eeuu,11343.1,dato,
2014-06,m2_eeuu,11398.4,dato,
2014-07,m2_eeuu,11452.5,dato,
2014-08,m2_eeuu,11477.8,dato,
2014-09,m2_eeuu,11520.7,dato,
2014-10,m2_eeuu,11596.5,dato,
2014-11,m2_eeuu,11638.9,dato,
2014-12,m2_eeuu,11721.2,dato,
2015-01,m2_eeuu,11806.2,dato,
2015-02,m2_eeuu,11920.7,dato,
2015-03,m2_eeuu,11919.1,dato,
2015-04,m2_eeuu,11953.4,dato,
2015-05,m2_eeuu,11981.9,dato,
2015-06,m2_eeuu,12020.9,dato,
2015-07,m2_eeuu,12063.5,dato,
2015-08,m2_eeuu,12110.1,dato,
2015-09,m2_eeuu,12172.7,dato,
2015-10,m2_eeuu,12228.4,dato,
2015-11,m2_eeuu,12322.7,dato,
2015-12,m2_eeuu,12393.6,dato,
2016-01,m2_eeuu,12522.2,dato,
2016-02,m2_eeuu,12604.4,dato,
2016-03,m2_eeuu,12662.2,dato,
2016-04,m2_eeuu,12741.9,dato,
2016-05,m2_eeuu,12800.7,dato,
2016-06,m2_eeuu,12849.3,dato,
2016-07,m2_eeuu,12907.3,dato,
2016-08,m2_eeuu,12986.7,dato,
2016-09,m2_eeuu,13052.7,dato,
2016-10,m2_eeuu,13124.5,dato,
2016-11,m2_eeuu,13214.2,dato,
2016-12,m2_eeuu,13240.6,dato,
2017-01,m2_eeuu,13318.9,dato,
2017-02,m2_eeuu,13395.2,dato,
2017-03,m2_eeuu,13464.6,dato,
2017-04,m2_eeuu,13520.3,dato,
2017-05,m2_eeuu,13567.4,dato,
2017-06,m2_eeuu,13577,dato,
2017-07,m2_eeuu,13638.5,dato,
2017-08,m2_eeuu,13695,dato,
2017-09,m2_eeuu,13743,dato,
2017-10,m2_eeuu,13801.5,dato,
2017-11,m2_eeuu,13849.1,dato,
2017-12,m2_eeuu,13887.3,dato,
2018-01,m2_eeuu,13902.4,dato,
2018-02,m2_eeuu,13949.8,dato,
2018-03,m2_eeuu,14014.5,dato,
2018-04,m2_eeuu,14034.8,dato,
2018-05,m2_eeuu,14091,dato,
2018-06,m2_eeuu,14133.2,dato,
2018-07,m2_eeuu,14170,dato,
2018-08,m2_eeuu,14221.3,dato,
2018-09,m2_eeuu,14243.9,dato,
2018-10,m2_eeuu,14257.6,dato,
2018-11,m2_eeuu,14288.4,dato,
2018-12,m2_eeuu,14392,dato,
2019-01,m2_eeuu,14460.2,dato,
2019-02,m2_eeuu,14506.6,dato,
2019-03,m2_eeuu,14559.5,dato,
2019-04,m2_eeuu,14594,dato,
2019-05,m2_eeuu,14703.2,dato,
2019-06,m2_eeuu,14798.8,dato,
2019-07,m2_eeuu,14882.7,dato,
2019-08,m2_eeuu,14974.4,dato,
2019-09,m2_eeuu,15047.2,dato,
2019-10,m2_eeuu,15185.6,dato,
2019-11,m2_eeuu,15301.3,dato,
2019-12,m2_eeuu,15351.5,dato,
2020-01,m2_eeuu,15425,dato,
2020-02,m2_eeuu,15492.8,dato,
2020-03,m2_eeuu,16034.4,dato,
2020-04,m2_eeuu,17064,dato,
2020-05,m2_eeuu,17931.9,dato,
2020-06,m2_eeuu,18180,dato,
2020-07,m2_eeuu,18331.4,dato,
2020-08,m2_eeuu,18413.3,dato,
2020-09,m2_eeuu,18605,dato,
2020-10,m2_eeuu,18759.9,dato,
2020-11,m2_eeuu,19002.4,dato,
2020-12,m2_eeuu,19119.4,dato,
2021-01,m2_eeuu,19375.3,dato,
2021-02,m2_eeuu,19641.4,dato,
2021-03,m2_eeuu,19874.5,dato,
2021-04,m2_eeuu,20174.1,dato,
2021-05,m2_eeuu,20457.5,dato,
2021-06,m2_eeuu,20472.7,dato,
2021-07,m2_eeuu,20630,dato,
2021-08,m2_eeuu,20844,dato,
2021-09,m2_eeuu,20985.4,dato,
2021-10,m2_eeuu,21164.2,dato,
2021-11,m2_eeuu,21340.9,dato,
2021-12,m2_eeuu,21502.8,dato,
2022-01,m2_eeuu,21647.4,dato,
2022-02,m2_eeuu,21725.6,dato,
2022-03,m2_eeuu,21788.1,dato,
2022-04,m2_eeuu,21768.4,dato,
2022-05,m2_eeuu,21718,dato,
2022-06,m2_eeuu,21647,dato,
2022-07,m2_eeuu,21649.2,dato,
2022-08,m2_eeuu,21641.9,dato,
2022-09,m2_eeuu,21541.3,dato,
2022-10,m2_eeuu,21464.2,dato,
2022-11,m2_eeuu,21409.5,dato,
2022-12,m2_eeuu,21293.2,dato,
2023-01,m2_eeuu,21274,dato,
2023-02,m2_eeuu,21240.2,dato,
2023-03,m2_eeuu,20942.3,dato,
2023-04,m2_eeuu,20758.2,dato,
2023-05,m2_eeuu,20829.4,dato,
2023-06,m2_eeuu,20798.9,dato,
2023-07,m2_eeuu,20792.2,dato,
2023-08,m2_eeuu,20782,dato,
2023-09,m2_eeuu,20753.6,dato,
2023-10,m2_eeuu,20737.4,dato,
2023-11,m2_eeuu,20749.7,dato,
2023-12,m2_eeuu,20779.9,dato,
2024-01,m2_eeuu,20835.5,dato,
2024-02,m2_eeuu,20921.7,dato,
2024-03,m2_eeuu,20965.9,dato,
2024-04,m2_eeuu,20955.4,dato,
2024-05,m2_eeuu,21021.6,dato,
2024-06,m2_eeuu,21070.7,dato,
2024-07,m2_eeuu,21098.9,dato,
2024-08,m2_eeuu,21192,dato,
2024-09,m2_eeuu,21275.6,dato,
2024-10,m2_eeuu,21336.6,dato,
2024-11,m2_eeuu,21454.7,dato,
2024-12,m2_eeuu,21487.6,dato,
2025-01,m2_eeuu,21539.3,dato,
2025-02,m2_eeuu,21607.2,dato,
2025-03,m2_eeuu,21684.1,dato,
2025-04,m2_eeuu,21770.8,dato,
2025-05,m2_eeuu,21836.1,dato,
2025-06,m2_eeuu,21942.6,dato,
2025-07,m2_eeuu,22025.6,dato,
2025-08,m2_eeuu,22092.6,dato,
2025-09,m2_eeuu,22176.1,dato,
2025-10,m2_eeuu,22249.8,dato,
2025-11,m2_eeuu,22279.8,dato,
2025-12,m2_eeuu,22355.3,dato,
2026-01,m2_eeuu,22413.4,dato,
2026-02,m2_eeuu,22598.7,dato,
2026-03,m2_eeuu,22640.3,dato,
2026-04,m2_eeuu,22756.6,dato,
2026-05,m2_eeuu,23013.7,dato,
2026-06,m2_eeuu,23114.9,dato,
2026-07,m2_eeuu,23217.9,dato,
2026-08,m2_eeuu,23342.8,dato,
1959-01,m2_eeuu_sin_ajustar,289.8,dato,
1959-02,m2_eeuu_sin_ajustar,287.7,dato,
1959-03,m2_eeuu_sin_ajustar,287.9,dato,
1959-04,m2_eeuu_sin_ajustar,290.2,dato,
1959-05,m2_eeuu_sin_ajustar,290.2,dato,
1959-06,m2_eeuu_sin_ajustar,292.5,dato,
1959-07,m2_eeuu_sin_ajustar,294.4,dato,
1959-08,m2_eeuu_sin_ajustar,294.8,dato,
1959-09,m2_eeuu_sin_ajustar,296.1,dato,
1959-10,m2_eeuu_sin_ajustar,296.9,dato,
1959-11,m2_eeuu_sin_ajustar,297.8,dato,
1959-12,m2_eeuu_sin_ajustar,300.6,dato,
1960-01,m2_eeuu_sin_ajustar,301.5,dato,
1960-02,m2_eeuu_sin_ajustar,298.5,dato,
1960-03,m2_eeuu_sin_ajustar,298.2,dato,
1960-04,m2_eeuu_sin_ajustar,300.3,dato,
1960-05,m2_eeuu_sin_ajustar,298.9,dato,
1960-06,m2_eeuu_sin_ajustar,300.9,dato,
1960-07,m2_eeuu_sin_ajustar,303.5,dato,
1960-08,m2_eeuu_sin_ajustar,305.2,dato,
1960-09,m2_eeuu_sin_ajustar,307.8,dato,
1960-10,m2_eeuu_sin_ajustar,309.9,dato,
1960-11,m2_eeuu_sin_ajustar,311.7,dato,
1960-12,m2_eeuu_sin_ajustar,315.3,dato,
1961-01,m2_eeuu_sin_ajustar,317.5,dato,
1961-02,m2_eeuu_sin_ajustar,316.6,dato,
1961-03,m2_eeuu_sin_ajustar,317.2,dato,
1961-04,m2_eeuu_sin_ajustar,320.2,dato,
1961-05,m2_eeuu_sin_ajustar,320,dato,
1961-06,m2_eeuu_sin_ajustar,322.7,dato,
1961-07,m2_eeuu_sin_ajustar,324.9,dato,
1961-08,m2_eeuu_sin_ajustar,325.8,dato,
1961-09,m2_eeuu_sin_ajustar,328.8,dato,
1961-10,m2_eeuu_sin_ajustar,331.5,dato,
1961-11,m2_eeuu_sin_ajustar,334.1,dato,
1961-12,m2_eeuu_sin_ajustar,338.5,dato,
1962-01,m2_eeuu_sin_ajustar,341.1,dato,
1962-02,m2_eeuu_sin_ajustar,340.3,dato,
1962-03,m2_eeuu_sin_ajustar,342.1,dato,
1962-04,m2_eeuu_sin_ajustar,346,dato,
1962-05,m2_eeuu_sin_ajustar,345,dato,
1962-06,m2_eeuu_sin_ajustar,347.7,dato,
1962-07,m2_eeuu_sin_ajustar,350.1,dato,
1962-08,m2_eeuu_sin_ajustar,350.9,dato,
1962-09,m2_eeuu_sin_ajustar,353.9,dato,
1962-10,m2_eeuu_sin_ajustar,357.5,dato,
1962-11,m2_eeuu_sin_ajustar,360.5,dato,
1962-12,m2_eeuu_sin_ajustar,365.8,dato,
1963-01,m2_eeuu_sin_ajustar,369.1,dato,
1963-02,m2_eeuu_sin_ajustar,368,dato,
1963-03,m2_eeuu_sin_ajustar,369.8,dato,
1963-04,m2_eeuu_sin_ajustar,373.8,dato,
1963-05,m2_eeuu_sin_ajustar,373.4,dato,
1963-06,m2_eeuu_sin_ajustar,376.7,dato,
1963-07,m2_eeuu_sin_ajustar,380.2,dato,
1963-08,m2_eeuu_sin_ajustar,381.5,dato,
1963-09,m2_eeuu_sin_ajustar,384.9,dato,
1963-10,m2_eeuu_sin_ajustar,388.8,dato,
1963-11,m2_eeuu_sin_ajustar,392.3,dato,
1963-12,m2_eeuu_sin_ajustar,396.4,dato,
1964-01,m2_eeuu_sin_ajustar,399.5,dato,
1964-02,m2_eeuu_sin_ajustar,397.6,dato,
1964-03,m2_eeuu_sin_ajustar,398.9,dato,
1964-04,m2_eeuu_sin_ajustar,402.4,dato,
1964-05,m2_eeuu_sin_ajustar,401.3,dato,
1964-06,m2_eeuu_sin_ajustar,405.3,dato,
1964-07,m2_eeuu_sin_ajustar,409.3,dato,
1964-08,m2_eeuu_sin_ajustar,411.1,dato,
1964-09,m2_eeuu_sin_ajustar,415.7,dato,
1964-10,m2_eeuu_sin_ajustar,419.9,dato,
1964-11,m2_eeuu_sin_ajustar,422.9,dato,
1964-12,m2_eeuu_sin_ajustar,428.3,dato,
1965-01,m2_eeuu_sin_ajustar,432.3,dato,
1965-02,m2_eeuu_sin_ajustar,430.1,dato,
1965-03,m2_eeuu_sin_ajustar,432.2,dato,
1965-04,m2_eeuu_sin_ajustar,436.2,dato,
1965-05,m2_eeuu_sin_ajustar,433.7,dato,
1965-06,m2_eeuu_sin_ajustar,438.4,dato,
1965-07,m2_eeuu_sin_ajustar,442.1,dato,
1965-08,m2_eeuu_sin_ajustar,443.3,dato,
1965-09,m2_eeuu_sin_ajustar,448.4,dato,
1965-10,m2_eeuu_sin_ajustar,453.6,dato,
1965-11,m2_eeuu_sin_ajustar,456.7,dato,
1965-12,m2_eeuu_sin_ajustar,463.1,dato,
1966-01,m2_eeuu_sin_ajustar,467.1,dato,
1966-02,m2_eeuu_sin_ajustar,463.7,dato,
1966-03,m2_eeuu_sin_ajustar,465.9,dato,
1966-04,m2_eeuu_sin_ajustar,470.1,dato,
1966-05,m2_eeuu_sin_ajustar,466.2,dato,
1966-06,m2_eeuu_sin_ajustar,469.6,dato,
1966-07,m2_eeuu_sin_ajustar,470.3,dato,
1966-08,m2_eeuu_sin_ajustar,470.1,dato,
1966-09,m2_eeuu_sin_ajustar,474.6,dato,
1966-10,m2_eeuu_sin_ajustar,476.9,dato,
1966-11,m2_eeuu_sin_ajustar,478.1,dato,
1966-12,m2_eeuu_sin_ajustar,483.7,dato,
1967-01,m2_eeuu_sin_ajustar,486.4,dato,
1967-02,m2_eeuu_sin_ajustar,483.6,dato,
1967-03,m2_eeuu_sin_ajustar,488.1,dato,
1967-04,m2_eeuu_sin_ajustar,492.9,dato,
1967-05,m2_eeuu_sin_ajustar,493.3,dato,
1967-06,m2_eeuu_sin_ajustar,500.9,dato,
1967-07,m2_eeuu_sin_ajustar,506.2,dato,
1967-08,m2_eeuu_sin_ajustar,508.6,dato,
1967-09,m2_eeuu_sin_ajustar,514.2,dato,
1967-10,m2_eeuu_sin_ajustar,519.3,dato,
1967-11,m2_eeuu_sin_ajustar,521.6,dato,
1967-12,m2_eeuu_sin_ajustar,528,dato,
1968-01,m2_eeuu_sin_ajustar,531.9,dato,
1968-02,m2_eeuu_sin_ajustar,528.1,dato,
1968-03,m2_eeuu_sin_ajustar,531.6,dato,
1968-04,m2_eeuu_sin_ajustar,536.9,dato,
1968-05,m2_eeuu_sin_ajustar,535.4,dato,
1968-06,m2_eeuu_sin_ajustar,542.2,dato,
1968-07,m2_eeuu_sin_ajustar,546.2,dato,
1968-08,m2_eeuu_sin_ajustar,547.6,dato,
1968-09,m2_eeuu_sin_ajustar,553.1,dato,
1968-10,m2_eeuu_sin_ajustar,558.5,dato,
1968-11,m2_eeuu_sin_ajustar,562.5,dato,
1968-12,m2_eeuu_sin_ajustar,569.7,dato,
1969-01,m2_eeuu_sin_ajustar,573.5,dato,
1969-02,m2_eeuu_sin_ajustar,569.1,dato,
1969-03,m2_eeuu_sin_ajustar,572.8,dato,
1969-04,m2_eeuu_sin_ajustar,577.4,dato,
1969-05,m2_eeuu_sin_ajustar,573.5,dato,
1969-06,m2_eeuu_sin_ajustar,578.7,dato,
1969-07,m2_eeuu_sin_ajustar,580.6,dato,
1969-08,m2_eeuu_sin_ajustar,578.4,dato,
1969-09,m2_eeuu_sin_ajustar,581.3,dato,
1969-10,m2_eeuu_sin_ajustar,583.7,dato,
1969-11,m2_eeuu_sin_ajustar,584.8,dato,
1969-12,m2_eeuu_sin_ajustar,590.1,dato,
1970-01,m2_eeuu_sin_ajustar,592,dato,
1970-02,m2_eeuu_sin_ajustar,583.4,dato,
1970-03,m2_eeuu_sin_ajustar,587.3,dato,
1970-04,m2_eeuu_sin_ajustar,592.9,dato,
1970-05,m2_eeuu_sin_ajustar,590.8,dato,
1970-06,m2_eeuu_sin_ajustar,597.5,dato,
1970-07,m2_eeuu_sin_ajustar,601.2,dato,
1970-08,m2_eeuu_sin_ajustar,603,dato,
1970-09,m2_eeuu_sin_ajustar,608.7,dato,
1970-10,m2_eeuu_sin_ajustar,614,dato,
1970-11,m2_eeuu_sin_ajustar,618.2,dato,
1970-12,m2_eeuu_sin_ajustar,627.8,dato,
1971-01,m2_eeuu_sin_ajustar,635.5,dato,
1971-02,m2_eeuu_sin_ajustar,638,dato,
1971-03,m2_eeuu_sin_ajustar,650,dato,
1971-04,m2_eeuu_sin_ajustar,663.5,dato,
1971-05,m2_eeuu_sin_ajustar,666.1,dato,
1971-06,m2_eeuu_sin_ajustar,675.9,dato,
1971-07,m2_eeuu_sin_ajustar,682.3,dato,
1971-08,m2_eeuu_sin_ajustar,683.7,dato,
1971-09,m2_eeuu_sin_ajustar,689.7,dato,
1971-10,m2_eeuu_sin_ajustar,695.6,dato,
1971-11,m2_eeuu_sin_ajustar,701.2,dato,
1971-12,m2_eeuu_sin_ajustar,711.2,dato,
1972-01,m2_eeuu_sin_ajustar,720,dato,
1972-02,m2_eeuu_sin_ajustar,722.2,dato,
1972-03,m2_eeuu_sin_ajustar,733.7,dato,
1972-04,m2_eeuu_sin_ajustar,743.8,dato,
1972-05,m2_eeuu_sin_ajustar,742.6,dato,
1972-06,m2_eeuu_sin_ajustar,753.2,dato,
1972-07,m2_eeuu_sin_ajustar,763,dato,
1972-08,m2_eeuu_sin_ajustar,767,dato,
1972-09,m2_eeuu_sin_ajustar,775.2,dato,
1972-10,m2_eeuu_sin_ajustar,783.6,dato,
1972-11,m2_eeuu_sin_ajustar,790.2,dato,
1972-12,m2_eeuu_sin_ajustar,803.1,dato,
1973-01,m2_eeuu_sin_ajustar,812.3,dato,
1973-02,m2_eeuu_sin_ajustar,810.1,dato,
1973-03,m2_eeuu_sin_ajustar,815.6,dato,
1973-04,m2_eeuu_sin_ajustar,825.4,dato,
1973-05,m2_eeuu_sin_ajustar,825.8,dato,
1973-06,m2_eeuu_sin_ajustar,837.2,dato,
1973-07,m2_eeuu_sin_ajustar,840.7,dato,
1973-08,m2_eeuu_sin_ajustar,837.4,dato,
1973-09,m2_eeuu_sin_ajustar,836,dato,
1973-10,m2_eeuu_sin_ajustar,839.3,dato,
1973-11,m2_eeuu_sin_ajustar,845.3,dato,
1973-12,m2_eeuu_sin_ajustar,856.5,dato,
1974-01,m2_eeuu_sin_ajustar,861.5,dato,
1974-02,m2_eeuu_sin_ajustar,859.8,dato,
1974-03,m2_eeuu_sin_ajustar,869.9,dato,
1974-04,m2_eeuu_sin_ajustar,878.6,dato,
1974-05,m2_eeuu_sin_ajustar,873.4,dato,
1974-06,m2_eeuu_sin_ajustar,881.9,dato,
1974-07,m2_eeuu_sin_ajustar,886,dato,
1974-08,m2_eeuu_sin_ajustar,882.9,dato,
1974-09,m2_eeuu_sin_ajustar,884.7,dato,
1974-10,m2_eeuu_sin_ajustar,890.4,dato,
1974-11,m2_eeuu_sin_ajustar,895.4,dato,
1974-12,m2_eeuu_sin_ajustar,903.5,dato,
1975-01,m2_eeuu_sin_ajustar,908,dato,
1975-02,m2_eeuu_sin_ajustar,908.7,dato,
1975-03,m2_eeuu_sin_ajustar,924.4,dato,
1975-04,m2_eeuu_sin_ajustar,941.1,dato,
1975-05,m2_eeuu_sin_ajustar,946.2,dato,
1975-06,m2_eeuu_sin_ajustar,966.9,dato,
1975-07,m2_eeuu_sin_ajustar,979.7,dato,
1975-08,m2_eeuu_sin_ajustar,982.4,dato,
1975-09,m2_eeuu_sin_ajustar,988.4,dato,
1975-10,m2_eeuu_sin_ajustar,995.6,dato,
1975-11,m2_eeuu_sin_ajustar,1004.8,dato,
1975-12,m2_eeuu_sin_ajustar,1017.8,dato,
1976-01,m2_eeuu_sin_ajustar,1028.3,dato,
1976-02,m2_eeuu_sin_ajustar,1034.2,dato,
1976-03,m2_eeuu_sin_ajustar,1047.7,dato,
1976-04,m2_eeuu_sin_ajustar,1066.9,dato,
1976-05,m2_eeuu_sin_ajustar,1070.3,dato,
1976-06,m2_eeuu_sin_ajustar,1080.8,dato,
1976-07,m2_eeuu_sin_ajustar,1091.6,dato,
1976-08,m2_eeuu_sin_ajustar,1097.3,dato,
1976-09,m2_eeuu_sin_ajustar,1108.4,dato,
1976-10,m2_eeuu_sin_ajustar,1125.1,dato,
1976-11,m2_eeuu_sin_ajustar,1135,dato,
1976-12,m2_eeuu_sin_ajustar,1153.5,dato,
1977-01,m2_eeuu_sin_ajustar,1167.5,dato,
1977-02,m2_eeuu_sin_ajustar,1169.9,dato,
1977-03,m2_eeuu_sin_ajustar,1185.3,dato,
1977-04,m2_eeuu_sin_ajustar,1206.6,dato,
1977-05,m2_eeuu_sin_ajustar,1205.5,dato,
1977-06,m2_eeuu_sin_ajustar,1219.8,dato,
1977-07,m2_eeuu_sin_ajustar,1232.9,dato,
1977-08,m2_eeuu_sin_ajustar,1235.3,dato,
1977-09,m2_eeuu_sin_ajustar,1244.7,dato,
1977-10,m2_eeuu_sin_ajustar,1255.9,dato,
1977-11,m2_eeuu_sin_ajustar,1260.2,dato,
1977-12,m2_eeuu_sin_ajustar,1273,dato,
1978-01,m2_eeuu_sin_ajustar,1282.3,dato,
1978-02,m2_eeuu_sin_ajustar,1276.8,dato,
1978-03,m2_eeuu_sin_ajustar,1288.2,dato,
1978-04,m2_eeuu_sin_ajustar,1307.4,dato,
1978-05,m2_eeuu_sin_ajustar,1304.8,dato,
1978-06,m2_eeuu_sin_ajustar,1319,dato,
1978-07,m2_eeuu_sin_ajustar,1330.1,dato,
1978-08,m2_eeuu_sin_ajustar,1331.4,dato,
1978-09,m2_eeuu_sin_ajustar,1344.7,dato,
1978-10,m2_eeuu_sin_ajustar,1355.3,dato,
1978-11,m2_eeuu_sin_ajustar,1358.1,dato,
1978-12,m2_eeuu_sin_ajustar,1370.8,dato,
1979-01,m2_eeuu_sin_ajustar,1375.2,dato,
1979-02,m2_eeuu_sin_ajustar,1369.3,dato,
1979-03,m2_eeuu_sin_ajustar,1384,dato,
1979-04,m2_eeuu_sin_ajustar,1408.4,dato,
1979-05,m2_eeuu_sin_ajustar,1402.7,dato,
1979-06,m2_eeuu_sin_ajustar,1422.5,dato,
1979-07,m2_eeuu_sin_ajustar,1439.3,dato,
1979-08,m2_eeuu_sin_ajustar,1444.3,dato,
1979-09,m2_eeuu_sin_ajustar,1454.5,dato,
1979-10,m2_eeuu_sin_ajustar,1463.6,dato,
1979-11,m2_eeuu_sin_ajustar,1466.4,dato,
1979-12,m2_eeuu_sin_ajustar,1479,dato,
1980-01,m2_eeuu_sin_ajustar,1486.2,dato,
1980-02,m2_eeuu_sin_ajustar,1486.3,dato,
1980-03,m2_eeuu_sin_ajustar,1497.2,dato,
1980-04,m2_eeuu_sin_ajustar,1507.7,dato,
1980-05,m2_eeuu_sin_ajustar,1504.2,dato,
1980-06,m2_eeuu_sin_ajustar,1527.4,dato,
1980-07,m2_eeuu_sin_ajustar,1549.1,dato,
1980-08,m2_eeuu_sin_ajustar,1560.7,dato,
1980-09,m2_eeuu_sin_ajustar,1573.1,dato,
1980-10,m2_eeuu_sin_ajustar,1588.5,dato,
1980-11,m2_eeuu_sin_ajustar,1599,dato,
1980-12,m2_eeuu_sin_ajustar,1604.8,dato,
1981-01,m2_eeuu_sin_ajustar,1610.6,dato,
1981-02,m2_eeuu_sin_ajustar,1610.5,dato,
1981-03,m2_eeuu_sin_ajustar,1633.2,dato,
1981-04,m2_eeuu_sin_ajustar,1664.5,dato,
1981-05,m2_eeuu_sin_ajustar,1655.4,dato,
1981-06,m2_eeuu_sin_ajustar,1667.1,dato,
1981-07,m2_eeuu_sin_ajustar,1685.1,dato,
1981-08,m2_eeuu_sin_ajustar,1694.6,dato,
1981-09,m2_eeuu_sin_ajustar,1706.4,dato,
1981-10,m2_eeuu_sin_ajustar,1726.4,dato,
1981-11,m2_eeuu_sin_ajustar,1741,dato,
1981-12,m2_eeuu_sin_ajustar,1760.3,dato,
1982-01,m2_eeuu_sin_ajustar,1772.8,dato,
1982-02,m2_eeuu_sin_ajustar,1765.3,dato,
1982-03,m2_eeuu_sin_ajustar,1781.7,dato,
1982-04,m2_eeuu_sin_ajustar,1807.9,dato,
1982-05,m2_eeuu_sin_ajustar,1804.9,dato,
1982-06,m2_eeuu_sin_ajustar,1822.7,dato,
1982-07,m2_eeuu_sin_ajustar,1835,dato,
1982-08,m2_eeuu_sin_ajustar,1845.9,dato,
1982-09,m2_eeuu_sin_ajustar,1859,dato,
1982-10,m2_eeuu_sin_ajustar,1875.6,dato,
1982-11,m2_eeuu_sin_ajustar,1890.1,dato,
1982-12,m2_eeuu_sin_ajustar,1913.8,dato,
1983-01,m2_eeuu_sin_ajustar,1963.9,dato,
1983-02,m2_eeuu_sin_ajustar,1985.8,dato,
1983-03,m2_eeuu_sin_ajustar,2009.6,dato,
1983-04,m2_eeuu_sin_ajustar,2033.7,dato,
1983-05,m2_eeuu_sin_ajustar,2031.7,dato,
1983-06,m2_eeuu_sin_ajustar,2051.8,dato,
1983-07,m2_eeuu_sin_ajustar,2069.7,dato,
1983-08,m2_eeuu_sin_ajustar,2072.5,dato,
1983-09,m2_eeuu_sin_ajustar,2081.1,dato,
1983-10,m2_eeuu_sin_ajustar,2102.1,dato,
1983-11,m2_eeuu_sin_ajustar,2117.6,dato,
1983-12,m2_eeuu_sin_ajustar,2134,dato,
1984-01,m2_eeuu_sin_ajustar,2145,dato,
1984-02,m2_eeuu_sin_ajustar,2147.7,dato,
1984-03,m2_eeuu_sin_ajustar,2169,dato,
1984-04,m2_eeuu_sin_ajustar,2196,dato,
1984-05,m2_eeuu_sin_ajustar,2191.4,dato,
1984-06,m2_eeuu_sin_ajustar,2214.3,dato,
1984-07,m2_eeuu_sin_ajustar,2228,dato,
1984-08,m2_eeuu_sin_ajustar,2228.9,dato,
1984-09,m2_eeuu_sin_ajustar,2242.8,dato,
1984-10,m2_eeuu_sin_ajustar,2259.7,dato,
1984-11,m2_eeuu_sin_ajustar,2286.3,dato,
1984-12,m2_eeuu_sin_ajustar,2318.5,dato,
1985-01,m2_eeuu_sin_ajustar,2339.6,dato,
1985-02,m2_eeuu_sin_ajustar,2343.4,dato,
1985-03,m2_eeuu_sin_ajustar,2360.4,dato,
1985-04,m2_eeuu_sin_ajustar,2379.7,dato,
1985-05,m2_eeuu_sin_ajustar,2376.4,dato,
1985-06,m2_eeuu_sin_ajustar,2413.4,dato,
1985-07,m2_eeuu_sin_ajustar,2434.8,dato,
1985-08,m2_eeuu_sin_ajustar,2442.5,dato,
1985-09,m2_eeuu_sin_ajustar,2452.7,dato,
1985-10,m2_eeuu_sin_ajustar,2466.3,dato,
1985-11,m2_eeuu_sin_ajustar,2482,dato,
1985-12,m2_eeuu_sin_ajustar,2504.1,dato,
1986-01,m2_eeuu_sin_ajustar,2510.8,dato,
1986-02,m2_eeuu_sin_ajustar,2502.1,dato,
1986-03,m2_eeuu_sin_ajustar,2527.6,dato,
1986-04,m2_eeuu_sin_ajustar,2564.8,dato,
1986-05,m2_eeuu_sin_ajustar,2571.1,dato,
1986-06,m2_eeuu_sin_ajustar,2605.3,dato,
1986-07,m2_eeuu_sin_ajustar,2632.4,dato,
1986-08,m2_eeuu_sin_ajustar,2645.9,dato,
1986-09,m2_eeuu_sin_ajustar,2661.7,dato,
1986-10,m2_eeuu_sin_ajustar,2684.4,dato,
1986-11,m2_eeuu_sin_ajustar,2705.2,dato,
1986-12,m2_eeuu_sin_ajustar,2740.7,dato,
1987-01,m2_eeuu_sin_ajustar,2753.5,dato,
1987-02,m2_eeuu_sin_ajustar,2735.2,dato,
1987-03,m2_eeuu_sin_ajustar,2748,dato,
1987-04,m2_eeuu_sin_ajustar,2778.9,dato,
1987-05,m2_eeuu_sin_ajustar,2759.7,dato,
1987-06,m2_eeuu_sin_ajustar,2773.4,dato,
1987-07,m2_eeuu_sin_ajustar,2785.2,dato,
1987-08,m2_eeuu_sin_ajustar,2787.5,dato,
1987-09,m2_eeuu_sin_ajustar,2793.3,dato,
1987-10,m2_eeuu_sin_ajustar,2811.2,dato,
1987-11,m2_eeuu_sin_ajustar,2821.6,dato,
1987-12,m2_eeuu_sin_ajustar,2838.3,dato,
1988-01,m2_eeuu_sin_ajustar,2857.2,dato,
1988-02,m2_eeuu_sin_ajustar,2858.8,dato,
1988-03,m2_eeuu_sin_ajustar,2886.7,dato,
1988-04,m2_eeuu_sin_ajustar,2925.3,dato,
1988-05,m2_eeuu_sin_ajustar,2910.7,dato,
1988-06,m2_eeuu_sin_ajustar,2935.3,dato,
1988-07,m2_eeuu_sin_ajustar,2953.2,dato,
1988-08,m2_eeuu_sin_ajustar,2949.8,dato,
1988-09,m2_eeuu_sin_ajustar,2950.1,dato,
1988-10,m2_eeuu_sin_ajustar,2962,dato,
1988-11,m2_eeuu_sin_ajustar,2982.7,dato,
1988-12,m2_eeuu_sin_ajustar,3000.6,dato,
1989-01,m2_eeuu_sin_ajustar,2998.9,dato,
1989-02,m2_eeuu_sin_ajustar,2982.6,dato,
1989-03,m2_eeuu_sin_ajustar,2999,dato,
1989-04,m2_eeuu_sin_ajustar,3023.2,dato,
1989-05,m2_eeuu_sin_ajustar,2996,dato,
1989-06,m2_eeuu_sin_ajustar,3022.6,dato,
1989-07,m2_eeuu_sin_ajustar,3055.6,dato,
1989-08,m2_eeuu_sin_ajustar,3071.1,dato,
1989-09,m2_eeuu_sin_ajustar,3086.3,dato,
1989-10,m2_eeuu_sin_ajustar,3109.3,dato,
1989-11,m2_eeuu_sin_ajustar,3136,dato,
1989-12,m2_eeuu_sin_ajustar,3165.6,dato,
1990-01,m2_eeuu_sin_ajustar,3170.4,dato,
1990-02,m2_eeuu_sin_ajustar,3170.5,dato,
1990-03,m2_eeuu_sin_ajustar,3192.6,dato,
1990-04,m2_eeuu_sin_ajustar,3219.8,dato,
1990-05,m2_eeuu_sin_ajustar,3186.7,dato,
1990-06,m2_eeuu_sin_ajustar,3210.8,dato,
1990-07,m2_eeuu_sin_ajustar,3224.5,dato,
1990-08,m2_eeuu_sin_ajustar,3238.7,dato,
1990-09,m2_eeuu_sin_ajustar,3249,dato,
1990-10,m2_eeuu_sin_ajustar,3253.7,dato,
1990-11,m2_eeuu_sin_ajustar,3265.3,dato,
1990-12,m2_eeuu_sin_ajustar,3285.1,dato,
1991-01,m2_eeuu_sin_ajustar,3289.3,dato,
1991-02,m2_eeuu_sin_ajustar,3296.3,dato,
1991-03,m2_eeuu_sin_ajustar,3327.3,dato,
1991-04,m2_eeuu_sin_ajustar,3349.5,dato,
1991-05,m2_eeuu_sin_ajustar,3330.3,dato,
1991-06,m2_eeuu_sin_ajustar,3349.7,dato,
1991-07,m2_eeuu_sin_ajustar,3354.4,dato,
1991-08,m2_eeuu_sin_ajustar,3351.4,dato,
1991-09,m2_eeuu_sin_ajustar,3347.6,dato,
1991-10,m2_eeuu_sin_ajustar,3353.8,dato,
1991-11,m2_eeuu_sin_ajustar,3371.2,dato,
1991-12,m2_eeuu_sin_ajustar,3386.4,dato,
1992-01,m2_eeuu_sin_ajustar,3383.2,dato,
1992-02,m2_eeuu_sin_ajustar,3390.1,dato,
1992-03,m2_eeuu_sin_ajustar,3404.8,dato,
1992-04,m2_eeuu_sin_ajustar,3418.9,dato,
1992-05,m2_eeuu_sin_ajustar,3388,dato,
1992-06,m2_eeuu_sin_ajustar,3388.7,dato,
1992-07,m2_eeuu_sin_ajustar,3393.2,dato,
1992-08,m2_eeuu_sin_ajustar,3396.5,dato,
1992-09,m2_eeuu_sin_ajustar,3401.2,dato,
1992-10,m2_eeuu_sin_ajustar,3418.7,dato,
1992-11,m2_eeuu_sin_ajustar,3433.4,dato,
1992-12,m2_eeuu_sin_ajustar,3441.3,dato,
1993-01,m2_eeuu_sin_ajustar,3423.6,dato,
1993-02,m2_eeuu_sin_ajustar,3400.7,dato,
1993-03,m2_eeuu_sin_ajustar,3410.5,dato,
1993-04,m2_eeuu_sin_ajustar,3430.4,dato,
1993-05,m2_eeuu_sin_ajustar,3425,dato,
1993-06,m2_eeuu_sin_ajustar,3439.5,dato,
1993-07,m2_eeuu_sin_ajustar,3442.6,dato,
1993-08,m2_eeuu_sin_ajustar,3440.9,dato,
1993-09,m2_eeuu_sin_ajustar,3443.5,dato,
1993-10,m2_eeuu_sin_ajustar,3452.7,dato,
1993-11,m2_eeuu_sin_ajustar,3474.7,dato,
1993-12,m2_eeuu_sin_ajustar,3495.1,dato,
1994-01,m2_eeuu_sin_ajustar,3480.1,dato,
1994-02,m2_eeuu_sin_ajustar,3459.7,dato,
1994-03,m2_eeuu_sin_ajustar,3477.2,dato,
1994-04,m2_eeuu_sin_ajustar,3503.1,dato,
1994-05,m2_eeuu_sin_ajustar,3474.5,dato,
1994-06,m2_eeuu_sin_ajustar,3477.4,dato,
1994-07,m2_eeuu_sin_ajustar,3491.5,dato,
1994-08,m2_eeuu_sin_ajustar,3481.6,dato,
1994-09,m2_eeuu_sin_ajustar,3476.8,dato,
1994-10,m2_eeuu_sin_ajustar,3478.2,dato,
1994-11,m2_eeuu_sin_ajustar,3491.8,dato,
1994-12,m2_eeuu_sin_ajustar,3507.8,dato,
1995-01,m2_eeuu_sin_ajustar,3495.3,dato,
1995-02,m2_eeuu_sin_ajustar,3474.9,dato,
1995-03,m2_eeuu_sin_ajustar,3491.7,dato,
1995-04,m2_eeuu_sin_ajustar,3522.4,dato,
1995-05,m2_eeuu_sin_ajustar,3506.7,dato,
1995-06,m2_eeuu_sin_ajustar,3545.5,dato,
1995-07,m2_eeuu_sin_ajustar,3569.7,dato,
1995-08,m2_eeuu_sin_ajustar,3585.2,dato,
1995-09,m2_eeuu_sin_ajustar,3594.6,dato,
1995-10,m2_eeuu_sin_ajustar,3602.3,dato,
1995-11,m2_eeuu_sin_ajustar,3622.9,dato,
1995-12,m2_eeuu_sin_ajustar,3653.3,dato,
1996-01,m2_eeuu_sin_ajustar,3651.3,dato,
1996-02,m2_eeuu_sin_ajustar,3647.5,dato,
1996-03,m2_eeuu_sin_ajustar,3694,dato,
1996-04,m2_eeuu_sin_ajustar,3720.6,dato,
1996-05,m2_eeuu_sin_ajustar,3690.1,dato,
1996-06,m2_eeuu_sin_ajustar,3721,dato,
1996-07,m2_eeuu_sin_ajustar,3734.1,dato,
1996-08,m2_eeuu_sin_ajustar,3741.6,dato,
1996-09,m2_eeuu_sin_ajustar,3744.2,dato,
1996-10,m2_eeuu_sin_ajustar,3758.7,dato,
1996-11,m2_eeuu_sin_ajustar,3797.2,dato,
1996-12,m2_eeuu_sin_ajustar,3839.8,dato,
1997-01,m2_eeuu_sin_ajustar,3839.5,dato,
1997-02,m2_eeuu_sin_ajustar,3835.1,dato,
1997-03,m2_eeuu_sin_ajustar,3873.2,dato,
1997-04,m2_eeuu_sin_ajustar,3905.7,dato,
1997-05,m2_eeuu_sin_ajustar,3869.4,dato,
1997-06,m2_eeuu_sin_ajustar,3899.5,dato,
1997-07,m2_eeuu_sin_ajustar,3918.5,dato,
1997-08,m2_eeuu_sin_ajustar,3953.2,dato,
1997-09,m2_eeuu_sin_ajustar,3961.5,dato,
1997-10,m2_eeuu_sin_ajustar,3977.2,dato,
1997-11,m2_eeuu_sin_ajustar,4015.8,dato,
1997-12,m2_eeuu_sin_ajustar,4055.1,dato,
1998-01,m2_eeuu_sin_ajustar,4062.5,dato,
1998-02,m2_eeuu_sin_ajustar,4080.1,dato,
1998-03,m2_eeuu_sin_ajustar,4131.7,dato,
1998-04,m2_eeuu_sin_ajustar,4174.6,dato,
1998-05,m2_eeuu_sin_ajustar,4144,dato,
1998-06,m2_eeuu_sin_ajustar,4174.6,dato,
1998-07,m2_eeuu_sin_ajustar,4193.2,dato,
1998-08,m2_eeuu_sin_ajustar,4220.3,dato,
1998-09,m2_eeuu_sin_ajustar,4254.5,dato,
1998-10,m2_eeuu_sin_ajustar,4291.5,dato,
1998-11,m2_eeuu_sin_ajustar,4346.2,dato,
1998-12,m2_eeuu_sin_ajustar,4400,dato,
1999-01,m2_eeuu_sin_ajustar,4409.9,dato,
1999-02,m2_eeuu_sin_ajustar,4419.2,dato,
1999-03,m2_eeuu_sin_ajustar,4456.2,dato,
1999-04,m2_eeuu_sin_ajustar,4502.1,dato,
1999-05,m2_eeuu_sin_ajustar,4464.8,dato,
1999-06,m2_eeuu_sin_ajustar,4495.6,dato,
1999-07,m2_eeuu_sin_ajustar,4520.5,dato,
1999-08,m2_eeuu_sin_ajustar,4540.4,dato,
1999-09,m2_eeuu_sin_ajustar,4554.2,dato,
1999-10,m2_eeuu_sin_ajustar,4575.9,dato,
1999-11,m2_eeuu_sin_ajustar,4611.4,dato,
1999-12,m2_eeuu_sin_ajustar,4665.8,dato,
2000-01,m2_eeuu_sin_ajustar,4674,dato,
2000-02,m2_eeuu_sin_ajustar,4675.9,dato,
2000-03,m2_eeuu_sin_ajustar,4737.6,dato,
2000-04,m2_eeuu_sin_ajustar,4807.7,dato,
2000-05,m2_eeuu_sin_ajustar,4734.1,dato,
2000-06,m2_eeuu_sin_ajustar,4759.5,dato,
2000-07,m2_eeuu_sin_ajustar,4775.7,dato,
2000-08,m2_eeuu_sin_ajustar,4806.4,dato,
2000-09,m2_eeuu_sin_ajustar,4842,dato,
2000-10,m2_eeuu_sin_ajustar,4855.9,dato,
2000-11,m2_eeuu_sin_ajustar,4884.4,dato,
2000-12,m2_eeuu_sin_ajustar,4955.5,dato,
2001-01,m2_eeuu_sin_ajustar,4981.6,dato,
2001-02,m2_eeuu_sin_ajustar,5010.9,dato,
2001-03,m2_eeuu_sin_ajustar,5101.2,dato,
2001-04,m2_eeuu_sin_ajustar,5177.4,dato,
2001-05,m2_eeuu_sin_ajustar,5115.4,dato,
2001-06,m2_eeuu_sin_ajustar,5167.1,dato,
2001-07,m2_eeuu_sin_ajustar,5195.7,dato,
2001-08,m2_eeuu_sin_ajustar,5231.6,dato,
2001-09,m2_eeuu_sin_ajustar,5343.3,dato,
2001-10,m2_eeuu_sin_ajustar,5328.4,dato,
2001-11,m2_eeuu_sin_ajustar,5391.5,dato,
2001-12,m2_eeuu_sin_ajustar,5471.6,dato,
2002-01,m2_eeuu_sin_ajustar,5457.8,dato,
2002-02,m2_eeuu_sin_ajustar,5477.2,dato,
2002-03,m2_eeuu_sin_ajustar,5526.1,dato,
2002-04,m2_eeuu_sin_ajustar,5540.2,dato,
2002-05,m2_eeuu_sin_ajustar,5506.6,dato,
2002-06,m2_eeuu_sin_ajustar,5544.6,dato,
2002-07,m2_eeuu_sin_ajustar,5585.5,dato,
2002-08,m2_eeuu_sin_ajustar,5628.4,dato,
2002-09,m2_eeuu_sin_ajustar,5652.9,dato,
2002-10,m2_eeuu_sin_ajustar,5691.9,dato,
2002-11,m2_eeuu_sin_ajustar,5764.9,dato,
2002-12,m2_eeuu_sin_ajustar,5811.5,dato,
2003-01,m2_eeuu_sin_ajustar,5801.1,dato,
2003-02,m2_eeuu_sin_ajustar,5828.5,dato,
2003-03,m2_eeuu_sin_ajustar,5889.2,dato,
2003-04,m2_eeuu_sin_ajustar,5945.2,dato,
2003-05,m2_eeuu_sin_ajustar,5944.2,dato,
2003-06,m2_eeuu_sin_ajustar,5998.5,dato,
2003-07,m2_eeuu_sin_ajustar,6041.7,dato,
2003-08,m2_eeuu_sin_ajustar,6098.2,dato,
2003-09,m2_eeuu_sin_ajustar,6070.7,dato,
2003-10,m2_eeuu_sin_ajustar,6054.7,dato,
2003-11,m2_eeuu_sin_ajustar,6083.5,dato,
2003-12,m2_eeuu_sin_ajustar,6105.1,dato,
2004-01,m2_eeuu_sin_ajustar,6065.5,dato,
2004-02,m2_eeuu_sin_ajustar,6096.5,dato,
2004-03,m2_eeuu_sin_ajustar,6176.5,dato,
2004-04,m2_eeuu_sin_ajustar,6243.6,dato,
2004-05,m2_eeuu_sin_ajustar,6257.1,dato,
2004-06,m2_eeuu_sin_ajustar,6280.2,dato,
2004-07,m2_eeuu_sin_ajustar,6285.8,dato,
2004-08,m2_eeuu_sin_ajustar,6308.1,dato,
2004-09,m2_eeuu_sin_ajustar,6340.9,dato,
2004-10,m2_eeuu_sin_ajustar,6362.1,dato,
2004-11,m2_eeuu_sin_ajustar,6411.7,dato,
2004-12,m2_eeuu_sin_ajustar,6453.7,dato,
2005-01,m2_eeuu_sin_ajustar,6410.5,dato,
2005-02,m2_eeuu_sin_ajustar,6411.8,dato,
2005-03,m2_eeuu_sin_ajustar,6471.4,dato,
2005-04,m2_eeuu_sin_ajustar,6514.3,dato,
2005-05,m2_eeuu_sin_ajustar,6465.5,dato,
2005-06,m2_eeuu_sin_ajustar,6517.6,dato,
2005-07,m2_eeuu_sin_ajustar,6536.8,dato,
2005-08,m2_eeuu_sin_ajustar,6561.1,dato,
2005-09,m2_eeuu_sin_ajustar,6593.4,dato,
2005-10,m2_eeuu_sin_ajustar,6620.3,dato,
2005-11,m2_eeuu_sin_ajustar,6661.3,dato,
2005-12,m2_eeuu_sin_ajustar,6714.9,dato,
2006-01,m2_eeuu_sin_ajustar,6713,dato,
2006-02,m2_eeuu_sin_ajustar,6730.4,dato,
2006-03,m2_eeuu_sin_ajustar,6803.2,dato,
2006-04,m2_eeuu_sin_ajustar,6866.8,dato,
2006-05,m2_eeuu_sin_ajustar,6805.2,dato,
2006-06,m2_eeuu_sin_ajustar,6859,dato,
2006-07,m2_eeuu_sin_ajustar,6880.9,dato,
2006-08,m2_eeuu_sin_ajustar,6900.2,dato,
2006-09,m2_eeuu_sin_ajustar,6927.8,dato,
2006-10,m2_eeuu_sin_ajustar,6970.8,dato,
2006-11,m2_eeuu_sin_ajustar,7033.7,dato,
2006-12,m2_eeuu_sin_ajustar,7108.6,dato,
2007-01,m2_eeuu_sin_ajustar,7106.9,dato,
2007-02,m2_eeuu_sin_ajustar,7118.8,dato,
2007-03,m2_eeuu_sin_ajustar,7216.8,dato,
2007-04,m2_eeuu_sin_ajustar,7305.9,dato,
2007-05,m2_eeuu_sin_ajustar,7250.2,dato,
2007-06,m2_eeuu_sin_ajustar,7294.2,dato,
2007-07,m2_eeuu_sin_ajustar,7297.6,dato,
2007-08,m2_eeuu_sin_ajustar,7356.8,dato,
2007-09,m2_eeuu_sin_ajustar,7377.4,dato,
2007-10,m2_eeuu_sin_ajustar,7389.4,dato,
2007-11,m2_eeuu_sin_ajustar,7448.5,dato,
2007-12,m2_eeuu_sin_ajustar,7516.5,dato,
2008-01,m2_eeuu_sin_ajustar,7514.7,dato,
2008-02,m2_eeuu_sin_ajustar,7598.7,dato,
2008-03,m2_eeuu_sin_ajustar,7733.3,dato,
2008-04,m2_eeuu_sin_ajustar,7780.9,dato,
2008-05,m2_eeuu_sin_ajustar,7723,dato,
2008-06,m2_eeuu_sin_ajustar,7746.5,dato,
2008-07,m2_eeuu_sin_ajustar,7760.6,dato,
2008-08,m2_eeuu_sin_ajustar,7758.2,dato,
2008-09,m2_eeuu_sin_ajustar,7828.5,dato,
2008-10,m2_eeuu_sin_ajustar,7931.6,dato,
2008-11,m2_eeuu_sin_ajustar,8023.6,dato,
2008-12,m2_eeuu_sin_ajustar,8244.1,dato,
2009-01,m2_eeuu_sin_ajustar,8292,dato,
2009-02,m2_eeuu_sin_ajustar,8321.6,dato,
2009-03,m2_eeuu_sin_ajustar,8458.6,dato,
2009-04,m2_eeuu_sin_ajustar,8459.8,dato,
2009-05,m2_eeuu_sin_ajustar,8446.9,dato,
2009-06,m2_eeuu_sin_ajustar,8459.9,dato,
2009-07,m2_eeuu_sin_ajustar,8425.8,dato,
2009-08,m2_eeuu_sin_ajustar,8404.6,dato,
2009-09,m2_eeuu_sin_ajustar,8412.2,dato,
2009-10,m2_eeuu_sin_ajustar,8443,dato,
2009-11,m2_eeuu_sin_ajustar,8517.3,dato,
2009-12,m2_eeuu_sin_ajustar,8560,dato,
2010-01,m2_eeuu_sin_ajustar,8484.2,dato,
2010-02,m2_eeuu_sin_ajustar,8528.7,dato,
2010-03,m2_eeuu_sin_ajustar,8596,dato,
2010-04,m2_eeuu_sin_ajustar,8621.6,dato,
2010-05,m2_eeuu_sin_ajustar,8603,dato,
2010-06,m2_eeuu_sin_ajustar,8625.3,dato,
2010-07,m2_eeuu_sin_ajustar,8597.4,dato,
2010-08,m2_eeuu_sin_ajustar,8626.3,dato,
2010-09,m2_eeuu_sin_ajustar,8668,dato,
2010-10,m2_eeuu_sin_ajustar,8729.3,dato,
2010-11,m2_eeuu_sin_ajustar,8794.4,dato,
2010-12,m2_eeuu_sin_ajustar,8879.2,dato,
2011-01,m2_eeuu_sin_ajustar,8876.5,dato,
2011-02,m2_eeuu_sin_ajustar,8913.7,dato,
2011-03,m2_eeuu_sin_ajustar,9028.9,dato,
2011-04,m2_eeuu_sin_ajustar,9085.8,dato,
2011-05,m2_eeuu_sin_ajustar,9057.4,dato,
2011-06,m2_eeuu_sin_ajustar,9144.6,dato,
2011-07,m2_eeuu_sin_ajustar,9293.9,dato,
2011-08,m2_eeuu_sin_ajustar,9485.1,dato,
2011-09,m2_eeuu_sin_ajustar,9523.3,dato,
2011-10,m2_eeuu_sin_ajustar,9572.5,dato,
2011-11,m2_eeuu_sin_ajustar,9656.9,dato,
2011-12,m2_eeuu_sin_ajustar,9753.5,dato,
2012-01,m2_eeuu_sin_ajustar,9786.7,dato,
2012-02,m2_eeuu_sin_ajustar,9811.1,dato,
2012-03,m2_eeuu_sin_ajustar,9926.6,dato,
2012-04,m2_eeuu_sin_ajustar,9972.1,dato,
2012-05,m2_eeuu_sin_ajustar,9905.6,dato,
2012-06,m2_eeuu_sin_ajustar,9982.8,dato,
2012-07,m2_eeuu_sin_ajustar,10028.5,dato,
2012-08,m2_eeuu_sin_ajustar,10093,dato,
2012-09,m2_eeuu_sin_ajustar,10190.2,dato,
2012-10,m2_eeuu_sin_ajustar,10270.9,dato,
2012-11,m2_eeuu_sin_ajustar,10367.1,dato,
2012-12,m2_eeuu_sin_ajustar,10556.4,dato,
2013-01,m2_eeuu_sin_ajustar,10532.2,dato,
2013-02,m2_eeuu_sin_ajustar,10506.2,dato,
2013-03,m2_eeuu_sin_ajustar,10652.7,dato,
2013-04,m2_eeuu_sin_ajustar,10681,dato,
2013-05,m2_eeuu_sin_ajustar,10603.5,dato,
2013-06,m2_eeuu_sin_ajustar,10667.7,dato,
2013-07,m2_eeuu_sin_ajustar,10706.5,dato,
2013-08,m2_eeuu_sin_ajustar,10762.4,dato,
2013-09,m2_eeuu_sin_ajustar,10830.6,dato,
2013-10,m2_eeuu_sin_ajustar,10957.8,dato,
2013-11,m2_eeuu_sin_ajustar,11002.8,dato,
2013-12,m2_eeuu_sin_ajustar,11130,dato,
2014-01,m2_eeuu_sin_ajustar,11126.7,dato,
2014-02,m2_eeuu_sin_ajustar,11179,dato,
2014-03,m2_eeuu_sin_ajustar,11303.2,dato,
2014-04,m2_eeuu_sin_ajustar,11356.4,dato,
2014-05,m2_eeuu_sin_ajustar,11299.4,dato,
2014-06,m2_eeuu_sin_ajustar,11361.3,dato,
2014-07,m2_eeuu_sin_ajustar,11417.4,dato,
2014-08,m2_eeuu_sin_ajustar,11448.1,dato,
2014-09,m2_eeuu_sin_ajustar,11495.8,dato,
2014-10,m2_eeuu_sin_ajustar,11563.4,dato,
2014-11,m2_eeuu_sin_ajustar,11640.1,dato,
2014-12,m2_eeuu_sin_ajustar,11786.1,dato,
2015-01,m2_eeuu_sin_ajustar,11785.2,dato,
2015-02,m2_eeuu_sin_ajustar,11873.5,dato,
2015-03,m2_eeuu_sin_ajustar,11983,dato,
2015-04,m2_eeuu_sin_ajustar,12031.3,dato,
2015-05,m2_eeuu_sin_ajustar,11934.7,dato,
2015-06,m2_eeuu_sin_ajustar,11990.6,dato,
2015-07,m2_eeuu_sin_ajustar,12041.9,dato,
2015-08,m2_eeuu_sin_ajustar,12099.4,dato,
2015-09,m2_eeuu_sin_ajustar,12166.6,dato,
2015-10,m2_eeuu_sin_ajustar,12201,dato,
2015-11,m2_eeuu_sin_ajustar,12328.4,dato,
2015-12,m2_eeuu_sin_ajustar,12458,dato,
2016-01,m2_eeuu_sin_ajustar,12509.6,dato,
2016-02,m2_eeuu_sin_ajustar,12548.6,dato,
2016-03,m2_eeuu_sin_ajustar,12716.6,dato,
2016-04,m2_eeuu_sin_ajustar,12810.5,dato,
2016-05,m2_eeuu_sin_ajustar,12742.2,dato,
2016-06,m2_eeuu_sin_ajustar,12822.6,dato,
2016-07,m2_eeuu_sin_ajustar,12884.2,dato,
2016-08,m2_eeuu_sin_ajustar,12981.3,dato,
2016-09,m2_eeuu_sin_ajustar,13047.1,dato,
2016-10,m2_eeuu_sin_ajustar,13105.6,dato,
2016-11,m2_eeuu_sin_ajustar,13217.4,dato,
2016-12,m2_eeuu_sin_ajustar,13326,dato,
2017-01,m2_eeuu_sin_ajustar,13308,dato,
2017-02,m2_eeuu_sin_ajustar,13332.5,dato,
2017-03,m2_eeuu_sin_ajustar,13519.1,dato,
2017-04,m2_eeuu_sin_ajustar,13592.8,dato,
2017-05,m2_eeuu_sin_ajustar,13502.6,dato,
2017-06,m2_eeuu_sin_ajustar,13551.6,dato,
2017-07,m2_eeuu_sin_ajustar,13614.9,dato,
2017-08,m2_eeuu_sin_ajustar,13685,dato,
2017-09,m2_eeuu_sin_ajustar,13737.5,dato,
2017-10,m2_eeuu_sin_ajustar,13783.5,dato,
2017-11,m2_eeuu_sin_ajustar,13853.2,dato,
2017-12,m2_eeuu_sin_ajustar,13978.9,dato,
2018-01,m2_eeuu_sin_ajustar,13897.5,dato,
2018-02,m2_eeuu_sin_ajustar,13884.3,dato,
2018-03,m2_eeuu_sin_ajustar,14067.1,dato,
2018-04,m2_eeuu_sin_ajustar,14105.8,dato,
2018-05,m2_eeuu_sin_ajustar,14017.4,dato,
2018-06,m2_eeuu_sin_ajustar,14112.7,dato,
2018-07,m2_eeuu_sin_ajustar,14148.2,dato,
2018-08,m2_eeuu_sin_ajustar,14203.2,dato,
2018-09,m2_eeuu_sin_ajustar,14237.2,dato,
2018-10,m2_eeuu_sin_ajustar,14238.8,dato,
2018-11,m2_eeuu_sin_ajustar,14293.5,dato,
2018-12,m2_eeuu_sin_ajustar,14489,dato,
2019-01,m2_eeuu_sin_ajustar,14465.2,dato,
2019-02,m2_eeuu_sin_ajustar,14443.2,dato,
2019-03,m2_eeuu_sin_ajustar,14614.3,dato,
2019-04,m2_eeuu_sin_ajustar,14665,dato,
2019-05,m2_eeuu_sin_ajustar,14618.1,dato,
2019-06,m2_eeuu_sin_ajustar,14779.3,dato,
2019-07,m2_eeuu_sin_ajustar,14860.7,dato,
2019-08,m2_eeuu_sin_ajustar,14944.2,dato,
2019-09,m2_eeuu_sin_ajustar,15036.9,dato,
2019-10,m2_eeuu_sin_ajustar,15162.1,dato,
2019-11,m2_eeuu_sin_ajustar,15308.1,dato,
2019-12,m2_eeuu_sin_ajustar,15459.4,dato,
2020-01,m2_eeuu_sin_ajustar,15444.7,dato,
2020-02,m2_eeuu_sin_ajustar,15433.7,dato,
2020-03,m2_eeuu_sin_ajustar,16102.6,dato,
2020-04,m2_eeuu_sin_ajustar,17146.5,dato,
2020-05,m2_eeuu_sin_ajustar,17812.8,dato,
2020-06,m2_eeuu_sin_ajustar,18150,dato,
2020-07,m2_eeuu_sin_ajustar,18298.3,dato,
2020-08,m2_eeuu_sin_ajustar,18363.9,dato,
2020-09,m2_eeuu_sin_ajustar,18585.2,dato,
2020-10,m2_eeuu_sin_ajustar,18728,dato,
2020-11,m2_eeuu_sin_ajustar,19015.4,dato,
2020-12,m2_eeuu_sin_ajustar,19279.3,dato,
2021-01,m2_eeuu_sin_ajustar,19400.3,dato,
2021-02,m2_eeuu_sin_ajustar,19545.3,dato,
2021-03,m2_eeuu_sin_ajustar,19961.4,dato,
2021-04,m2_eeuu_sin_ajustar,20279,dato,
2021-05,m2_eeuu_sin_ajustar,20325.7,dato,
2021-06,m2_eeuu_sin_ajustar,20442.8,dato,
2021-07,m2_eeuu_sin_ajustar,20596.8,dato,
2021-08,m2_eeuu_sin_ajustar,20788.4,dato,
2021-09,m2_eeuu_sin_ajustar,20961.4,dato,
2021-10,m2_eeuu_sin_ajustar,21126.2,dato,
2021-11,m2_eeuu_sin_ajustar,21356.2,dato,
2021-12,m2_eeuu_sin_ajustar,21681.6,dato,
2022-01,m2_eeuu_sin_ajustar,21668.9,dato,
2022-02,m2_eeuu_sin_ajustar,21619.9,dato,
2022-03,m2_eeuu_sin_ajustar,21892.7,dato,
2022-04,m2_eeuu_sin_ajustar,21884.8,dato,
2022-05,m2_eeuu_sin_ajustar,21589.6,dato,
2022-06,m2_eeuu_sin_ajustar,21614.3,dato,
2022-07,m2_eeuu_sin_ajustar,21609.6,dato,
2022-08,m2_eeuu_sin_ajustar,21584.8,dato,
2022-09,m2_eeuu_sin_ajustar,21507.2,dato,
2022-10,m2_eeuu_sin_ajustar,21412,dato,
2022-11,m2_eeuu_sin_ajustar,21421.7,dato,
2022-12,m2_eeuu_sin_ajustar,21448.4,dato,
2023-01,m2_eeuu_sin_ajustar,21302.3,dato,
2023-02,m2_eeuu_sin_ajustar,21147.8,dato,
2023-03,m2_eeuu_sin_ajustar,21053.5,dato,
2023-04,m2_eeuu_sin_ajustar,20869.6,dato,
2023-05,m2_eeuu_sin_ajustar,20734.2,dato,
2023-06,m2_eeuu_sin_ajustar,20771,dato,
2023-07,m2_eeuu_sin_ajustar,20751.3,dato,
2023-08,m2_eeuu_sin_ajustar,20726.9,dato,
2023-09,m2_eeuu_sin_ajustar,20710,dato,
2023-10,m2_eeuu_sin_ajustar,20675.4,dato,
2023-11,m2_eeuu_sin_ajustar,20750.4,dato,
2023-12,m2_eeuu_sin_ajustar,20907.2,dato,
2024-01,m2_eeuu_sin_ajustar,20873.7,dato,
2024-02,m2_eeuu_sin_ajustar,20844.5,dato,
2024-03,m2_eeuu_sin_ajustar,21088.8,dato,
2024-04,m2_eeuu_sin_ajustar,21069.4,dato,
2024-05,m2_eeuu_sin_ajustar,20937.5,dato,
2024-06,m2_eeuu_sin_ajustar,21041.5,dato,
2024-07,m2_eeuu_sin_ajustar,21052.3,dato,
2024-08,m2_eeuu_sin_ajustar,21138.4,dato,
2024-09,m2_eeuu_sin_ajustar,21219,dato,
2024-10,m2_eeuu_sin_ajustar,21268.4,dato,
2024-11,m2_eeuu_sin_ajustar,21450.4,dato,
2024-12,m2_eeuu_sin_ajustar,21618.4,dato,
2025-01,m2_eeuu_sin_ajustar,21584.4,dato,
2025-02,m2_eeuu_sin_ajustar,21531.7,dato,
2025-03,m2_eeuu_sin_ajustar,21819.1,dato,
2025-04,m2_eeuu_sin_ajustar,21896.7,dato,
2025-05,m2_eeuu_sin_ajustar,21753.6,dato,
2025-06,m2_eeuu_sin_ajustar,21907.9,dato,
2025-07,m2_eeuu_sin_ajustar,21965.6,dato,
2025-08,m2_eeuu_sin_ajustar,22033.1,dato,
2025-09,m2_eeuu_sin_ajustar,22111.6,dato,
2025-10,m2_eeuu_sin_ajustar,22179,dato,
2025-11,m2_eeuu_sin_ajustar,22269.1,dato,
2025-12,m2_eeuu_sin_ajustar,22503.1,dato,
2026-01,m2_eeuu_sin_ajustar,22459.5,dato,
2026-02,m2_eeuu_sin_ajustar,22510.6,dato,
2026-03,m2_eeuu_sin_ajustar,22779.8,dato,
2026-04,m2_eeuu_sin_ajustar,22892.7,dato,
2026-05,m2_eeuu_sin_ajustar,22930,dato,
2026-06,m2_eeuu_sin_ajustar,23084.3,dato,
2026-07,m2_eeuu_sin_ajustar,23157.4,dato,
2026-08,m2_eeuu_sin_ajustar,23284.3,dato,
1980-01,m2_eurozona,1070496,estimación,
1980-02,m2_eurozona,1078232,estimación,
1980-03,m2_eurozona,1088333,estimación,
1980-04,m2_eurozona,1093263,estimación,
1980-05,m2_eurozona,1100958,estimación,
1980-06,m2_eurozona,1109205,estimación,
1980-07,m2_eurozona,1120452,estimación,
1980-08,m2_eurozona,1127098,estimación,
1980-09,m2_eurozona,1133419,estimación,
1980-10,m2_eurozona,1145159,estimación,
1980-11,m2_eurozona,1160031,estimación,
1980-12,m2_eurozona,1165452,estimación,
1981-01,m2_eurozona,1175008,estimación,
1981-02,m2_eurozona,1186668,estimación,
1981-03,m2_eurozona,1194414,estimación,
1981-04,m2_eurozona,1204188,estimación,
1981-05,m2_eurozona,1215847,estimación,
1981-06,m2_eurozona,1223076,estimación,
1981-07,m2_eurozona,1230470,estimación,
1981-08,m2_eurozona,1234000,estimación,
1981-09,m2_eurozona,1246150,estimación,
1981-10,m2_eurozona,1253958,estimación,
1981-11,m2_eurozona,1264026,estimación,
1981-12,m2_eurozona,1273805,estimación,
1982-01,m2_eurozona,1287848,estimación,
1982-02,m2_eurozona,1299092,estimación,
1982-03,m2_eurozona,1313351,estimación,
1982-04,m2_eurozona,1326733,estimación,
1982-05,m2_eurozona,1334764,estimación,
1982-06,m2_eurozona,1347524,estimación,
1982-07,m2_eurozona,1358609,estimación,
1982-08,m2_eurozona,1372472,estimación,
1982-09,m2_eurozona,1382740,estimación,
1982-10,m2_eurozona,1389853,estimación,
1982-11,m2_eurozona,1401761,estimación,
1982-12,m2_eurozona,1414556,estimación,
1983-01,m2_eurozona,1425088,estimación,
1983-02,m2_eurozona,1435898,estimación,
1983-03,m2_eurozona,1443423,estimación,
1983-04,m2_eurozona,1453878,estimación,
1983-05,m2_eurozona,1464343,estimación,
1983-06,m2_eurozona,1474969,estimación,
1983-07,m2_eurozona,1486582,estimación,
1983-08,m2_eurozona,1498206,estimación,
1983-09,m2_eurozona,1503408,estimación,
1983-10,m2_eurozona,1513481,estimación,
1983-11,m2_eurozona,1526253,estimación,
1983-12,m2_eurozona,1537092,estimación,
1984-01,m2_eurozona,1543563,estimación,
1984-02,m2_eurozona,1549774,estimación,
1984-03,m2_eurozona,1559014,estimación,
1984-04,m2_eurozona,1568820,estimación,
1984-05,m2_eurozona,1583749,estimación,
1984-06,m2_eurozona,1591965,estimación,
1984-07,m2_eurozona,1603857,estimación,
1984-08,m2_eurozona,1617813,estimación,
1984-09,m2_eurozona,1631220,estimación,
1984-10,m2_eurozona,1638411,estimación,
1984-11,m2_eurozona,1649653,estimación,
1984-12,m2_eurozona,1661882,estimación,
1985-01,m2_eurozona,1676415,estimación,
1985-02,m2_eurozona,1691806,estimación,
1985-03,m2_eurozona,1700138,estimación,
1985-04,m2_eurozona,1709983,estimación,
1985-05,m2_eurozona,1715317,estimación,
1985-06,m2_eurozona,1722006,estimación,
1985-07,m2_eurozona,1731220,estimación,
1985-08,m2_eurozona,1738364,estimación,
1985-09,m2_eurozona,1746936,estimación,
1985-10,m2_eurozona,1755357,estimación,
1985-11,m2_eurozona,1760581,estimación,
1985-12,m2_eurozona,1784034,estimación,
1986-01,m2_eurozona,1792537,estimación,
1986-02,m2_eurozona,1800828,estimación,
1986-03,m2_eurozona,1818276,estimación,
1986-04,m2_eurozona,1815354,estimación,
1986-05,m2_eurozona,1824547,estimación,
1986-06,m2_eurozona,1832456,estimación,
1986-07,m2_eurozona,1847233,estimación,
1986-08,m2_eurozona,1858580,estimación,
1986-09,m2_eurozona,1872837,estimación,
1986-10,m2_eurozona,1889296,estimación,
1986-11,m2_eurozona,1896941,estimación,
1986-12,m2_eurozona,1903734,estimación,
1987-01,m2_eurozona,1918425,estimación,
1987-02,m2_eurozona,1927091,estimación,
1987-03,m2_eurozona,1940390,estimación,
1987-04,m2_eurozona,1952955,estimación,
1987-05,m2_eurozona,1962800,estimación,
1987-06,m2_eurozona,1975973,estimación,
1987-07,m2_eurozona,1985755,estimación,
1987-08,m2_eurozona,1992865,estimación,
1987-09,m2_eurozona,2002177,estimación,
1987-10,m2_eurozona,2016290,estimación,
1987-11,m2_eurozona,2024128,estimación,
1987-12,m2_eurozona,2027444,estimación,
1988-01,m2_eurozona,2037581,estimación,
1988-02,m2_eurozona,2046281,estimación,
1988-03,m2_eurozona,2057427,estimación,
1988-04,m2_eurozona,2076081,estimación,
1988-05,m2_eurozona,2090533,estimación,
1988-06,m2_eurozona,2100900,estimación,
1988-07,m2_eurozona,2116901,estimación,
1988-08,m2_eurozona,2131825,estimación,
1988-09,m2_eurozona,2139817,estimación,
1988-10,m2_eurozona,2154925,estimación,
1988-11,m2_eurozona,2167024,estimación,
1988-12,m2_eurozona,2173774,estimación,
1989-01,m2_eurozona,2185797,estimación,
1989-02,m2_eurozona,2197853,estimación,
1989-03,m2_eurozona,2222161,estimación,
1989-04,m2_eurozona,2224430,estimación,
1989-05,m2_eurozona,2240671,estimación,
1989-06,m2_eurozona,2263203,estimación,
1989-07,m2_eurozona,2280165,estimación,
1989-08,m2_eurozona,2292824,estimación,
1989-09,m2_eurozona,2303555,estimación,
1989-10,m2_eurozona,2312607,estimación,
1989-11,m2_eurozona,2326287,estimación,
1989-12,m2_eurozona,2343345,estimación,
1990-01,m2_eurozona,2360748,estimación,
1990-02,m2_eurozona,2368976,estimación,
1990-03,m2_eurozona,2371264,estimación,
1990-04,m2_eurozona,2378067,estimación,
1990-05,m2_eurozona,2386578,estimación,
1990-06,m2_eurozona,2494707,estimación,
1990-07,m2_eurozona,2506891,estimación,
1990-08,m2_eurozona,2521801,estimación,
1990-09,m2_eurozona,2539282,estimación,
1990-10,m2_eurozona,2548320,estimación,
1990-11,m2_eurozona,2560619,estimación,
1990-12,m2_eurozona,2573883,estimación,
1991-01,m2_eurozona,2583655,estimación,
1991-02,m2_eurozona,2601663,estimación,
1991-03,m2_eurozona,2601696,estimación,
1991-04,m2_eurozona,2615487,estimación,
1991-05,m2_eurozona,2630099,estimación,
1991-06,m2_eurozona,2639742,estimación,
1991-07,m2_eurozona,2650528,estimación,
1991-08,m2_eurozona,2665240,estimación,
1991-09,m2_eurozona,2672023,estimación,
1991-10,m2_eurozona,2683318,estimación,
1991-11,m2_eurozona,2704448,estimación,
1991-12,m2_eurozona,2722085,estimación,
1992-01,m2_eurozona,2720803,estimación,
1992-02,m2_eurozona,2729621,estimación,
1992-03,m2_eurozona,2747609,estimación,
1992-04,m2_eurozona,2764811,estimación,
1992-05,m2_eurozona,2778249,estimación,
1992-06,m2_eurozona,2784130,estimación,
1992-07,m2_eurozona,2792853,estimación,
1992-08,m2_eurozona,2803439,estimación,
1992-09,m2_eurozona,2836589,estimación,
1992-10,m2_eurozona,2839113,estimación,
1992-11,m2_eurozona,2860628,estimación,
1992-12,m2_eurozona,2853356,estimación,
1993-01,m2_eurozona,2861813,estimación,
1993-02,m2_eurozona,2876975,estimación,
1993-03,m2_eurozona,2905799,estimación,
1993-04,m2_eurozona,2918598,estimación,
1993-05,m2_eurozona,2937506,estimación,
1993-06,m2_eurozona,2950419,estimación,
1993-07,m2_eurozona,2962145,estimación,
1993-08,m2_eurozona,2977872,estimación,
1993-09,m2_eurozona,2989060,estimación,
1993-10,m2_eurozona,3013455,estimación,
1993-11,m2_eurozona,3037935,estimación,
1993-12,m2_eurozona,3067025,estimación,
1994-01,m2_eurozona,3085865,estimación,
1994-02,m2_eurozona,3101072,estimación,
1994-03,m2_eurozona,3125371,estimación,
1994-04,m2_eurozona,3133464,estimación,
1994-05,m2_eurozona,3135071,estimación,
1994-06,m2_eurozona,3145542,estimación,
1994-07,m2_eurozona,3155590,estimación,
1994-08,m2_eurozona,3157950,estimación,
1994-09,m2_eurozona,3162985,estimación,
1994-10,m2_eurozona,3169833,estimación,
1994-11,m2_eurozona,3167131,estimación,
1994-12,m2_eurozona,3159101,estimación,
1995-01,m2_eurozona,3158136,estimación,
1995-02,m2_eurozona,3172336,estimación,
1995-03,m2_eurozona,3176992,estimación,
1995-04,m2_eurozona,3182541,estimación,
1995-05,m2_eurozona,3197971,estimación,
1995-06,m2_eurozona,3212302,estimación,
1995-07,m2_eurozona,3220407,estimación,
1995-08,m2_eurozona,3233209,estimación,
1995-09,m2_eurozona,3256397,estimación,
1995-10,m2_eurozona,3269129,estimación,
1995-11,m2_eurozona,3280691,estimación,
1995-12,m2_eurozona,3312463,estimación,
1996-01,m2_eurozona,3319911,estimación,
1996-02,m2_eurozona,3329074,estimación,
1996-03,m2_eurozona,3337370,estimación,
1996-04,m2_eurozona,3358564,estimación,
1996-05,m2_eurozona,3368180,estimación,
1996-06,m2_eurozona,3382265,estimación,
1996-07,m2_eurozona,3397399,estimación,
1996-08,m2_eurozona,3412208,estimación,
1996-09,m2_eurozona,3430659,estimación,
1996-10,m2_eurozona,3436406,estimación,
1996-11,m2_eurozona,3455104,estimación,
1996-12,m2_eurozona,3485231,estimación,
1997-01,m2_eurozona,3482856,estimación,
1997-02,m2_eurozona,3493517,estimación,
1997-03,m2_eurozona,3496684,estimación,
1997-04,m2_eurozona,3498629,estimación,
1997-05,m2_eurozona,3514659,estimación,
1997-06,m2_eurozona,3533982,estimación,
1997-07,m2_eurozona,3548645,estimación,
1997-08,m2_eurozona,3558109,estimación,
1997-09,m2_eurozona,3570962,dato,
1997-10,m2_eurozona,3595263,dato,
1997-11,m2_eurozona,3600773,dato,
1997-12,m2_eurozona,3615677,dato,
1998-01,m2_eurozona,3638426,dato,
1998-02,m2_eurozona,3656642,dato,
1998-03,m2_eurozona,3666674,dato,
1998-04,m2_eurozona,3695000,dato,
1998-05,m2_eurozona,3718207,dato,
1998-06,m2_eurozona,3742800,dato,
1998-07,m2_eurozona,3735036,dato,
1998-08,m2_eurozona,3747240,dato,
1998-09,m2_eurozona,3756213,dato,
1998-10,m2_eurozona,3776275,dato,
1998-11,m2_eurozona,3805327,dato,
1998-12,m2_eurozona,3848054,dato,
1999-01,m2_eurozona,3930982,dato,
1999-02,m2_eurozona,3905442,dato,
1999-03,m2_eurozona,3930847,dato,
1999-04,m2_eurozona,3952443,dato,
1999-05,m2_eurozona,3968746,dato,
1999-06,m2_eurozona,3988595,dato,
1999-07,m2_eurozona,4023726,dato,
1999-08,m2_eurozona,4024225,dato,
1999-09,m2_eurozona,4029253,dato,
1999-10,m2_eurozona,4052935,dato,
1999-11,m2_eurozona,4066747,dato,
1999-12,m2_eurozona,4078868,dato,
2000-01,m2_eurozona,4121606,dato,
2000-02,m2_eurozona,4136412,dato,
2000-03,m2_eurozona,4149339,dato,
2000-04,m2_eurozona,4174322,dato,
2000-05,m2_eurozona,4168507,dato,
2000-06,m2_eurozona,4171277,dato,
2000-07,m2_eurozona,4183450,dato,
2000-08,m2_eurozona,4209465,dato,
2000-09,m2_eurozona,4212330,dato,
2000-10,m2_eurozona,4225858,dato,
2000-11,m2_eurozona,4226830,dato,
2000-12,m2_eurozona,4226952,dato,
2001-01,m2_eurozona,4340387,dato,ampliación de la zona del euro: Grecia
2001-02,m2_eurozona,4363192,dato,
2001-03,m2_eurozona,4382791,dato,
2001-04,m2_eurozona,4412550,dato,
2001-05,m2_eurozona,4429759,dato,
2001-06,m2_eurozona,4467986,dato,
2001-07,m2_eurozona,4481145,dato,
2001-08,m2_eurozona,4501923,dato,
2001-09,m2_eurozona,4533918,dato,
2001-10,m2_eurozona,4553696,dato,
2001-11,m2_eurozona,4588671,dato,
2001-12,m2_eurozona,4615510,dato,
2002-01,m2_eurozona,4645232,dato,
2002-02,m2_eurozona,4650397,dato,
2002-03,m2_eurozona,4662027,dato,
2002-04,m2_eurozona,4697507,dato,
2002-05,m2_eurozona,4719009,dato,
2002-06,m2_eurozona,4735880,dato,
2002-07,m2_eurozona,4761547,dato,
2002-08,m2_eurozona,4785365,dato,
2002-09,m2_eurozona,4821013,dato,
2002-10,m2_eurozona,4847022,dato,
2002-11,m2_eurozona,4890882,dato,
2002-12,m2_eurozona,4915147,dato,
2003-01,m2_eurozona,4922129,dato,
2003-02,m2_eurozona,4968610,dato,
2003-03,m2_eurozona,5000011,dato,
2003-04,m2_eurozona,5048210,dato,
2003-05,m2_eurozona,5088934,dato,
2003-06,m2_eurozona,5096544,dato,
2003-07,m2_eurozona,5123636,dato,
2003-08,m2_eurozona,5160933,dato,
2003-09,m2_eurozona,5167505,dato,
2003-10,m2_eurozona,5200531,dato,
2003-11,m2_eurozona,5217471,dato,
2003-12,m2_eurozona,5238327,dato,
2004-01,m2_eurozona,5259980,dato,
2004-02,m2_eurozona,5281581,dato,
2004-03,m2_eurozona,5316424,dato,
2004-04,m2_eurozona,5341144,dato,
2004-05,m2_eurozona,5355734,dato,
2004-06,m2_eurozona,5385279,dato,
2004-07,m2_eurozona,5421035,dato,
2004-08,m2_eurozona,5438154,dato,
2004-09,m2_eurozona,5484081,dato,
2004-10,m2_eurozona,5518152,dato,
2004-11,m2_eurozona,5542737,dato,
2004-12,m2_eurozona,5573540,dato,
2005-01,m2_eurozona,5623288,dato,
2005-02,m2_eurozona,5653315,dato,
2005-03,m2_eurozona,5679341,dato,
2005-04,m2_eurozona,5721454,dato,
2005-05,m2_eurozona,5762299,dato,
2005-06,m2_eurozona,5824959,dato,
2005-07,m2_eurozona,5885266,dato,
2005-08,m2_eurozona,5914509,dato,
2005-09,m2_eurozona,5980748,dato,
2005-10,m2_eurozona,6001860,dato,
2005-11,m2_eurozona,6027064,dato,
2005-12,m2_eurozona,6093186,dato,
2006-01,m2_eurozona,6124570,dato,
2006-02,m2_eurozona,6175649,dato,
2006-03,m2_eurozona,6222149,dato,
2006-04,m2_eurozona,6295495,dato,
2006-05,m2_eurozona,6317503,dato,
2006-06,m2_eurozona,6363553,dato,
2006-07,m2_eurozona,6369246,dato,
2006-08,m2_eurozona,6406721,dato,
2006-09,m2_eurozona,6486139,dato,
2006-10,m2_eurozona,6500180,dato,
2006-11,m2_eurozona,6556170,dato,
2006-12,m2_eurozona,6663329,dato,
2007-01,m2_eurozona,6705357,dato,ampliación de la zona del euro: Eslovenia
2007-02,m2_eurozona,6739280,dato,
2007-03,m2_eurozona,6825507,dato,
2007-04,m2_eurozona,6850746,dato,
2007-05,m2_eurozona,6917829,dato,
2007-06,m2_eurozona,6987296,dato,
2007-07,m2_eurozona,7057569,dato,
2007-08,m2_eurozona,7100108,dato,
2007-09,m2_eurozona,7161755,dato,
2007-10,m2_eurozona,7267682,dato,
2007-11,m2_eurozona,7323179,dato,
2007-12,m2_eurozona,7356073,dato,
2008-01,m2_eurozona,7440745,dato,ampliación de la zona del euro: Chipre y Malta
2008-02,m2_eurozona,7505318,dato,
2008-03,m2_eurozona,7536659,dato,
2008-04,m2_eurozona,7616022,dato,
2008-05,m2_eurozona,7674618,dato,
2008-06,m2_eurozona,7700435,dato,
2008-07,m2_eurozona,7750811,dato,
2008-08,m2_eurozona,7787840,dato,
2008-09,m2_eurozona,7865188,dato,
2008-10,m2_eurozona,8010727,dato,
2008-11,m2_eurozona,8035211,dato,
2008-12,m2_eurozona,8041762,dato,
2009-01,m2_eurozona,8089401,dato,ampliación de la zona del euro: Eslovaquia
2009-02,m2_eurozona,8112143,dato,
2009-03,m2_eurozona,8093515,dato,
2009-04,m2_eurozona,8145669,dato,
2009-05,m2_eurozona,8140833,dato,
2009-06,m2_eurozona,8155197,dato,
2009-07,m2_eurozona,8184207,dato,
2009-08,m2_eurozona,8176976,dato,
2009-09,m2_eurozona,8189516,dato,
2009-10,m2_eurozona,8195862,dato,
2009-11,m2_eurozona,8181093,dato,
2009-12,m2_eurozona,8207839,dato,
2010-01,m2_eurozona,8220765,dato,
2010-02,m2_eurozona,8228832,dato,
2010-03,m2_eurozona,8230444,dato,
2010-04,m2_eurozona,8264563,dato,
2010-05,m2_eurozona,8283333,dato,
2010-06,m2_eurozona,8314433,dato,
2010-07,m2_eurozona,8331067,dato,
2010-08,m2_eurozona,8367919,dato,
2010-09,m2_eurozona,8367910,dato,
2010-10,m2_eurozona,8387527,dato,
2010-11,m2_eurozona,8404159,dato,
2010-12,m2_eurozona,8423299,dato,
2011-01,m2_eurozona,8436054,dato,ampliación de la zona del euro: Estonia
2011-02,m2_eurozona,8444617,dato,
2011-03,m2_eurozona,8458122,dato,
2011-04,m2_eurozona,8456009,dato,
2011-05,m2_eurozona,8480338,dato,
2011-06,m2_eurozona,8495988,dato,
2011-07,m2_eurozona,8509521,dato,
2011-08,m2_eurozona,8558299,dato,
2011-09,m2_eurozona,8593759,dato,
2011-10,m2_eurozona,8572193,dato,
2011-11,m2_eurozona,8588089,dato,
2011-12,m2_eurozona,8607320,dato,
2012-01,m2_eurozona,8644031,dato,
2012-02,m2_eurozona,8679871,dato,
2012-03,m2_eurozona,8723292,dato,
2012-04,m2_eurozona,8704188,dato,
2012-05,m2_eurozona,8746773,dato,
2012-06,m2_eurozona,8779098,dato,
2012-07,m2_eurozona,8829323,dato,
2012-08,m2_eurozona,8846566,dato,
2012-09,m2_eurozona,8875881,dato,
2012-10,m2_eurozona,8948155,dato,
2012-11,m2_eurozona,8975122,dato,
2012-12,m2_eurozona,8998474,dato,
2013-01,m2_eurozona,9014275,dato,
2013-02,m2_eurozona,9049240,dato,
2013-03,m2_eurozona,9079682,dato,
2013-04,m2_eurozona,9108326,dato,
2013-05,m2_eurozona,9129445,dato,
2013-06,m2_eurozona,9126627,dato,
2013-07,m2_eurozona,9147571,dato,
2013-08,m2_eurozona,9183775,dato,
2013-09,m2_eurozona,9198843,dato,
2013-10,m2_eurozona,9219721,dato,
2013-11,m2_eurozona,9235023,dato,
2013-12,m2_eurozona,9212026,dato,
2014-01,m2_eurozona,9239268,dato,ampliación de la zona del euro: Letonia
2014-02,m2_eurozona,9267544,dato,
2014-03,m2_eurozona,9284719,dato,
2014-04,m2_eurozona,9287884,dato,
2014-05,m2_eurozona,9337820,dato,
2014-06,m2_eurozona,9362807,dato,
2014-07,m2_eurozona,9390708,dato,
2014-08,m2_eurozona,9433034,dato,
2014-09,m2_eurozona,9482753,dato,
2014-10,m2_eurozona,9500212,dato,
2014-11,m2_eurozona,9559214,dato,
2014-12,m2_eurozona,9676028,dato,
2015-01,m2_eurozona,9745960,dato,ampliación de la zona del euro: Lituania
2015-02,m2_eurozona,9761926,dato,
2015-03,m2_eurozona,9815782,dato,
2015-04,m2_eurozona,9865617,dato,
2015-05,m2_eurozona,9909778,dato,
2015-06,m2_eurozona,9947884,dato,
2015-07,m2_eurozona,10012113,dato,
2015-08,m2_eurozona,10030998,dato,
2015-09,m2_eurozona,10060424,dato,
2015-10,m2_eurozona,10124558,dato,
2015-11,m2_eurozona,10182417,dato,
2015-12,m2_eurozona,10217313,dato,
2016-01,m2_eurozona,10268839,dato,
2016-02,m2_eurozona,10320213,dato,
2016-03,m2_eurozona,10342705,dato,
2016-04,m2_eurozona,10383940,dato,
2016-05,m2_eurozona,10423954,dato,
2016-06,m2_eurozona,10452292,dato,
2016-07,m2_eurozona,10502607,dato,
2016-08,m2_eurozona,10528589,dato,
2016-09,m2_eurozona,10569166,dato,
2016-10,m2_eurozona,10591645,dato,
2016-11,m2_eurozona,10662425,dato,
2016-12,m2_eurozona,10710530,dato,
2017-01,m2_eurozona,10759056,dato,
2017-02,m2_eurozona,10814115,dato,
2017-03,m2_eurozona,10881654,dato,
2017-04,m2_eurozona,10912228,dato,
2017-05,m2_eurozona,10928508,dato,
2017-06,m2_eurozona,10988182,dato,
2017-07,m2_eurozona,11008582,dato,
2017-08,m2_eurozona,11066852,dato,
2017-09,m2_eurozona,11095402,dato,
2017-10,m2_eurozona,11139576,dato,
2017-11,m2_eurozona,11176686,dato,
2017-12,m2_eurozona,11208278,dato,
2018-01,m2_eurozona,11268435,dato,
2018-02,m2_eurozona,11278453,dato,
2018-03,m2_eurozona,11291026,dato,
2018-04,m2_eurozona,11338734,dato,
2018-05,m2_eurozona,11422841,dato,
2018-06,m2_eurozona,11493849,dato,
2018-07,m2_eurozona,11495564,dato,
2018-08,m2_eurozona,11513479,dato,
2018-09,m2_eurozona,11561802,dato,
2018-10,m2_eurozona,11622419,dato,
2018-11,m2_eurozona,11665857,dato,
2018-12,m2_eurozona,11709917,dato,
2019-01,m2_eurozona,11749372,dato,
2019-02,m2_eurozona,11810026,dato,
2019-03,m2_eurozona,11892106,dato,
2019-04,m2_eurozona,11966995,dato,
2019-05,m2_eurozona,12031672,dato,
2019-06,m2_eurozona,12072408,dato,
2019-07,m2_eurozona,12138309,dato,
2019-08,m2_eurozona,12240547,dato,
2019-09,m2_eurozona,12280081,dato,
2019-10,m2_eurozona,12339342,dato,
2019-11,m2_eurozona,12376134,dato,
2019-12,m2_eurozona,12374612,dato,
2020-01,m2_eurozona,12414758,dato,
2020-02,m2_eurozona,12485614,dato,
2020-03,m2_eurozona,12791700,dato,
2020-04,m2_eurozona,12976712,dato,
2020-05,m2_eurozona,13131206,dato,
2020-06,m2_eurozona,13221345,dato,
2020-07,m2_eurozona,13290586,dato,
2020-08,m2_eurozona,13349883,dato,
2020-09,m2_eurozona,13448807,dato,
2020-10,m2_eurozona,13542286,dato,
2020-11,m2_eurozona,13637152,dato,
2020-12,m2_eurozona,13739962,dato,
2021-01,m2_eurozona,13826659,dato,
2021-02,m2_eurozona,13914526,dato,
2021-03,m2_eurozona,14017030,dato,
2021-04,m2_eurozona,14065961,dato,
2021-05,m2_eurozona,14155693,dato,
2021-06,m2_eurozona,14233356,dato,
2021-07,m2_eurozona,14334088,dato,
2021-08,m2_eurozona,14425369,dato,
2021-09,m2_eurozona,14496442,dato,
2021-10,m2_eurozona,14567394,dato,
2021-11,m2_eurozona,14613598,dato,
2021-12,m2_eurozona,14704178,dato,
2022-01,m2_eurozona,14827973,dato,
2022-02,m2_eurozona,14911495,dato,
2022-03,m2_eurozona,14972711,dato,
2022-04,m2_eurozona,15026571,dato,
2022-05,m2_eurozona,15073392,dato,
2022-06,m2_eurozona,15144213,dato,
2022-07,m2_eurozona,15243279,dato,
2022-08,m2_eurozona,15382038,dato,
2022-09,m2_eurozona,15425262,dato,
2022-10,m2_eurozona,15372392,dato,
2022-11,m2_eurozona,15313425,dato,
2022-12,m2_eurozona,15229110,dato,
2023-01,m2_eurozona,15265375,dato,ampliación de la zona del euro: Croacia
2023-02,m2_eurozona,15221069,dato,
2023-03,m2_eurozona,15170877,dato,
2023-04,m2_eurozona,15122833,dato,
2023-05,m2_eurozona,15105756,dato,
2023-06,m2_eurozona,15087868,dato,
2023-07,m2_eurozona,15067816,dato,
2023-08,m2_eurozona,15045220,dato,
2023-09,m2_eurozona,15067828,dato,
2023-10,m2_eurozona,15037533,dato,
2023-11,m2_eurozona,15039438,dato,
2023-12,m2_eurozona,15103105,dato,
2024-01,m2_eurozona,15079850,dato,
2024-02,m2_eurozona,15105037,dato,
2024-03,m2_eurozona,15112182,dato,
2024-04,m2_eurozona,15143738,dato,
2024-05,m2_eurozona,15178913,dato,
2024-06,m2_eurozona,15286910,dato,
2024-07,m2_eurozona,15262244,dato,
2024-08,m2_eurozona,15333734,dato,
2024-09,m2_eurozona,15407061,dato,
2024-10,m2_eurozona,15429857,dato,
2024-11,m2_eurozona,15533065,dato,
2024-12,m2_eurozona,15591606,dato,
2025-01,m2_eurozona,15577354,dato,
2025-02,m2_eurozona,15621953,dato,
2025-03,m2_eurozona,15648761,dato,
2025-04,m2_eurozona,15689953,dato,
2025-05,m2_eurozona,15724159,dato,
2025-06,m2_eurozona,15725981,dato,
2025-07,m2_eurozona,15743385,dato,
2025-08,m2_eurozona,15762736,dato,
2025-09,m2_eurozona,15795550,dato,
2025-10,m2_eurozona,15910569,dato,
2025-11,m2_eurozona,15994672,dato,
2025-12,m2_eurozona,16075207,dato,
2026-01,m2_eurozona,16176904,dato,ampliación de la zona del euro: Bulgaria
2026-02,m2_eurozona,16223483,dato,
2026-03,m2_eurozona,16274779,dato,
2026-04,m2_eurozona,16303998,dato,
2026-05,m2_eurozona,16349833,dato,
2026-06,m2_eurozona,16416939,dato,
2026-07,m2_eurozona,16434747,dato,
2026-08,m2_eurozona,16447405,dato,
1980-01,m2_eurozona_sin_ajustar,1080273.32928,estimación,
1980-02,m2_eurozona_sin_ajustar,1080016.31045,estimación,
1980-03,m2_eurozona_sin_ajustar,1090054.98185,estimación,
1980-04,m2_eurozona_sin_ajustar,1092061.06874,estimación,
1980-05,m2_eurozona_sin_ajustar,1097620.41846,estimación,
1980-06,m2_eurozona_sin_ajustar,1112043.66848,estimación,
1980-07,m2_eurozona_sin_ajustar,1117560.80029,estimación,
1980-08,m2_eurozona_sin_ajustar,1117514.99277,estimación,
1980-09,m2_eurozona_sin_ajustar,1124085.03223,estimación,
1980-10,m2_eurozona_sin_ajustar,1128915.7306,estimación,
1980-11,m2_eurozona_sin_ajustar,1154239.55552,estimación,
1980-12,m2_eurozona_sin_ajustar,1198035.02086,estimación,
1981-01,m2_eurozona_sin_ajustar,1185787.84746,estimación,
1981-02,m2_eurozona_sin_ajustar,1191439.16032,estimación,
1981-03,m2_eurozona_sin_ajustar,1195068.04157,estimación,
1981-04,m2_eurozona_sin_ajustar,1201981.46944,estimación,
1981-05,m2_eurozona_sin_ajustar,1216319.94934,estimación,
1981-06,m2_eurozona_sin_ajustar,1224320.40682,estimación,
1981-07,m2_eurozona_sin_ajustar,1224131.45998,estimación,
1981-08,m2_eurozona_sin_ajustar,1222519.48974,estimación,
1981-09,m2_eurozona_sin_ajustar,1235502.69076,estimación,
1981-10,m2_eurozona_sin_ajustar,1239115.09479,estimación,
1981-11,m2_eurozona_sin_ajustar,1256082.48143,estimación,
1981-12,m2_eurozona_sin_ajustar,1308298.63606,estimación,
1982-01,m2_eurozona_sin_ajustar,1304500.50087,estimación,
1982-02,m2_eurozona_sin_ajustar,1308888.72719,estimación,
1982-03,m2_eurozona_sin_ajustar,1313237.08046,estimación,
1982-04,m2_eurozona_sin_ajustar,1321305.88938,estimación,
1982-05,m2_eurozona_sin_ajustar,1333497.89401,estimación,
1982-06,m2_eurozona_sin_ajustar,1348116.88888,estimación,
1982-07,m2_eurozona_sin_ajustar,1354395.63581,estimación,
1982-08,m2_eurozona_sin_ajustar,1358537.0478,estimación,
1982-09,m2_eurozona_sin_ajustar,1370312.49294,estimación,
1982-10,m2_eurozona_sin_ajustar,1378428.96617,estimación,
1982-11,m2_eurozona_sin_ajustar,1391951.30079,estimación,
1982-12,m2_eurozona_sin_ajustar,1449908.08085,estimación,
1983-01,m2_eurozona_sin_ajustar,1442306.16607,estimación,
1983-02,m2_eurozona_sin_ajustar,1444592.08479,estimación,
1983-03,m2_eurozona_sin_ajustar,1441222.0604,estimación,
1983-04,m2_eurozona_sin_ajustar,1450437.29114,estimación,
1983-05,m2_eurozona_sin_ajustar,1460614.52693,estimación,
1983-06,m2_eurozona_sin_ajustar,1474462.47778,estimación,
1983-07,m2_eurozona_sin_ajustar,1487081.2953,estimación,
1983-08,m2_eurozona_sin_ajustar,1482810.87182,estimación,
1983-09,m2_eurozona_sin_ajustar,1487292.38733,estimación,
1983-10,m2_eurozona_sin_ajustar,1500376.02858,estimación,
1983-11,m2_eurozona_sin_ajustar,1516045.09315,estimación,
1983-12,m2_eurozona_sin_ajustar,1579251.30253,estimación,
1984-01,m2_eurozona_sin_ajustar,1560794.3139,estimación,
1984-02,m2_eurozona_sin_ajustar,1556308.863,estimación,
1984-03,m2_eurozona_sin_ajustar,1555114.52234,estimación,
1984-04,m2_eurozona_sin_ajustar,1567985.74237,estimación,
1984-05,m2_eurozona_sin_ajustar,1576865.03072,estimación,
1984-06,m2_eurozona_sin_ajustar,1590887.56356,estimación,
1984-07,m2_eurozona_sin_ajustar,1601633.82502,estimación,
1984-08,m2_eurozona_sin_ajustar,1596946.24863,estimación,
1984-09,m2_eurozona_sin_ajustar,1623247.87641,estimación,
1984-10,m2_eurozona_sin_ajustar,1623302.35066,estimación,
1984-11,m2_eurozona_sin_ajustar,1634800.61548,estimación,
1984-12,m2_eurozona_sin_ajustar,1710855.22056,estimación,
1985-01,m2_eurozona_sin_ajustar,1693243.3655,estimación,
1985-02,m2_eurozona_sin_ajustar,1696299.22983,estimación,
1985-03,m2_eurozona_sin_ajustar,1700498.25425,estimación,
1985-04,m2_eurozona_sin_ajustar,1706597.11538,estimación,
1985-05,m2_eurozona_sin_ajustar,1703110.17329,estimación,
1985-06,m2_eurozona_sin_ajustar,1726676.02217,estimación,
1985-07,m2_eurozona_sin_ajustar,1729206.24046,estimación,
1985-08,m2_eurozona_sin_ajustar,1720281.20437,estimación,
1985-09,m2_eurozona_sin_ajustar,1737336.3609,estimación,
1985-10,m2_eurozona_sin_ajustar,1738990.46411,estimación,
1985-11,m2_eurozona_sin_ajustar,1750081.09762,estimación,
1985-12,m2_eurozona_sin_ajustar,1833588.77823,estimación,
1986-01,m2_eurozona_sin_ajustar,1805906.56385,estimación,
1986-02,m2_eurozona_sin_ajustar,1800064.77901,estimación,
1986-03,m2_eurozona_sin_ajustar,1815498.75191,estimación,
1986-04,m2_eurozona_sin_ajustar,1810348.2984,estimación,
1986-05,m2_eurozona_sin_ajustar,1814400.71922,estimación,
1986-06,m2_eurozona_sin_ajustar,1836445.35554,estimación,
1986-07,m2_eurozona_sin_ajustar,1844953.71922,estimación,
1986-08,m2_eurozona_sin_ajustar,1845874.16344,estimación,
1986-09,m2_eurozona_sin_ajustar,1861343.68924,estimación,
1986-10,m2_eurozona_sin_ajustar,1868050.7326,estimación,
1986-11,m2_eurozona_sin_ajustar,1893613.58634,estimación,
1986-12,m2_eurozona_sin_ajustar,1955310.238,estimación,
1987-01,m2_eurozona_sin_ajustar,1935950.83351,estimación,
1987-02,m2_eurozona_sin_ajustar,1928710.43851,estimación,
1987-03,m2_eurozona_sin_ajustar,1934631.06105,estimación,
1987-04,m2_eurozona_sin_ajustar,1945622.00644,estimación,
1987-05,m2_eurozona_sin_ajustar,1958132.63343,estimación,
1987-06,m2_eurozona_sin_ajustar,1978993.17626,estimación,
1987-07,m2_eurozona_sin_ajustar,1979140.61201,estimación,
1987-08,m2_eurozona_sin_ajustar,1977507.70983,estimación,
1987-09,m2_eurozona_sin_ajustar,1989847.71008,estimación,
1987-10,m2_eurozona_sin_ajustar,1998286.63093,estimación,
1987-11,m2_eurozona_sin_ajustar,2019572.95461,estimación,
1987-12,m2_eurozona_sin_ajustar,2080921.56034,estimación,
1988-01,m2_eurozona_sin_ajustar,2062080.05645,estimación,
1988-02,m2_eurozona_sin_ajustar,2051777.92621,estimación,
1988-03,m2_eurozona_sin_ajustar,2048098.01466,estimación,
1988-04,m2_eurozona_sin_ajustar,2067841.50658,estimación,
1988-05,m2_eurozona_sin_ajustar,2081419.26246,estimación,
1988-06,m2_eurozona_sin_ajustar,2102393.56948,estimación,
1988-07,m2_eurozona_sin_ajustar,2121632.18715,estimación,
1988-08,m2_eurozona_sin_ajustar,2112573.68625,estimación,
1988-09,m2_eurozona_sin_ajustar,2119613.75793,estimación,
1988-10,m2_eurozona_sin_ajustar,2140644.1273,estimación,
1988-11,m2_eurozona_sin_ajustar,2159819.03705,estimación,
1988-12,m2_eurozona_sin_ajustar,2232947.12677,estimación,
1989-01,m2_eurozona_sin_ajustar,2206076.12658,estimación,
1989-02,m2_eurozona_sin_ajustar,2200475.16682,estimación,
1989-03,m2_eurozona_sin_ajustar,2206061.02749,estimación,
1989-04,m2_eurozona_sin_ajustar,2223905.33043,estimación,
1989-05,m2_eurozona_sin_ajustar,2231284.32723,estimación,
1989-06,m2_eurozona_sin_ajustar,2259785.53231,estimación,
1989-07,m2_eurozona_sin_ajustar,2281876.92295,estimación,
1989-08,m2_eurozona_sin_ajustar,2269839.79183,estimación,
1989-09,m2_eurozona_sin_ajustar,2286376.30671,estimación,
1989-10,m2_eurozona_sin_ajustar,2294256.98981,estimación,
1989-11,m2_eurozona_sin_ajustar,2316283.99541,estimación,
1989-12,m2_eurozona_sin_ajustar,2419117.85079,estimación,
1990-01,m2_eurozona_sin_ajustar,2379739.19344,estimación,
1990-02,m2_eurozona_sin_ajustar,2370042.88051,estimación,
1990-03,m2_eurozona_sin_ajustar,2359966.19431,estimación,
1990-04,m2_eurozona_sin_ajustar,2376184.21988,estimación,
1990-05,m2_eurozona_sin_ajustar,2375963.50729,estimación,
1990-06,m2_eurozona_sin_ajustar,2496899.69238,estimación,
1990-07,m2_eurozona_sin_ajustar,2504398.99086,estimación,
1990-08,m2_eurozona_sin_ajustar,2490323.90655,estimación,
1990-09,m2_eurozona_sin_ajustar,2528300.99504,estimación,
1990-10,m2_eurozona_sin_ajustar,2525948.55514,estimación,
1990-11,m2_eurozona_sin_ajustar,2542044.27562,estimación,
1990-12,m2_eurozona_sin_ajustar,2658683.32711,estimación,
1991-01,m2_eurozona_sin_ajustar,2600175.91051,estimación,
1991-02,m2_eurozona_sin_ajustar,2599247.76539,estimación,
1991-03,m2_eurozona_sin_ajustar,2600459.59284,estimación,
1991-04,m2_eurozona_sin_ajustar,2612111.60271,estimación,
1991-05,m2_eurozona_sin_ajustar,2613692.10508,estimación,
1991-06,m2_eurozona_sin_ajustar,2651888.30943,estimación,
1991-07,m2_eurozona_sin_ajustar,2645258.20117,estimación,
1991-08,m2_eurozona_sin_ajustar,2637304.19386,estimación,
1991-09,m2_eurozona_sin_ajustar,2657215.19588,estimación,
1991-10,m2_eurozona_sin_ajustar,2656288.2887,estimación,
1991-11,m2_eurozona_sin_ajustar,2689380.39606,estimación,
1991-12,m2_eurozona_sin_ajustar,2808375.74711,estimación,
1992-01,m2_eurozona_sin_ajustar,2735279.51222,estimación,
1992-02,m2_eurozona_sin_ajustar,2729984.16973,estimación,
1992-03,m2_eurozona_sin_ajustar,2742354.30666,estimación,
1992-04,m2_eurozona_sin_ajustar,2761474.22538,estimación,
1992-05,m2_eurozona_sin_ajustar,2774682.2091,estimación,
1992-06,m2_eurozona_sin_ajustar,2789467.19025,estimación,
1992-07,m2_eurozona_sin_ajustar,2781924.05837,estimación,
1992-08,m2_eurozona_sin_ajustar,2778097.16875,estimación,
1992-09,m2_eurozona_sin_ajustar,2814038.08527,estimación,
1992-10,m2_eurozona_sin_ajustar,2812531.04882,estimación,
1992-11,m2_eurozona_sin_ajustar,2847433.28383,estimación,
1992-12,m2_eurozona_sin_ajustar,2939887.52528,estimación,
1993-01,m2_eurozona_sin_ajustar,2882794.86608,estimación,
1993-02,m2_eurozona_sin_ajustar,2879792.35758,estimación,
1993-03,m2_eurozona_sin_ajustar,2902893.87454,estimación,
1993-04,m2_eurozona_sin_ajustar,2913546.28046,estimación,
1993-05,m2_eurozona_sin_ajustar,2933358.85287,estimación,
1993-06,m2_eurozona_sin_ajustar,2955815.51919,estimación,
1993-07,m2_eurozona_sin_ajustar,2953701.12969,estimación,
1993-08,m2_eurozona_sin_ajustar,2948714.48607,estimación,
1993-09,m2_eurozona_sin_ajustar,2966997.07483,estimación,
1993-10,m2_eurozona_sin_ajustar,2987300.26119,estimación,
1993-11,m2_eurozona_sin_ajustar,3020873.69491,estimación,
1993-12,m2_eurozona_sin_ajustar,3150266.40622,estimación,
1994-01,m2_eurozona_sin_ajustar,3105702.52859,estimación,
1994-02,m2_eurozona_sin_ajustar,3102599.64939,estimación,
1994-03,m2_eurozona_sin_ajustar,3126995.88495,estimación,
1994-04,m2_eurozona_sin_ajustar,3133737.13889,estimación,
1994-05,m2_eurozona_sin_ajustar,3129449.71989,estimación,
1994-06,m2_eurozona_sin_ajustar,3154659.81712,estimación,
1994-07,m2_eurozona_sin_ajustar,3149190.46776,estimación,
1994-08,m2_eurozona_sin_ajustar,3126004.06239,estimación,
1994-09,m2_eurozona_sin_ajustar,3135703.70716,estimación,
1994-10,m2_eurozona_sin_ajustar,3139822.61993,estimación,
1994-11,m2_eurozona_sin_ajustar,3148097.14117,estimación,
1994-12,m2_eurozona_sin_ajustar,3243754.52366,estimación,
1995-01,m2_eurozona_sin_ajustar,3176293.33465,estimación,
1995-02,m2_eurozona_sin_ajustar,3172636.73273,estimación,
1995-03,m2_eurozona_sin_ajustar,3176206.54704,estimación,
1995-04,m2_eurozona_sin_ajustar,3187016.51353,estimación,
1995-05,m2_eurozona_sin_ajustar,3192382.8131,estimación,
1995-06,m2_eurozona_sin_ajustar,3218328.58764,estimación,
1995-07,m2_eurozona_sin_ajustar,3212065.25162,estimación,
1995-08,m2_eurozona_sin_ajustar,3203358.82678,estimación,
1995-09,m2_eurozona_sin_ajustar,3233081.78513,estimación,
1995-10,m2_eurozona_sin_ajustar,3235715.38909,estimación,
1995-11,m2_eurozona_sin_ajustar,3263208.03952,estimación,
1995-12,m2_eurozona_sin_ajustar,3397474.69909,estimación,
1996-01,m2_eurozona_sin_ajustar,3337994.92692,estimación,
1996-02,m2_eurozona_sin_ajustar,3332905.32561,estimación,
1996-03,m2_eurozona_sin_ajustar,3344138.32757,estimación,
1996-04,m2_eurozona_sin_ajustar,3359122.80777,estimación,
1996-05,m2_eurozona_sin_ajustar,3362528.65129,estimación,
1996-06,m2_eurozona_sin_ajustar,3397323.46569,estimación,
1996-07,m2_eurozona_sin_ajustar,3386524.0625,estimación,
1996-08,m2_eurozona_sin_ajustar,3382843.45101,estimación,
1996-09,m2_eurozona_sin_ajustar,3406183.5593,estimación,
1996-10,m2_eurozona_sin_ajustar,3403006.72164,estimación,
1996-11,m2_eurozona_sin_ajustar,3438162.84703,estimación,
1996-12,m2_eurozona_sin_ajustar,3562479.13951,estimación,
1997-01,m2_eurozona_sin_ajustar,3499192.03155,estimación,
1997-02,m2_eurozona_sin_ajustar,3493102.66342,estimación,
1997-03,m2_eurozona_sin_ajustar,3500176.50813,estimación,
1997-04,m2_eurozona_sin_ajustar,3498558.03434,estimación,
1997-05,m2_eurozona_sin_ajustar,3516345.41294,estimación,
1997-06,m2_eurozona_sin_ajustar,3549216.13724,estimación,
1997-07,m2_eurozona_sin_ajustar,3542370.25499,estimación,
1997-08,m2_eurozona_sin_ajustar,3531780.74878,estimación,
1997-09,m2_eurozona_sin_ajustar,3543277.89752,dato,
1997-10,m2_eurozona_sin_ajustar,3555327.01499,dato,
1997-11,m2_eurozona_sin_ajustar,3587644.14751,dato,
1997-12,m2_eurozona_sin_ajustar,3687146.0932,dato,
1998-01,m2_eurozona_sin_ajustar,3658504.6593,dato,
1998-02,m2_eurozona_sin_ajustar,3660607.19879,dato,
1998-03,m2_eurozona_sin_ajustar,3666889.46267,dato,
1998-04,m2_eurozona_sin_ajustar,3698169.94817,dato,
1998-05,m2_eurozona_sin_ajustar,3727306.46157,dato,
1998-06,m2_eurozona_sin_ajustar,3758291.78781,dato,
1998-07,m2_eurozona_sin_ajustar,3725595.30511,dato,
1998-08,m2_eurozona_sin_ajustar,3718421.02417,dato,
1998-09,m2_eurozona_sin_ajustar,3725841.45329,dato,
1998-10,m2_eurozona_sin_ajustar,3740075.67257,dato,
1998-11,m2_eurozona_sin_ajustar,3789869.13923,dato,
1998-12,m2_eurozona_sin_ajustar,3920142.40839,dato,
1999-01,m2_eurozona_sin_ajustar,3953260,dato,
1999-02,m2_eurozona_sin_ajustar,3911195,dato,
1999-03,m2_eurozona_sin_ajustar,3929382,dato,
1999-04,m2_eurozona_sin_ajustar,3950654,dato,
1999-05,m2_eurozona_sin_ajustar,3979502,dato,
1999-06,m2_eurozona_sin_ajustar,4005344,dato,
1999-07,m2_eurozona_sin_ajustar,4021979,dato,
1999-08,m2_eurozona_sin_ajustar,3991117.61384,dato,
1999-09,m2_eurozona_sin_ajustar,4000411.84777,dato,
1999-10,m2_eurozona_sin_ajustar,4019771.57585,dato,
1999-11,m2_eurozona_sin_ajustar,4049146.63639,dato,
1999-12,m2_eurozona_sin_ajustar,4142298,dato,
2000-01,m2_eurozona_sin_ajustar,4137751,dato,
2000-02,m2_eurozona_sin_ajustar,4133651,dato,
2000-03,m2_eurozona_sin_ajustar,4143894,dato,
2000-04,m2_eurozona_sin_ajustar,4186038,dato,
2000-05,m2_eurozona_sin_ajustar,4177617,dato,
2000-06,m2_eurozona_sin_ajustar,4186421,dato,
2000-07,m2_eurozona_sin_ajustar,4184938,dato,
2000-08,m2_eurozona_sin_ajustar,4176869,dato,
2000-09,m2_eurozona_sin_ajustar,4182500,dato,
2000-10,m2_eurozona_sin_ajustar,4187284,dato,
2000-11,m2_eurozona_sin_ajustar,4210799,dato,
2000-12,m2_eurozona_sin_ajustar,4299630,dato,
2001-01,m2_eurozona_sin_ajustar,4348576,dato,ampliación de la zona del euro: Grecia
2001-02,m2_eurozona_sin_ajustar,4355581,dato,
2001-03,m2_eurozona_sin_ajustar,4385080,dato,
2001-04,m2_eurozona_sin_ajustar,4422968,dato,
2001-05,m2_eurozona_sin_ajustar,4445379,dato,
2001-06,m2_eurozona_sin_ajustar,4492195,dato,
2001-07,m2_eurozona_sin_ajustar,4479923,dato,
2001-08,m2_eurozona_sin_ajustar,4461073,dato,
2001-09,m2_eurozona_sin_ajustar,4508739,dato,
2001-10,m2_eurozona_sin_ajustar,4512933,dato,
2001-11,m2_eurozona_sin_ajustar,4565041,dato,
2001-12,m2_eurozona_sin_ajustar,4684363,dato,
2002-01,m2_eurozona_sin_ajustar,4655663,dato,
2002-02,m2_eurozona_sin_ajustar,4644451,dato,
2002-03,m2_eurozona_sin_ajustar,4670235,dato,
2002-04,m2_eurozona_sin_ajustar,4706318,dato,
2002-05,m2_eurozona_sin_ajustar,4728195,dato,
2002-06,m2_eurozona_sin_ajustar,4768158,dato,
2002-07,m2_eurozona_sin_ajustar,4758307,dato,
2002-08,m2_eurozona_sin_ajustar,4750263,dato,
2002-09,m2_eurozona_sin_ajustar,4792133,dato,
2002-10,m2_eurozona_sin_ajustar,4811015,dato,
2002-11,m2_eurozona_sin_ajustar,4875496,dato,
2002-12,m2_eurozona_sin_ajustar,4981449,dato,
2003-01,m2_eurozona_sin_ajustar,4923614,dato,
2003-02,m2_eurozona_sin_ajustar,4951523,dato,
2003-03,m2_eurozona_sin_ajustar,5006352,dato,
2003-04,m2_eurozona_sin_ajustar,5052347,dato,
2003-05,m2_eurozona_sin_ajustar,5109432,dato,
2003-06,m2_eurozona_sin_ajustar,5130101,dato,
2003-07,m2_eurozona_sin_ajustar,5124234,dato,
2003-08,m2_eurozona_sin_ajustar,5125966,dato,
2003-09,m2_eurozona_sin_ajustar,5136978,dato,
2003-10,m2_eurozona_sin_ajustar,5157878,dato,
2003-11,m2_eurozona_sin_ajustar,5206044,dato,
2003-12,m2_eurozona_sin_ajustar,5297999,dato,
2004-01,m2_eurozona_sin_ajustar,5271712,dato,
2004-02,m2_eurozona_sin_ajustar,5273548,dato,
2004-03,m2_eurozona_sin_ajustar,5310219,dato,
2004-04,m2_eurozona_sin_ajustar,5344467,dato,
2004-05,m2_eurozona_sin_ajustar,5377365,dato,
2004-06,m2_eurozona_sin_ajustar,5408012,dato,
2004-07,m2_eurozona_sin_ajustar,5428440,dato,
2004-08,m2_eurozona_sin_ajustar,5397916,dato,
2004-09,m2_eurozona_sin_ajustar,5451083,dato,
2004-10,m2_eurozona_sin_ajustar,5490285,dato,
2004-11,m2_eurozona_sin_ajustar,5528865,dato,
2004-12,m2_eurozona_sin_ajustar,5632265,dato,
2005-01,m2_eurozona_sin_ajustar,5637298,dato,
2005-02,m2_eurozona_sin_ajustar,5643364,dato,
2005-03,m2_eurozona_sin_ajustar,5680387,dato,
2005-04,m2_eurozona_sin_ajustar,5738282,dato,
2005-05,m2_eurozona_sin_ajustar,5778327,dato,
2005-06,m2_eurozona_sin_ajustar,5858475,dato,
2005-07,m2_eurozona_sin_ajustar,5896526,dato,
2005-08,m2_eurozona_sin_ajustar,5859423,dato,
2005-09,m2_eurozona_sin_ajustar,5939643,dato,
2005-10,m2_eurozona_sin_ajustar,5976941,dato,
2005-11,m2_eurozona_sin_ajustar,6002366,dato,
2005-12,m2_eurozona_sin_ajustar,6168737,dato,
2006-01,m2_eurozona_sin_ajustar,6134008,dato,
2006-02,m2_eurozona_sin_ajustar,6157331,dato,
2006-03,m2_eurozona_sin_ajustar,6212517,dato,
2006-04,m2_eurozona_sin_ajustar,6316677,dato,
2006-05,m2_eurozona_sin_ajustar,6321177,dato,
2006-06,m2_eurozona_sin_ajustar,6386776,dato,
2006-07,m2_eurozona_sin_ajustar,6382249,dato,
2006-08,m2_eurozona_sin_ajustar,6360016,dato,
2006-09,m2_eurozona_sin_ajustar,6461105,dato,
2006-10,m2_eurozona_sin_ajustar,6472185,dato,
2006-11,m2_eurozona_sin_ajustar,6535927,dato,
2006-12,m2_eurozona_sin_ajustar,6743791,dato,
2007-01,m2_eurozona_sin_ajustar,6704078.691,dato,ampliación de la zona del euro: Eslovenia
2007-02,m2_eurozona_sin_ajustar,6707663.587,dato,
2007-03,m2_eurozona_sin_ajustar,6830308.977,dato,
2007-04,m2_eurozona_sin_ajustar,6875257.542,dato,
2007-05,m2_eurozona_sin_ajustar,6928872.605,dato,
2007-06,m2_eurozona_sin_ajustar,7023576.913,dato,
2007-07,m2_eurozona_sin_ajustar,7063718.31,dato,
2007-08,m2_eurozona_sin_ajustar,7044759.3,dato,
2007-09,m2_eurozona_sin_ajustar,7140136.015,dato,
2007-10,m2_eurozona_sin_ajustar,7229789.163,dato,
2007-11,m2_eurozona_sin_ajustar,7288789.242,dato,
2007-12,m2_eurozona_sin_ajustar,7436873.89,dato,
2008-01,m2_eurozona_sin_ajustar,7449456.192,dato,ampliación de la zona del euro: Chipre y Malta
2008-02,m2_eurozona_sin_ajustar,7471674.821,dato,
2008-03,m2_eurozona_sin_ajustar,7544870.828,dato,
2008-04,m2_eurozona_sin_ajustar,7625570.923,dato,
2008-05,m2_eurozona_sin_ajustar,7688719.573,dato,
2008-06,m2_eurozona_sin_ajustar,7734626.558,dato,
2008-07,m2_eurozona_sin_ajustar,7750323.862,dato,
2008-08,m2_eurozona_sin_ajustar,7759475.672,dato,
2008-09,m2_eurozona_sin_ajustar,7839898.817,dato,
2008-10,m2_eurozona_sin_ajustar,7972122,dato,
2008-11,m2_eurozona_sin_ajustar,8018985.084,dato,
2008-12,m2_eurozona_sin_ajustar,8103056.977,dato,
2009-01,m2_eurozona_sin_ajustar,8101892.20898,dato,ampliación de la zona del euro: Eslovaquia
2009-02,m2_eurozona_sin_ajustar,8093799.2429,dato,
2009-03,m2_eurozona_sin_ajustar,8094023.22982,dato,
2009-04,m2_eurozona_sin_ajustar,8164981.3185,dato,
2009-05,m2_eurozona_sin_ajustar,8157431.58661,dato,
2009-06,m2_eurozona_sin_ajustar,8186152.56519,dato,
2009-07,m2_eurozona_sin_ajustar,8170120.43219,dato,
2009-08,m2_eurozona_sin_ajustar,8152961.54584,dato,
2009-09,m2_eurozona_sin_ajustar,8153645.38744,dato,
2009-10,m2_eurozona_sin_ajustar,8178413.50019,dato,
2009-11,m2_eurozona_sin_ajustar,8169984.23789,dato,
2009-12,m2_eurozona_sin_ajustar,8275090.59357,dato,
2010-01,m2_eurozona_sin_ajustar,8234925.06628,dato,
2010-02,m2_eurozona_sin_ajustar,8210916.12243,dato,
2010-03,m2_eurozona_sin_ajustar,8209451.52525,dato,
2010-04,m2_eurozona_sin_ajustar,8268951.73551,dato,
2010-05,m2_eurozona_sin_ajustar,8301215.0795,dato,
2010-06,m2_eurozona_sin_ajustar,8333155.33259,dato,
2010-07,m2_eurozona_sin_ajustar,8337672.90819,dato,
2010-08,m2_eurozona_sin_ajustar,8342473.54145,dato,
2010-09,m2_eurozona_sin_ajustar,8344372.869,dato,
2010-10,m2_eurozona_sin_ajustar,8378476.20666,dato,
2010-11,m2_eurozona_sin_ajustar,8388300.57221,dato,
2010-12,m2_eurozona_sin_ajustar,8472295.45048,dato,
2011-01,m2_eurozona_sin_ajustar,8435754.59575,dato,ampliación de la zona del euro: Estonia
2011-02,m2_eurozona_sin_ajustar,8415890.11259,dato,
2011-03,m2_eurozona_sin_ajustar,8441079.81388,dato,
2011-04,m2_eurozona_sin_ajustar,8482014.95282,dato,
2011-05,m2_eurozona_sin_ajustar,8488119.15377,dato,
2011-06,m2_eurozona_sin_ajustar,8517983.79967,dato,
2011-07,m2_eurozona_sin_ajustar,8522261.98753,dato,
2011-08,m2_eurozona_sin_ajustar,8530700.17513,dato,
2011-09,m2_eurozona_sin_ajustar,8568032.09001,dato,
2011-10,m2_eurozona_sin_ajustar,8555870.47945,dato,
2011-11,m2_eurozona_sin_ajustar,8565194.56103,dato,
2011-12,m2_eurozona_sin_ajustar,8670606.56209,dato,
2012-01,m2_eurozona_sin_ajustar,8640110.63505,dato,
2012-02,m2_eurozona_sin_ajustar,8648412.28118,dato,
2012-03,m2_eurozona_sin_ajustar,8718043.28238,dato,
2012-04,m2_eurozona_sin_ajustar,8721253.89122,dato,
2012-05,m2_eurozona_sin_ajustar,8752512.96094,dato,
2012-06,m2_eurozona_sin_ajustar,8810355.97281,dato,
2012-07,m2_eurozona_sin_ajustar,8833837.77492,dato,
2012-08,m2_eurozona_sin_ajustar,8826210.72927,dato,
2012-09,m2_eurozona_sin_ajustar,8866345.64295,dato,
2012-10,m2_eurozona_sin_ajustar,8928497.65872,dato,
2012-11,m2_eurozona_sin_ajustar,8955966.03094,dato,
2012-12,m2_eurozona_sin_ajustar,9044640.08063,dato,
2013-01,m2_eurozona_sin_ajustar,9000857.36475,dato,
2013-02,m2_eurozona_sin_ajustar,9016091.7305,dato,
2013-03,m2_eurozona_sin_ajustar,9079303.34858,dato,
2013-04,m2_eurozona_sin_ajustar,9125702.05513,dato,
2013-05,m2_eurozona_sin_ajustar,9137227.25532,dato,
2013-06,m2_eurozona_sin_ajustar,9161985.47004,dato,
2013-07,m2_eurozona_sin_ajustar,9152049.92618,dato,
2013-08,m2_eurozona_sin_ajustar,9182536.53335,dato,
2013-09,m2_eurozona_sin_ajustar,9178508.6524,dato,
2013-10,m2_eurozona_sin_ajustar,9198418.19888,dato,
2013-11,m2_eurozona_sin_ajustar,9233295.26092,dato,
2013-12,m2_eurozona_sin_ajustar,9246611.12585,dato,
2014-01,m2_eurozona_sin_ajustar,9221349.98566,dato,ampliación de la zona del euro: Letonia
2014-02,m2_eurozona_sin_ajustar,9232803.47917,dato,
2014-03,m2_eurozona_sin_ajustar,9270958.11564,dato,
2014-04,m2_eurozona_sin_ajustar,9297491.05346,dato,
2014-05,m2_eurozona_sin_ajustar,9360277.92263,dato,
2014-06,m2_eurozona_sin_ajustar,9384212.43896,dato,
2014-07,m2_eurozona_sin_ajustar,9400331.24717,dato,
2014-08,m2_eurozona_sin_ajustar,9443646.89311,dato,
2014-09,m2_eurozona_sin_ajustar,9466964.44877,dato,
2014-10,m2_eurozona_sin_ajustar,9476256.4183,dato,
2014-11,m2_eurozona_sin_ajustar,9567456.96755,dato,
2014-12,m2_eurozona_sin_ajustar,9695399.00883,dato,
2015-01,m2_eurozona_sin_ajustar,9738729.72636,dato,ampliación de la zona del euro: Lituania
2015-02,m2_eurozona_sin_ajustar,9737234.86643,dato,
2015-03,m2_eurozona_sin_ajustar,9801247.71663,dato,
2015-04,m2_eurozona_sin_ajustar,9869932.50944,dato,
2015-05,m2_eurozona_sin_ajustar,9940369.2191,dato,
2015-06,m2_eurozona_sin_ajustar,9973897.57563,dato,
2015-07,m2_eurozona_sin_ajustar,10027935.1853,dato,
2015-08,m2_eurozona_sin_ajustar,10032566.1094,dato,
2015-09,m2_eurozona_sin_ajustar,10040556.8302,dato,
2015-10,m2_eurozona_sin_ajustar,10114071.3356,dato,
2015-11,m2_eurozona_sin_ajustar,10180680.0755,dato,
2015-12,m2_eurozona_sin_ajustar,10228432.4455,dato,
2016-01,m2_eurozona_sin_ajustar,10264180.5015,dato,
2016-02,m2_eurozona_sin_ajustar,10278374.2236,dato,
2016-03,m2_eurozona_sin_ajustar,10322665.7618,dato,
2016-04,m2_eurozona_sin_ajustar,10399146.7212,dato,
2016-05,m2_eurozona_sin_ajustar,10440836.5744,dato,
2016-06,m2_eurozona_sin_ajustar,10473181.423,dato,
2016-07,m2_eurozona_sin_ajustar,10542968.7694,dato,
2016-08,m2_eurozona_sin_ajustar,10533406.5003,dato,
2016-09,m2_eurozona_sin_ajustar,10551919.2096,dato,
2016-10,m2_eurozona_sin_ajustar,10568291.6527,dato,
2016-11,m2_eurozona_sin_ajustar,10660027.6388,dato,
2016-12,m2_eurozona_sin_ajustar,10735858.1994,dato,
2017-01,m2_eurozona_sin_ajustar,10734715.4555,dato,
2017-02,m2_eurozona_sin_ajustar,10769896.1652,dato,
2017-03,m2_eurozona_sin_ajustar,10860501.5535,dato,
2017-04,m2_eurozona_sin_ajustar,10927124.0134,dato,
2017-05,m2_eurozona_sin_ajustar,10939553.7125,dato,
2017-06,m2_eurozona_sin_ajustar,11009273.7234,dato,
2017-07,m2_eurozona_sin_ajustar,11034102.2901,dato,
2017-08,m2_eurozona_sin_ajustar,11077980.5622,dato,
2017-09,m2_eurozona_sin_ajustar,11099083.7438,dato,
2017-10,m2_eurozona_sin_ajustar,11118282.7567,dato,
2017-11,m2_eurozona_sin_ajustar,11177789.1033,dato,
2017-12,m2_eurozona_sin_ajustar,11239503.0876,dato,
2018-01,m2_eurozona_sin_ajustar,11225585.9168,dato,
2018-02,m2_eurozona_sin_ajustar,11222731.9026,dato,
2018-03,m2_eurozona_sin_ajustar,11287421.1694,dato,
2018-04,m2_eurozona_sin_ajustar,11323921.8746,dato,
2018-05,m2_eurozona_sin_ajustar,11430136.8662,dato,
2018-06,m2_eurozona_sin_ajustar,11537880.9696,dato,
2018-07,m2_eurozona_sin_ajustar,11527923.0758,dato,
2018-08,m2_eurozona_sin_ajustar,11528751.9714,dato,
2018-09,m2_eurozona_sin_ajustar,11574759.2262,dato,
2018-10,m2_eurozona_sin_ajustar,11589383.0733,dato,
2018-11,m2_eurozona_sin_ajustar,11675061.9429,dato,
2018-12,m2_eurozona_sin_ajustar,11723082.5438,dato,
2019-01,m2_eurozona_sin_ajustar,11705988.9706,dato,
2019-02,m2_eurozona_sin_ajustar,11753630.5016,dato,
2019-03,m2_eurozona_sin_ajustar,11898050.2308,dato,
2019-04,m2_eurozona_sin_ajustar,11955136.3737,dato,
2019-05,m2_eurozona_sin_ajustar,12041537.4352,dato,
2019-06,m2_eurozona_sin_ajustar,12127820.115,dato,
2019-07,m2_eurozona_sin_ajustar,12162641.9315,dato,
2019-08,m2_eurozona_sin_ajustar,12274644.3621,dato,
2019-09,m2_eurozona_sin_ajustar,12262784.0679,dato,
2019-10,m2_eurozona_sin_ajustar,12304764.1627,dato,
2019-11,m2_eurozona_sin_ajustar,12408914.2466,dato,
2019-12,m2_eurozona_sin_ajustar,12402997.3691,dato,
2020-01,m2_eurozona_sin_ajustar,12370898.2383,dato,
2020-02,m2_eurozona_sin_ajustar,12450162.2398,dato,
2020-03,m2_eurozona_sin_ajustar,12770144.334,dato,
2020-04,m2_eurozona_sin_ajustar,12953319.049,dato,
2020-05,m2_eurozona_sin_ajustar,13173227.7055,dato,
2020-06,m2_eurozona_sin_ajustar,13253831.5485,dato,
2020-07,m2_eurozona_sin_ajustar,13320783.639,dato,
2020-08,m2_eurozona_sin_ajustar,13354535.7866,dato,
2020-09,m2_eurozona_sin_ajustar,13432706.9774,dato,
2020-10,m2_eurozona_sin_ajustar,13530659.714,dato,
2020-11,m2_eurozona_sin_ajustar,13645759.3594,dato,
2020-12,m2_eurozona_sin_ajustar,13774046.0147,dato,
2021-01,m2_eurozona_sin_ajustar,13809813.9261,dato,
2021-02,m2_eurozona_sin_ajustar,13884105.5325,dato,
2021-03,m2_eurozona_sin_ajustar,13983828.5153,dato,
2021-04,m2_eurozona_sin_ajustar,14040812.237,dato,
2021-05,m2_eurozona_sin_ajustar,14157048.2551,dato,
2021-06,m2_eurozona_sin_ajustar,14260031.1211,dato,
2021-07,m2_eurozona_sin_ajustar,14390415.868,dato,
2021-08,m2_eurozona_sin_ajustar,14435807.9177,dato,
2021-09,m2_eurozona_sin_ajustar,14484684.4341,dato,
2021-10,m2_eurozona_sin_ajustar,14564999.4434,dato,
2021-11,m2_eurozona_sin_ajustar,14635241.757,dato,
2021-12,m2_eurozona_sin_ajustar,14755560.6772,dato,
2022-01,m2_eurozona_sin_ajustar,14761530.1483,dato,
2022-02,m2_eurozona_sin_ajustar,14830031.274,dato,
2022-03,m2_eurozona_sin_ajustar,14940205.2581,dato,
2022-04,m2_eurozona_sin_ajustar,15026453.9306,dato,
2022-05,m2_eurozona_sin_ajustar,15082309.8581,dato,
2022-06,m2_eurozona_sin_ajustar,15174490.2717,dato,
2022-07,m2_eurozona_sin_ajustar,15312125.36,dato,
2022-08,m2_eurozona_sin_ajustar,15378763.3829,dato,
2022-09,m2_eurozona_sin_ajustar,15421058.4467,dato,
2022-10,m2_eurozona_sin_ajustar,15322893.4132,dato,
2022-11,m2_eurozona_sin_ajustar,15323680.6952,dato,
2022-12,m2_eurozona_sin_ajustar,15316191.3441,dato,
2023-01,m2_eurozona_sin_ajustar,15210711.4636,dato,ampliación de la zona del euro: Croacia
2023-02,m2_eurozona_sin_ajustar,15152462.7818,dato,
2023-03,m2_eurozona_sin_ajustar,15153177.2373,dato,
2023-04,m2_eurozona_sin_ajustar,15131899.4616,dato,
2023-05,m2_eurozona_sin_ajustar,15098276.3386,dato,
2023-06,m2_eurozona_sin_ajustar,15115901.3773,dato,
2023-07,m2_eurozona_sin_ajustar,15083288.7881,dato,
2023-08,m2_eurozona_sin_ajustar,15040767.9699,dato,
2023-09,m2_eurozona_sin_ajustar,15093083.7271,dato,
2023-10,m2_eurozona_sin_ajustar,15002455.4952,dato,
2023-11,m2_eurozona_sin_ajustar,15047000.9961,dato,
2023-12,m2_eurozona_sin_ajustar,15198811.5526,dato,
2024-01,m2_eurozona_sin_ajustar,15022817.4558,dato,
2024-02,m2_eurozona_sin_ajustar,15035511.7569,dato,
2024-03,m2_eurozona_sin_ajustar,15139053.6073,dato,
2024-04,m2_eurozona_sin_ajustar,15119172.8332,dato,
2024-05,m2_eurozona_sin_ajustar,15175457.3636,dato,
2024-06,m2_eurozona_sin_ajustar,15345132.578,dato,
2024-07,m2_eurozona_sin_ajustar,15272291.9189,dato,
2024-08,m2_eurozona_sin_ajustar,15353552.655,dato,
2024-09,m2_eurozona_sin_ajustar,15404136.2827,dato,
2024-10,m2_eurozona_sin_ajustar,15387199.0841,dato,
2024-11,m2_eurozona_sin_ajustar,15568936.2681,dato,
2024-12,m2_eurozona_sin_ajustar,15662255.1301,dato,
2025-01,m2_eurozona_sin_ajustar,15528880.8938,dato,
2025-02,m2_eurozona_sin_ajustar,15555001.6756,dato,
2025-03,m2_eurozona_sin_ajustar,15636681.0997,dato,
2025-04,m2_eurozona_sin_ajustar,15652209.8406,dato,
2025-05,m2_eurozona_sin_ajustar,15742997.6856,dato,
2025-06,m2_eurozona_sin_ajustar,15746639.1882,dato,
2025-07,m2_eurozona_sin_ajustar,15755216.2273,dato,
2025-08,m2_eurozona_sin_ajustar,15789391.397,dato,
2025-09,m2_eurozona_sin_ajustar,15803972.3996,dato,
2025-10,m2_eurozona_sin_ajustar,15864115.3109,dato,
2025-11,m2_eurozona_sin_ajustar,16047814.8536,dato,
2025-12,m2_eurozona_sin_ajustar,16146683.6019,dato,
2026-01,m2_eurozona_sin_ajustar,16153073.4392,dato,ampliación de la zona del euro: Bulgaria
2026-02,m2_eurozona_sin_ajustar,16179796.432,dato,
2026-03,m2_eurozona_sin_ajustar,16271573.7844,dato,
2026-04,m2_eurozona_sin_ajustar,16265854.352,dato,
2026-05,m2_eurozona_sin_ajustar,16383218.5824,dato,
2026-06,m2_eurozona_sin_ajustar,16450066.4867,dato,
2026-07,m2_eurozona_sin_ajustar,16455487.0609,dato,
2026-08,m2_eurozona_sin_ajustar,16441000.4632,dato,
2003-04,m2_japon,6767067,dato,
2003-05,m2_japon,6770869,dato,
2003-06,m2_japon,6777550,dato,
2003-07,m2_japon,6813055,dato,
2003-08,m2_japon,6807344,dato,
2003-09,m2_japon,6768459,dato,
2003-10,m2_japon,6755731,dato,
2003-11,m2_japon,6757284,dato,
2003-12,m2_japon,6825840,dato,
2004-01,m2_japon,6833119,dato,
2004-02,m2_japon,6797767,dato,
2004-03,m2_japon,6825916,dato,
2004-04,m2_japon,6891883,dato,
2004-05,m2_japon,6903843,dato,
2004-06,m2_japon,6894824,dato,
2004-07,m2_japon,6937875,dato,
2004-08,m2_japon,6933689,dato,
2004-09,m2_japon,6907282,dato,
2004-10,m2_japon,6890506,dato,
2004-11,m2_japon,6894786,dato,
2004-12,m2_japon,6960622,dato,
2005-01,m2_japon,6965712,dato,
2005-02,m2_japon,6920502,dato,
2005-03,m2_japon,6965119,dato,
2005-04,m2_japon,7015356,dato,
2005-05,m2_japon,7003169,dato,
2005-06,m2_japon,7006819,dato,
2005-07,m2_japon,7050604,dato,
2005-08,m2_japon,7043747,dato,
2005-09,m2_japon,7046184,dato,
2005-10,m2_japon,7021746,dato,
2005-11,m2_japon,7036014,dato,
2005-12,m2_japon,7089899,dato,
2006-01,m2_japon,7087795,dato,
2006-02,m2_japon,7037961,dato,
2006-03,m2_japon,7061195,dato,
2006-04,m2_japon,7129110,dato,
2006-05,m2_japon,7093181,dato,
2006-06,m2_japon,7085888,dato,
2006-07,m2_japon,7085186,dato,
2006-08,m2_japon,7073070,dato,
2006-09,m2_japon,7081933,dato,
2006-10,m2_japon,7059775,dato,
2006-11,m2_japon,7078251,dato,
2006-12,m2_japon,7137934,dato,
2007-01,m2_japon,7151423,dato,
2007-02,m2_japon,7108923,dato,
2007-03,m2_japon,7138415,dato,
2007-04,m2_japon,7210967,dato,
2007-05,m2_japon,7195192,dato,
2007-06,m2_japon,7216367,dato,
2007-07,m2_japon,7228811,dato,
2007-08,m2_japon,7198156,dato,
2007-09,m2_japon,7201921,dato,
2007-10,m2_japon,7193436,dato,
2007-11,m2_japon,7220662,dato,
2007-12,m2_japon,7285588,dato,
2008-01,m2_japon,7304457,dato,
2008-02,m2_japon,7276617,dato,
2008-03,m2_japon,7299474,dato,
2008-04,m2_japon,7345919,dato,
2008-05,m2_japon,7342982,dato,
2008-06,m2_japon,7378298,dato,
2008-07,m2_japon,7381435,dato,
2008-08,m2_japon,7371732,dato,
2008-09,m2_japon,7358569,dato,
2008-10,m2_japon,7325322,dato,
2008-11,m2_japon,7349960,dato,
2008-12,m2_japon,7417325,dato,
2009-01,m2_japon,7447359,dato,
2009-02,m2_japon,7432345,dato,
2009-03,m2_japon,7462845,dato,
2009-04,m2_japon,7542195,dato,
2009-05,m2_japon,7539544,dato,
2009-06,m2_japon,7564651,dato,
2009-07,m2_japon,7581721,dato,
2009-08,m2_japon,7579114,dato,
2009-09,m2_japon,7577582,dato,
2009-10,m2_japon,7574488,dato,
2009-11,m2_japon,7592868,dato,
2009-12,m2_japon,7644352,dato,
2010-01,m2_japon,7668556,dato,
2010-02,m2_japon,7635656,dato,
2010-03,m2_japon,7662193,dato,
2010-04,m2_japon,7759675,dato,
2010-05,m2_japon,7773641,dato,
2010-06,m2_japon,7784280,dato,
2010-07,m2_japon,7788079,dato,
2010-08,m2_japon,7789657,dato,
2010-09,m2_japon,7788638,dato,
2010-10,m2_japon,7784699,dato,
2010-11,m2_japon,7788978,dato,
2010-12,m2_japon,7822875,dato,
2011-01,m2_japon,7843991,dato,
2011-02,m2_japon,7818290,dato,
2011-03,m2_japon,7860811,dato,
2011-04,m2_japon,7970763,dato,
2011-05,m2_japon,7983201,dato,
2011-06,m2_japon,8005162,dato,
2011-07,m2_japon,8017214,dato,
2011-08,m2_japon,7997234,dato,
2011-09,m2_japon,8000077,dato,
2011-10,m2_japon,8002828,dato,
2011-11,m2_japon,8024423,dato,
2011-12,m2_japon,8069214,dato,
2012-01,m2_japon,8082743,dato,
2012-02,m2_japon,8047690,dato,
2012-03,m2_japon,8092707,dato,
2012-04,m2_japon,8178578,dato,
2012-05,m2_japon,8157056,dato,
2012-06,m2_japon,8185426,dato,
2012-07,m2_japon,8199760,dato,
2012-08,m2_japon,8191274,dato,
2012-09,m2_japon,8192726,dato,
2012-10,m2_japon,8183764,dato,
2012-11,m2_japon,8193913,dato,
2012-12,m2_japon,8276923,dato,
2013-01,m2_japon,8299554,dato,
2013-02,m2_japon,8282805,dato,
2013-03,m2_japon,8338735,dato,
2013-04,m2_japon,8437335,dato,
2013-05,m2_japon,8440305,dato,
2013-06,m2_japon,8496379,dato,
2013-07,m2_japon,8505401,dato,
2013-08,m2_japon,8498909,dato,
2013-09,m2_japon,8507913,dato,
2013-10,m2_japon,8520882,dato,
2013-11,m2_japon,8550157,dato,
2013-12,m2_japon,8627674,dato,
2014-01,m2_japon,8658882,dato,
2014-02,m2_japon,8611077,dato,
2014-03,m2_japon,8634439,dato,
2014-04,m2_japon,8728308,dato,
2014-05,m2_japon,8716091,dato,
2014-06,m2_japon,8753539,dato,
2014-07,m2_japon,8757077,dato,
2014-08,m2_japon,8751629,dato,
2014-09,m2_japon,8767152,dato,
2014-10,m2_japon,8788034,dato,
2014-11,m2_japon,8854000,dato,
2014-12,m2_japon,8931353,dato,
2015-01,m2_japon,8946578,dato,
2015-02,m2_japon,8908583,dato,
2015-03,m2_japon,8943131,dato,
2015-04,m2_japon,9040704,dato,
2015-05,m2_japon,9070027,dato,
2015-06,m2_japon,9090087,dato,
2015-07,m2_japon,9102447,dato,
2015-08,m2_japon,9112081,dato,
2015-09,m2_japon,9096904,dato,
2015-10,m2_japon,9105777,dato,
2015-11,m2_japon,9145928,dato,
2015-12,m2_japon,9206476,dato,
2016-01,m2_japon,9226554,dato,
2016-02,m2_japon,9183408,dato,
2016-03,m2_japon,9214352,dato,
2016-04,m2_japon,9337483,dato,
2016-05,m2_japon,9368340,dato,
2016-06,m2_japon,9394599,dato,
2016-07,m2_japon,9404959,dato,
2016-08,m2_japon,9399942,dato,
2016-09,m2_japon,9407430,dato,
2016-10,m2_japon,9429381,dato,
2016-11,m2_japon,9494509,dato,
2016-12,m2_japon,9563427,dato,
2017-01,m2_japon,9590487,dato,
2017-02,m2_japon,9561292,dato,
2017-03,m2_japon,9597629,dato,
2017-04,m2_japon,9702896,dato,
2017-05,m2_japon,9723663,dato,
2017-06,m2_japon,9763583,dato,
2017-07,m2_japon,9781486,dato,
2017-08,m2_japon,9776216,dato,
2017-09,m2_japon,9788225,dato,
2017-10,m2_japon,9813059,dato,
2017-11,m2_japon,9874847,dato,
2017-12,m2_japon,9905721,dato,
2018-01,m2_japon,9917009,dato,
2018-02,m2_japon,9865773,dato,
2018-03,m2_japon,9890903,dato,
2018-04,m2_japon,10010867,dato,
2018-05,m2_japon,10031511,dato,
2018-06,m2_japon,10066296,dato,
2018-07,m2_japon,10068028,dato,
2018-08,m2_japon,10056582,dato,
2018-09,m2_japon,10065900,dato,
2018-10,m2_japon,10074396,dato,
2018-11,m2_japon,10105049,dato,
2018-12,m2_japon,10142429,dato,
2019-01,m2_japon,10147973,dato,
2019-02,m2_japon,10097697,dato,
2019-03,m2_japon,10125050,dato,
2019-04,m2_japon,10252191,dato,
2019-05,m2_japon,10286310,dato,
2019-06,m2_japon,10289611,dato,
2019-07,m2_japon,10290435,dato,
2019-08,m2_japon,10284205,dato,
2019-09,m2_japon,10295668,dato,
2019-10,m2_japon,10304091,dato,
2019-11,m2_japon,10365381,dato,
2019-12,m2_japon,10404214,dato,
2020-01,m2_japon,10416148,dato,
2020-02,m2_japon,10384810,dato,
2020-03,m2_japon,10442899,dato,
2020-04,m2_japon,10630037,dato,
2020-05,m2_japon,10812699,dato,
2020-06,m2_japon,11036494,dato,
2020-07,m2_japon,11102775,dato,
2020-08,m2_japon,11168053,dato,
2020-09,m2_japon,11219593,dato,
2020-10,m2_japon,11232567,dato,
2020-11,m2_japon,11306001,dato,
2020-12,m2_japon,11359680,dato,
2021-01,m2_japon,11400194,dato,
2021-02,m2_japon,11384748,dato,
2021-03,m2_japon,11436375,dato,
2021-04,m2_japon,11617797,dato,
2021-05,m2_japon,11675413,dato,
2021-06,m2_japon,11690901,dato,
2021-07,m2_japon,11690056,dato,
2021-08,m2_japon,11688405,dato,
2021-09,m2_japon,11691501,dato,
2021-10,m2_japon,11705647,dato,
2021-11,m2_japon,11756672,dato,
2021-12,m2_japon,11782086,dato,
2022-01,m2_japon,11813179,dato,
2022-02,m2_japon,11789009,dato,
2022-03,m2_japon,11833171,dato,
2022-04,m2_japon,12018499,dato,
2022-05,m2_japon,12042833,dato,
2022-06,m2_japon,12078178,dato,
2022-07,m2_japon,12088016,dato,
2022-08,m2_japon,12088202,dato,
2022-09,m2_japon,12075500,dato,
2022-10,m2_japon,12064408,dato,
2022-11,m2_japon,12124935,dato,
2022-12,m2_japon,12128301,dato,
2023-01,m2_japon,12132455,dato,
2023-02,m2_japon,12091386,dato,
2023-03,m2_japon,12134406,dato,
2023-04,m2_japon,12326939,dato,
2023-05,m2_japon,12360428,dato,
2023-06,m2_japon,12392324,dato,
2023-07,m2_japon,12388936,dato,
2023-08,m2_japon,12385266,dato,
2023-09,m2_japon,12363619,dato,
2023-10,m2_japon,12353137,dato,
2023-11,m2_japon,12399055,dato,
2023-12,m2_japon,12409742,dato,
2024-01,m2_japon,12430886,dato,
2024-02,m2_japon,12387111,dato,
2024-03,m2_japon,12443081,dato,
2024-04,m2_japon,12599890,dato,
2024-05,m2_japon,12588866,dato,
2024-06,m2_japon,12574420,dato,
2024-07,m2_japon,12569139,dato,
2024-08,m2_japon,12548351,dato,
2024-09,m2_japon,12517047,dato,
2024-10,m2_japon,12500641,dato,
2024-11,m2_japon,12549271,dato,
2024-12,m2_japon,12576036,dato,
2025-01,m2_japon,12594544,dato,
2025-02,m2_japon,12532272,dato,
2025-03,m2_japon,12546086,dato,
2025-04,m2_japon,12661743,dato,
2025-05,m2_japon,12670390,dato,
2025-06,m2_japon,12681235,dato,
2025-07,m2_japon,12696074,dato,
2025-08,m2_japon,12712263,dato,
2025-09,m2_japon,12708414,dato,
2025-10,m2_japon,12701907,dato,
2025-11,m2_japon,12766606,dato,
2025-12,m2_japon,12788812,dato,
2026-01,m2_japon,12790600,dato,
2026-02,m2_japon,12747324,dato,
2026-03,m2_japon,12795037,dato,
2026-04,m2_japon,12956204,dato,
2026-05,m2_japon,12980903,dato,
2026-06,m2_japon,12961165,dato,
2026-07,m2_japon,12966394,dato,
2026-08,m2_japon,12963895,dato,
2004-01,dinero_amplio_china,22510190,dato,
2004-02,dinero_amplio_china,22705070,dato,
2004-03,dinero_amplio_china,23165460,dato,
2004-04,dinero_amplio_china,23362790,dato,
2004-05,dinero_amplio_china,23484240,dato,
2004-06,dinero_amplio_china,23842750,dato,
2004-07,dinero_amplio_china,23812700,dato,
2004-08,dinero_amplio_china,23972920,dato,
2004-09,dinero_amplio_china,24375690,dato,
2004-10,dinero_amplio_china,24374030,dato,
2004-11,dinero_amplio_china,24713560,dato,
2004-12,dinero_amplio_china,25320770,dato,
2005-01,dinero_amplio_china,25770850,dato,
2005-02,dinero_amplio_china,25935730,dato,
2005-03,dinero_amplio_china,26458890,dato,
2005-04,dinero_amplio_china,26699270,dato,
2005-05,dinero_amplio_china,26924050,dato,
2005-06,dinero_amplio_china,27578550,dato,
2005-07,dinero_amplio_china,27695210,dato,
2005-08,dinero_amplio_china,28128820,dato,
2005-09,dinero_amplio_china,28743830,dato,
2005-10,dinero_amplio_china,28759160,dato,
2005-11,dinero_amplio_china,29235040,dato,
2005-12,dinero_amplio_china,29875550,dato,
2006-01,dinero_amplio_china,30353860,dato,
2006-02,dinero_amplio_china,30451630,dato,
2006-03,dinero_amplio_china,31049070,dato,
2006-04,dinero_amplio_china,31370180,dato,
2006-05,dinero_amplio_china,31670980,dato,
2006-06,dinero_amplio_china,32275640,dato,
2006-07,dinero_amplio_china,32401080,dato,
2006-08,dinero_amplio_china,32788570,dato,
2006-09,dinero_amplio_china,33186540,dato,
2006-10,dinero_amplio_china,33274720,dato,
2006-11,dinero_amplio_china,33750420,dato,
2006-12,dinero_amplio_china,34557790,dato,
2007-01,dinero_amplio_china,35149880,dato,
2007-02,dinero_amplio_china,35865930,dato,
2007-03,dinero_amplio_china,36410470,dato,
2007-04,dinero_amplio_china,36742560,dato,
2007-05,dinero_amplio_china,36971820,dato,
2007-06,dinero_amplio_china,37783220,dato,
2007-07,dinero_amplio_china,38388490,dato,
2007-08,dinero_amplio_china,38720500,dato,
2007-09,dinero_amplio_china,39309890,dato,
2007-10,dinero_amplio_china,39420420,dato,
2007-11,dinero_amplio_china,39975790,dato,
2007-12,dinero_amplio_china,40340130,dato,
2008-01,dinero_amplio_china,41784620,dato,
2008-02,dinero_amplio_china,42103780,dato,
2008-03,dinero_amplio_china,42305450,dato,
2008-04,dinero_amplio_china,42924090,dato,
2008-05,dinero_amplio_china,43622160,dato,
2008-06,dinero_amplio_china,44314100,dato,
2008-07,dinero_amplio_china,44636220,dato,
2008-08,dinero_amplio_china,44884670,dato,
2008-09,dinero_amplio_china,45289870,dato,
2008-10,dinero_amplio_china,45313330,dato,
2008-11,dinero_amplio_china,45864470,dato,
2008-12,dinero_amplio_china,47516660,dato,
2009-01,dinero_amplio_china,49613530,dato,
2009-02,dinero_amplio_china,50670810,dato,
2009-03,dinero_amplio_china,53062670,dato,
2009-04,dinero_amplio_china,54048120,dato,
2009-05,dinero_amplio_china,54826350,dato,
2009-06,dinero_amplio_china,56891620,dato,
2009-07,dinero_amplio_china,57310280,dato,
2009-08,dinero_amplio_china,57669900,dato,
2009-09,dinero_amplio_china,58540530,dato,
2009-10,dinero_amplio_china,58664330,dato,
2009-11,dinero_amplio_china,59460470,dato,
2009-12,dinero_amplio_china,60622500,dato,
2010-01,dinero_amplio_china,62560930,dato,
2010-02,dinero_amplio_china,63607220,dato,
2010-03,dinero_amplio_china,64994750,dato,
2010-04,dinero_amplio_china,65656120,dato,
2010-05,dinero_amplio_china,66335240,dato,
2010-06,dinero_amplio_china,67392180,dato,
2010-07,dinero_amplio_china,67405160,dato,
2010-08,dinero_amplio_china,68750690,dato,
2010-09,dinero_amplio_china,69647150,dato,
2010-10,dinero_amplio_china,69977670,dato,
2010-11,dinero_amplio_china,71039900,dato,
2010-12,dinero_amplio_china,72585180,dato,
2011-01,dinero_amplio_china,73388480,dato,
2011-02,dinero_amplio_china,73613090,dato,
2011-03,dinero_amplio_china,75813090,dato,
2011-04,dinero_amplio_china,75738460,dato,
2011-05,dinero_amplio_china,76340920,dato,
2011-06,dinero_amplio_china,78082090,dato,
2011-07,dinero_amplio_china,77292370,dato,
2011-08,dinero_amplio_china,78085230,dato,
2011-09,dinero_amplio_china,78740620,dato,
2011-10,dinero_amplio_china,81682920,dato,cambio de definición declarado por el PBoC: entran los depósitos de instituciones financieras no depositarias y del fondo de vivienda
2011-11,dinero_amplio_china,82549390,dato,
2011-12,dinero_amplio_china,85159090,dato,
2012-01,dinero_amplio_china,85589890,dato,
2012-02,dinero_amplio_china,86717760,dato,
2012-03,dinero_amplio_china,89556550,dato,
2012-04,dinero_amplio_china,88960400,dato,
2012-05,dinero_amplio_china,90004880,dato,
2012-06,dinero_amplio_china,92499120,dato,
2012-07,dinero_amplio_china,91907240,dato,
2012-08,dinero_amplio_china,92489500,dato,
2012-09,dinero_amplio_china,94368930,dato,
2012-10,dinero_amplio_china,93640590,dato,
2012-11,dinero_amplio_china,94483240,dato,
2012-12,dinero_amplio_china,97415950,dato,
2013-01,dinero_amplio_china,99212930,dato,
2013-02,dinero_amplio_china,99860080,dato,
2013-03,dinero_amplio_china,103585800,dato,
2013-04,dinero_amplio_china,103255200,dato,
2013-05,dinero_amplio_china,104216900,dato,
2013-06,dinero_amplio_china,105440400,dato,
2013-07,dinero_amplio_china,105221200,dato,
2013-08,dinero_amplio_china,106125600,dato,
2013-09,dinero_amplio_china,107737900,dato,
2013-10,dinero_amplio_china,107024200,dato,
2013-11,dinero_amplio_china,107925700,dato,
2013-12,dinero_amplio_china,110652500,dato,
2014-01,dinero_amplio_china,112352100,dato,
2014-02,dinero_amplio_china,113176100,dato,
2014-03,dinero_amplio_china,116068700,dato,
2014-04,dinero_amplio_china,116881300,dato,
2014-05,dinero_amplio_china,118230000,dato,
2014-06,dinero_amplio_china,120958700,dato,
2014-07,dinero_amplio_china,119424900,dato,
2014-08,dinero_amplio_china,119749900,dato,
2014-09,dinero_amplio_china,120205100,dato,
2014-10,dinero_amplio_china,119923600,dato,
2014-11,dinero_amplio_china,120860600,dato,
2014-12,dinero_amplio_china,122837500,dato,
2015-01,dinero_amplio_china,124271000,dato,
2015-02,dinero_amplio_china,125738000,dato,
2015-03,dinero_amplio_china,127533300,dato,
2015-04,dinero_amplio_china,128077900,dato,
2015-05,dinero_amplio_china,130735800,dato,
2015-06,dinero_amplio_china,133337500,dato,
2015-07,dinero_amplio_china,135321100,dato,
2015-08,dinero_amplio_china,135690800,dato,
2015-09,dinero_amplio_china,135982400,dato,
2015-10,dinero_amplio_china,136102100,dato,
2015-11,dinero_amplio_china,137395600,dato,
2015-12,dinero_amplio_china,139227800,dato,
2016-01,dinero_amplio_china,141632000,dato,
2016-02,dinero_amplio_china,142461900,dato,
2016-03,dinero_amplio_china,144619800,dato,
2016-04,dinero_amplio_china,144521000,dato,
2016-05,dinero_amplio_china,146169500,dato,
2016-06,dinero_amplio_china,149049200,dato,
2016-07,dinero_amplio_china,149155900,dato,
2016-08,dinero_amplio_china,151098300,dato,
2016-09,dinero_amplio_china,151636000,dato,
2016-10,dinero_amplio_china,151948500,dato,
2016-11,dinero_amplio_china,153043200,dato,
2016-12,dinero_amplio_china,155006700,dato,
2017-01,dinero_amplio_china,157594600,dato,
2017-02,dinero_amplio_china,158291300,dato,
2017-03,dinero_amplio_china,159961000,dato,
2017-04,dinero_amplio_china,159633200,dato,
2017-05,dinero_amplio_china,160136000,dato,
2017-06,dinero_amplio_china,163128300,dato,
2017-07,dinero_amplio_china,162899700,dato,
2017-08,dinero_amplio_china,164515700,dato,
2017-09,dinero_amplio_china,165566200,dato,
2017-10,dinero_amplio_china,165343400,dato,
2017-11,dinero_amplio_china,167001300,dato,
2017-12,dinero_amplio_china,167676800,dato,
2018-01,dinero_amplio_china,172081400,dato,cambio de definición declarado por el PBoC (fondos del mercado monetario); la OCDE no revisó 2017 y el salto le cae en este mes
2018-02,dinero_amplio_china,172907000,dato,
2018-03,dinero_amplio_china,173986000,dato,
2018-04,dinero_amplio_china,173768400,dato,
2018-05,dinero_amplio_china,174306400,dato,
2018-06,dinero_amplio_china,177017800,dato,
2018-07,dinero_amplio_china,177619600,dato,
2018-08,dinero_amplio_china,178867000,dato,
2018-09,dinero_amplio_china,180166600,dato,
2018-10,dinero_amplio_china,179556200,dato,
2018-11,dinero_amplio_china,181317500,dato,
2018-12,dinero_amplio_china,182674400,dato,
2019-01,dinero_amplio_china,186593500,dato,
2019-02,dinero_amplio_china,186742700,dato,
2019-03,dinero_amplio_china,188941200,dato,
2019-04,dinero_amplio_china,188467000,dato,
2019-05,dinero_amplio_china,189115400,dato,
2019-06,dinero_amplio_china,192136000,dato,
2019-07,dinero_amplio_china,191941100,dato,
2019-08,dinero_amplio_china,193549200,dato,
2019-09,dinero_amplio_china,195225100,dato,
2019-10,dinero_amplio_china,194560000,dato,
2019-11,dinero_amplio_china,196143000,dato,
2019-12,dinero_amplio_china,198648900,dato,
2020-01,dinero_amplio_china,202306700,dato,
2020-02,dinero_amplio_china,203083000,dato,
2020-03,dinero_amplio_china,208092300,dato,
2020-04,dinero_amplio_china,209353400,dato,
2020-05,dinero_amplio_china,210018400,dato,
2020-06,dinero_amplio_china,213494900,dato,
2020-07,dinero_amplio_china,212545800,dato,
2020-08,dinero_amplio_china,213683700,dato,
2020-09,dinero_amplio_china,216408500,dato,
2020-10,dinero_amplio_china,214972000,dato,
2020-11,dinero_amplio_china,217200300,dato,
2020-12,dinero_amplio_china,218679600,dato,
2021-01,dinero_amplio_china,221304700,dato,
2021-02,dinero_amplio_china,223603000,dato,
2021-03,dinero_amplio_china,227648800,dato,
2021-04,dinero_amplio_china,226210700,dato,
2021-05,dinero_amplio_china,227553800,dato,
2021-06,dinero_amplio_china,231778800,dato,
2021-07,dinero_amplio_china,230215400,dato,
2021-08,dinero_amplio_china,231226800,dato,
2021-09,dinero_amplio_china,234283000,dato,
2021-10,dinero_amplio_china,233616000,dato,
2021-11,dinero_amplio_china,235601300,dato,
2021-12,dinero_amplio_china,238290000,dato,
2022-01,dinero_amplio_china,243102300,dato,
2022-02,dinero_amplio_china,244148900,dato,
2022-03,dinero_amplio_china,249768800,dato,
2022-04,dinero_amplio_china,249971100,dato,
2022-05,dinero_amplio_china,252702600,dato,
2022-06,dinero_amplio_china,258145100,dato,
2022-07,dinero_amplio_china,257807900,dato,
2022-08,dinero_amplio_china,259506800,dato,
2022-09,dinero_amplio_china,262660100,dato,
2022-10,dinero_amplio_china,261291500,dato,
2022-11,dinero_amplio_china,264700800,dato,
2022-12,dinero_amplio_china,266432100,dato,
2023-01,dinero_amplio_china,273807200,dato,
2023-02,dinero_amplio_china,275524900,dato,
2023-03,dinero_amplio_china,281456600,dato,
2023-04,dinero_amplio_china,280846900,dato,
2023-05,dinero_amplio_china,282050500,dato,
2023-06,dinero_amplio_china,287302400,dato,
2023-07,dinero_amplio_china,285403200,dato,
2023-08,dinero_amplio_china,286934300,dato,
2023-09,dinero_amplio_china,289665900,dato,
2023-10,dinero_amplio_china,288227600,dato,
2023-11,dinero_amplio_china,291201400,dato,
2023-12,dinero_amplio_china,292271300,dato,
2024-01,dinero_amplio_china,297625000,dato,
2024-02,dinero_amplio_china,299557300,dato,
2024-03,dinero_amplio_china,304795200,dato,
2024-04,dinero_amplio_china,301194200,dato,
2024-05,dinero_amplio_china,301850700,dato,
2024-06,dinero_amplio_china,305016200,dato,
2024-07,dinero_amplio_china,303306100,dato,
2024-08,dinero_amplio_china,305046100,dato,
2024-09,dinero_amplio_china,309479800,dato,
2024-10,dinero_amplio_china,309709200,dato,
2024-11,dinero_amplio_china,311958700,dato,
2024-12,dinero_amplio_china,313532200,dato,
2025-01,dinero_amplio_china,318524700,dato,
2025-02,dinero_amplio_china,320517300,dato,
2025-03,dinero_amplio_china,326055500,dato,
2025-04,dinero_amplio_china,325173900,dato,
2025-05,dinero_amplio_china,325783800,dato,
2025-06,dinero_amplio_china,330286800,dato,
2025-07,dinero_amplio_china,329942900,dato,
2025-08,dinero_amplio_china,331983100,dato,
2025-09,dinero_amplio_china,335377100,dato,
2025-10,dinero_amplio_china,335131200,dato,
2025-11,dinero_amplio_china,336989100,dato,
2025-12,dinero_amplio_china,340294800,dato,
2026-01,dinero_amplio_china,347186000,dato,
2026-02,dinero_amplio_china,349216000,dato,
2026-03,dinero_amplio_china,353863600,dato,
2026-04,dinero_amplio_china,353042500,dato,
2026-05,dinero_amplio_china,353668900,dato,
2026-06,dinero_amplio_china,356710800,dato,
2026-07,dinero_amplio_china,355507700,dato,
