mes,fecha,serie,componente,valor,unidad,estado,control,cita,nota
1892-06,1892-06-30,dinero_eeuu_1892_1946,efectivo,1015,millones de USD,"dato de fecha de balance, estimado en parte",,"Junta de Gobernadores del Sistema de la Reserva Federal, Banking and Monetary Statistics, 1914-1941 (1943), Tabla 9, p. 34",
1892-06,1892-06-30,dinero_eeuu_1892_1946,vista_ajustados,2880,millones de USD,"dato de fecha de balance, estimado en parte",,"Junta de Gobernadores del Sistema de la Reserva Federal, Banking and Monetary Statistics, 1914-1941 (1943), Tabla 9, p. 34",
1892-06,1892-06-30,dinero_eeuu_1892_1946,plazo_comerciales,470,millones de USD,"dato de fecha de balance, estimado en parte",,"Junta de Gobernadores del Sistema de la Reserva Federal, Banking and Monetary Statistics, 1914-1941 (1943), Tabla 9, p. 34",
1892-06,1892-06-30,dinero_eeuu_1892_1946,total,4365,millones de USD,"dato de fecha de balance, estimado en parte",,"Junta de Gobernadores del Sistema de la Reserva Federal, Banking and Monetary Statistics, 1914-1941 (1943), Tabla 9, p. 34",
1893-06,1893-06-30,dinero_eeuu_1892_1946,efectivo,1081,millones de USD,"dato de fecha de balance, estimado en parte",,"Junta de Gobernadores del Sistema de la Reserva Federal, Banking and Monetary Statistics, 1914-1941 (1943), Tabla 9, p. 34",
1893-06,1893-06-30,dinero_eeuu_1892_1946,vista_ajustados,2766,millones de USD,"dato de fecha de balance, estimado en parte",,"Junta de Gobernadores del Sistema de la Reserva Federal, Banking and Monetary Statistics, 1914-1941 (1943), Tabla 9, p. 34",
1893-06,1893-06-30,dinero_eeuu_1892_1946,plazo_comerciales,456,millones de USD,"dato de fecha de balance, estimado en parte",,"Junta de Gobernadores del Sistema de la Reserva Federal, Banking and Monetary Statistics, 1914-1941 (1943), Tabla 9, p. 34",
1893-06,1893-06-30,dinero_eeuu_1892_1946,total,4303,millones de USD,"dato de fecha de balance, estimado en parte",,"Junta de Gobernadores del Sistema de la Reserva Federal, Banking and Monetary Statistics, 1914-1941 (1943), Tabla 9, p. 34",
1894-06,1894-06-30,dinero_eeuu_1892_1946,efectivo,972,millones de USD,"dato de fecha de balance, estimado en parte",,"Junta de Gobernadores del Sistema de la Reserva Federal, Banking and Monetary Statistics, 1914-1941 (1943), Tabla 9, p. 34",
1894-06,1894-06-30,dinero_eeuu_1892_1946,vista_ajustados,2807,millones de USD,"dato de fecha de balance, estimado en parte",,"Junta de Gobernadores del Sistema de la Reserva Federal, Banking and Monetary Statistics, 1914-1941 (1943), Tabla 9, p. 34",
1894-06,1894-06-30,dinero_eeuu_1892_1946,plazo_comerciales,456,millones de USD,"dato de fecha de balance, estimado en parte",,"Junta de Gobernadores del Sistema de la Reserva Federal, Banking and Monetary Statistics, 1914-1941 (1943), Tabla 9, p. 34",
1894-06,1894-06-30,dinero_eeuu_1892_1946,total,4235,millones de USD,"dato de fecha de balance, estimado en parte",,"Junta de Gobernadores del Sistema de la Reserva Federal, Banking and Monetary Statistics, 1914-1941 (1943), Tabla 9, p. 34",
1895-06,1895-06-30,dinero_eeuu_1892_1946,efectivo,971,millones de USD,"dato de fecha de balance, estimado en parte",,"Junta de Gobernadores del Sistema de la Reserva Federal, Banking and Monetary Statistics, 1914-1941 (1943), Tabla 9, p. 34",
1895-06,1895-06-30,dinero_eeuu_1892_1946,vista_ajustados,2960,millones de USD,"dato de fecha de balance, estimado en parte",,"Junta de Gobernadores del Sistema de la Reserva Federal, Banking and Monetary Statistics, 1914-1941 (1943), Tabla 9, p. 34",
1895-06,1895-06-30,dinero_eeuu_1892_1946,plazo_comerciales,491,millones de USD,"dato de fecha de balance, estimado en parte",,"Junta de Gobernadores del Sistema de la Reserva Federal, Banking and Monetary Statistics, 1914-1941 (1943), Tabla 9, p. 34",
1895-06,1895-06-30,dinero_eeuu_1892_1946,total,4422,millones de USD,"dato de fecha de balance, estimado en parte",,"Junta de Gobernadores del Sistema de la Reserva Federal, Banking and Monetary Statistics, 1914-1941 (1943), Tabla 9, p. 34",
1896-06,1896-06-30,dinero_eeuu_1892_1946,efectivo,974,millones de USD,"dato de fecha de balance, estimado en parte",,"Junta de Gobernadores del Sistema de la Reserva Federal, Banking and Monetary Statistics, 1914-1941 (1943), Tabla 9, p. 34",
1896-06,1896-06-30,dinero_eeuu_1892_1946,vista_ajustados,2839,millones de USD,"dato de fecha de balance, estimado en parte",,"Junta de Gobernadores del Sistema de la Reserva Federal, Banking and Monetary Statistics, 1914-1941 (1943), Tabla 9, p. 34",
1896-06,1896-06-30,dinero_eeuu_1892_1946,plazo_comerciales,532,millones de USD,"dato de fecha de balance, estimado en parte",,"Junta de Gobernadores del Sistema de la Reserva Federal, Banking and Monetary Statistics, 1914-1941 (1943), Tabla 9, p. 34",
1896-06,1896-06-30,dinero_eeuu_1892_1946,total,4345,millones de USD,"dato de fecha de balance, estimado en parte",,"Junta de Gobernadores del Sistema de la Reserva Federal, Banking and Monetary Statistics, 1914-1941 (1943), Tabla 9, p. 34",
1897-06,1897-06-30,dinero_eeuu_1892_1946,efectivo,1013,millones de USD,"dato de fecha de balance, estimado en parte",,"Junta de Gobernadores del Sistema de la Reserva Federal, Banking and Monetary Statistics, 1914-1941 (1943), Tabla 9, p. 34",
1897-06,1897-06-30,dinero_eeuu_1892_1946,vista_ajustados,2871,millones de USD,"dato de fecha de balance, estimado en parte",,"Junta de Gobernadores del Sistema de la Reserva Federal, Banking and Monetary Statistics, 1914-1941 (1943), Tabla 9, p. 34",
1897-06,1897-06-30,dinero_eeuu_1892_1946,plazo_comerciales,568,millones de USD,"dato de fecha de balance, estimado en parte",,"Junta de Gobernadores del Sistema de la Reserva Federal, Banking and Monetary Statistics, 1914-1941 (1943), Tabla 9, p. 34",
1897-06,1897-06-30,dinero_eeuu_1892_1946,total,4452,millones de USD,"dato de fecha de balance, estimado en parte",,"Junta de Gobernadores del Sistema de la Reserva Federal, Banking and Monetary Statistics, 1914-1941 (1943), Tabla 9, p. 34",
1898-06,1898-06-30,dinero_eeuu_1892_1946,efectivo,1150,millones de USD,"dato de fecha de balance, estimado en parte",,"Junta de Gobernadores del Sistema de la Reserva Federal, Banking and Monetary Statistics, 1914-1941 (1943), Tabla 9, p. 34",
1898-06,1898-06-30,dinero_eeuu_1892_1946,vista_ajustados,3432,millones de USD,"dato de fecha de balance, estimado en parte",,"Junta de Gobernadores del Sistema de la Reserva Federal, Banking and Monetary Statistics, 1914-1941 (1943), Tabla 9, p. 34",
1898-06,1898-06-30,dinero_eeuu_1892_1946,plazo_comerciales,572,millones de USD,"dato de fecha de balance, estimado en parte",,"Junta de Gobernadores del Sistema de la Reserva Federal, Banking and Monetary Statistics, 1914-1941 (1943), Tabla 9, p. 34",
1898-06,1898-06-30,dinero_eeuu_1892_1946,total,5154,millones de USD,"dato de fecha de balance, estimado en parte",,"Junta de Gobernadores del Sistema de la Reserva Federal, Banking and Monetary Statistics, 1914-1941 (1943), Tabla 9, p. 34",
1899-06,1899-06-30,dinero_eeuu_1892_1946,efectivo,1181,millones de USD,"dato de fecha de balance, estimado en parte",,"Junta de Gobernadores del Sistema de la Reserva Federal, Banking and Monetary Statistics, 1914-1941 (1943), Tabla 9, p. 34",
1899-06,1899-06-30,dinero_eeuu_1892_1946,vista_ajustados,4162,millones de USD,"dato de fecha de balance, estimado en parte",,"Junta de Gobernadores del Sistema de la Reserva Federal, Banking and Monetary Statistics, 1914-1941 (1943), Tabla 9, p. 34",
1899-06,1899-06-30,dinero_eeuu_1892_1946,plazo_comerciales,656,millones de USD,"dato de fecha de balance, estimado en parte",,"Junta de Gobernadores del Sistema de la Reserva Federal, Banking and Monetary Statistics, 1914-1941 (1943), Tabla 9, p. 34",
1899-06,1899-06-30,dinero_eeuu_1892_1946,total,5999,millones de USD,"dato de fecha de balance, estimado en parte",,"Junta de Gobernadores del Sistema de la Reserva Federal, Banking and Monetary Statistics, 1914-1941 (1943), Tabla 9, p. 34",
1900-06,1900-06-30,dinero_eeuu_1892_1946,efectivo,1331,millones de USD,"dato de fecha de balance, estimado en parte",,"Junta de Gobernadores del Sistema de la Reserva Federal, Banking and Monetary Statistics, 1914-1941 (1943), Tabla 9, p. 34",
1900-06,1900-06-30,dinero_eeuu_1892_1946,vista_ajustados,4420,millones de USD,"dato de fecha de balance, estimado en parte",,"Junta de Gobernadores del Sistema de la Reserva Federal, Banking and Monetary Statistics, 1914-1941 (1943), Tabla 9, p. 34",
1900-06,1900-06-30,dinero_eeuu_1892_1946,plazo_comerciales,881,millones de USD,"dato de fecha de balance, estimado en parte",,"Junta de Gobernadores del Sistema de la Reserva Federal, Banking and Monetary Statistics, 1914-1941 (1943), Tabla 9, p. 34",
1900-06,1900-06-30,dinero_eeuu_1892_1946,total,6632,millones de USD,"dato de fecha de balance, estimado en parte",,"Junta de Gobernadores del Sistema de la Reserva Federal, Banking and Monetary Statistics, 1914-1941 (1943), Tabla 9, p. 34",
1901-06,1901-06-30,dinero_eeuu_1892_1946,efectivo,1395,millones de USD,"dato de fecha de balance, estimado en parte",,"Junta de Gobernadores del Sistema de la Reserva Federal, Banking and Monetary Statistics, 1914-1941 (1943), Tabla 9, p. 34",
1901-06,1901-06-30,dinero_eeuu_1892_1946,vista_ajustados,5204,millones de USD,"dato de fecha de balance, estimado en parte",,"Junta de Gobernadores del Sistema de la Reserva Federal, Banking and Monetary Statistics, 1914-1941 (1943), Tabla 9, p. 34",
1901-06,1901-06-30,dinero_eeuu_1892_1946,plazo_comerciales,1055,millones de USD,"dato de fecha de balance, estimado en parte",,"Junta de Gobernadores del Sistema de la Reserva Federal, Banking and Monetary Statistics, 1914-1941 (1943), Tabla 9, p. 34",
1901-06,1901-06-30,dinero_eeuu_1892_1946,total,7654,millones de USD,"dato de fecha de balance, estimado en parte",,"Junta de Gobernadores del Sistema de la Reserva Federal, Banking and Monetary Statistics, 1914-1941 (1943), Tabla 9, p. 34",
1902-06,1902-06-30,dinero_eeuu_1892_1946,efectivo,1431,millones de USD,"dato de fecha de balance, estimado en parte",,"Junta de Gobernadores del Sistema de la Reserva Federal, Banking and Monetary Statistics, 1914-1941 (1943), Tabla 9, p. 34",
1902-06,1902-06-30,dinero_eeuu_1892_1946,vista_ajustados,5719,millones de USD,"dato de fecha de balance, estimado en parte",,"Junta de Gobernadores del Sistema de la Reserva Federal, Banking and Monetary Statistics, 1914-1941 (1943), Tabla 9, p. 34",
1902-06,1902-06-30,dinero_eeuu_1892_1946,plazo_comerciales,1185,millones de USD,"dato de fecha de balance, estimado en parte",,"Junta de Gobernadores del Sistema de la Reserva Federal, Banking and Monetary Statistics, 1914-1941 (1943), Tabla 9, p. 34",
1902-06,1902-06-30,dinero_eeuu_1892_1946,total,8335,millones de USD,"dato de fecha de balance, estimado en parte",,"Junta de Gobernadores del Sistema de la Reserva Federal, Banking and Monetary Statistics, 1914-1941 (1943), Tabla 9, p. 34",
1903-06,1903-06-30,dinero_eeuu_1892_1946,efectivo,1543,millones de USD,"dato de fecha de balance, estimado en parte",,"Junta de Gobernadores del Sistema de la Reserva Federal, Banking and Monetary Statistics, 1914-1941 (1943), Tabla 9, p. 34",
1903-06,1903-06-30,dinero_eeuu_1892_1946,vista_ajustados,5962,millones de USD,"dato de fecha de balance, estimado en parte",,"Junta de Gobernadores del Sistema de la Reserva Federal, Banking and Monetary Statistics, 1914-1941 (1943), Tabla 9, p. 34",
1903-06,1903-06-30,dinero_eeuu_1892_1946,plazo_comerciales,1288,millones de USD,"dato de fecha de balance, estimado en parte",,"Junta de Gobernadores del Sistema de la Reserva Federal, Banking and Monetary Statistics, 1914-1941 (1943), Tabla 9, p. 34",
1903-06,1903-06-30,dinero_eeuu_1892_1946,total,8793,millones de USD,"dato de fecha de balance, estimado en parte",,"Junta de Gobernadores del Sistema de la Reserva Federal, Banking and Monetary Statistics, 1914-1941 (1943), Tabla 9, p. 34",
1904-06,1904-06-30,dinero_eeuu_1892_1946,efectivo,1562,millones de USD,"dato de fecha de balance, estimado en parte",,"Junta de Gobernadores del Sistema de la Reserva Federal, Banking and Monetary Statistics, 1914-1941 (1943), Tabla 9, p. 34",
1904-06,1904-06-30,dinero_eeuu_1892_1946,vista_ajustados,6256,millones de USD,"dato de fecha de balance, estimado en parte",,"Junta de Gobernadores del Sistema de la Reserva Federal, Banking and Monetary Statistics, 1914-1941 (1943), Tabla 9, p. 34",
1904-06,1904-06-30,dinero_eeuu_1892_1946,plazo_comerciales,1443,millones de USD,"dato de fecha de balance, estimado en parte",,"Junta de Gobernadores del Sistema de la Reserva Federal, Banking and Monetary Statistics, 1914-1941 (1943), Tabla 9, p. 34",
1904-06,1904-06-30,dinero_eeuu_1892_1946,total,9261,millones de USD,"dato de fecha de balance, estimado en parte",,"Junta de Gobernadores del Sistema de la Reserva Federal, Banking and Monetary Statistics, 1914-1941 (1943), Tabla 9, p. 34",
1905-06,1905-06-30,dinero_eeuu_1892_1946,efectivo,1629,millones de USD,"dato de fecha de balance, estimado en parte",,"Junta de Gobernadores del Sistema de la Reserva Federal, Banking and Monetary Statistics, 1914-1941 (1943), Tabla 9, p. 34",
1905-06,1905-06-30,dinero_eeuu_1892_1946,vista_ajustados,7069,millones de USD,"dato de fecha de balance, estimado en parte",,"Junta de Gobernadores del Sistema de la Reserva Federal, Banking and Monetary Statistics, 1914-1941 (1943), Tabla 9, p. 34",
1905-06,1905-06-30,dinero_eeuu_1892_1946,plazo_comerciales,1727,millones de USD,"dato de fecha de balance, estimado en parte",,"Junta de Gobernadores del Sistema de la Reserva Federal, Banking and Monetary Statistics, 1914-1941 (1943), Tabla 9, p. 34",
1905-06,1905-06-30,dinero_eeuu_1892_1946,total,10425,millones de USD,"dato de fecha de balance, estimado en parte",,"Junta de Gobernadores del Sistema de la Reserva Federal, Banking and Monetary Statistics, 1914-1941 (1943), Tabla 9, p. 34",
1906-06,1906-06-30,dinero_eeuu_1892_1946,efectivo,1759,millones de USD,"dato de fecha de balance, estimado en parte",,"Junta de Gobernadores del Sistema de la Reserva Federal, Banking and Monetary Statistics, 1914-1941 (1943), Tabla 9, p. 34",
1906-06,1906-06-30,dinero_eeuu_1892_1946,vista_ajustados,7504,millones de USD,"dato de fecha de balance, estimado en parte",,"Junta de Gobernadores del Sistema de la Reserva Federal, Banking and Monetary Statistics, 1914-1941 (1943), Tabla 9, p. 34",
1906-06,1906-06-30,dinero_eeuu_1892_1946,plazo_comerciales,1860,millones de USD,"dato de fecha de balance, estimado en parte",,"Junta de Gobernadores del Sistema de la Reserva Federal, Banking and Monetary Statistics, 1914-1941 (1943), Tabla 9, p. 34",
1906-06,1906-06-30,dinero_eeuu_1892_1946,total,11123,millones de USD,"dato de fecha de balance, estimado en parte",,"Junta de Gobernadores del Sistema de la Reserva Federal, Banking and Monetary Statistics, 1914-1941 (1943), Tabla 9, p. 34",
1907-06,1907-06-30,dinero_eeuu_1892_1946,efectivo,1700,millones de USD,"dato de fecha de balance, estimado en parte",,"Junta de Gobernadores del Sistema de la Reserva Federal, Banking and Monetary Statistics, 1914-1941 (1943), Tabla 9, p. 34",
1907-06,1907-06-30,dinero_eeuu_1892_1946,vista_ajustados,7872,millones de USD,"dato de fecha de balance, estimado en parte",,"Junta de Gobernadores del Sistema de la Reserva Federal, Banking and Monetary Statistics, 1914-1941 (1943), Tabla 9, p. 34",
1907-06,1907-06-30,dinero_eeuu_1892_1946,plazo_comerciales,2295,millones de USD,"dato de fecha de balance, estimado en parte",,"Junta de Gobernadores del Sistema de la Reserva Federal, Banking and Monetary Statistics, 1914-1941 (1943), Tabla 9, p. 34",
1907-06,1907-06-30,dinero_eeuu_1892_1946,total,11867,millones de USD,"dato de fecha de balance, estimado en parte",,"Junta de Gobernadores del Sistema de la Reserva Federal, Banking and Monetary Statistics, 1914-1941 (1943), Tabla 9, p. 34",
1908-06,1908-06-30,dinero_eeuu_1892_1946,efectivo,1711,millones de USD,"dato de fecha de balance, estimado en parte",,"Junta de Gobernadores del Sistema de la Reserva Federal, Banking and Monetary Statistics, 1914-1941 (1943), Tabla 9, p. 34",
1908-06,1908-06-30,dinero_eeuu_1892_1946,vista_ajustados,7384,millones de USD,"dato de fecha de balance, estimado en parte",,"Junta de Gobernadores del Sistema de la Reserva Federal, Banking and Monetary Statistics, 1914-1941 (1943), Tabla 9, p. 34",
1908-06,1908-06-30,dinero_eeuu_1892_1946,plazo_comerciales,2427,millones de USD,"dato de fecha de balance, estimado en parte",,"Junta de Gobernadores del Sistema de la Reserva Federal, Banking and Monetary Statistics, 1914-1941 (1943), Tabla 9, p. 34",
1908-06,1908-06-30,dinero_eeuu_1892_1946,total,11522,millones de USD,"dato de fecha de balance, estimado en parte",,"Junta de Gobernadores del Sistema de la Reserva Federal, Banking and Monetary Statistics, 1914-1941 (1943), Tabla 9, p. 34",
1909-06,1909-06-30,dinero_eeuu_1892_1946,efectivo,1691,millones de USD,"dato de fecha de balance, estimado en parte",,"Junta de Gobernadores del Sistema de la Reserva Federal, Banking and Monetary Statistics, 1914-1941 (1943), Tabla 9, p. 34",
1909-06,1909-06-30,dinero_eeuu_1892_1946,vista_ajustados,7768,millones de USD,"dato de fecha de balance, estimado en parte",,"Junta de Gobernadores del Sistema de la Reserva Federal, Banking and Monetary Statistics, 1914-1941 (1943), Tabla 9, p. 34",
1909-06,1909-06-30,dinero_eeuu_1892_1946,plazo_comerciales,3170,millones de USD,"dato de fecha de balance, estimado en parte",,"Junta de Gobernadores del Sistema de la Reserva Federal, Banking and Monetary Statistics, 1914-1941 (1943), Tabla 9, p. 34",
1909-06,1909-06-30,dinero_eeuu_1892_1946,total,12629,millones de USD,"dato de fecha de balance, estimado en parte",,"Junta de Gobernadores del Sistema de la Reserva Federal, Banking and Monetary Statistics, 1914-1941 (1943), Tabla 9, p. 34",
1910-06,1910-06-30,dinero_eeuu_1892_1946,efectivo,1725,millones de USD,"dato de fecha de balance, estimado en parte",,"Junta de Gobernadores del Sistema de la Reserva Federal, Banking and Monetary Statistics, 1914-1941 (1943), Tabla 9, p. 34",
1910-06,1910-06-30,dinero_eeuu_1892_1946,vista_ajustados,8254,millones de USD,"dato de fecha de balance, estimado en parte",,"Junta de Gobernadores del Sistema de la Reserva Federal, Banking and Monetary Statistics, 1914-1941 (1943), Tabla 9, p. 34",
1910-06,1910-06-30,dinero_eeuu_1892_1946,plazo_comerciales,3636,millones de USD,"dato de fecha de balance, estimado en parte",,"Junta de Gobernadores del Sistema de la Reserva Federal, Banking and Monetary Statistics, 1914-1941 (1943), Tabla 9, p. 34",
1910-06,1910-06-30,dinero_eeuu_1892_1946,total,13615,millones de USD,"dato de fecha de balance, estimado en parte",,"Junta de Gobernadores del Sistema de la Reserva Federal, Banking and Monetary Statistics, 1914-1941 (1943), Tabla 9, p. 34",
1911-06,1911-06-30,dinero_eeuu_1892_1946,efectivo,1709,millones de USD,"dato de fecha de balance, estimado en parte",,"Junta de Gobernadores del Sistema de la Reserva Federal, Banking and Monetary Statistics, 1914-1941 (1943), Tabla 9, p. 34",
1911-06,1911-06-30,dinero_eeuu_1892_1946,vista_ajustados,8668,millones de USD,"dato de fecha de balance, estimado en parte",,"Junta de Gobernadores del Sistema de la Reserva Federal, Banking and Monetary Statistics, 1914-1941 (1943), Tabla 9, p. 34",
1911-06,1911-06-30,dinero_eeuu_1892_1946,plazo_comerciales,3928,millones de USD,"dato de fecha de balance, estimado en parte",,"Junta de Gobernadores del Sistema de la Reserva Federal, Banking and Monetary Statistics, 1914-1941 (1943), Tabla 9, p. 34",
1911-06,1911-06-30,dinero_eeuu_1892_1946,total,14305,millones de USD,"dato de fecha de balance, estimado en parte",,"Junta de Gobernadores del Sistema de la Reserva Federal, Banking and Monetary Statistics, 1914-1941 (1943), Tabla 9, p. 34",
1912-06,1912-06-30,dinero_eeuu_1892_1946,efectivo,1762,millones de USD,"dato de fecha de balance, estimado en parte",,"Junta de Gobernadores del Sistema de la Reserva Federal, Banking and Monetary Statistics, 1914-1941 (1943), Tabla 9, p. 34",
1912-06,1912-06-30,dinero_eeuu_1892_1946,vista_ajustados,9156,millones de USD,"dato de fecha de balance, estimado en parte",,"Junta de Gobernadores del Sistema de la Reserva Federal, Banking and Monetary Statistics, 1914-1941 (1943), Tabla 9, p. 34",
1912-06,1912-06-30,dinero_eeuu_1892_1946,plazo_comerciales,4313,millones de USD,"dato de fecha de balance, estimado en parte",,"Junta de Gobernadores del Sistema de la Reserva Federal, Banking and Monetary Statistics, 1914-1941 (1943), Tabla 9, p. 34",
1912-06,1912-06-30,dinero_eeuu_1892_1946,total,15231,millones de USD,"dato de fecha de balance, estimado en parte",,"Junta de Gobernadores del Sistema de la Reserva Federal, Banking and Monetary Statistics, 1914-1941 (1943), Tabla 9, p. 34",
1913-06,1913-06-30,dinero_eeuu_1892_1946,efectivo,1858,millones de USD,"dato de fecha de balance, estimado en parte",,"Junta de Gobernadores del Sistema de la Reserva Federal, Banking and Monetary Statistics, 1914-1941 (1943), Tabla 9, p. 34",
1913-06,1913-06-30,dinero_eeuu_1892_1946,vista_ajustados,9140,millones de USD,"dato de fecha de balance, estimado en parte",,"Junta de Gobernadores del Sistema de la Reserva Federal, Banking and Monetary Statistics, 1914-1941 (1943), Tabla 9, p. 34",
1913-06,1913-06-30,dinero_eeuu_1892_1946,plazo_comerciales,4606,millones de USD,"dato de fecha de balance, estimado en parte",,"Junta de Gobernadores del Sistema de la Reserva Federal, Banking and Monetary Statistics, 1914-1941 (1943), Tabla 9, p. 34",
1913-06,1913-06-30,dinero_eeuu_1892_1946,total,15604,millones de USD,"dato de fecha de balance, estimado en parte",,"Junta de Gobernadores del Sistema de la Reserva Federal, Banking and Monetary Statistics, 1914-1941 (1943), Tabla 9, p. 34",
1914-06,1914-06-30,dinero_eeuu_1892_1946,efectivo,1533,millones de USD,"dato de fecha de balance, estimado en parte",,"Junta de Gobernadores del Sistema de la Reserva Federal, Banking and Monetary Statistics, 1914-1941 (1943), Tabla 9, p. 34",
1914-06,1914-06-30,dinero_eeuu_1892_1946,vista_ajustados,10082,millones de USD,"dato de fecha de balance, estimado en parte",,"Junta de Gobernadores del Sistema de la Reserva Federal, Banking and Monetary Statistics, 1914-1941 (1943), Tabla 9, p. 34",
1914-06,1914-06-30,dinero_eeuu_1892_1946,plazo_comerciales,4441,millones de USD,"dato de fecha de balance, estimado en parte",,"Junta de Gobernadores del Sistema de la Reserva Federal, Banking and Monetary Statistics, 1914-1941 (1943), Tabla 9, p. 34",
1914-06,1914-06-30,dinero_eeuu_1892_1946,total,16056,millones de USD,"dato de fecha de balance, estimado en parte",,"Junta de Gobernadores del Sistema de la Reserva Federal, Banking and Monetary Statistics, 1914-1941 (1943), Tabla 9, p. 34",
1915-06,1915-06-23,dinero_eeuu_1892_1946,efectivo,1575,millones de USD,"dato de fecha de balance, estimado en parte",,"Junta de Gobernadores del Sistema de la Reserva Federal, Banking and Monetary Statistics, 1914-1941 (1943), Tabla 9, p. 34",
1915-06,1915-06-23,dinero_eeuu_1892_1946,vista_ajustados,9828,millones de USD,"dato de fecha de balance, estimado en parte",,"Junta de Gobernadores del Sistema de la Reserva Federal, Banking and Monetary Statistics, 1914-1941 (1943), Tabla 9, p. 34",
1915-06,1915-06-23,dinero_eeuu_1892_1946,plazo_comerciales,5264,millones de USD,"dato de fecha de balance, estimado en parte",,"Junta de Gobernadores del Sistema de la Reserva Federal, Banking and Monetary Statistics, 1914-1941 (1943), Tabla 9, p. 34",
1915-06,1915-06-23,dinero_eeuu_1892_1946,total,16667,millones de USD,"dato de fecha de balance, estimado en parte",,"Junta de Gobernadores del Sistema de la Reserva Federal, Banking and Monetary Statistics, 1914-1941 (1943), Tabla 9, p. 34",
1916-06,1916-06-30,dinero_eeuu_1892_1946,efectivo,1876,millones de USD,"dato de fecha de balance, estimado en parte",,"Junta de Gobernadores del Sistema de la Reserva Federal, Banking and Monetary Statistics, 1914-1941 (1943), Tabla 9, p. 34",
1916-06,1916-06-30,dinero_eeuu_1892_1946,vista_ajustados,11973,millones de USD,"dato de fecha de balance, estimado en parte",,"Junta de Gobernadores del Sistema de la Reserva Federal, Banking and Monetary Statistics, 1914-1941 (1943), Tabla 9, p. 34",
1916-06,1916-06-30,dinero_eeuu_1892_1946,plazo_comerciales,6088,millones de USD,"dato de fecha de balance, estimado en parte",,"Junta de Gobernadores del Sistema de la Reserva Federal, Banking and Monetary Statistics, 1914-1941 (1943), Tabla 9, p. 34",
1916-06,1916-06-30,dinero_eeuu_1892_1946,total,19937,millones de USD,"dato de fecha de balance, estimado en parte",,"Junta de Gobernadores del Sistema de la Reserva Federal, Banking and Monetary Statistics, 1914-1941 (1943), Tabla 9, p. 34",
1917-06,1917-06-20,dinero_eeuu_1892_1946,efectivo,2276,millones de USD,"dato de fecha de balance, estimado en parte",,"Junta de Gobernadores del Sistema de la Reserva Federal, Banking and Monetary Statistics, 1914-1941 (1943), Tabla 9, p. 34",
1917-06,1917-06-20,dinero_eeuu_1892_1946,vista_ajustados,13501,millones de USD,"dato de fecha de balance, estimado en parte",,"Junta de Gobernadores del Sistema de la Reserva Federal, Banking and Monetary Statistics, 1914-1941 (1943), Tabla 9, p. 34",
1917-06,1917-06-20,dinero_eeuu_1892_1946,plazo_comerciales,7038,millones de USD,"dato de fecha de balance, estimado en parte",,"Junta de Gobernadores del Sistema de la Reserva Federal, Banking and Monetary Statistics, 1914-1941 (1943), Tabla 9, p. 34",
1917-06,1917-06-20,dinero_eeuu_1892_1946,total,22815,millones de USD,"dato de fecha de balance, estimado en parte",,"Junta de Gobernadores del Sistema de la Reserva Federal, Banking and Monetary Statistics, 1914-1941 (1943), Tabla 9, p. 34",
1918-06,1918-06-29,dinero_eeuu_1892_1946,efectivo,3298,millones de USD,"dato de fecha de balance, estimado en parte",,"Junta de Gobernadores del Sistema de la Reserva Federal, Banking and Monetary Statistics, 1914-1941 (1943), Tabla 9, p. 34",
1918-06,1918-06-29,dinero_eeuu_1892_1946,vista_ajustados,14843,millones de USD,"dato de fecha de balance, estimado en parte",,"Junta de Gobernadores del Sistema de la Reserva Federal, Banking and Monetary Statistics, 1914-1941 (1943), Tabla 9, p. 34",
1918-06,1918-06-29,dinero_eeuu_1892_1946,plazo_comerciales,7207,millones de USD,"dato de fecha de balance, estimado en parte",,"Junta de Gobernadores del Sistema de la Reserva Federal, Banking and Monetary Statistics, 1914-1941 (1943), Tabla 9, p. 34",
1918-06,1918-06-29,dinero_eeuu_1892_1946,total,25348,millones de USD,"dato de fecha de balance, estimado en parte",,"Junta de Gobernadores del Sistema de la Reserva Federal, Banking and Monetary Statistics, 1914-1941 (1943), Tabla 9, p. 34",
1919-06,1919-06-30,dinero_eeuu_1892_1946,efectivo,3593,millones de USD,"dato de fecha de balance, estimado en parte",,"Junta de Gobernadores del Sistema de la Reserva Federal, Banking and Monetary Statistics, 1914-1941 (1943), Tabla 9, p. 34",
1919-06,1919-06-30,dinero_eeuu_1892_1946,vista_ajustados,17624,millones de USD,"dato de fecha de balance, estimado en parte",,"Junta de Gobernadores del Sistema de la Reserva Federal, Banking and Monetary Statistics, 1914-1941 (1943), Tabla 9, p. 34",
1919-06,1919-06-30,dinero_eeuu_1892_1946,plazo_comerciales,8522,millones de USD,"dato de fecha de balance, estimado en parte",,"Junta de Gobernadores del Sistema de la Reserva Federal, Banking and Monetary Statistics, 1914-1941 (1943), Tabla 9, p. 34",
1919-06,1919-06-30,dinero_eeuu_1892_1946,total,29739,millones de USD,"dato de fecha de balance, estimado en parte",,"Junta de Gobernadores del Sistema de la Reserva Federal, Banking and Monetary Statistics, 1914-1941 (1943), Tabla 9, p. 34",
1920-06,1920-06-30,dinero_eeuu_1892_1946,efectivo,4105,millones de USD,"dato de fecha de balance, estimado en parte",,"Junta de Gobernadores del Sistema de la Reserva Federal, Banking and Monetary Statistics, 1914-1941 (1943), Tabla 9, p. 34",
1920-06,1920-06-30,dinero_eeuu_1892_1946,vista_ajustados,19616,millones de USD,"dato de fecha de balance, estimado en parte",,"Junta de Gobernadores del Sistema de la Reserva Federal, Banking and Monetary Statistics, 1914-1941 (1943), Tabla 9, p. 34",
1920-06,1920-06-30,dinero_eeuu_1892_1946,plazo_comerciales,10509,millones de USD,"dato de fecha de balance, estimado en parte",,"Junta de Gobernadores del Sistema de la Reserva Federal, Banking and Monetary Statistics, 1914-1941 (1943), Tabla 9, p. 34",
1920-06,1920-06-30,dinero_eeuu_1892_1946,total,34230,millones de USD,"dato de fecha de balance, estimado en parte",,"Junta de Gobernadores del Sistema de la Reserva Federal, Banking and Monetary Statistics, 1914-1941 (1943), Tabla 9, p. 34",
1921-06,1921-06-30,dinero_eeuu_1892_1946,efectivo,3677,millones de USD,"dato de fecha de balance, estimado en parte",,"Junta de Gobernadores del Sistema de la Reserva Federal, Banking and Monetary Statistics, 1914-1941 (1943), Tabla 9, p. 34",
1921-06,1921-06-30,dinero_eeuu_1892_1946,vista_ajustados,17113,millones de USD,"dato de fecha de balance, estimado en parte",,"Junta de Gobernadores del Sistema de la Reserva Federal, Banking and Monetary Statistics, 1914-1941 (1943), Tabla 9, p. 34",
1921-06,1921-06-30,dinero_eeuu_1892_1946,plazo_comerciales,10917,millones de USD,"dato de fecha de balance, estimado en parte",,"Junta de Gobernadores del Sistema de la Reserva Federal, Banking and Monetary Statistics, 1914-1941 (1943), Tabla 9, p. 34",
1921-06,1921-06-30,dinero_eeuu_1892_1946,total,31707,millones de USD,"dato de fecha de balance, estimado en parte",,"Junta de Gobernadores del Sistema de la Reserva Federal, Banking and Monetary Statistics, 1914-1941 (1943), Tabla 9, p. 34",
1922-06,1922-06-30,dinero_eeuu_1892_1946,efectivo,3346,millones de USD,"dato de fecha de balance, estimado en parte",,"Junta de Gobernadores del Sistema de la Reserva Federal, Banking and Monetary Statistics, 1914-1941 (1943), Tabla 9, p. 34",
1922-06,1922-06-30,dinero_eeuu_1892_1946,vista_ajustados,18045,millones de USD,"dato de fecha de balance, estimado en parte",,"Junta de Gobernadores del Sistema de la Reserva Federal, Banking and Monetary Statistics, 1914-1941 (1943), Tabla 9, p. 34",
1922-06,1922-06-30,dinero_eeuu_1892_1946,plazo_comerciales,11592,millones de USD,"dato de fecha de balance, estimado en parte",,"Junta de Gobernadores del Sistema de la Reserva Federal, Banking and Monetary Statistics, 1914-1941 (1943), Tabla 9, p. 34",
1922-06,1922-06-30,dinero_eeuu_1892_1946,total,32983,millones de USD,"dato de fecha de balance, estimado en parte",,"Junta de Gobernadores del Sistema de la Reserva Federal, Banking and Monetary Statistics, 1914-1941 (1943), Tabla 9, p. 34",
1923-06,1923-06-30,dinero_eeuu_1892_1946,efectivo,3739,millones de USD,"dato de fecha de balance, estimado en parte",,"Junta de Gobernadores del Sistema de la Reserva Federal, Banking and Monetary Statistics, 1914-1941 (1943), Tabla 9, p. 34",
1923-06,1923-06-30,dinero_eeuu_1892_1946,vista_ajustados,18958,millones de USD,"dato de fecha de balance, estimado en parte",,"Junta de Gobernadores del Sistema de la Reserva Federal, Banking and Monetary Statistics, 1914-1941 (1943), Tabla 9, p. 34",
1923-06,1923-06-30,dinero_eeuu_1892_1946,plazo_comerciales,13374,millones de USD,"dato de fecha de balance, estimado en parte",,"Junta de Gobernadores del Sistema de la Reserva Federal, Banking and Monetary Statistics, 1914-1941 (1943), Tabla 9, p. 34",
1923-06,1923-06-30,dinero_eeuu_1892_1946,total,36071,millones de USD,"dato de fecha de balance, estimado en parte",,"Junta de Gobernadores del Sistema de la Reserva Federal, Banking and Monetary Statistics, 1914-1941 (1943), Tabla 9, p. 34",
1923-12,1923-12-31,dinero_eeuu_1892_1946,efectivo,3726,millones de USD,"dato de fecha de balance, estimado en parte",,"Junta de Gobernadores del Sistema de la Reserva Federal, Banking and Monetary Statistics, 1914-1941 (1943), Tabla 9, p. 34",
1923-12,1923-12-31,dinero_eeuu_1892_1946,vista_ajustados,19144,millones de USD,"dato de fecha de balance, estimado en parte",,"Junta de Gobernadores del Sistema de la Reserva Federal, Banking and Monetary Statistics, 1914-1941 (1943), Tabla 9, p. 34",
1923-12,1923-12-31,dinero_eeuu_1892_1946,plazo_comerciales,13871,millones de USD,"dato de fecha de balance, estimado en parte",,"Junta de Gobernadores del Sistema de la Reserva Federal, Banking and Monetary Statistics, 1914-1941 (1943), Tabla 9, p. 34",
1923-12,1923-12-31,dinero_eeuu_1892_1946,total,36741,millones de USD,"dato de fecha de balance, estimado en parte",,"Junta de Gobernadores del Sistema de la Reserva Federal, Banking and Monetary Statistics, 1914-1941 (1943), Tabla 9, p. 34",
1924-06,1924-06-30,dinero_eeuu_1892_1946,efectivo,3650,millones de USD,"dato de fecha de balance, estimado en parte",,"Junta de Gobernadores del Sistema de la Reserva Federal, Banking and Monetary Statistics, 1914-1941 (1943), Tabla 9, p. 34",
1924-06,1924-06-30,dinero_eeuu_1892_1946,vista_ajustados,19412,millones de USD,"dato de fecha de balance, estimado en parte",,"Junta de Gobernadores del Sistema de la Reserva Federal, Banking and Monetary Statistics, 1914-1941 (1943), Tabla 9, p. 34",
1924-06,1924-06-30,dinero_eeuu_1892_1946,plazo_comerciales,14492,millones de USD,"dato de fecha de balance, estimado en parte",,"Junta de Gobernadores del Sistema de la Reserva Federal, Banking and Monetary Statistics, 1914-1941 (1943), Tabla 9, p. 34",
1924-06,1924-06-30,dinero_eeuu_1892_1946,total,37554,millones de USD,"dato de fecha de balance, estimado en parte",,"Junta de Gobernadores del Sistema de la Reserva Federal, Banking and Monetary Statistics, 1914-1941 (1943), Tabla 9, p. 34",
1924-12,1924-12-31,dinero_eeuu_1892_1946,efectivo,3696,millones de USD,"dato de fecha de balance, estimado en parte",,"Junta de Gobernadores del Sistema de la Reserva Federal, Banking and Monetary Statistics, 1914-1941 (1943), Tabla 9, p. 34",
1924-12,1924-12-31,dinero_eeuu_1892_1946,vista_ajustados,20898,millones de USD,"dato de fecha de balance, estimado en parte",,"Junta de Gobernadores del Sistema de la Reserva Federal, Banking and Monetary Statistics, 1914-1941 (1943), Tabla 9, p. 34",
1924-12,1924-12-31,dinero_eeuu_1892_1946,plazo_comerciales,15280,millones de USD,"dato de fecha de balance, estimado en parte",,"Junta de Gobernadores del Sistema de la Reserva Federal, Banking and Monetary Statistics, 1914-1941 (1943), Tabla 9, p. 34",
1924-12,1924-12-31,dinero_eeuu_1892_1946,total,39874,millones de USD,"dato de fecha de balance, estimado en parte",,"Junta de Gobernadores del Sistema de la Reserva Federal, Banking and Monetary Statistics, 1914-1941 (1943), Tabla 9, p. 34",
1925-06,1925-06-30,dinero_eeuu_1892_1946,efectivo,3573,millones de USD,"dato de fecha de balance, estimado en parte",,"Junta de Gobernadores del Sistema de la Reserva Federal, Banking and Monetary Statistics, 1914-1941 (1943), Tabla 9, p. 34",
1925-06,1925-06-30,dinero_eeuu_1892_1946,vista_ajustados,21376,millones de USD,"dato de fecha de balance, estimado en parte",,"Junta de Gobernadores del Sistema de la Reserva Federal, Banking and Monetary Statistics, 1914-1941 (1943), Tabla 9, p. 34",
1925-06,1925-06-30,dinero_eeuu_1892_1946,plazo_comerciales,15974,millones de USD,"dato de fecha de balance, estimado en parte",,"Junta de Gobernadores del Sistema de la Reserva Federal, Banking and Monetary Statistics, 1914-1941 (1943), Tabla 9, p. 34",
1925-06,1925-06-30,dinero_eeuu_1892_1946,total,40923,millones de USD,"dato de fecha de balance, estimado en parte",,"Junta de Gobernadores del Sistema de la Reserva Federal, Banking and Monetary Statistics, 1914-1941 (1943), Tabla 9, p. 34",
1925-12,1925-12-31,dinero_eeuu_1892_1946,efectivo,3771,millones de USD,"dato de fecha de balance, estimado en parte",,"Junta de Gobernadores del Sistema de la Reserva Federal, Banking and Monetary Statistics, 1914-1941 (1943), Tabla 9, p. 34",
1925-12,1925-12-31,dinero_eeuu_1892_1946,vista_ajustados,22288,millones de USD,"dato de fecha de balance, estimado en parte",,"Junta de Gobernadores del Sistema de la Reserva Federal, Banking and Monetary Statistics, 1914-1941 (1943), Tabla 9, p. 34",
1925-12,1925-12-31,dinero_eeuu_1892_1946,plazo_comerciales,16570,millones de USD,"dato de fecha de balance, estimado en parte",,"Junta de Gobernadores del Sistema de la Reserva Federal, Banking and Monetary Statistics, 1914-1941 (1943), Tabla 9, p. 34",
1925-12,1925-12-31,dinero_eeuu_1892_1946,total,42629,millones de USD,"dato de fecha de balance, estimado en parte",,"Junta de Gobernadores del Sistema de la Reserva Federal, Banking and Monetary Statistics, 1914-1941 (1943), Tabla 9, p. 34",
1926-06,1926-06-30,dinero_eeuu_1892_1946,efectivo,3601,millones de USD,"dato de fecha de balance, estimado en parte",,"Junta de Gobernadores del Sistema de la Reserva Federal, Banking and Monetary Statistics, 1914-1941 (1943), Tabla 9, p. 34",
1926-06,1926-06-30,dinero_eeuu_1892_1946,vista_ajustados,22000,millones de USD,"dato de fecha de balance, estimado en parte",,"Junta de Gobernadores del Sistema de la Reserva Federal, Banking and Monetary Statistics, 1914-1941 (1943), Tabla 9, p. 34",
1926-06,1926-06-30,dinero_eeuu_1892_1946,plazo_comerciales,17125,millones de USD,"dato de fecha de balance, estimado en parte",,"Junta de Gobernadores del Sistema de la Reserva Federal, Banking and Monetary Statistics, 1914-1941 (1943), Tabla 9, p. 34",
1926-06,1926-06-30,dinero_eeuu_1892_1946,total,42726,millones de USD,"dato de fecha de balance, estimado en parte",,"Junta de Gobernadores del Sistema de la Reserva Federal, Banking and Monetary Statistics, 1914-1941 (1943), Tabla 9, p. 34",
1926-12,1926-12-31,dinero_eeuu_1892_1946,efectivo,3827,millones de USD,"dato de fecha de balance, estimado en parte",,"Junta de Gobernadores del Sistema de la Reserva Federal, Banking and Monetary Statistics, 1914-1941 (1943), Tabla 9, p. 34",
1926-12,1926-12-31,dinero_eeuu_1892_1946,vista_ajustados,21721,millones de USD,"dato de fecha de balance, estimado en parte",,"Junta de Gobernadores del Sistema de la Reserva Federal, Banking and Monetary Statistics, 1914-1941 (1943), Tabla 9, p. 34",
1926-12,1926-12-31,dinero_eeuu_1892_1946,plazo_comerciales,17508,millones de USD,"dato de fecha de balance, estimado en parte",,"Junta de Gobernadores del Sistema de la Reserva Federal, Banking and Monetary Statistics, 1914-1941 (1943), Tabla 9, p. 34",
1926-12,1926-12-31,dinero_eeuu_1892_1946,total,43056,millones de USD,"dato de fecha de balance, estimado en parte",,"Junta de Gobernadores del Sistema de la Reserva Federal, Banking and Monetary Statistics, 1914-1941 (1943), Tabla 9, p. 34",
1927-06,1927-06-30,dinero_eeuu_1892_1946,efectivo,3556,millones de USD,"dato de fecha de balance, estimado en parte",,"Junta de Gobernadores del Sistema de la Reserva Federal, Banking and Monetary Statistics, 1914-1941 (1943), Tabla 9, p. 34",
1927-06,1927-06-30,dinero_eeuu_1892_1946,vista_ajustados,21983,millones de USD,"dato de fecha de balance, estimado en parte",,"Junta de Gobernadores del Sistema de la Reserva Federal, Banking and Monetary Statistics, 1914-1941 (1943), Tabla 9, p. 34",
1927-06,1927-06-30,dinero_eeuu_1892_1946,plazo_comerciales,18306,millones de USD,"dato de fecha de balance, estimado en parte",,"Junta de Gobernadores del Sistema de la Reserva Federal, Banking and Monetary Statistics, 1914-1941 (1943), Tabla 9, p. 34",
1927-06,1927-06-30,dinero_eeuu_1892_1946,total,43845,millones de USD,"dato de fecha de balance, estimado en parte",,"Junta de Gobernadores del Sistema de la Reserva Federal, Banking and Monetary Statistics, 1914-1941 (1943), Tabla 9, p. 34",
1927-12,1927-12-31,dinero_eeuu_1892_1946,efectivo,3700,millones de USD,"dato de fecha de balance, estimado en parte",,"Junta de Gobernadores del Sistema de la Reserva Federal, Banking and Monetary Statistics, 1914-1941 (1943), Tabla 9, p. 34",
1927-12,1927-12-31,dinero_eeuu_1892_1946,vista_ajustados,22730,millones de USD,"dato de fecha de balance, estimado en parte",,"Junta de Gobernadores del Sistema de la Reserva Federal, Banking and Monetary Statistics, 1914-1941 (1943), Tabla 9, p. 34",
1927-12,1927-12-31,dinero_eeuu_1892_1946,plazo_comerciales,18962,millones de USD,"dato de fecha de balance, estimado en parte",,"Junta de Gobernadores del Sistema de la Reserva Federal, Banking and Monetary Statistics, 1914-1941 (1943), Tabla 9, p. 34",
1927-12,1927-12-31,dinero_eeuu_1892_1946,total,45392,millones de USD,"dato de fecha de balance, estimado en parte",,"Junta de Gobernadores del Sistema de la Reserva Federal, Banking and Monetary Statistics, 1914-1941 (1943), Tabla 9, p. 34",
1928-06,1928-06-30,dinero_eeuu_1892_1946,efectivo,3622,millones de USD,"dato de fecha de balance, estimado en parte",,"Junta de Gobernadores del Sistema de la Reserva Federal, Banking and Monetary Statistics, 1914-1941 (1943), Tabla 9, p. 34",
1928-06,1928-06-30,dinero_eeuu_1892_1946,vista_ajustados,22259,millones de USD,"dato de fecha de balance, estimado en parte",,"Junta de Gobernadores del Sistema de la Reserva Federal, Banking and Monetary Statistics, 1914-1941 (1943), Tabla 9, p. 34",
1928-06,1928-06-30,dinero_eeuu_1892_1946,plazo_comerciales,19802,millones de USD,"dato de fecha de balance, estimado en parte",,"Junta de Gobernadores del Sistema de la Reserva Federal, Banking and Monetary Statistics, 1914-1941 (1943), Tabla 9, p. 34",
1928-06,1928-06-30,dinero_eeuu_1892_1946,total,45683,millones de USD,"dato de fecha de balance, estimado en parte",,"Junta de Gobernadores del Sistema de la Reserva Federal, Banking and Monetary Statistics, 1914-1941 (1943), Tabla 9, p. 34",
1928-12,1928-12-31,dinero_eeuu_1892_1946,efectivo,3593,millones de USD,"dato de fecha de balance, estimado en parte",,"Junta de Gobernadores del Sistema de la Reserva Federal, Banking and Monetary Statistics, 1914-1941 (1943), Tabla 9, p. 34",
1928-12,1928-12-31,dinero_eeuu_1892_1946,vista_ajustados,23081,millones de USD,"dato de fecha de balance, estimado en parte",,"Junta de Gobernadores del Sistema de la Reserva Federal, Banking and Monetary Statistics, 1914-1941 (1943), Tabla 9, p. 34",
1928-12,1928-12-31,dinero_eeuu_1892_1946,plazo_comerciales,19761,millones de USD,"dato de fecha de balance, estimado en parte",,"Junta de Gobernadores del Sistema de la Reserva Federal, Banking and Monetary Statistics, 1914-1941 (1943), Tabla 9, p. 34",
1928-12,1928-12-31,dinero_eeuu_1892_1946,total,46435,millones de USD,"dato de fecha de balance, estimado en parte",,"Junta de Gobernadores del Sistema de la Reserva Federal, Banking and Monetary Statistics, 1914-1941 (1943), Tabla 9, p. 34",
1929-06,1929-06-29,dinero_eeuu_1892_1946,efectivo,3639,millones de USD,"dato de fecha de balance, estimado en parte",,"Junta de Gobernadores del Sistema de la Reserva Federal, Banking and Monetary Statistics, 1914-1941 (1943), Tabla 9, p. 34",
1929-06,1929-06-29,dinero_eeuu_1892_1946,vista_ajustados,22540,millones de USD,"dato de fecha de balance, estimado en parte",,"Junta de Gobernadores del Sistema de la Reserva Federal, Banking and Monetary Statistics, 1914-1941 (1943), Tabla 9, p. 34",
1929-06,1929-06-29,dinero_eeuu_1892_1946,plazo_comerciales,19557,millones de USD,"dato de fecha de balance, estimado en parte",,"Junta de Gobernadores del Sistema de la Reserva Federal, Banking and Monetary Statistics, 1914-1941 (1943), Tabla 9, p. 34",
1929-06,1929-06-29,dinero_eeuu_1892_1946,total,45736,millones de USD,"dato de fecha de balance, estimado en parte",,"Junta de Gobernadores del Sistema de la Reserva Federal, Banking and Monetary Statistics, 1914-1941 (1943), Tabla 9, p. 34",
1929-12,1929-12-31,dinero_eeuu_1892_1946,efectivo,3557,millones de USD,"dato de fecha de balance, estimado en parte",,"Junta de Gobernadores del Sistema de la Reserva Federal, Banking and Monetary Statistics, 1914-1941 (1943), Tabla 9, p. 34",
1929-12,1929-12-31,dinero_eeuu_1892_1946,vista_ajustados,22809,millones de USD,"dato de fecha de balance, estimado en parte",,"Junta de Gobernadores del Sistema de la Reserva Federal, Banking and Monetary Statistics, 1914-1941 (1943), Tabla 9, p. 34",
1929-12,1929-12-31,dinero_eeuu_1892_1946,plazo_comerciales,19192,millones de USD,"dato de fecha de balance, estimado en parte",,"Junta de Gobernadores del Sistema de la Reserva Federal, Banking and Monetary Statistics, 1914-1941 (1943), Tabla 9, p. 34",
1929-12,1929-12-31,dinero_eeuu_1892_1946,total,45558,millones de USD,"dato de fecha de balance, estimado en parte",,"Junta de Gobernadores del Sistema de la Reserva Federal, Banking and Monetary Statistics, 1914-1941 (1943), Tabla 9, p. 34",
1930-06,1930-06-30,dinero_eeuu_1892_1946,efectivo,3369,millones de USD,"dato de fecha de balance, estimado en parte",,"Junta de Gobernadores del Sistema de la Reserva Federal, Banking and Monetary Statistics, 1914-1941 (1943), Tabla 9, p. 34",
1930-06,1930-06-30,dinero_eeuu_1892_1946,vista_ajustados,21706,millones de USD,"dato de fecha de balance, estimado en parte",,"Junta de Gobernadores del Sistema de la Reserva Federal, Banking and Monetary Statistics, 1914-1941 (1943), Tabla 9, p. 34",
1930-06,1930-06-30,dinero_eeuu_1892_1946,plazo_comerciales,19705,millones de USD,"dato de fecha de balance, estimado en parte",,"Junta de Gobernadores del Sistema de la Reserva Federal, Banking and Monetary Statistics, 1914-1941 (1943), Tabla 9, p. 34",
1930-06,1930-06-30,dinero_eeuu_1892_1946,total,44780,millones de USD,"dato de fecha de balance, estimado en parte",,"Junta de Gobernadores del Sistema de la Reserva Federal, Banking and Monetary Statistics, 1914-1941 (1943), Tabla 9, p. 34",
1930-12,1930-12-31,dinero_eeuu_1892_1946,efectivo,3605,millones de USD,"dato de fecha de balance, estimado en parte",,"Junta de Gobernadores del Sistema de la Reserva Federal, Banking and Monetary Statistics, 1914-1941 (1943), Tabla 9, p. 34",
1930-12,1930-12-31,dinero_eeuu_1892_1946,vista_ajustados,20967,millones de USD,"dato de fecha de balance, estimado en parte",,"Junta de Gobernadores del Sistema de la Reserva Federal, Banking and Monetary Statistics, 1914-1941 (1943), Tabla 9, p. 34",
1930-12,1930-12-31,dinero_eeuu_1892_1946,plazo_comerciales,19012,millones de USD,"dato de fecha de balance, estimado en parte",,"Junta de Gobernadores del Sistema de la Reserva Federal, Banking and Monetary Statistics, 1914-1941 (1943), Tabla 9, p. 34",
1930-12,1930-12-31,dinero_eeuu_1892_1946,total,43584,millones de USD,"dato de fecha de balance, estimado en parte",,"Junta de Gobernadores del Sistema de la Reserva Federal, Banking and Monetary Statistics, 1914-1941 (1943), Tabla 9, p. 34",
1931-06,1931-06-30,dinero_eeuu_1892_1946,efectivo,3651,millones de USD,"dato de fecha de balance, estimado en parte",,"Junta de Gobernadores del Sistema de la Reserva Federal, Banking and Monetary Statistics, 1914-1941 (1943), Tabla 9, p. 34",
1931-06,1931-06-30,dinero_eeuu_1892_1946,vista_ajustados,19832,millones de USD,"dato de fecha de balance, estimado en parte",,"Junta de Gobernadores del Sistema de la Reserva Federal, Banking and Monetary Statistics, 1914-1941 (1943), Tabla 9, p. 34",
1931-06,1931-06-30,dinero_eeuu_1892_1946,plazo_comerciales,18691,millones de USD,"dato de fecha de balance, estimado en parte",,"Junta de Gobernadores del Sistema de la Reserva Federal, Banking and Monetary Statistics, 1914-1941 (1943), Tabla 9, p. 34",
1931-06,1931-06-30,dinero_eeuu_1892_1946,total,42174,millones de USD,"dato de fecha de balance, estimado en parte",,"Junta de Gobernadores del Sistema de la Reserva Federal, Banking and Monetary Statistics, 1914-1941 (1943), Tabla 9, p. 34",
1931-12,1931-12-31,dinero_eeuu_1892_1946,efectivo,4470,millones de USD,"dato de fecha de balance, estimado en parte",,"Junta de Gobernadores del Sistema de la Reserva Federal, Banking and Monetary Statistics, 1914-1941 (1943), Tabla 9, p. 34",
1931-12,1931-12-31,dinero_eeuu_1892_1946,vista_ajustados,17412,millones de USD,"dato de fecha de balance, estimado en parte",,"Junta de Gobernadores del Sistema de la Reserva Federal, Banking and Monetary Statistics, 1914-1941 (1943), Tabla 9, p. 34",
1931-12,1931-12-31,dinero_eeuu_1892_1946,plazo_comerciales,15366,millones de USD,"dato de fecha de balance, estimado en parte",,"Junta de Gobernadores del Sistema de la Reserva Federal, Banking and Monetary Statistics, 1914-1941 (1943), Tabla 9, p. 34",
1931-12,1931-12-31,dinero_eeuu_1892_1946,total,37248,millones de USD,"dato de fecha de balance, estimado en parte",,"Junta de Gobernadores del Sistema de la Reserva Federal, Banking and Monetary Statistics, 1914-1941 (1943), Tabla 9, p. 34",
1932-06,1932-06-30,dinero_eeuu_1892_1946,efectivo,4616,millones de USD,"dato de fecha de balance, estimado en parte",,"Junta de Gobernadores del Sistema de la Reserva Federal, Banking and Monetary Statistics, 1914-1941 (1943), Tabla 9, p. 34",
1932-06,1932-06-30,dinero_eeuu_1892_1946,vista_ajustados,15625,millones de USD,"dato de fecha de balance, estimado en parte",,"Junta de Gobernadores del Sistema de la Reserva Federal, Banking and Monetary Statistics, 1914-1941 (1943), Tabla 9, p. 34",
1932-06,1932-06-30,dinero_eeuu_1892_1946,plazo_comerciales,14049,millones de USD,"dato de fecha de balance, estimado en parte",,"Junta de Gobernadores del Sistema de la Reserva Federal, Banking and Monetary Statistics, 1914-1941 (1943), Tabla 9, p. 34",
1932-06,1932-06-30,dinero_eeuu_1892_1946,total,34290,millones de USD,"dato de fecha de balance, estimado en parte",,"Junta de Gobernadores del Sistema de la Reserva Federal, Banking and Monetary Statistics, 1914-1941 (1943), Tabla 9, p. 34",
1932-12,1932-12-31,dinero_eeuu_1892_1946,efectivo,4669,millones de USD,"dato de fecha de balance, estimado en parte",,"Junta de Gobernadores del Sistema de la Reserva Federal, Banking and Monetary Statistics, 1914-1941 (1943), Tabla 9, p. 34",
1932-12,1932-12-31,dinero_eeuu_1892_1946,vista_ajustados,15728,millones de USD,"dato de fecha de balance, estimado en parte",,"Junta de Gobernadores del Sistema de la Reserva Federal, Banking and Monetary Statistics, 1914-1941 (1943), Tabla 9, p. 34",
1932-12,1932-12-31,dinero_eeuu_1892_1946,plazo_comerciales,13631,millones de USD,"dato de fecha de balance, estimado en parte",,"Junta de Gobernadores del Sistema de la Reserva Federal, Banking and Monetary Statistics, 1914-1941 (1943), Tabla 9, p. 34",
1932-12,1932-12-31,dinero_eeuu_1892_1946,total,34028,millones de USD,"dato de fecha de balance, estimado en parte",,"Junta de Gobernadores del Sistema de la Reserva Federal, Banking and Monetary Statistics, 1914-1941 (1943), Tabla 9, p. 34",
1933-06,1933-06-30,dinero_eeuu_1892_1946,efectivo,4761,millones de USD,"dato de fecha de balance, estimado en parte",,"Junta de Gobernadores del Sistema de la Reserva Federal, Banking and Monetary Statistics, 1914-1941 (1943), Tabla 9, p. 34",
1933-06,1933-06-30,dinero_eeuu_1892_1946,vista_ajustados,14411,millones de USD,"dato de fecha de balance, estimado en parte",,"Junta de Gobernadores del Sistema de la Reserva Federal, Banking and Monetary Statistics, 1914-1941 (1943), Tabla 9, p. 34",
1933-06,1933-06-30,dinero_eeuu_1892_1946,plazo_comerciales,10849,millones de USD,"dato de fecha de balance, estimado en parte",,"Junta de Gobernadores del Sistema de la Reserva Federal, Banking and Monetary Statistics, 1914-1941 (1943), Tabla 9, p. 34",
1933-06,1933-06-30,dinero_eeuu_1892_1946,total,30021,millones de USD,"dato de fecha de balance, estimado en parte",,"Junta de Gobernadores del Sistema de la Reserva Federal, Banking and Monetary Statistics, 1914-1941 (1943), Tabla 9, p. 34",
1933-12,1933-12-30,dinero_eeuu_1892_1946,efectivo,4782,millones de USD,"dato de fecha de balance, estimado en parte",,"Junta de Gobernadores del Sistema de la Reserva Federal, Banking and Monetary Statistics, 1914-1941 (1943), Tabla 9, p. 34",
1933-12,1933-12-30,dinero_eeuu_1892_1946,vista_ajustados,15035,millones de USD,"dato de fecha de balance, estimado en parte",,"Junta de Gobernadores del Sistema de la Reserva Federal, Banking and Monetary Statistics, 1914-1941 (1943), Tabla 9, p. 34",
1933-12,1933-12-30,dinero_eeuu_1892_1946,plazo_comerciales,11019,millones de USD,"dato de fecha de balance, estimado en parte",,"Junta de Gobernadores del Sistema de la Reserva Federal, Banking and Monetary Statistics, 1914-1941 (1943), Tabla 9, p. 34",
1933-12,1933-12-30,dinero_eeuu_1892_1946,total,30836,millones de USD,"dato de fecha de balance, estimado en parte",,"Junta de Gobernadores del Sistema de la Reserva Federal, Banking and Monetary Statistics, 1914-1941 (1943), Tabla 9, p. 34",
1934-06,1934-06-30,dinero_eeuu_1892_1946,efectivo,4659,millones de USD,"dato de fecha de balance, estimado en parte",,"Junta de Gobernadores del Sistema de la Reserva Federal, Banking and Monetary Statistics, 1914-1941 (1943), Tabla 9, p. 35",
1934-06,1934-06-30,dinero_eeuu_1892_1946,vista_ajustados,16694,millones de USD,"dato de fecha de balance, estimado en parte",,"Junta de Gobernadores del Sistema de la Reserva Federal, Banking and Monetary Statistics, 1914-1941 (1943), Tabla 9, p. 35",
1934-06,1934-06-30,dinero_eeuu_1892_1946,plazo_comerciales,11988,millones de USD,"dato de fecha de balance, estimado en parte",,"Junta de Gobernadores del Sistema de la Reserva Federal, Banking and Monetary Statistics, 1914-1941 (1943), Tabla 9, p. 35",
1934-06,1934-06-30,dinero_eeuu_1892_1946,total,33341,millones de USD,"dato de fecha de balance, estimado en parte",,"Junta de Gobernadores del Sistema de la Reserva Federal, Banking and Monetary Statistics, 1914-1941 (1943), Tabla 9, p. 35",
1934-12,1934-12-31,dinero_eeuu_1892_1946,efectivo,4655,millones de USD,"dato de fecha de balance, estimado en parte",,"Junta de Gobernadores del Sistema de la Reserva Federal, Banking and Monetary Statistics, 1914-1941 (1943), Tabla 9, p. 35",
1934-12,1934-12-31,dinero_eeuu_1892_1946,vista_ajustados,18459,millones de USD,"dato de fecha de balance, estimado en parte",,"Junta de Gobernadores del Sistema de la Reserva Federal, Banking and Monetary Statistics, 1914-1941 (1943), Tabla 9, p. 35",
1934-12,1934-12-31,dinero_eeuu_1892_1946,plazo_comerciales,12213,millones de USD,"dato de fecha de balance, estimado en parte",,"Junta de Gobernadores del Sistema de la Reserva Federal, Banking and Monetary Statistics, 1914-1941 (1943), Tabla 9, p. 35",
1934-12,1934-12-31,dinero_eeuu_1892_1946,total,35327,millones de USD,"dato de fecha de balance, estimado en parte",,"Junta de Gobernadores del Sistema de la Reserva Federal, Banking and Monetary Statistics, 1914-1941 (1943), Tabla 9, p. 35",
1935-06,1935-06-29,dinero_eeuu_1892_1946,efectivo,4783,millones de USD,"dato de fecha de balance, estimado en parte",,"Junta de Gobernadores del Sistema de la Reserva Federal, Banking and Monetary Statistics, 1914-1941 (1943), Tabla 9, p. 35",
1935-06,1935-06-29,dinero_eeuu_1892_1946,vista_ajustados,20433,millones de USD,"dato de fecha de balance, estimado en parte",,"Junta de Gobernadores del Sistema de la Reserva Federal, Banking and Monetary Statistics, 1914-1941 (1943), Tabla 9, p. 35",
1935-06,1935-06-29,dinero_eeuu_1892_1946,plazo_comerciales,12820,millones de USD,"dato de fecha de balance, estimado en parte",,"Junta de Gobernadores del Sistema de la Reserva Federal, Banking and Monetary Statistics, 1914-1941 (1943), Tabla 9, p. 35",
1935-06,1935-06-29,dinero_eeuu_1892_1946,total,38036,millones de USD,"dato de fecha de balance, estimado en parte",,"Junta de Gobernadores del Sistema de la Reserva Federal, Banking and Monetary Statistics, 1914-1941 (1943), Tabla 9, p. 35",
1935-12,1935-12-31,dinero_eeuu_1892_1946,efectivo,4917,millones de USD,"dato de fecha de balance, estimado en parte",,"Junta de Gobernadores del Sistema de la Reserva Federal, Banking and Monetary Statistics, 1914-1941 (1943), Tabla 9, p. 35",
1935-12,1935-12-31,dinero_eeuu_1892_1946,vista_ajustados,22115,millones de USD,"dato de fecha de balance, estimado en parte",,"Junta de Gobernadores del Sistema de la Reserva Federal, Banking and Monetary Statistics, 1914-1941 (1943), Tabla 9, p. 35",
1935-12,1935-12-31,dinero_eeuu_1892_1946,plazo_comerciales,13170,millones de USD,"dato de fecha de balance, estimado en parte",,"Junta de Gobernadores del Sistema de la Reserva Federal, Banking and Monetary Statistics, 1914-1941 (1943), Tabla 9, p. 35",
1935-12,1935-12-31,dinero_eeuu_1892_1946,total,40202,millones de USD,"dato de fecha de balance, estimado en parte",,"Junta de Gobernadores del Sistema de la Reserva Federal, Banking and Monetary Statistics, 1914-1941 (1943), Tabla 9, p. 35",
1936-06,1936-06-30,dinero_eeuu_1892_1946,efectivo,5222,millones de USD,"dato de fecha de balance, estimado en parte",,"Junta de Gobernadores del Sistema de la Reserva Federal, Banking and Monetary Statistics, 1914-1941 (1943), Tabla 9, p. 35",
1936-06,1936-06-30,dinero_eeuu_1892_1946,vista_ajustados,23780,millones de USD,"dato de fecha de balance, estimado en parte",,"Junta de Gobernadores del Sistema de la Reserva Federal, Banking and Monetary Statistics, 1914-1941 (1943), Tabla 9, p. 35",
1936-06,1936-06-30,dinero_eeuu_1892_1946,plazo_comerciales,13706,millones de USD,"dato de fecha de balance, estimado en parte",,"Junta de Gobernadores del Sistema de la Reserva Federal, Banking and Monetary Statistics, 1914-1941 (1943), Tabla 9, p. 35",
1936-06,1936-06-30,dinero_eeuu_1892_1946,total,42708,millones de USD,"dato de fecha de balance, estimado en parte",,"Junta de Gobernadores del Sistema de la Reserva Federal, Banking and Monetary Statistics, 1914-1941 (1943), Tabla 9, p. 35",
1936-12,1936-12-31,dinero_eeuu_1892_1946,efectivo,5516,millones de USD,"dato de fecha de balance, estimado en parte",,"Junta de Gobernadores del Sistema de la Reserva Federal, Banking and Monetary Statistics, 1914-1941 (1943), Tabla 9, p. 35",
1936-12,1936-12-31,dinero_eeuu_1892_1946,vista_ajustados,25483,millones de USD,"dato de fecha de balance, estimado en parte",,"Junta de Gobernadores del Sistema de la Reserva Federal, Banking and Monetary Statistics, 1914-1941 (1943), Tabla 9, p. 35",
1936-12,1936-12-31,dinero_eeuu_1892_1946,plazo_comerciales,14046,millones de USD,"dato de fecha de balance, estimado en parte",,"Junta de Gobernadores del Sistema de la Reserva Federal, Banking and Monetary Statistics, 1914-1941 (1943), Tabla 9, p. 35",
1936-12,1936-12-31,dinero_eeuu_1892_1946,total,45045,millones de USD,"dato de fecha de balance, estimado en parte",,"Junta de Gobernadores del Sistema de la Reserva Federal, Banking and Monetary Statistics, 1914-1941 (1943), Tabla 9, p. 35",
1937-06,1937-06-30,dinero_eeuu_1892_1946,efectivo,5489,millones de USD,"dato de fecha de balance, estimado en parte",,"Junta de Gobernadores del Sistema de la Reserva Federal, Banking and Monetary Statistics, 1914-1941 (1943), Tabla 9, p. 35",
1937-06,1937-06-30,dinero_eeuu_1892_1946,vista_ajustados,25198,millones de USD,"dato de fecha de balance, estimado en parte",,"Junta de Gobernadores del Sistema de la Reserva Federal, Banking and Monetary Statistics, 1914-1941 (1943), Tabla 9, p. 35",
1937-06,1937-06-30,dinero_eeuu_1892_1946,plazo_comerciales,14513,millones de USD,"dato de fecha de balance, estimado en parte",,"Junta de Gobernadores del Sistema de la Reserva Federal, Banking and Monetary Statistics, 1914-1941 (1943), Tabla 9, p. 35",
1937-06,1937-06-30,dinero_eeuu_1892_1946,total,45200,millones de USD,"dato de fecha de balance, estimado en parte",,"Junta de Gobernadores del Sistema de la Reserva Federal, Banking and Monetary Statistics, 1914-1941 (1943), Tabla 9, p. 35",
1937-12,1937-12-31,dinero_eeuu_1892_1946,efectivo,5638,millones de USD,"dato de fecha de balance, estimado en parte",,"Junta de Gobernadores del Sistema de la Reserva Federal, Banking and Monetary Statistics, 1914-1941 (1943), Tabla 9, p. 35",
1937-12,1937-12-31,dinero_eeuu_1892_1946,vista_ajustados,23959,millones de USD,"dato de fecha de balance, estimado en parte",,"Junta de Gobernadores del Sistema de la Reserva Federal, Banking and Monetary Statistics, 1914-1941 (1943), Tabla 9, p. 35",
1937-12,1937-12-31,dinero_eeuu_1892_1946,plazo_comerciales,14779,millones de USD,"dato de fecha de balance, estimado en parte",,"Junta de Gobernadores del Sistema de la Reserva Federal, Banking and Monetary Statistics, 1914-1941 (1943), Tabla 9, p. 35",
1937-12,1937-12-31,dinero_eeuu_1892_1946,total,44376,millones de USD,"dato de fecha de balance, estimado en parte",,"Junta de Gobernadores del Sistema de la Reserva Federal, Banking and Monetary Statistics, 1914-1941 (1943), Tabla 9, p. 35",
1938-06,1938-06-30,dinero_eeuu_1892_1946,efectivo,5417,millones de USD,"dato de fecha de balance, estimado en parte",,"Junta de Gobernadores del Sistema de la Reserva Federal, Banking and Monetary Statistics, 1914-1941 (1943), Tabla 9, p. 35",
1938-06,1938-06-30,dinero_eeuu_1892_1946,vista_ajustados,24313,millones de USD,"dato de fecha de balance, estimado en parte",,"Junta de Gobernadores del Sistema de la Reserva Federal, Banking and Monetary Statistics, 1914-1941 (1943), Tabla 9, p. 35",
1938-06,1938-06-30,dinero_eeuu_1892_1946,plazo_comerciales,14776,millones de USD,"dato de fecha de balance, estimado en parte",,"Junta de Gobernadores del Sistema de la Reserva Federal, Banking and Monetary Statistics, 1914-1941 (1943), Tabla 9, p. 35",
1938-06,1938-06-30,dinero_eeuu_1892_1946,total,44506,millones de USD,"dato de fecha de balance, estimado en parte",,"Junta de Gobernadores del Sistema de la Reserva Federal, Banking and Monetary Statistics, 1914-1941 (1943), Tabla 9, p. 35",
1938-12,1938-12-31,dinero_eeuu_1892_1946,efectivo,5775,millones de USD,"dato de fecha de balance, estimado en parte",,"Junta de Gobernadores del Sistema de la Reserva Federal, Banking and Monetary Statistics, 1914-1941 (1943), Tabla 9, p. 35",
1938-12,1938-12-31,dinero_eeuu_1892_1946,vista_ajustados,25986,millones de USD,"dato de fecha de balance, estimado en parte",,"Junta de Gobernadores del Sistema de la Reserva Federal, Banking and Monetary Statistics, 1914-1941 (1943), Tabla 9, p. 35",
1938-12,1938-12-31,dinero_eeuu_1892_1946,plazo_comerciales,14776,millones de USD,"dato de fecha de balance, estimado en parte",,"Junta de Gobernadores del Sistema de la Reserva Federal, Banking and Monetary Statistics, 1914-1941 (1943), Tabla 9, p. 35",
1938-12,1938-12-31,dinero_eeuu_1892_1946,total,46537,millones de USD,"dato de fecha de balance, estimado en parte",,"Junta de Gobernadores del Sistema de la Reserva Federal, Banking and Monetary Statistics, 1914-1941 (1943), Tabla 9, p. 35",
1939-06,1939-06-30,dinero_eeuu_1892_1946,efectivo,6005,millones de USD,"dato de fecha de balance, estimado en parte",,"Junta de Gobernadores del Sistema de la Reserva Federal, Banking and Monetary Statistics, 1914-1941 (1943), Tabla 9, p. 35",
1939-06,1939-06-30,dinero_eeuu_1892_1946,vista_ajustados,27355,millones de USD,"dato de fecha de balance, estimado en parte",,"Junta de Gobernadores del Sistema de la Reserva Federal, Banking and Monetary Statistics, 1914-1941 (1943), Tabla 9, p. 35",
1939-06,1939-06-30,dinero_eeuu_1892_1946,plazo_comerciales,15097,millones de USD,"dato de fecha de balance, estimado en parte",,"Junta de Gobernadores del Sistema de la Reserva Federal, Banking and Monetary Statistics, 1914-1941 (1943), Tabla 9, p. 35",
1939-06,1939-06-30,dinero_eeuu_1892_1946,total,48457,millones de USD,"dato de fecha de balance, estimado en parte",,"Junta de Gobernadores del Sistema de la Reserva Federal, Banking and Monetary Statistics, 1914-1941 (1943), Tabla 9, p. 35",
1939-12,1939-12-30,dinero_eeuu_1892_1946,efectivo,6401,millones de USD,"dato de fecha de balance, estimado en parte",,"Junta de Gobernadores del Sistema de la Reserva Federal, Banking and Monetary Statistics, 1914-1941 (1943), Tabla 9, p. 35",
1939-12,1939-12-30,dinero_eeuu_1892_1946,vista_ajustados,29793,millones de USD,"dato de fecha de balance, estimado en parte",,"Junta de Gobernadores del Sistema de la Reserva Federal, Banking and Monetary Statistics, 1914-1941 (1943), Tabla 9, p. 35",
1939-12,1939-12-30,dinero_eeuu_1892_1946,plazo_comerciales,15258,millones de USD,"dato de fecha de balance, estimado en parte",,"Junta de Gobernadores del Sistema de la Reserva Federal, Banking and Monetary Statistics, 1914-1941 (1943), Tabla 9, p. 35",
1939-12,1939-12-30,dinero_eeuu_1892_1946,total,51452,millones de USD,"dato de fecha de balance, estimado en parte",,"Junta de Gobernadores del Sistema de la Reserva Federal, Banking and Monetary Statistics, 1914-1941 (1943), Tabla 9, p. 35",
1940-06,1940-06-29,dinero_eeuu_1892_1946,efectivo,6699,millones de USD,"dato de fecha de balance, estimado en parte",,"Junta de Gobernadores del Sistema de la Reserva Federal, Banking and Monetary Statistics, 1914-1941 (1943), Tabla 9, p. 35",
1940-06,1940-06-29,dinero_eeuu_1892_1946,vista_ajustados,31962,millones de USD,"dato de fecha de balance, estimado en parte",,"Junta de Gobernadores del Sistema de la Reserva Federal, Banking and Monetary Statistics, 1914-1941 (1943), Tabla 9, p. 35",
1940-06,1940-06-29,dinero_eeuu_1892_1946,plazo_comerciales,15540,millones de USD,"dato de fecha de balance, estimado en parte",,"Junta de Gobernadores del Sistema de la Reserva Federal, Banking and Monetary Statistics, 1914-1941 (1943), Tabla 9, p. 35",
1940-06,1940-06-29,dinero_eeuu_1892_1946,total,54201,millones de USD,"dato de fecha de balance, estimado en parte",,"Junta de Gobernadores del Sistema de la Reserva Federal, Banking and Monetary Statistics, 1914-1941 (1943), Tabla 9, p. 35",
1940-12,1940-12-31,dinero_eeuu_1892_1946,efectivo,7325,millones de USD,"dato de fecha de balance, estimado en parte",,"Junta de Gobernadores del Sistema de la Reserva Federal, Banking and Monetary Statistics, 1914-1941 (1943), Tabla 9, p. 35",
1940-12,1940-12-31,dinero_eeuu_1892_1946,vista_ajustados,34945,millones de USD,"dato de fecha de balance, estimado en parte",,"Junta de Gobernadores del Sistema de la Reserva Federal, Banking and Monetary Statistics, 1914-1941 (1943), Tabla 9, p. 35",
1940-12,1940-12-31,dinero_eeuu_1892_1946,plazo_comerciales,15777,millones de USD,"dato de fecha de balance, estimado en parte",,"Junta de Gobernadores del Sistema de la Reserva Federal, Banking and Monetary Statistics, 1914-1941 (1943), Tabla 9, p. 35",
1940-12,1940-12-31,dinero_eeuu_1892_1946,total,58047,millones de USD,"dato de fecha de balance, estimado en parte",,"Junta de Gobernadores del Sistema de la Reserva Federal, Banking and Monetary Statistics, 1914-1941 (1943), Tabla 9, p. 35",
1941-06,1941-06-30,dinero_eeuu_1892_1946,efectivo,8204,millones de USD,"dato de fecha de balance, estimado en parte",,"Junta de Gobernadores del Sistema de la Reserva Federal, Banking and Monetary Statistics, 1914-1941 (1943), Tabla 9, p. 35",
1941-06,1941-06-30,dinero_eeuu_1892_1946,vista_ajustados,37317,millones de USD,"dato de fecha de balance, estimado en parte",,"Junta de Gobernadores del Sistema de la Reserva Federal, Banking and Monetary Statistics, 1914-1941 (1943), Tabla 9, p. 35",
1941-06,1941-06-30,dinero_eeuu_1892_1946,plazo_comerciales,15928,millones de USD,"dato de fecha de balance, estimado en parte",,"Junta de Gobernadores del Sistema de la Reserva Federal, Banking and Monetary Statistics, 1914-1941 (1943), Tabla 9, p. 35",nota 5 de la Tabla 9: excluye tres cajas de ahorro mutuas que pasaron a ser miembros del Sistema de la Reserva en 1941
1941-06,1941-06-30,dinero_eeuu_1892_1946,total,61449,millones de USD,"dato de fecha de balance, estimado en parte",,"Junta de Gobernadores del Sistema de la Reserva Federal, Banking and Monetary Statistics, 1914-1941 (1943), Tabla 9, p. 35",nota 5 de la Tabla 9: excluye tres cajas de ahorro mutuas que pasaron a ser miembros del Sistema de la Reserva en 1941
1941-12,1941-12-31,dinero_eeuu_1892_1946,efectivo,9615,millones de USD,"dato de fecha de balance, estimado en parte",,"Junta de Gobernadores del Sistema de la Reserva Federal, Banking and Monetary Statistics, 1914-1941 (1943), Tabla 9, p. 35",
1941-12,1941-12-31,dinero_eeuu_1892_1946,vista_ajustados,38992,millones de USD,"dato de fecha de balance, estimado en parte",,"Junta de Gobernadores del Sistema de la Reserva Federal, Banking and Monetary Statistics, 1914-1941 (1943), Tabla 9, p. 35",
1941-12,1941-12-31,dinero_eeuu_1892_1946,plazo_comerciales,15884,millones de USD,"dato de fecha de balance, estimado en parte",,"Junta de Gobernadores del Sistema de la Reserva Federal, Banking and Monetary Statistics, 1914-1941 (1943), Tabla 9, p. 35",nota 5 de la Tabla 9: excluye tres cajas de ahorro mutuas que pasaron a ser miembros del Sistema de la Reserva en 1941
1941-12,1941-12-31,dinero_eeuu_1892_1946,total,64491,millones de USD,"dato de fecha de balance, estimado en parte",,"Junta de Gobernadores del Sistema de la Reserva Federal, Banking and Monetary Statistics, 1914-1941 (1943), Tabla 9, p. 35",nota 5 de la Tabla 9: excluye tres cajas de ahorro mutuas que pasaron a ser miembros del Sistema de la Reserva en 1941
1942-06,1942-06-30,dinero_eeuu_1892_1946,efectivo,10936,millones de USD,"dato de fecha de balance, estimado en parte",,"Junta de Gobernadores del Sistema de la Reserva Federal, Banking and Monetary Statistics, 1941-1970 (1976), Sección 1, p. 5 (continuación de la Tabla 9 para 1941-46)",
1942-06,1942-06-30,dinero_eeuu_1892_1946,vista_ajustados,41870,millones de USD,"dato de fecha de balance, estimado en parte",,"Junta de Gobernadores del Sistema de la Reserva Federal, Banking and Monetary Statistics, 1941-1970 (1976), Sección 1, p. 5 (continuación de la Tabla 9 para 1941-46)",
1942-06,1942-06-30,dinero_eeuu_1892_1946,plazo_comerciales,15610,millones de USD,"dato de fecha de balance, estimado en parte",,"Junta de Gobernadores del Sistema de la Reserva Federal, Banking and Monetary Statistics, 1941-1970 (1976), Sección 1, p. 5 (continuación de la Tabla 9 para 1941-46)",
1942-06,1942-06-30,dinero_eeuu_1892_1946,total,68416,millones de USD,"dato de fecha de balance, estimado en parte",,"Junta de Gobernadores del Sistema de la Reserva Federal, Banking and Monetary Statistics, 1941-1970 (1976), Sección 1, p. 5 (continuación de la Tabla 9 para 1941-46)",
1942-12,1942-12-31,dinero_eeuu_1892_1946,efectivo,13946,millones de USD,"dato de fecha de balance, estimado en parte",,"Junta de Gobernadores del Sistema de la Reserva Federal, Banking and Monetary Statistics, 1941-1970 (1976), Sección 1, p. 5 (continuación de la Tabla 9 para 1941-46)",
1942-12,1942-12-31,dinero_eeuu_1892_1946,vista_ajustados,48922,millones de USD,"dato de fecha de balance, estimado en parte",,"Junta de Gobernadores del Sistema de la Reserva Federal, Banking and Monetary Statistics, 1941-1970 (1976), Sección 1, p. 5 (continuación de la Tabla 9 para 1941-46)",
1942-12,1942-12-31,dinero_eeuu_1892_1946,plazo_comerciales,16352,millones de USD,"dato de fecha de balance, estimado en parte",,"Junta de Gobernadores del Sistema de la Reserva Federal, Banking and Monetary Statistics, 1941-1970 (1976), Sección 1, p. 5 (continuación de la Tabla 9 para 1941-46)",
1942-12,1942-12-31,dinero_eeuu_1892_1946,total,79220,millones de USD,"dato de fecha de balance, estimado en parte",,"Junta de Gobernadores del Sistema de la Reserva Federal, Banking and Monetary Statistics, 1941-1970 (1976), Sección 1, p. 5 (continuación de la Tabla 9 para 1941-46)",
1943-06,1943-06-30,dinero_eeuu_1892_1946,efectivo,15814,millones de USD,"dato de fecha de balance, estimado en parte",,"Junta de Gobernadores del Sistema de la Reserva Federal, Banking and Monetary Statistics, 1941-1970 (1976), Sección 1, p. 5 (continuación de la Tabla 9 para 1941-46)",
1943-06,1943-06-30,dinero_eeuu_1892_1946,vista_ajustados,56039,millones de USD,"dato de fecha de balance, estimado en parte",,"Junta de Gobernadores del Sistema de la Reserva Federal, Banking and Monetary Statistics, 1941-1970 (1976), Sección 1, p. 5 (continuación de la Tabla 9 para 1941-46)",
1943-06,1943-06-30,dinero_eeuu_1892_1946,plazo_comerciales,17543,millones de USD,"dato de fecha de balance, estimado en parte",,"Junta de Gobernadores del Sistema de la Reserva Federal, Banking and Monetary Statistics, 1941-1970 (1976), Sección 1, p. 5 (continuación de la Tabla 9 para 1941-46)",
1943-06,1943-06-30,dinero_eeuu_1892_1946,total,89396,millones de USD,"dato de fecha de balance, estimado en parte",,"Junta de Gobernadores del Sistema de la Reserva Federal, Banking and Monetary Statistics, 1941-1970 (1976), Sección 1, p. 5 (continuación de la Tabla 9 para 1941-46)",
1943-12,1943-12-31,dinero_eeuu_1892_1946,efectivo,18837,millones de USD,"dato de fecha de balance, estimado en parte",,"Junta de Gobernadores del Sistema de la Reserva Federal, Banking and Monetary Statistics, 1941-1970 (1976), Sección 1, p. 5 (continuación de la Tabla 9 para 1941-46)",
1943-12,1943-12-31,dinero_eeuu_1892_1946,vista_ajustados,60803,millones de USD,"dato de fecha de balance, estimado en parte",,"Junta de Gobernadores del Sistema de la Reserva Federal, Banking and Monetary Statistics, 1941-1970 (1976), Sección 1, p. 5 (continuación de la Tabla 9 para 1941-46)",
1943-12,1943-12-31,dinero_eeuu_1892_1946,plazo_comerciales,19224,millones de USD,"dato de fecha de balance, estimado en parte",,"Junta de Gobernadores del Sistema de la Reserva Federal, Banking and Monetary Statistics, 1941-1970 (1976), Sección 1, p. 5 (continuación de la Tabla 9 para 1941-46)",
1943-12,1943-12-31,dinero_eeuu_1892_1946,total,98864,millones de USD,"dato de fecha de balance, estimado en parte",,"Junta de Gobernadores del Sistema de la Reserva Federal, Banking and Monetary Statistics, 1941-1970 (1976), Sección 1, p. 5 (continuación de la Tabla 9 para 1941-46)",
1944-06,1944-06-30,dinero_eeuu_1892_1946,efectivo,20881,millones de USD,"dato de fecha de balance, estimado en parte",,"Junta de Gobernadores del Sistema de la Reserva Federal, Banking and Monetary Statistics, 1941-1970 (1976), Sección 1, p. 5 (continuación de la Tabla 9 para 1941-46)",
1944-06,1944-06-30,dinero_eeuu_1892_1946,vista_ajustados,60065,millones de USD,"dato de fecha de balance, estimado en parte",,"Junta de Gobernadores del Sistema de la Reserva Federal, Banking and Monetary Statistics, 1941-1970 (1976), Sección 1, p. 5 (continuación de la Tabla 9 para 1941-46)",
1944-06,1944-06-30,dinero_eeuu_1892_1946,plazo_comerciales,21217,millones de USD,"dato de fecha de balance, estimado en parte",,"Junta de Gobernadores del Sistema de la Reserva Federal, Banking and Monetary Statistics, 1941-1970 (1976), Sección 1, p. 5 (continuación de la Tabla 9 para 1941-46)",
1944-06,1944-06-30,dinero_eeuu_1892_1946,total,102163,millones de USD,"dato de fecha de balance, estimado en parte",,"Junta de Gobernadores del Sistema de la Reserva Federal, Banking and Monetary Statistics, 1941-1970 (1976), Sección 1, p. 5 (continuación de la Tabla 9 para 1941-46)",
1944-12,1944-12-30,dinero_eeuu_1892_1946,efectivo,23505,millones de USD,"dato de fecha de balance, estimado en parte",,"Junta de Gobernadores del Sistema de la Reserva Federal, Banking and Monetary Statistics, 1941-1970 (1976), Sección 1, p. 5 (continuación de la Tabla 9 para 1941-46)",
1944-12,1944-12-30,dinero_eeuu_1892_1946,vista_ajustados,66930,millones de USD,"dato de fecha de balance, estimado en parte",,"Junta de Gobernadores del Sistema de la Reserva Federal, Banking and Monetary Statistics, 1941-1970 (1976), Sección 1, p. 5 (continuación de la Tabla 9 para 1941-46)",
1944-12,1944-12-30,dinero_eeuu_1892_1946,plazo_comerciales,24074,millones de USD,"dato de fecha de balance, estimado en parte",,"Junta de Gobernadores del Sistema de la Reserva Federal, Banking and Monetary Statistics, 1941-1970 (1976), Sección 1, p. 5 (continuación de la Tabla 9 para 1941-46)",
1944-12,1944-12-30,dinero_eeuu_1892_1946,total,114509,millones de USD,"dato de fecha de balance, estimado en parte",,"Junta de Gobernadores del Sistema de la Reserva Federal, Banking and Monetary Statistics, 1941-1970 (1976), Sección 1, p. 5 (continuación de la Tabla 9 para 1941-46)",
1945-06,1945-06-30,dinero_eeuu_1892_1946,efectivo,25097,millones de USD,"dato de fecha de balance, estimado en parte",,"Junta de Gobernadores del Sistema de la Reserva Federal, Banking and Monetary Statistics, 1941-1970 (1976), Sección 1, p. 5 (continuación de la Tabla 9 para 1941-46)",
1945-06,1945-06-30,dinero_eeuu_1892_1946,vista_ajustados,69053,millones de USD,"dato de fecha de balance, estimado en parte",,"Junta de Gobernadores del Sistema de la Reserva Federal, Banking and Monetary Statistics, 1941-1970 (1976), Sección 1, p. 5 (continuación de la Tabla 9 para 1941-46)",
1945-06,1945-06-30,dinero_eeuu_1892_1946,plazo_comerciales,27170,millones de USD,"dato de fecha de balance, estimado en parte",,"Junta de Gobernadores del Sistema de la Reserva Federal, Banking and Monetary Statistics, 1941-1970 (1976), Sección 1, p. 5 (continuación de la Tabla 9 para 1941-46)",
1945-06,1945-06-30,dinero_eeuu_1892_1946,total,121320,millones de USD,"dato de fecha de balance, estimado en parte",,"Junta de Gobernadores del Sistema de la Reserva Federal, Banking and Monetary Statistics, 1941-1970 (1976), Sección 1, p. 5 (continuación de la Tabla 9 para 1941-46)",
1945-12,1945-12-31,dinero_eeuu_1892_1946,efectivo,26490,millones de USD,"dato de fecha de balance, estimado en parte",,"Junta de Gobernadores del Sistema de la Reserva Federal, Banking and Monetary Statistics, 1941-1970 (1976), Sección 1, p. 5 (continuación de la Tabla 9 para 1941-46)",
1945-12,1945-12-31,dinero_eeuu_1892_1946,vista_ajustados,75851,millones de USD,"dato de fecha de balance, estimado en parte",,"Junta de Gobernadores del Sistema de la Reserva Federal, Banking and Monetary Statistics, 1941-1970 (1976), Sección 1, p. 5 (continuación de la Tabla 9 para 1941-46)",
1945-12,1945-12-31,dinero_eeuu_1892_1946,plazo_comerciales,30135,millones de USD,"dato de fecha de balance, estimado en parte",,"Junta de Gobernadores del Sistema de la Reserva Federal, Banking and Monetary Statistics, 1941-1970 (1976), Sección 1, p. 5 (continuación de la Tabla 9 para 1941-46)",
1945-12,1945-12-31,dinero_eeuu_1892_1946,total,132476,millones de USD,"dato de fecha de balance, estimado en parte",,"Junta de Gobernadores del Sistema de la Reserva Federal, Banking and Monetary Statistics, 1941-1970 (1976), Sección 1, p. 5 (continuación de la Tabla 9 para 1941-46)",
1946-06,1946-06-29,dinero_eeuu_1892_1946,efectivo,26516,millones de USD,"dato de fecha de balance, estimado en parte",,"Junta de Gobernadores del Sistema de la Reserva Federal, Banking and Monetary Statistics, 1941-1970 (1976), Sección 1, p. 5 (continuación de la Tabla 9 para 1941-46)",
1946-06,1946-06-29,dinero_eeuu_1892_1946,vista_ajustados,79476,millones de USD,"dato de fecha de balance, estimado en parte",,"Junta de Gobernadores del Sistema de la Reserva Federal, Banking and Monetary Statistics, 1941-1970 (1976), Sección 1, p. 5 (continuación de la Tabla 9 para 1941-46)",
1946-06,1946-06-29,dinero_eeuu_1892_1946,plazo_comerciales,32429,millones de USD,"dato de fecha de balance, estimado en parte",,"Junta de Gobernadores del Sistema de la Reserva Federal, Banking and Monetary Statistics, 1941-1970 (1976), Sección 1, p. 5 (continuación de la Tabla 9 para 1941-46)",
1946-06,1946-06-29,dinero_eeuu_1892_1946,total,138421,millones de USD,"dato de fecha de balance, estimado en parte",,"Junta de Gobernadores del Sistema de la Reserva Federal, Banking and Monetary Statistics, 1941-1970 (1976), Sección 1, p. 5 (continuación de la Tabla 9 para 1941-46)",
1946-12,1946-12-31,dinero_eeuu_1892_1946,efectivo,26730,millones de USD,"dato de fecha de balance, estimado en parte",,"Junta de Gobernadores del Sistema de la Reserva Federal, Banking and Monetary Statistics, 1941-1970 (1976), Sección 1, p. 5 (continuación de la Tabla 9 para 1941-46)",
1946-12,1946-12-31,dinero_eeuu_1892_1946,vista_ajustados,83314,millones de USD,"dato de fecha de balance, estimado en parte",,"Junta de Gobernadores del Sistema de la Reserva Federal, Banking and Monetary Statistics, 1941-1970 (1976), Sección 1, p. 5 (continuación de la Tabla 9 para 1941-46)",
1946-12,1946-12-31,dinero_eeuu_1892_1946,plazo_comerciales,33808,millones de USD,"dato de fecha de balance, estimado en parte",,"Junta de Gobernadores del Sistema de la Reserva Federal, Banking and Monetary Statistics, 1941-1970 (1976), Sección 1, p. 5 (continuación de la Tabla 9 para 1941-46)",
1946-12,1946-12-31,dinero_eeuu_1892_1946,total,143852,millones de USD,"dato de fecha de balance, estimado en parte",,"Junta de Gobernadores del Sistema de la Reserva Federal, Banking and Monetary Statistics, 1941-1970 (1976), Sección 1, p. 5 (continuación de la Tabla 9 para 1941-46)",
1947-01,,dinero_eeuu_1947_1958,efectivo,26.7,miles de millones de USD,dato,,"Junta de Gobernadores del Sistema de la Reserva Federal, Banking and Monetary Statistics, 1941-1970 (1976), Tabla 1.1 A, p. 17",
1947-01,,dinero_eeuu_1947_1958,vista,82.8,miles de millones de USD,dato,,"Junta de Gobernadores del Sistema de la Reserva Federal, Banking and Monetary Statistics, 1941-1970 (1976), Tabla 1.1 A, p. 17",
1947-01,,dinero_eeuu_1947_1958,money_stock,109.5,miles de millones de USD,dato,,"Junta de Gobernadores del Sistema de la Reserva Federal, Banking and Monetary Statistics, 1941-1970 (1976), Tabla 1.1 A, p. 17",
1947-01,,dinero_eeuu_1947_1958,plazo_ajustados,33.3,miles de millones de USD,dato,,"Junta de Gobernadores del Sistema de la Reserva Federal, Banking and Monetary Statistics, 1941-1970 (1976), Tabla 1.1 A, p. 17",
1947-01,,dinero_eeuu_1947_1958,total,142.8,miles de millones de USD,dato,,"Junta de Gobernadores del Sistema de la Reserva Federal, Banking and Monetary Statistics, 1941-1970 (1976), Tabla 1.1 A, p. 17",
1947-02,,dinero_eeuu_1947_1958,efectivo,26.7,miles de millones de USD,dato,,"Junta de Gobernadores del Sistema de la Reserva Federal, Banking and Monetary Statistics, 1941-1970 (1976), Tabla 1.1 A, p. 17",
1947-02,,dinero_eeuu_1947_1958,vista,83,miles de millones de USD,dato,,"Junta de Gobernadores del Sistema de la Reserva Federal, Banking and Monetary Statistics, 1941-1970 (1976), Tabla 1.1 A, p. 17",
1947-02,,dinero_eeuu_1947_1958,money_stock,109.7,miles de millones de USD,dato,,"Junta de Gobernadores del Sistema de la Reserva Federal, Banking and Monetary Statistics, 1941-1970 (1976), Tabla 1.1 A, p. 17",
1947-02,,dinero_eeuu_1947_1958,plazo_ajustados,33.5,miles de millones de USD,dato,,"Junta de Gobernadores del Sistema de la Reserva Federal, Banking and Monetary Statistics, 1941-1970 (1976), Tabla 1.1 A, p. 17",
1947-02,,dinero_eeuu_1947_1958,total,143.2,miles de millones de USD,dato,,"Junta de Gobernadores del Sistema de la Reserva Federal, Banking and Monetary Statistics, 1941-1970 (1976), Tabla 1.1 A, p. 17",
1947-03,,dinero_eeuu_1947_1958,efectivo,26.7,miles de millones de USD,dato,,"Junta de Gobernadores del Sistema de la Reserva Federal, Banking and Monetary Statistics, 1941-1970 (1976), Tabla 1.1 A, p. 17",
1947-03,,dinero_eeuu_1947_1958,vista,83.7,miles de millones de USD,dato,,"Junta de Gobernadores del Sistema de la Reserva Federal, Banking and Monetary Statistics, 1941-1970 (1976), Tabla 1.1 A, p. 17",
1947-03,,dinero_eeuu_1947_1958,money_stock,110.3,miles de millones de USD,dato,,"Junta de Gobernadores del Sistema de la Reserva Federal, Banking and Monetary Statistics, 1941-1970 (1976), Tabla 1.1 A, p. 17",
1947-03,,dinero_eeuu_1947_1958,plazo_ajustados,33.6,miles de millones de USD,dato,,"Junta de Gobernadores del Sistema de la Reserva Federal, Banking and Monetary Statistics, 1941-1970 (1976), Tabla 1.1 A, p. 17",
1947-03,,dinero_eeuu_1947_1958,total,143.9,miles de millones de USD,dato,,"Junta de Gobernadores del Sistema de la Reserva Federal, Banking and Monetary Statistics, 1941-1970 (1976), Tabla 1.1 A, p. 17",
1947-04,,dinero_eeuu_1947_1958,efectivo,26.6,miles de millones de USD,dato,,"Junta de Gobernadores del Sistema de la Reserva Federal, Banking and Monetary Statistics, 1941-1970 (1976), Tabla 1.1 A, p. 17",
1947-04,,dinero_eeuu_1947_1958,vista,84.5,miles de millones de USD,dato,,"Junta de Gobernadores del Sistema de la Reserva Federal, Banking and Monetary Statistics, 1941-1970 (1976), Tabla 1.1 A, p. 17",
1947-04,,dinero_eeuu_1947_1958,money_stock,111.1,miles de millones de USD,dato,,"Junta de Gobernadores del Sistema de la Reserva Federal, Banking and Monetary Statistics, 1941-1970 (1976), Tabla 1.1 A, p. 17",
1947-04,,dinero_eeuu_1947_1958,plazo_ajustados,33.7,miles de millones de USD,dato,,"Junta de Gobernadores del Sistema de la Reserva Federal, Banking and Monetary Statistics, 1941-1970 (1976), Tabla 1.1 A, p. 17",
1947-04,,dinero_eeuu_1947_1958,total,144.8,miles de millones de USD,dato,,"Junta de Gobernadores del Sistema de la Reserva Federal, Banking and Monetary Statistics, 1941-1970 (1976), Tabla 1.1 A, p. 17",
1947-05,,dinero_eeuu_1947_1958,efectivo,26.6,miles de millones de USD,dato,,"Junta de Gobernadores del Sistema de la Reserva Federal, Banking and Monetary Statistics, 1941-1970 (1976), Tabla 1.1 A, p. 17",
1947-05,,dinero_eeuu_1947_1958,vista,85.1,miles de millones de USD,dato,,"Junta de Gobernadores del Sistema de la Reserva Federal, Banking and Monetary Statistics, 1941-1970 (1976), Tabla 1.1 A, p. 17",
1947-05,,dinero_eeuu_1947_1958,money_stock,111.7,miles de millones de USD,dato,,"Junta de Gobernadores del Sistema de la Reserva Federal, Banking and Monetary Statistics, 1941-1970 (1976), Tabla 1.1 A, p. 17",
1947-05,,dinero_eeuu_1947_1958,plazo_ajustados,33.8,miles de millones de USD,dato,,"Junta de Gobernadores del Sistema de la Reserva Federal, Banking and Monetary Statistics, 1941-1970 (1976), Tabla 1.1 A, p. 17",
1947-05,,dinero_eeuu_1947_1958,total,145.5,miles de millones de USD,dato,,"Junta de Gobernadores del Sistema de la Reserva Federal, Banking and Monetary Statistics, 1941-1970 (1976), Tabla 1.1 A, p. 17",
1947-06,,dinero_eeuu_1947_1958,efectivo,26.6,miles de millones de USD,dato,,"Junta de Gobernadores del Sistema de la Reserva Federal, Banking and Monetary Statistics, 1941-1970 (1976), Tabla 1.1 A, p. 17",
1947-06,,dinero_eeuu_1947_1958,vista,85.5,miles de millones de USD,dato,,"Junta de Gobernadores del Sistema de la Reserva Federal, Banking and Monetary Statistics, 1941-1970 (1976), Tabla 1.1 A, p. 17",
1947-06,,dinero_eeuu_1947_1958,money_stock,112.1,miles de millones de USD,dato,,"Junta de Gobernadores del Sistema de la Reserva Federal, Banking and Monetary Statistics, 1941-1970 (1976), Tabla 1.1 A, p. 17",
1947-06,,dinero_eeuu_1947_1958,plazo_ajustados,33.9,miles de millones de USD,dato,,"Junta de Gobernadores del Sistema de la Reserva Federal, Banking and Monetary Statistics, 1941-1970 (1976), Tabla 1.1 A, p. 17",
1947-06,,dinero_eeuu_1947_1958,total,146,miles de millones de USD,dato,,"Junta de Gobernadores del Sistema de la Reserva Federal, Banking and Monetary Statistics, 1941-1970 (1976), Tabla 1.1 A, p. 17",
1947-07,,dinero_eeuu_1947_1958,efectivo,26.5,miles de millones de USD,dato,,"Junta de Gobernadores del Sistema de la Reserva Federal, Banking and Monetary Statistics, 1941-1970 (1976), Tabla 1.1 A, p. 17",
1947-07,,dinero_eeuu_1947_1958,vista,85.7,miles de millones de USD,dato,,"Junta de Gobernadores del Sistema de la Reserva Federal, Banking and Monetary Statistics, 1941-1970 (1976), Tabla 1.1 A, p. 17",
1947-07,,dinero_eeuu_1947_1958,money_stock,112.2,miles de millones de USD,dato,,"Junta de Gobernadores del Sistema de la Reserva Federal, Banking and Monetary Statistics, 1941-1970 (1976), Tabla 1.1 A, p. 17",
1947-07,,dinero_eeuu_1947_1958,plazo_ajustados,34,miles de millones de USD,dato,,"Junta de Gobernadores del Sistema de la Reserva Federal, Banking and Monetary Statistics, 1941-1970 (1976), Tabla 1.1 A, p. 17",
1947-07,,dinero_eeuu_1947_1958,total,146.2,miles de millones de USD,dato,,"Junta de Gobernadores del Sistema de la Reserva Federal, Banking and Monetary Statistics, 1941-1970 (1976), Tabla 1.1 A, p. 17",
1947-08,,dinero_eeuu_1947_1958,efectivo,26.5,miles de millones de USD,dato,,"Junta de Gobernadores del Sistema de la Reserva Federal, Banking and Monetary Statistics, 1941-1970 (1976), Tabla 1.1 A, p. 17",
1947-08,,dinero_eeuu_1947_1958,vista,86.1,miles de millones de USD,dato,,"Junta de Gobernadores del Sistema de la Reserva Federal, Banking and Monetary Statistics, 1941-1970 (1976), Tabla 1.1 A, p. 17",
1947-08,,dinero_eeuu_1947_1958,money_stock,112.6,miles de millones de USD,dato,,"Junta de Gobernadores del Sistema de la Reserva Federal, Banking and Monetary Statistics, 1941-1970 (1976), Tabla 1.1 A, p. 17",
1947-08,,dinero_eeuu_1947_1958,plazo_ajustados,34.4,miles de millones de USD,dato,,"Junta de Gobernadores del Sistema de la Reserva Federal, Banking and Monetary Statistics, 1941-1970 (1976), Tabla 1.1 A, p. 17",
1947-08,,dinero_eeuu_1947_1958,total,147,miles de millones de USD,dato,,"Junta de Gobernadores del Sistema de la Reserva Federal, Banking and Monetary Statistics, 1941-1970 (1976), Tabla 1.1 A, p. 17",
1947-09,,dinero_eeuu_1947_1958,efectivo,26.7,miles de millones de USD,dato,,"Junta de Gobernadores del Sistema de la Reserva Federal, Banking and Monetary Statistics, 1941-1970 (1976), Tabla 1.1 A, p. 17",
1947-09,,dinero_eeuu_1947_1958,vista,86.3,miles de millones de USD,dato,,"Junta de Gobernadores del Sistema de la Reserva Federal, Banking and Monetary Statistics, 1941-1970 (1976), Tabla 1.1 A, p. 17",
1947-09,,dinero_eeuu_1947_1958,money_stock,113,miles de millones de USD,dato,,"Junta de Gobernadores del Sistema de la Reserva Federal, Banking and Monetary Statistics, 1941-1970 (1976), Tabla 1.1 A, p. 17",
1947-09,,dinero_eeuu_1947_1958,plazo_ajustados,34.7,miles de millones de USD,dato,,"Junta de Gobernadores del Sistema de la Reserva Federal, Banking and Monetary Statistics, 1941-1970 (1976), Tabla 1.1 A, p. 17",
1947-09,,dinero_eeuu_1947_1958,total,147.7,miles de millones de USD,dato,,"Junta de Gobernadores del Sistema de la Reserva Federal, Banking and Monetary Statistics, 1941-1970 (1976), Tabla 1.1 A, p. 17",
1947-10,,dinero_eeuu_1947_1958,efectivo,26.5,miles de millones de USD,dato,,"Junta de Gobernadores del Sistema de la Reserva Federal, Banking and Monetary Statistics, 1941-1970 (1976), Tabla 1.1 A, p. 17",
1947-10,,dinero_eeuu_1947_1958,vista,86.4,miles de millones de USD,dato,,"Junta de Gobernadores del Sistema de la Reserva Federal, Banking and Monetary Statistics, 1941-1970 (1976), Tabla 1.1 A, p. 17",
1947-10,,dinero_eeuu_1947_1958,money_stock,112.9,miles de millones de USD,dato,,"Junta de Gobernadores del Sistema de la Reserva Federal, Banking and Monetary Statistics, 1941-1970 (1976), Tabla 1.1 A, p. 17",
1947-10,,dinero_eeuu_1947_1958,plazo_ajustados,35,miles de millones de USD,dato,,"Junta de Gobernadores del Sistema de la Reserva Federal, Banking and Monetary Statistics, 1941-1970 (1976), Tabla 1.1 A, p. 17",
1947-10,,dinero_eeuu_1947_1958,total,147.9,miles de millones de USD,dato,,"Junta de Gobernadores del Sistema de la Reserva Federal, Banking and Monetary Statistics, 1941-1970 (1976), Tabla 1.1 A, p. 17",
1947-11,,dinero_eeuu_1947_1958,efectivo,26.5,miles de millones de USD,dato,,"Junta de Gobernadores del Sistema de la Reserva Federal, Banking and Monetary Statistics, 1941-1970 (1976), Tabla 1.1 A, p. 17",
1947-11,,dinero_eeuu_1947_1958,vista,86.8,miles de millones de USD,dato,,"Junta de Gobernadores del Sistema de la Reserva Federal, Banking and Monetary Statistics, 1941-1970 (1976), Tabla 1.1 A, p. 17",
1947-11,,dinero_eeuu_1947_1958,money_stock,113.3,miles de millones de USD,dato,,"Junta de Gobernadores del Sistema de la Reserva Federal, Banking and Monetary Statistics, 1941-1970 (1976), Tabla 1.1 A, p. 17",
1947-11,,dinero_eeuu_1947_1958,plazo_ajustados,35.2,miles de millones de USD,dato,,"Junta de Gobernadores del Sistema de la Reserva Federal, Banking and Monetary Statistics, 1941-1970 (1976), Tabla 1.1 A, p. 17",
1947-11,,dinero_eeuu_1947_1958,total,148.5,miles de millones de USD,dato,,"Junta de Gobernadores del Sistema de la Reserva Federal, Banking and Monetary Statistics, 1941-1970 (1976), Tabla 1.1 A, p. 17",
1947-12,,dinero_eeuu_1947_1958,efectivo,26.4,miles de millones de USD,dato,,"Junta de Gobernadores del Sistema de la Reserva Federal, Banking and Monetary Statistics, 1941-1970 (1976), Tabla 1.1 A, p. 17",
1947-12,,dinero_eeuu_1947_1958,vista,86.7,miles de millones de USD,dato,,"Junta de Gobernadores del Sistema de la Reserva Federal, Banking and Monetary Statistics, 1941-1970 (1976), Tabla 1.1 A, p. 17",
1947-12,,dinero_eeuu_1947_1958,money_stock,113.1,miles de millones de USD,dato,,"Junta de Gobernadores del Sistema de la Reserva Federal, Banking and Monetary Statistics, 1941-1970 (1976), Tabla 1.1 A, p. 17",
1947-12,,dinero_eeuu_1947_1958,plazo_ajustados,35.4,miles de millones de USD,dato,,"Junta de Gobernadores del Sistema de la Reserva Federal, Banking and Monetary Statistics, 1941-1970 (1976), Tabla 1.1 A, p. 17",
1947-12,,dinero_eeuu_1947_1958,total,148.5,miles de millones de USD,dato,,"Junta de Gobernadores del Sistema de la Reserva Federal, Banking and Monetary Statistics, 1941-1970 (1976), Tabla 1.1 A, p. 17",
1948-01,,dinero_eeuu_1947_1958,efectivo,26.4,miles de millones de USD,dato,,"Junta de Gobernadores del Sistema de la Reserva Federal, Banking and Monetary Statistics, 1941-1970 (1976), Tabla 1.1 A, p. 17",
1948-01,,dinero_eeuu_1947_1958,vista,87,miles de millones de USD,dato,,"Junta de Gobernadores del Sistema de la Reserva Federal, Banking and Monetary Statistics, 1941-1970 (1976), Tabla 1.1 A, p. 17",
1948-01,,dinero_eeuu_1947_1958,money_stock,113.4,miles de millones de USD,dato,,"Junta de Gobernadores del Sistema de la Reserva Federal, Banking and Monetary Statistics, 1941-1970 (1976), Tabla 1.1 A, p. 17",
1948-01,,dinero_eeuu_1947_1958,plazo_ajustados,35.5,miles de millones de USD,dato,,"Junta de Gobernadores del Sistema de la Reserva Federal, Banking and Monetary Statistics, 1941-1970 (1976), Tabla 1.1 A, p. 17",
1948-01,,dinero_eeuu_1947_1958,total,148.9,miles de millones de USD,dato,,"Junta de Gobernadores del Sistema de la Reserva Federal, Banking and Monetary Statistics, 1941-1970 (1976), Tabla 1.1 A, p. 17",
1948-02,,dinero_eeuu_1947_1958,efectivo,26.3,miles de millones de USD,dato,,"Junta de Gobernadores del Sistema de la Reserva Federal, Banking and Monetary Statistics, 1941-1970 (1976), Tabla 1.1 A, p. 17",
1948-02,,dinero_eeuu_1947_1958,vista,86.8,miles de millones de USD,dato,,"Junta de Gobernadores del Sistema de la Reserva Federal, Banking and Monetary Statistics, 1941-1970 (1976), Tabla 1.1 A, p. 17",
1948-02,,dinero_eeuu_1947_1958,money_stock,113.2,miles de millones de USD,dato,,"Junta de Gobernadores del Sistema de la Reserva Federal, Banking and Monetary Statistics, 1941-1970 (1976), Tabla 1.1 A, p. 17",
1948-02,,dinero_eeuu_1947_1958,plazo_ajustados,35.7,miles de millones de USD,dato,,"Junta de Gobernadores del Sistema de la Reserva Federal, Banking and Monetary Statistics, 1941-1970 (1976), Tabla 1.1 A, p. 17",
1948-02,,dinero_eeuu_1947_1958,total,148.9,miles de millones de USD,dato,,"Junta de Gobernadores del Sistema de la Reserva Federal, Banking and Monetary Statistics, 1941-1970 (1976), Tabla 1.1 A, p. 17",
1948-03,,dinero_eeuu_1947_1958,efectivo,26.2,miles de millones de USD,dato,,"Junta de Gobernadores del Sistema de la Reserva Federal, Banking and Monetary Statistics, 1941-1970 (1976), Tabla 1.1 A, p. 17",
1948-03,,dinero_eeuu_1947_1958,vista,86.4,miles de millones de USD,dato,,"Junta de Gobernadores del Sistema de la Reserva Federal, Banking and Monetary Statistics, 1941-1970 (1976), Tabla 1.1 A, p. 17",
1948-03,,dinero_eeuu_1947_1958,money_stock,112.6,miles de millones de USD,dato,,"Junta de Gobernadores del Sistema de la Reserva Federal, Banking and Monetary Statistics, 1941-1970 (1976), Tabla 1.1 A, p. 17",
1948-03,,dinero_eeuu_1947_1958,plazo_ajustados,35.7,miles de millones de USD,dato,,"Junta de Gobernadores del Sistema de la Reserva Federal, Banking and Monetary Statistics, 1941-1970 (1976), Tabla 1.1 A, p. 17",
1948-03,,dinero_eeuu_1947_1958,total,148.3,miles de millones de USD,dato,,"Junta de Gobernadores del Sistema de la Reserva Federal, Banking and Monetary Statistics, 1941-1970 (1976), Tabla 1.1 A, p. 17",
1948-04,,dinero_eeuu_1947_1958,efectivo,26.1,miles de millones de USD,dato,,"Junta de Gobernadores del Sistema de la Reserva Federal, Banking and Monetary Statistics, 1941-1970 (1976), Tabla 1.1 A, p. 17",
1948-04,,dinero_eeuu_1947_1958,vista,86.3,miles de millones de USD,dato,,"Junta de Gobernadores del Sistema de la Reserva Federal, Banking and Monetary Statistics, 1941-1970 (1976), Tabla 1.1 A, p. 17",
1948-04,,dinero_eeuu_1947_1958,money_stock,112.3,miles de millones de USD,dato,,"Junta de Gobernadores del Sistema de la Reserva Federal, Banking and Monetary Statistics, 1941-1970 (1976), Tabla 1.1 A, p. 17",
1948-04,,dinero_eeuu_1947_1958,plazo_ajustados,35.7,miles de millones de USD,dato,,"Junta de Gobernadores del Sistema de la Reserva Federal, Banking and Monetary Statistics, 1941-1970 (1976), Tabla 1.1 A, p. 17",
1948-04,,dinero_eeuu_1947_1958,total,148,miles de millones de USD,dato,,"Junta de Gobernadores del Sistema de la Reserva Federal, Banking and Monetary Statistics, 1941-1970 (1976), Tabla 1.1 A, p. 17",
1948-05,,dinero_eeuu_1947_1958,efectivo,26,miles de millones de USD,dato,,"Junta de Gobernadores del Sistema de la Reserva Federal, Banking and Monetary Statistics, 1941-1970 (1976), Tabla 1.1 A, p. 17",
1948-05,,dinero_eeuu_1947_1958,vista,86,miles de millones de USD,dato,,"Junta de Gobernadores del Sistema de la Reserva Federal, Banking and Monetary Statistics, 1941-1970 (1976), Tabla 1.1 A, p. 17",
1948-05,,dinero_eeuu_1947_1958,money_stock,112.1,miles de millones de USD,dato,,"Junta de Gobernadores del Sistema de la Reserva Federal, Banking and Monetary Statistics, 1941-1970 (1976), Tabla 1.1 A, p. 17",
1948-05,,dinero_eeuu_1947_1958,plazo_ajustados,35.7,miles de millones de USD,dato,,"Junta de Gobernadores del Sistema de la Reserva Federal, Banking and Monetary Statistics, 1941-1970 (1976), Tabla 1.1 A, p. 17",
1948-05,,dinero_eeuu_1947_1958,total,147.8,miles de millones de USD,dato,,"Junta de Gobernadores del Sistema de la Reserva Federal, Banking and Monetary Statistics, 1941-1970 (1976), Tabla 1.1 A, p. 17",
1948-06,,dinero_eeuu_1947_1958,efectivo,26,miles de millones de USD,dato,,"Junta de Gobernadores del Sistema de la Reserva Federal, Banking and Monetary Statistics, 1941-1970 (1976), Tabla 1.1 A, p. 17",
1948-06,,dinero_eeuu_1947_1958,vista,86,miles de millones de USD,dato,,"Junta de Gobernadores del Sistema de la Reserva Federal, Banking and Monetary Statistics, 1941-1970 (1976), Tabla 1.1 A, p. 17",
1948-06,,dinero_eeuu_1947_1958,money_stock,112,miles de millones de USD,dato,,"Junta de Gobernadores del Sistema de la Reserva Federal, Banking and Monetary Statistics, 1941-1970 (1976), Tabla 1.1 A, p. 17",
1948-06,,dinero_eeuu_1947_1958,plazo_ajustados,35.8,miles de millones de USD,dato,,"Junta de Gobernadores del Sistema de la Reserva Federal, Banking and Monetary Statistics, 1941-1970 (1976), Tabla 1.1 A, p. 17",
1948-06,,dinero_eeuu_1947_1958,total,147.8,miles de millones de USD,dato,,"Junta de Gobernadores del Sistema de la Reserva Federal, Banking and Monetary Statistics, 1941-1970 (1976), Tabla 1.1 A, p. 17",
1948-07,,dinero_eeuu_1947_1958,efectivo,26,miles de millones de USD,dato,,"Junta de Gobernadores del Sistema de la Reserva Federal, Banking and Monetary Statistics, 1941-1970 (1976), Tabla 1.1 A, p. 17",
1948-07,,dinero_eeuu_1947_1958,vista,86.2,miles de millones de USD,dato,,"Junta de Gobernadores del Sistema de la Reserva Federal, Banking and Monetary Statistics, 1941-1970 (1976), Tabla 1.1 A, p. 17",
1948-07,,dinero_eeuu_1947_1958,money_stock,112.2,miles de millones de USD,dato,,"Junta de Gobernadores del Sistema de la Reserva Federal, Banking and Monetary Statistics, 1941-1970 (1976), Tabla 1.1 A, p. 17",
1948-07,,dinero_eeuu_1947_1958,plazo_ajustados,35.8,miles de millones de USD,dato,,"Junta de Gobernadores del Sistema de la Reserva Federal, Banking and Monetary Statistics, 1941-1970 (1976), Tabla 1.1 A, p. 17",
1948-07,,dinero_eeuu_1947_1958,total,148,miles de millones de USD,dato,,"Junta de Gobernadores del Sistema de la Reserva Federal, Banking and Monetary Statistics, 1941-1970 (1976), Tabla 1.1 A, p. 17",
1948-08,,dinero_eeuu_1947_1958,efectivo,26,miles de millones de USD,dato,,"Junta de Gobernadores del Sistema de la Reserva Federal, Banking and Monetary Statistics, 1941-1970 (1976), Tabla 1.1 A, p. 17",
1948-08,,dinero_eeuu_1947_1958,vista,86.2,miles de millones de USD,dato,,"Junta de Gobernadores del Sistema de la Reserva Federal, Banking and Monetary Statistics, 1941-1970 (1976), Tabla 1.1 A, p. 17",
1948-08,,dinero_eeuu_1947_1958,money_stock,112.3,miles de millones de USD,dato,,"Junta de Gobernadores del Sistema de la Reserva Federal, Banking and Monetary Statistics, 1941-1970 (1976), Tabla 1.1 A, p. 17",
1948-08,,dinero_eeuu_1947_1958,plazo_ajustados,35.9,miles de millones de USD,dato,,"Junta de Gobernadores del Sistema de la Reserva Federal, Banking and Monetary Statistics, 1941-1970 (1976), Tabla 1.1 A, p. 17",
1948-08,,dinero_eeuu_1947_1958,total,148.2,miles de millones de USD,dato,,"Junta de Gobernadores del Sistema de la Reserva Federal, Banking and Monetary Statistics, 1941-1970 (1976), Tabla 1.1 A, p. 17",
1948-09,,dinero_eeuu_1947_1958,efectivo,26,miles de millones de USD,dato,,"Junta de Gobernadores del Sistema de la Reserva Federal, Banking and Monetary Statistics, 1941-1970 (1976), Tabla 1.1 A, p. 17",
1948-09,,dinero_eeuu_1947_1958,vista,86.2,miles de millones de USD,dato,,"Junta de Gobernadores del Sistema de la Reserva Federal, Banking and Monetary Statistics, 1941-1970 (1976), Tabla 1.1 A, p. 17",
1948-09,,dinero_eeuu_1947_1958,money_stock,112.2,miles de millones de USD,dato,,"Junta de Gobernadores del Sistema de la Reserva Federal, Banking and Monetary Statistics, 1941-1970 (1976), Tabla 1.1 A, p. 17",
1948-09,,dinero_eeuu_1947_1958,plazo_ajustados,35.9,miles de millones de USD,dato,,"Junta de Gobernadores del Sistema de la Reserva Federal, Banking and Monetary Statistics, 1941-1970 (1976), Tabla 1.1 A, p. 17",
1948-09,,dinero_eeuu_1947_1958,total,148.1,miles de millones de USD,dato,,"Junta de Gobernadores del Sistema de la Reserva Federal, Banking and Monetary Statistics, 1941-1970 (1976), Tabla 1.1 A, p. 17",
1948-10,,dinero_eeuu_1947_1958,efectivo,26,miles de millones de USD,dato,,"Junta de Gobernadores del Sistema de la Reserva Federal, Banking and Monetary Statistics, 1941-1970 (1976), Tabla 1.1 A, p. 17",
1948-10,,dinero_eeuu_1947_1958,vista,86.1,miles de millones de USD,dato,,"Junta de Gobernadores del Sistema de la Reserva Federal, Banking and Monetary Statistics, 1941-1970 (1976), Tabla 1.1 A, p. 17",
1948-10,,dinero_eeuu_1947_1958,money_stock,112.1,miles de millones de USD,dato,,"Junta de Gobernadores del Sistema de la Reserva Federal, Banking and Monetary Statistics, 1941-1970 (1976), Tabla 1.1 A, p. 17",
1948-10,,dinero_eeuu_1947_1958,plazo_ajustados,35.9,miles de millones de USD,dato,,"Junta de Gobernadores del Sistema de la Reserva Federal, Banking and Monetary Statistics, 1941-1970 (1976), Tabla 1.1 A, p. 17",
1948-10,,dinero_eeuu_1947_1958,total,148,miles de millones de USD,dato,,"Junta de Gobernadores del Sistema de la Reserva Federal, Banking and Monetary Statistics, 1941-1970 (1976), Tabla 1.1 A, p. 17",
1948-11,,dinero_eeuu_1947_1958,efectivo,26,miles de millones de USD,dato,,"Junta de Gobernadores del Sistema de la Reserva Federal, Banking and Monetary Statistics, 1941-1970 (1976), Tabla 1.1 A, p. 17",
1948-11,,dinero_eeuu_1947_1958,vista,85.9,miles de millones de USD,dato,,"Junta de Gobernadores del Sistema de la Reserva Federal, Banking and Monetary Statistics, 1941-1970 (1976), Tabla 1.1 A, p. 17",
1948-11,,dinero_eeuu_1947_1958,money_stock,111.8,miles de millones de USD,dato,,"Junta de Gobernadores del Sistema de la Reserva Federal, Banking and Monetary Statistics, 1941-1970 (1976), Tabla 1.1 A, p. 17",
1948-11,,dinero_eeuu_1947_1958,plazo_ajustados,36,miles de millones de USD,dato,,"Junta de Gobernadores del Sistema de la Reserva Federal, Banking and Monetary Statistics, 1941-1970 (1976), Tabla 1.1 A, p. 17",
1948-11,,dinero_eeuu_1947_1958,total,147.8,miles de millones de USD,dato,,"Junta de Gobernadores del Sistema de la Reserva Federal, Banking and Monetary Statistics, 1941-1970 (1976), Tabla 1.1 A, p. 17",
1948-12,,dinero_eeuu_1947_1958,efectivo,25.8,miles de millones de USD,dato,,"Junta de Gobernadores del Sistema de la Reserva Federal, Banking and Monetary Statistics, 1941-1970 (1976), Tabla 1.1 A, p. 17",
1948-12,,dinero_eeuu_1947_1958,vista,85.8,miles de millones de USD,dato,,"Junta de Gobernadores del Sistema de la Reserva Federal, Banking and Monetary Statistics, 1941-1970 (1976), Tabla 1.1 A, p. 17",
1948-12,,dinero_eeuu_1947_1958,money_stock,111.5,miles de millones de USD,dato,,"Junta de Gobernadores del Sistema de la Reserva Federal, Banking and Monetary Statistics, 1941-1970 (1976), Tabla 1.1 A, p. 17",
1948-12,,dinero_eeuu_1947_1958,plazo_ajustados,36,miles de millones de USD,dato,,"Junta de Gobernadores del Sistema de la Reserva Federal, Banking and Monetary Statistics, 1941-1970 (1976), Tabla 1.1 A, p. 17",
1948-12,,dinero_eeuu_1947_1958,total,147.5,miles de millones de USD,dato,,"Junta de Gobernadores del Sistema de la Reserva Federal, Banking and Monetary Statistics, 1941-1970 (1976), Tabla 1.1 A, p. 17",
1949-01,,dinero_eeuu_1947_1958,efectivo,25.7,miles de millones de USD,dato,,"Junta de Gobernadores del Sistema de la Reserva Federal, Banking and Monetary Statistics, 1941-1970 (1976), Tabla 1.1 A, p. 17",
1949-01,,dinero_eeuu_1947_1958,vista,85.5,miles de millones de USD,dato,,"Junta de Gobernadores del Sistema de la Reserva Federal, Banking and Monetary Statistics, 1941-1970 (1976), Tabla 1.1 A, p. 17",
1949-01,,dinero_eeuu_1947_1958,money_stock,111.2,miles de millones de USD,dato,,"Junta de Gobernadores del Sistema de la Reserva Federal, Banking and Monetary Statistics, 1941-1970 (1976), Tabla 1.1 A, p. 17",
1949-01,,dinero_eeuu_1947_1958,plazo_ajustados,36.1,miles de millones de USD,dato,,"Junta de Gobernadores del Sistema de la Reserva Federal, Banking and Monetary Statistics, 1941-1970 (1976), Tabla 1.1 A, p. 17",
1949-01,,dinero_eeuu_1947_1958,total,147.3,miles de millones de USD,dato,,"Junta de Gobernadores del Sistema de la Reserva Federal, Banking and Monetary Statistics, 1941-1970 (1976), Tabla 1.1 A, p. 17",
1949-02,,dinero_eeuu_1947_1958,efectivo,25.7,miles de millones de USD,dato,,"Junta de Gobernadores del Sistema de la Reserva Federal, Banking and Monetary Statistics, 1941-1970 (1976), Tabla 1.1 A, p. 17",
1949-02,,dinero_eeuu_1947_1958,vista,85.5,miles de millones de USD,dato,,"Junta de Gobernadores del Sistema de la Reserva Federal, Banking and Monetary Statistics, 1941-1970 (1976), Tabla 1.1 A, p. 17",
1949-02,,dinero_eeuu_1947_1958,money_stock,111.2,miles de millones de USD,dato,,"Junta de Gobernadores del Sistema de la Reserva Federal, Banking and Monetary Statistics, 1941-1970 (1976), Tabla 1.1 A, p. 17",
1949-02,,dinero_eeuu_1947_1958,plazo_ajustados,36.1,miles de millones de USD,dato,,"Junta de Gobernadores del Sistema de la Reserva Federal, Banking and Monetary Statistics, 1941-1970 (1976), Tabla 1.1 A, p. 17",
1949-02,,dinero_eeuu_1947_1958,total,147.3,miles de millones de USD,dato,,"Junta de Gobernadores del Sistema de la Reserva Federal, Banking and Monetary Statistics, 1941-1970 (1976), Tabla 1.1 A, p. 17",
1949-03,,dinero_eeuu_1947_1958,efectivo,27.7,miles de millones de USD,dato,"valor en disputa: errata de la fuente, efectivo + vista = 113.3 no cuadra con el money stock impreso 111.2 (A-D0-33)","Junta de Gobernadores del Sistema de la Reserva Federal, Banking and Monetary Statistics, 1941-1970 (1976), Tabla 1.1 A, p. 17",
1949-03,,dinero_eeuu_1947_1958,vista,85.6,miles de millones de USD,dato,"valor en disputa: errata de la fuente, efectivo + vista = 113.3 no cuadra con el money stock impreso 111.2 (A-D0-33)","Junta de Gobernadores del Sistema de la Reserva Federal, Banking and Monetary Statistics, 1941-1970 (1976), Tabla 1.1 A, p. 17",
1949-03,,dinero_eeuu_1947_1958,money_stock,111.2,miles de millones de USD,dato,"valor en disputa: errata de la fuente, efectivo + vista = 113.3 no cuadra con el money stock impreso 111.2 (A-D0-33)","Junta de Gobernadores del Sistema de la Reserva Federal, Banking and Monetary Statistics, 1941-1970 (1976), Tabla 1.1 A, p. 17",
1949-03,,dinero_eeuu_1947_1958,plazo_ajustados,36.1,miles de millones de USD,dato,"valor en disputa: errata de la fuente, efectivo + vista = 113.3 no cuadra con el money stock impreso 111.2 (A-D0-33)","Junta de Gobernadores del Sistema de la Reserva Federal, Banking and Monetary Statistics, 1941-1970 (1976), Tabla 1.1 A, p. 17",
1949-03,,dinero_eeuu_1947_1958,total,147.3,miles de millones de USD,dato,"valor en disputa: errata de la fuente, efectivo + vista = 113.3 no cuadra con el money stock impreso 111.2 (A-D0-33)","Junta de Gobernadores del Sistema de la Reserva Federal, Banking and Monetary Statistics, 1941-1970 (1976), Tabla 1.1 A, p. 17",
1949-04,,dinero_eeuu_1947_1958,efectivo,25.7,miles de millones de USD,dato,,"Junta de Gobernadores del Sistema de la Reserva Federal, Banking and Monetary Statistics, 1941-1970 (1976), Tabla 1.1 A, p. 17",
1949-04,,dinero_eeuu_1947_1958,vista,85.6,miles de millones de USD,dato,,"Junta de Gobernadores del Sistema de la Reserva Federal, Banking and Monetary Statistics, 1941-1970 (1976), Tabla 1.1 A, p. 17",
1949-04,,dinero_eeuu_1947_1958,money_stock,111.3,miles de millones de USD,dato,,"Junta de Gobernadores del Sistema de la Reserva Federal, Banking and Monetary Statistics, 1941-1970 (1976), Tabla 1.1 A, p. 17",
1949-04,,dinero_eeuu_1947_1958,plazo_ajustados,36.2,miles de millones de USD,dato,,"Junta de Gobernadores del Sistema de la Reserva Federal, Banking and Monetary Statistics, 1941-1970 (1976), Tabla 1.1 A, p. 17",
1949-04,,dinero_eeuu_1947_1958,total,147.5,miles de millones de USD,dato,,"Junta de Gobernadores del Sistema de la Reserva Federal, Banking and Monetary Statistics, 1941-1970 (1976), Tabla 1.1 A, p. 17",
1949-05,,dinero_eeuu_1947_1958,efectivo,25.7,miles de millones de USD,dato,,"Junta de Gobernadores del Sistema de la Reserva Federal, Banking and Monetary Statistics, 1941-1970 (1976), Tabla 1.1 A, p. 17",
1949-05,,dinero_eeuu_1947_1958,vista,85.8,miles de millones de USD,dato,,"Junta de Gobernadores del Sistema de la Reserva Federal, Banking and Monetary Statistics, 1941-1970 (1976), Tabla 1.1 A, p. 17",
1949-05,,dinero_eeuu_1947_1958,money_stock,111.5,miles de millones de USD,dato,,"Junta de Gobernadores del Sistema de la Reserva Federal, Banking and Monetary Statistics, 1941-1970 (1976), Tabla 1.1 A, p. 17",
1949-05,,dinero_eeuu_1947_1958,plazo_ajustados,36.3,miles de millones de USD,dato,,"Junta de Gobernadores del Sistema de la Reserva Federal, Banking and Monetary Statistics, 1941-1970 (1976), Tabla 1.1 A, p. 17",
1949-05,,dinero_eeuu_1947_1958,total,147.8,miles de millones de USD,dato,,"Junta de Gobernadores del Sistema de la Reserva Federal, Banking and Monetary Statistics, 1941-1970 (1976), Tabla 1.1 A, p. 17",
1949-06,,dinero_eeuu_1947_1958,efectivo,25.6,miles de millones de USD,dato,,"Junta de Gobernadores del Sistema de la Reserva Federal, Banking and Monetary Statistics, 1941-1970 (1976), Tabla 1.1 A, p. 17",
1949-06,,dinero_eeuu_1947_1958,vista,85.7,miles de millones de USD,dato,,"Junta de Gobernadores del Sistema de la Reserva Federal, Banking and Monetary Statistics, 1941-1970 (1976), Tabla 1.1 A, p. 17",
1949-06,,dinero_eeuu_1947_1958,money_stock,111.3,miles de millones de USD,dato,,"Junta de Gobernadores del Sistema de la Reserva Federal, Banking and Monetary Statistics, 1941-1970 (1976), Tabla 1.1 A, p. 17",
1949-06,,dinero_eeuu_1947_1958,plazo_ajustados,36.4,miles de millones de USD,dato,,"Junta de Gobernadores del Sistema de la Reserva Federal, Banking and Monetary Statistics, 1941-1970 (1976), Tabla 1.1 A, p. 17",
1949-06,,dinero_eeuu_1947_1958,total,147.7,miles de millones de USD,dato,,"Junta de Gobernadores del Sistema de la Reserva Federal, Banking and Monetary Statistics, 1941-1970 (1976), Tabla 1.1 A, p. 17",
1949-07,,dinero_eeuu_1947_1958,efectivo,25.5,miles de millones de USD,dato,,"Junta de Gobernadores del Sistema de la Reserva Federal, Banking and Monetary Statistics, 1941-1970 (1976), Tabla 1.1 A, p. 17",
1949-07,,dinero_eeuu_1947_1958,vista,85.7,miles de millones de USD,dato,,"Junta de Gobernadores del Sistema de la Reserva Federal, Banking and Monetary Statistics, 1941-1970 (1976), Tabla 1.1 A, p. 17",
1949-07,,dinero_eeuu_1947_1958,money_stock,111.2,miles de millones de USD,dato,,"Junta de Gobernadores del Sistema de la Reserva Federal, Banking and Monetary Statistics, 1941-1970 (1976), Tabla 1.1 A, p. 17",
1949-07,,dinero_eeuu_1947_1958,plazo_ajustados,36.4,miles de millones de USD,dato,,"Junta de Gobernadores del Sistema de la Reserva Federal, Banking and Monetary Statistics, 1941-1970 (1976), Tabla 1.1 A, p. 17",
1949-07,,dinero_eeuu_1947_1958,total,147.6,miles de millones de USD,dato,,"Junta de Gobernadores del Sistema de la Reserva Federal, Banking and Monetary Statistics, 1941-1970 (1976), Tabla 1.1 A, p. 17",
1949-08,,dinero_eeuu_1947_1958,efectivo,25.5,miles de millones de USD,dato,,"Junta de Gobernadores del Sistema de la Reserva Federal, Banking and Monetary Statistics, 1941-1970 (1976), Tabla 1.1 A, p. 17",
1949-08,,dinero_eeuu_1947_1958,vista,85.6,miles de millones de USD,dato,,"Junta de Gobernadores del Sistema de la Reserva Federal, Banking and Monetary Statistics, 1941-1970 (1976), Tabla 1.1 A, p. 17",
1949-08,,dinero_eeuu_1947_1958,money_stock,111,miles de millones de USD,dato,,"Junta de Gobernadores del Sistema de la Reserva Federal, Banking and Monetary Statistics, 1941-1970 (1976), Tabla 1.1 A, p. 17",
1949-08,,dinero_eeuu_1947_1958,plazo_ajustados,36.4,miles de millones de USD,dato,,"Junta de Gobernadores del Sistema de la Reserva Federal, Banking and Monetary Statistics, 1941-1970 (1976), Tabla 1.1 A, p. 17",
1949-08,,dinero_eeuu_1947_1958,total,147.4,miles de millones de USD,dato,,"Junta de Gobernadores del Sistema de la Reserva Federal, Banking and Monetary Statistics, 1941-1970 (1976), Tabla 1.1 A, p. 17",
1949-09,,dinero_eeuu_1947_1958,efectivo,25.3,miles de millones de USD,dato,,"Junta de Gobernadores del Sistema de la Reserva Federal, Banking and Monetary Statistics, 1941-1970 (1976), Tabla 1.1 A, p. 17",
1949-09,,dinero_eeuu_1947_1958,vista,85.6,miles de millones de USD,dato,,"Junta de Gobernadores del Sistema de la Reserva Federal, Banking and Monetary Statistics, 1941-1970 (1976), Tabla 1.1 A, p. 17",
1949-09,,dinero_eeuu_1947_1958,money_stock,110.9,miles de millones de USD,dato,,"Junta de Gobernadores del Sistema de la Reserva Federal, Banking and Monetary Statistics, 1941-1970 (1976), Tabla 1.1 A, p. 17",
1949-09,,dinero_eeuu_1947_1958,plazo_ajustados,36.4,miles de millones de USD,dato,,"Junta de Gobernadores del Sistema de la Reserva Federal, Banking and Monetary Statistics, 1941-1970 (1976), Tabla 1.1 A, p. 17",
1949-09,,dinero_eeuu_1947_1958,total,147.3,miles de millones de USD,dato,,"Junta de Gobernadores del Sistema de la Reserva Federal, Banking and Monetary Statistics, 1941-1970 (1976), Tabla 1.1 A, p. 17",
1949-10,,dinero_eeuu_1947_1958,efectivo,25.3,miles de millones de USD,dato,,"Junta de Gobernadores del Sistema de la Reserva Federal, Banking and Monetary Statistics, 1941-1970 (1976), Tabla 1.1 A, p. 17",
1949-10,,dinero_eeuu_1947_1958,vista,85.6,miles de millones de USD,dato,,"Junta de Gobernadores del Sistema de la Reserva Federal, Banking and Monetary Statistics, 1941-1970 (1976), Tabla 1.1 A, p. 17",
1949-10,,dinero_eeuu_1947_1958,money_stock,110.9,miles de millones de USD,dato,,"Junta de Gobernadores del Sistema de la Reserva Federal, Banking and Monetary Statistics, 1941-1970 (1976), Tabla 1.1 A, p. 17",
1949-10,,dinero_eeuu_1947_1958,plazo_ajustados,36.4,miles de millones de USD,dato,,"Junta de Gobernadores del Sistema de la Reserva Federal, Banking and Monetary Statistics, 1941-1970 (1976), Tabla 1.1 A, p. 17",
1949-10,,dinero_eeuu_1947_1958,total,147.3,miles de millones de USD,dato,,"Junta de Gobernadores del Sistema de la Reserva Federal, Banking and Monetary Statistics, 1941-1970 (1976), Tabla 1.1 A, p. 17",
1949-11,,dinero_eeuu_1947_1958,efectivo,25.2,miles de millones de USD,dato,,"Junta de Gobernadores del Sistema de la Reserva Federal, Banking and Monetary Statistics, 1941-1970 (1976), Tabla 1.1 A, p. 17",
1949-11,,dinero_eeuu_1947_1958,vista,85.8,miles de millones de USD,dato,,"Junta de Gobernadores del Sistema de la Reserva Federal, Banking and Monetary Statistics, 1941-1970 (1976), Tabla 1.1 A, p. 17",
1949-11,,dinero_eeuu_1947_1958,money_stock,111,miles de millones de USD,dato,,"Junta de Gobernadores del Sistema de la Reserva Federal, Banking and Monetary Statistics, 1941-1970 (1976), Tabla 1.1 A, p. 17",
1949-11,,dinero_eeuu_1947_1958,plazo_ajustados,36.4,miles de millones de USD,dato,,"Junta de Gobernadores del Sistema de la Reserva Federal, Banking and Monetary Statistics, 1941-1970 (1976), Tabla 1.1 A, p. 17",
1949-11,,dinero_eeuu_1947_1958,total,147.4,miles de millones de USD,dato,,"Junta de Gobernadores del Sistema de la Reserva Federal, Banking and Monetary Statistics, 1941-1970 (1976), Tabla 1.1 A, p. 17",
1949-12,,dinero_eeuu_1947_1958,efectivo,25.1,miles de millones de USD,dato,,"Junta de Gobernadores del Sistema de la Reserva Federal, Banking and Monetary Statistics, 1941-1970 (1976), Tabla 1.1 A, p. 17",
1949-12,,dinero_eeuu_1947_1958,vista,86,miles de millones de USD,dato,,"Junta de Gobernadores del Sistema de la Reserva Federal, Banking and Monetary Statistics, 1941-1970 (1976), Tabla 1.1 A, p. 17",
1949-12,,dinero_eeuu_1947_1958,money_stock,111.2,miles de millones de USD,dato,,"Junta de Gobernadores del Sistema de la Reserva Federal, Banking and Monetary Statistics, 1941-1970 (1976), Tabla 1.1 A, p. 17",
1949-12,,dinero_eeuu_1947_1958,plazo_ajustados,36.4,miles de millones de USD,dato,,"Junta de Gobernadores del Sistema de la Reserva Federal, Banking and Monetary Statistics, 1941-1970 (1976), Tabla 1.1 A, p. 17",
1949-12,,dinero_eeuu_1947_1958,total,147.6,miles de millones de USD,dato,,"Junta de Gobernadores del Sistema de la Reserva Federal, Banking and Monetary Statistics, 1941-1970 (1976), Tabla 1.1 A, p. 17",
1950-01,,dinero_eeuu_1947_1958,efectivo,25.1,miles de millones de USD,dato,,"Junta de Gobernadores del Sistema de la Reserva Federal, Banking and Monetary Statistics, 1941-1970 (1976), Tabla 1.1 A, p. 17",
1950-01,,dinero_eeuu_1947_1958,vista,86.4,miles de millones de USD,dato,,"Junta de Gobernadores del Sistema de la Reserva Federal, Banking and Monetary Statistics, 1941-1970 (1976), Tabla 1.1 A, p. 17",
1950-01,,dinero_eeuu_1947_1958,money_stock,111.5,miles de millones de USD,dato,,"Junta de Gobernadores del Sistema de la Reserva Federal, Banking and Monetary Statistics, 1941-1970 (1976), Tabla 1.1 A, p. 17",
1950-01,,dinero_eeuu_1947_1958,plazo_ajustados,36.4,miles de millones de USD,dato,,"Junta de Gobernadores del Sistema de la Reserva Federal, Banking and Monetary Statistics, 1941-1970 (1976), Tabla 1.1 A, p. 17",
1950-01,,dinero_eeuu_1947_1958,total,147.9,miles de millones de USD,dato,,"Junta de Gobernadores del Sistema de la Reserva Federal, Banking and Monetary Statistics, 1941-1970 (1976), Tabla 1.1 A, p. 17",
1950-02,,dinero_eeuu_1947_1958,efectivo,25.1,miles de millones de USD,dato,,"Junta de Gobernadores del Sistema de la Reserva Federal, Banking and Monetary Statistics, 1941-1970 (1976), Tabla 1.1 A, p. 17",
1950-02,,dinero_eeuu_1947_1958,vista,86.9,miles de millones de USD,dato,,"Junta de Gobernadores del Sistema de la Reserva Federal, Banking and Monetary Statistics, 1941-1970 (1976), Tabla 1.1 A, p. 17",
1950-02,,dinero_eeuu_1947_1958,money_stock,112.1,miles de millones de USD,dato,,"Junta de Gobernadores del Sistema de la Reserva Federal, Banking and Monetary Statistics, 1941-1970 (1976), Tabla 1.1 A, p. 17",
1950-02,,dinero_eeuu_1947_1958,plazo_ajustados,36.6,miles de millones de USD,dato,,"Junta de Gobernadores del Sistema de la Reserva Federal, Banking and Monetary Statistics, 1941-1970 (1976), Tabla 1.1 A, p. 17",
1950-02,,dinero_eeuu_1947_1958,total,148.7,miles de millones de USD,dato,,"Junta de Gobernadores del Sistema de la Reserva Federal, Banking and Monetary Statistics, 1941-1970 (1976), Tabla 1.1 A, p. 17",
1950-03,,dinero_eeuu_1947_1958,efectivo,25.2,miles de millones de USD,dato,,"Junta de Gobernadores del Sistema de la Reserva Federal, Banking and Monetary Statistics, 1941-1970 (1976), Tabla 1.1 A, p. 17",
1950-03,,dinero_eeuu_1947_1958,vista,87.3,miles de millones de USD,dato,,"Junta de Gobernadores del Sistema de la Reserva Federal, Banking and Monetary Statistics, 1941-1970 (1976), Tabla 1.1 A, p. 17",
1950-03,,dinero_eeuu_1947_1958,money_stock,112.5,miles de millones de USD,dato,,"Junta de Gobernadores del Sistema de la Reserva Federal, Banking and Monetary Statistics, 1941-1970 (1976), Tabla 1.1 A, p. 17",
1950-03,,dinero_eeuu_1947_1958,plazo_ajustados,36.6,miles de millones de USD,dato,,"Junta de Gobernadores del Sistema de la Reserva Federal, Banking and Monetary Statistics, 1941-1970 (1976), Tabla 1.1 A, p. 17",
1950-03,,dinero_eeuu_1947_1958,total,149.1,miles de millones de USD,dato,,"Junta de Gobernadores del Sistema de la Reserva Federal, Banking and Monetary Statistics, 1941-1970 (1976), Tabla 1.1 A, p. 17",
1950-04,,dinero_eeuu_1947_1958,efectivo,25.3,miles de millones de USD,dato,,"Junta de Gobernadores del Sistema de la Reserva Federal, Banking and Monetary Statistics, 1941-1970 (1976), Tabla 1.1 A, p. 17",
1950-04,,dinero_eeuu_1947_1958,vista,88,miles de millones de USD,dato,,"Junta de Gobernadores del Sistema de la Reserva Federal, Banking and Monetary Statistics, 1941-1970 (1976), Tabla 1.1 A, p. 17",
1950-04,,dinero_eeuu_1947_1958,money_stock,113.2,miles de millones de USD,dato,,"Junta de Gobernadores del Sistema de la Reserva Federal, Banking and Monetary Statistics, 1941-1970 (1976), Tabla 1.1 A, p. 17",
1950-04,,dinero_eeuu_1947_1958,plazo_ajustados,36.7,miles de millones de USD,dato,,"Junta de Gobernadores del Sistema de la Reserva Federal, Banking and Monetary Statistics, 1941-1970 (1976), Tabla 1.1 A, p. 17",
1950-04,,dinero_eeuu_1947_1958,total,149.9,miles de millones de USD,dato,,"Junta de Gobernadores del Sistema de la Reserva Federal, Banking and Monetary Statistics, 1941-1970 (1976), Tabla 1.1 A, p. 17",
1950-05,,dinero_eeuu_1947_1958,efectivo,25.2,miles de millones de USD,dato,,"Junta de Gobernadores del Sistema de la Reserva Federal, Banking and Monetary Statistics, 1941-1970 (1976), Tabla 1.1 A, p. 17",
1950-05,,dinero_eeuu_1947_1958,vista,88.5,miles de millones de USD,dato,,"Junta de Gobernadores del Sistema de la Reserva Federal, Banking and Monetary Statistics, 1941-1970 (1976), Tabla 1.1 A, p. 17",
1950-05,,dinero_eeuu_1947_1958,money_stock,113.7,miles de millones de USD,dato,,"Junta de Gobernadores del Sistema de la Reserva Federal, Banking and Monetary Statistics, 1941-1970 (1976), Tabla 1.1 A, p. 17",
1950-05,,dinero_eeuu_1947_1958,plazo_ajustados,36.9,miles de millones de USD,dato,,"Junta de Gobernadores del Sistema de la Reserva Federal, Banking and Monetary Statistics, 1941-1970 (1976), Tabla 1.1 A, p. 17",
1950-05,,dinero_eeuu_1947_1958,total,150.6,miles de millones de USD,dato,,"Junta de Gobernadores del Sistema de la Reserva Federal, Banking and Monetary Statistics, 1941-1970 (1976), Tabla 1.1 A, p. 17",
1950-06,,dinero_eeuu_1947_1958,efectivo,25.1,miles de millones de USD,dato,,"Junta de Gobernadores del Sistema de la Reserva Federal, Banking and Monetary Statistics, 1941-1970 (1976), Tabla 1.1 A, p. 17",
1950-06,,dinero_eeuu_1947_1958,vista,89,miles de millones de USD,dato,,"Junta de Gobernadores del Sistema de la Reserva Federal, Banking and Monetary Statistics, 1941-1970 (1976), Tabla 1.1 A, p. 17",
1950-06,,dinero_eeuu_1947_1958,money_stock,114.1,miles de millones de USD,dato,,"Junta de Gobernadores del Sistema de la Reserva Federal, Banking and Monetary Statistics, 1941-1970 (1976), Tabla 1.1 A, p. 17",
1950-06,,dinero_eeuu_1947_1958,plazo_ajustados,36.9,miles de millones de USD,dato,,"Junta de Gobernadores del Sistema de la Reserva Federal, Banking and Monetary Statistics, 1941-1970 (1976), Tabla 1.1 A, p. 17",
1950-06,,dinero_eeuu_1947_1958,total,151,miles de millones de USD,dato,,"Junta de Gobernadores del Sistema de la Reserva Federal, Banking and Monetary Statistics, 1941-1970 (1976), Tabla 1.1 A, p. 17",
1950-07,,dinero_eeuu_1947_1958,efectivo,25,miles de millones de USD,dato,,"Junta de Gobernadores del Sistema de la Reserva Federal, Banking and Monetary Statistics, 1941-1970 (1976), Tabla 1.1 A, p. 17",
1950-07,,dinero_eeuu_1947_1958,vista,89.6,miles de millones de USD,dato,,"Junta de Gobernadores del Sistema de la Reserva Federal, Banking and Monetary Statistics, 1941-1970 (1976), Tabla 1.1 A, p. 17",
1950-07,,dinero_eeuu_1947_1958,money_stock,114.6,miles de millones de USD,dato,,"Junta de Gobernadores del Sistema de la Reserva Federal, Banking and Monetary Statistics, 1941-1970 (1976), Tabla 1.1 A, p. 17",
1950-07,,dinero_eeuu_1947_1958,plazo_ajustados,36.8,miles de millones de USD,dato,,"Junta de Gobernadores del Sistema de la Reserva Federal, Banking and Monetary Statistics, 1941-1970 (1976), Tabla 1.1 A, p. 17",
1950-07,,dinero_eeuu_1947_1958,total,151.4,miles de millones de USD,dato,,"Junta de Gobernadores del Sistema de la Reserva Federal, Banking and Monetary Statistics, 1941-1970 (1976), Tabla 1.1 A, p. 17",
1950-08,,dinero_eeuu_1947_1958,efectivo,24.9,miles de millones de USD,dato,,"Junta de Gobernadores del Sistema de la Reserva Federal, Banking and Monetary Statistics, 1941-1970 (1976), Tabla 1.1 A, p. 17",
1950-08,,dinero_eeuu_1947_1958,vista,90.1,miles de millones de USD,dato,,"Junta de Gobernadores del Sistema de la Reserva Federal, Banking and Monetary Statistics, 1941-1970 (1976), Tabla 1.1 A, p. 17",
1950-08,,dinero_eeuu_1947_1958,money_stock,115,miles de millones de USD,dato,,"Junta de Gobernadores del Sistema de la Reserva Federal, Banking and Monetary Statistics, 1941-1970 (1976), Tabla 1.1 A, p. 17",
1950-08,,dinero_eeuu_1947_1958,plazo_ajustados,36.7,miles de millones de USD,dato,,"Junta de Gobernadores del Sistema de la Reserva Federal, Banking and Monetary Statistics, 1941-1970 (1976), Tabla 1.1 A, p. 17",
1950-08,,dinero_eeuu_1947_1958,total,151.7,miles de millones de USD,dato,,"Junta de Gobernadores del Sistema de la Reserva Federal, Banking and Monetary Statistics, 1941-1970 (1976), Tabla 1.1 A, p. 17",
1950-09,,dinero_eeuu_1947_1958,efectivo,24.9,miles de millones de USD,dato,,"Junta de Gobernadores del Sistema de la Reserva Federal, Banking and Monetary Statistics, 1941-1970 (1976), Tabla 1.1 A, p. 17",
1950-09,,dinero_eeuu_1947_1958,vista,90.3,miles de millones de USD,dato,,"Junta de Gobernadores del Sistema de la Reserva Federal, Banking and Monetary Statistics, 1941-1970 (1976), Tabla 1.1 A, p. 17",
1950-09,,dinero_eeuu_1947_1958,money_stock,115.2,miles de millones de USD,dato,,"Junta de Gobernadores del Sistema de la Reserva Federal, Banking and Monetary Statistics, 1941-1970 (1976), Tabla 1.1 A, p. 17",
1950-09,,dinero_eeuu_1947_1958,plazo_ajustados,36.6,miles de millones de USD,dato,,"Junta de Gobernadores del Sistema de la Reserva Federal, Banking and Monetary Statistics, 1941-1970 (1976), Tabla 1.1 A, p. 17",
1950-09,,dinero_eeuu_1947_1958,total,151.8,miles de millones de USD,dato,,"Junta de Gobernadores del Sistema de la Reserva Federal, Banking and Monetary Statistics, 1941-1970 (1976), Tabla 1.1 A, p. 17",
1950-10,,dinero_eeuu_1947_1958,efectivo,24.9,miles de millones de USD,dato,,"Junta de Gobernadores del Sistema de la Reserva Federal, Banking and Monetary Statistics, 1941-1970 (1976), Tabla 1.1 A, p. 17",
1950-10,,dinero_eeuu_1947_1958,vista,90.8,miles de millones de USD,dato,,"Junta de Gobernadores del Sistema de la Reserva Federal, Banking and Monetary Statistics, 1941-1970 (1976), Tabla 1.1 A, p. 17",
1950-10,,dinero_eeuu_1947_1958,money_stock,115.7,miles de millones de USD,dato,,"Junta de Gobernadores del Sistema de la Reserva Federal, Banking and Monetary Statistics, 1941-1970 (1976), Tabla 1.1 A, p. 17",
1950-10,,dinero_eeuu_1947_1958,plazo_ajustados,36.5,miles de millones de USD,dato,,"Junta de Gobernadores del Sistema de la Reserva Federal, Banking and Monetary Statistics, 1941-1970 (1976), Tabla 1.1 A, p. 17",
1950-10,,dinero_eeuu_1947_1958,total,152.2,miles de millones de USD,dato,,"Junta de Gobernadores del Sistema de la Reserva Federal, Banking and Monetary Statistics, 1941-1970 (1976), Tabla 1.1 A, p. 17",
1950-11,,dinero_eeuu_1947_1958,efectivo,24.9,miles de millones de USD,dato,,"Junta de Gobernadores del Sistema de la Reserva Federal, Banking and Monetary Statistics, 1941-1970 (1976), Tabla 1.1 A, p. 17",
1950-11,,dinero_eeuu_1947_1958,vista,90.9,miles de millones de USD,dato,,"Junta de Gobernadores del Sistema de la Reserva Federal, Banking and Monetary Statistics, 1941-1970 (1976), Tabla 1.1 A, p. 17",
1950-11,,dinero_eeuu_1947_1958,money_stock,115.9,miles de millones de USD,dato,,"Junta de Gobernadores del Sistema de la Reserva Federal, Banking and Monetary Statistics, 1941-1970 (1976), Tabla 1.1 A, p. 17",
1950-11,,dinero_eeuu_1947_1958,plazo_ajustados,36.6,miles de millones de USD,dato,,"Junta de Gobernadores del Sistema de la Reserva Federal, Banking and Monetary Statistics, 1941-1970 (1976), Tabla 1.1 A, p. 17",
1950-11,,dinero_eeuu_1947_1958,total,152.5,miles de millones de USD,dato,,"Junta de Gobernadores del Sistema de la Reserva Federal, Banking and Monetary Statistics, 1941-1970 (1976), Tabla 1.1 A, p. 17",
1950-12,,dinero_eeuu_1947_1958,efectivo,25,miles de millones de USD,dato,,"Junta de Gobernadores del Sistema de la Reserva Federal, Banking and Monetary Statistics, 1941-1970 (1976), Tabla 1.1 A, p. 17",
1950-12,,dinero_eeuu_1947_1958,vista,91.2,miles de millones de USD,dato,,"Junta de Gobernadores del Sistema de la Reserva Federal, Banking and Monetary Statistics, 1941-1970 (1976), Tabla 1.1 A, p. 17",
1950-12,,dinero_eeuu_1947_1958,money_stock,116.2,miles de millones de USD,dato,,"Junta de Gobernadores del Sistema de la Reserva Federal, Banking and Monetary Statistics, 1941-1970 (1976), Tabla 1.1 A, p. 17",
1950-12,,dinero_eeuu_1947_1958,plazo_ajustados,36.7,miles de millones de USD,dato,,"Junta de Gobernadores del Sistema de la Reserva Federal, Banking and Monetary Statistics, 1941-1970 (1976), Tabla 1.1 A, p. 17",
1950-12,,dinero_eeuu_1947_1958,total,152.9,miles de millones de USD,dato,,"Junta de Gobernadores del Sistema de la Reserva Federal, Banking and Monetary Statistics, 1941-1970 (1976), Tabla 1.1 A, p. 17",
1951-01,,dinero_eeuu_1947_1958,efectivo,25,miles de millones de USD,dato,,"Junta de Gobernadores del Sistema de la Reserva Federal, Banking and Monetary Statistics, 1941-1970 (1976), Tabla 1.1 A, p. 17",
1951-01,,dinero_eeuu_1947_1958,vista,91.7,miles de millones de USD,dato,,"Junta de Gobernadores del Sistema de la Reserva Federal, Banking and Monetary Statistics, 1941-1970 (1976), Tabla 1.1 A, p. 17",
1951-01,,dinero_eeuu_1947_1958,money_stock,116.7,miles de millones de USD,dato,,"Junta de Gobernadores del Sistema de la Reserva Federal, Banking and Monetary Statistics, 1941-1970 (1976), Tabla 1.1 A, p. 17",
1951-01,,dinero_eeuu_1947_1958,plazo_ajustados,36.7,miles de millones de USD,dato,,"Junta de Gobernadores del Sistema de la Reserva Federal, Banking and Monetary Statistics, 1941-1970 (1976), Tabla 1.1 A, p. 17",
1951-01,,dinero_eeuu_1947_1958,total,153.4,miles de millones de USD,dato,,"Junta de Gobernadores del Sistema de la Reserva Federal, Banking and Monetary Statistics, 1941-1970 (1976), Tabla 1.1 A, p. 17",
1951-02,,dinero_eeuu_1947_1958,efectivo,25.1,miles de millones de USD,dato,,"Junta de Gobernadores del Sistema de la Reserva Federal, Banking and Monetary Statistics, 1941-1970 (1976), Tabla 1.1 A, p. 17",
1951-02,,dinero_eeuu_1947_1958,vista,92,miles de millones de USD,dato,,"Junta de Gobernadores del Sistema de la Reserva Federal, Banking and Monetary Statistics, 1941-1970 (1976), Tabla 1.1 A, p. 17",
1951-02,,dinero_eeuu_1947_1958,money_stock,117.1,miles de millones de USD,dato,,"Junta de Gobernadores del Sistema de la Reserva Federal, Banking and Monetary Statistics, 1941-1970 (1976), Tabla 1.1 A, p. 17",
1951-02,,dinero_eeuu_1947_1958,plazo_ajustados,36.6,miles de millones de USD,dato,,"Junta de Gobernadores del Sistema de la Reserva Federal, Banking and Monetary Statistics, 1941-1970 (1976), Tabla 1.1 A, p. 17",
1951-02,,dinero_eeuu_1947_1958,total,153.7,miles de millones de USD,dato,,"Junta de Gobernadores del Sistema de la Reserva Federal, Banking and Monetary Statistics, 1941-1970 (1976), Tabla 1.1 A, p. 17",
1951-03,,dinero_eeuu_1947_1958,efectivo,25.2,miles de millones de USD,dato,,"Junta de Gobernadores del Sistema de la Reserva Federal, Banking and Monetary Statistics, 1941-1970 (1976), Tabla 1.1 A, p. 17",
1951-03,,dinero_eeuu_1947_1958,vista,92.4,miles de millones de USD,dato,,"Junta de Gobernadores del Sistema de la Reserva Federal, Banking and Monetary Statistics, 1941-1970 (1976), Tabla 1.1 A, p. 17",
1951-03,,dinero_eeuu_1947_1958,money_stock,117.6,miles de millones de USD,dato,,"Junta de Gobernadores del Sistema de la Reserva Federal, Banking and Monetary Statistics, 1941-1970 (1976), Tabla 1.1 A, p. 17",
1951-03,,dinero_eeuu_1947_1958,plazo_ajustados,36.6,miles de millones de USD,dato,,"Junta de Gobernadores del Sistema de la Reserva Federal, Banking and Monetary Statistics, 1941-1970 (1976), Tabla 1.1 A, p. 17",
1951-03,,dinero_eeuu_1947_1958,total,154.2,miles de millones de USD,dato,,"Junta de Gobernadores del Sistema de la Reserva Federal, Banking and Monetary Statistics, 1941-1970 (1976), Tabla 1.1 A, p. 17",
1951-04,,dinero_eeuu_1947_1958,efectivo,25.2,miles de millones de USD,dato,,"Junta de Gobernadores del Sistema de la Reserva Federal, Banking and Monetary Statistics, 1941-1970 (1976), Tabla 1.1 A, p. 17",
1951-04,,dinero_eeuu_1947_1958,vista,92.6,miles de millones de USD,dato,,"Junta de Gobernadores del Sistema de la Reserva Federal, Banking and Monetary Statistics, 1941-1970 (1976), Tabla 1.1 A, p. 17",
1951-04,,dinero_eeuu_1947_1958,money_stock,117.8,miles de millones de USD,dato,,"Junta de Gobernadores del Sistema de la Reserva Federal, Banking and Monetary Statistics, 1941-1970 (1976), Tabla 1.1 A, p. 17",
1951-04,,dinero_eeuu_1947_1958,plazo_ajustados,36.7,miles de millones de USD,dato,,"Junta de Gobernadores del Sistema de la Reserva Federal, Banking and Monetary Statistics, 1941-1970 (1976), Tabla 1.1 A, p. 17",
1951-04,,dinero_eeuu_1947_1958,total,154.5,miles de millones de USD,dato,,"Junta de Gobernadores del Sistema de la Reserva Federal, Banking and Monetary Statistics, 1941-1970 (1976), Tabla 1.1 A, p. 17",
1951-05,,dinero_eeuu_1947_1958,efectivo,25.3,miles de millones de USD,dato,,"Junta de Gobernadores del Sistema de la Reserva Federal, Banking and Monetary Statistics, 1941-1970 (1976), Tabla 1.1 A, p. 17",
1951-05,,dinero_eeuu_1947_1958,vista,92.8,miles de millones de USD,dato,,"Junta de Gobernadores del Sistema de la Reserva Federal, Banking and Monetary Statistics, 1941-1970 (1976), Tabla 1.1 A, p. 17",
1951-05,,dinero_eeuu_1947_1958,money_stock,118.2,miles de millones de USD,dato,,"Junta de Gobernadores del Sistema de la Reserva Federal, Banking and Monetary Statistics, 1941-1970 (1976), Tabla 1.1 A, p. 17",
1951-05,,dinero_eeuu_1947_1958,plazo_ajustados,36.8,miles de millones de USD,dato,,"Junta de Gobernadores del Sistema de la Reserva Federal, Banking and Monetary Statistics, 1941-1970 (1976), Tabla 1.1 A, p. 17",
1951-05,,dinero_eeuu_1947_1958,total,155,miles de millones de USD,dato,,"Junta de Gobernadores del Sistema de la Reserva Federal, Banking and Monetary Statistics, 1941-1970 (1976), Tabla 1.1 A, p. 17",
1951-06,,dinero_eeuu_1947_1958,efectivo,25.4,miles de millones de USD,dato,,"Junta de Gobernadores del Sistema de la Reserva Federal, Banking and Monetary Statistics, 1941-1970 (1976), Tabla 1.1 A, p. 17",
1951-06,,dinero_eeuu_1947_1958,vista,93.2,miles de millones de USD,dato,,"Junta de Gobernadores del Sistema de la Reserva Federal, Banking and Monetary Statistics, 1941-1970 (1976), Tabla 1.1 A, p. 17",
1951-06,,dinero_eeuu_1947_1958,money_stock,118.6,miles de millones de USD,dato,,"Junta de Gobernadores del Sistema de la Reserva Federal, Banking and Monetary Statistics, 1941-1970 (1976), Tabla 1.1 A, p. 17",
1951-06,,dinero_eeuu_1947_1958,plazo_ajustados,36.9,miles de millones de USD,dato,,"Junta de Gobernadores del Sistema de la Reserva Federal, Banking and Monetary Statistics, 1941-1970 (1976), Tabla 1.1 A, p. 17",
1951-06,,dinero_eeuu_1947_1958,total,155.5,miles de millones de USD,dato,,"Junta de Gobernadores del Sistema de la Reserva Federal, Banking and Monetary Statistics, 1941-1970 (1976), Tabla 1.1 A, p. 17",
1951-07,,dinero_eeuu_1947_1958,efectivo,25.6,miles de millones de USD,dato,,"Junta de Gobernadores del Sistema de la Reserva Federal, Banking and Monetary Statistics, 1941-1970 (1976), Tabla 1.1 A, p. 17",
1951-07,,dinero_eeuu_1947_1958,vista,93.4,miles de millones de USD,dato,,"Junta de Gobernadores del Sistema de la Reserva Federal, Banking and Monetary Statistics, 1941-1970 (1976), Tabla 1.1 A, p. 17",
1951-07,,dinero_eeuu_1947_1958,money_stock,119.1,miles de millones de USD,dato,,"Junta de Gobernadores del Sistema de la Reserva Federal, Banking and Monetary Statistics, 1941-1970 (1976), Tabla 1.1 A, p. 17",
1951-07,,dinero_eeuu_1947_1958,plazo_ajustados,37.2,miles de millones de USD,dato,,"Junta de Gobernadores del Sistema de la Reserva Federal, Banking and Monetary Statistics, 1941-1970 (1976), Tabla 1.1 A, p. 17",
1951-07,,dinero_eeuu_1947_1958,total,156.3,miles de millones de USD,dato,,"Junta de Gobernadores del Sistema de la Reserva Federal, Banking and Monetary Statistics, 1941-1970 (1976), Tabla 1.1 A, p. 17",
1951-08,,dinero_eeuu_1947_1958,efectivo,25.7,miles de millones de USD,dato,,"Junta de Gobernadores del Sistema de la Reserva Federal, Banking and Monetary Statistics, 1941-1970 (1976), Tabla 1.1 A, p. 17",
1951-08,,dinero_eeuu_1947_1958,vista,93.8,miles de millones de USD,dato,,"Junta de Gobernadores del Sistema de la Reserva Federal, Banking and Monetary Statistics, 1941-1970 (1976), Tabla 1.1 A, p. 17",
1951-08,,dinero_eeuu_1947_1958,money_stock,119.6,miles de millones de USD,dato,,"Junta de Gobernadores del Sistema de la Reserva Federal, Banking and Monetary Statistics, 1941-1970 (1976), Tabla 1.1 A, p. 17",
1951-08,,dinero_eeuu_1947_1958,plazo_ajustados,37.4,miles de millones de USD,dato,,"Junta de Gobernadores del Sistema de la Reserva Federal, Banking and Monetary Statistics, 1941-1970 (1976), Tabla 1.1 A, p. 17",
1951-08,,dinero_eeuu_1947_1958,total,157,miles de millones de USD,dato,,"Junta de Gobernadores del Sistema de la Reserva Federal, Banking and Monetary Statistics, 1941-1970 (1976), Tabla 1.1 A, p. 17",
1951-09,,dinero_eeuu_1947_1958,efectivo,25.8,miles de millones de USD,dato,,"Junta de Gobernadores del Sistema de la Reserva Federal, Banking and Monetary Statistics, 1941-1970 (1976), Tabla 1.1 A, p. 17",
1951-09,,dinero_eeuu_1947_1958,vista,94.5,miles de millones de USD,dato,,"Junta de Gobernadores del Sistema de la Reserva Federal, Banking and Monetary Statistics, 1941-1970 (1976), Tabla 1.1 A, p. 17",
1951-09,,dinero_eeuu_1947_1958,money_stock,120.4,miles de millones de USD,dato,,"Junta de Gobernadores del Sistema de la Reserva Federal, Banking and Monetary Statistics, 1941-1970 (1976), Tabla 1.1 A, p. 17",
1951-09,,dinero_eeuu_1947_1958,plazo_ajustados,37.7,miles de millones de USD,dato,,"Junta de Gobernadores del Sistema de la Reserva Federal, Banking and Monetary Statistics, 1941-1970 (1976), Tabla 1.1 A, p. 17",
1951-09,,dinero_eeuu_1947_1958,total,158.1,miles de millones de USD,dato,,"Junta de Gobernadores del Sistema de la Reserva Federal, Banking and Monetary Statistics, 1941-1970 (1976), Tabla 1.1 A, p. 17",
1951-10,,dinero_eeuu_1947_1958,efectivo,26,miles de millones de USD,dato,,"Junta de Gobernadores del Sistema de la Reserva Federal, Banking and Monetary Statistics, 1941-1970 (1976), Tabla 1.1 A, p. 17",
1951-10,,dinero_eeuu_1947_1958,vista,95.1,miles de millones de USD,dato,,"Junta de Gobernadores del Sistema de la Reserva Federal, Banking and Monetary Statistics, 1941-1970 (1976), Tabla 1.1 A, p. 17",
1951-10,,dinero_eeuu_1947_1958,money_stock,121,miles de millones de USD,dato,,"Junta de Gobernadores del Sistema de la Reserva Federal, Banking and Monetary Statistics, 1941-1970 (1976), Tabla 1.1 A, p. 17",
1951-10,,dinero_eeuu_1947_1958,plazo_ajustados,37.8,miles de millones de USD,dato,,"Junta de Gobernadores del Sistema de la Reserva Federal, Banking and Monetary Statistics, 1941-1970 (1976), Tabla 1.1 A, p. 17",
1951-10,,dinero_eeuu_1947_1958,total,158.8,miles de millones de USD,dato,,"Junta de Gobernadores del Sistema de la Reserva Federal, Banking and Monetary Statistics, 1941-1970 (1976), Tabla 1.1 A, p. 17",
1951-11,,dinero_eeuu_1947_1958,efectivo,26,miles de millones de USD,dato,,"Junta de Gobernadores del Sistema de la Reserva Federal, Banking and Monetary Statistics, 1941-1970 (1976), Tabla 1.1 A, p. 17",
1951-11,,dinero_eeuu_1947_1958,vista,96,miles de millones de USD,dato,,"Junta de Gobernadores del Sistema de la Reserva Federal, Banking and Monetary Statistics, 1941-1970 (1976), Tabla 1.1 A, p. 17",
1951-11,,dinero_eeuu_1947_1958,money_stock,122,miles de millones de USD,dato,,"Junta de Gobernadores del Sistema de la Reserva Federal, Banking and Monetary Statistics, 1941-1970 (1976), Tabla 1.1 A, p. 17",
1951-11,,dinero_eeuu_1947_1958,plazo_ajustados,38,miles de millones de USD,dato,,"Junta de Gobernadores del Sistema de la Reserva Federal, Banking and Monetary Statistics, 1941-1970 (1976), Tabla 1.1 A, p. 17",
1951-11,,dinero_eeuu_1947_1958,total,160,miles de millones de USD,dato,,"Junta de Gobernadores del Sistema de la Reserva Federal, Banking and Monetary Statistics, 1941-1970 (1976), Tabla 1.1 A, p. 17",
1951-12,,dinero_eeuu_1947_1958,efectivo,26.1,miles de millones de USD,dato,,"Junta de Gobernadores del Sistema de la Reserva Federal, Banking and Monetary Statistics, 1941-1970 (1976), Tabla 1.1 A, p. 17",
1951-12,,dinero_eeuu_1947_1958,vista,96.5,miles de millones de USD,dato,,"Junta de Gobernadores del Sistema de la Reserva Federal, Banking and Monetary Statistics, 1941-1970 (1976), Tabla 1.1 A, p. 17",
1951-12,,dinero_eeuu_1947_1958,money_stock,122.7,miles de millones de USD,dato,,"Junta de Gobernadores del Sistema de la Reserva Federal, Banking and Monetary Statistics, 1941-1970 (1976), Tabla 1.1 A, p. 17",
1951-12,,dinero_eeuu_1947_1958,plazo_ajustados,38.2,miles de millones de USD,dato,,"Junta de Gobernadores del Sistema de la Reserva Federal, Banking and Monetary Statistics, 1941-1970 (1976), Tabla 1.1 A, p. 17",
1951-12,,dinero_eeuu_1947_1958,total,160.9,miles de millones de USD,dato,,"Junta de Gobernadores del Sistema de la Reserva Federal, Banking and Monetary Statistics, 1941-1970 (1976), Tabla 1.1 A, p. 17",
1952-01,,dinero_eeuu_1947_1958,efectivo,26.2,miles de millones de USD,dato,,"Junta de Gobernadores del Sistema de la Reserva Federal, Banking and Monetary Statistics, 1941-1970 (1976), Tabla 1.1 A, p. 17",
1952-01,,dinero_eeuu_1947_1958,vista,96.9,miles de millones de USD,dato,,"Junta de Gobernadores del Sistema de la Reserva Federal, Banking and Monetary Statistics, 1941-1970 (1976), Tabla 1.1 A, p. 17",
1952-01,,dinero_eeuu_1947_1958,money_stock,123.1,miles de millones de USD,dato,,"Junta de Gobernadores del Sistema de la Reserva Federal, Banking and Monetary Statistics, 1941-1970 (1976), Tabla 1.1 A, p. 17",
1952-01,,dinero_eeuu_1947_1958,plazo_ajustados,38.4,miles de millones de USD,dato,,"Junta de Gobernadores del Sistema de la Reserva Federal, Banking and Monetary Statistics, 1941-1970 (1976), Tabla 1.1 A, p. 17",
1952-01,,dinero_eeuu_1947_1958,total,161.5,miles de millones de USD,dato,,"Junta de Gobernadores del Sistema de la Reserva Federal, Banking and Monetary Statistics, 1941-1970 (1976), Tabla 1.1 A, p. 17",
1952-02,,dinero_eeuu_1947_1958,efectivo,26.3,miles de millones de USD,dato,,"Junta de Gobernadores del Sistema de la Reserva Federal, Banking and Monetary Statistics, 1941-1970 (1976), Tabla 1.1 A, p. 17",
1952-02,,dinero_eeuu_1947_1958,vista,97.3,miles de millones de USD,dato,,"Junta de Gobernadores del Sistema de la Reserva Federal, Banking and Monetary Statistics, 1941-1970 (1976), Tabla 1.1 A, p. 17",
1952-02,,dinero_eeuu_1947_1958,money_stock,123.6,miles de millones de USD,dato,,"Junta de Gobernadores del Sistema de la Reserva Federal, Banking and Monetary Statistics, 1941-1970 (1976), Tabla 1.1 A, p. 17",
1952-02,,dinero_eeuu_1947_1958,plazo_ajustados,38.7,miles de millones de USD,dato,,"Junta de Gobernadores del Sistema de la Reserva Federal, Banking and Monetary Statistics, 1941-1970 (1976), Tabla 1.1 A, p. 17",
1952-02,,dinero_eeuu_1947_1958,total,162.3,miles de millones de USD,dato,,"Junta de Gobernadores del Sistema de la Reserva Federal, Banking and Monetary Statistics, 1941-1970 (1976), Tabla 1.1 A, p. 17",
1952-03,,dinero_eeuu_1947_1958,efectivo,26.4,miles de millones de USD,dato,,"Junta de Gobernadores del Sistema de la Reserva Federal, Banking and Monetary Statistics, 1941-1970 (1976), Tabla 1.1 A, p. 17",
1952-03,,dinero_eeuu_1947_1958,vista,97.5,miles de millones de USD,dato,,"Junta de Gobernadores del Sistema de la Reserva Federal, Banking and Monetary Statistics, 1941-1970 (1976), Tabla 1.1 A, p. 17",
1952-03,,dinero_eeuu_1947_1958,money_stock,123.8,miles de millones de USD,dato,,"Junta de Gobernadores del Sistema de la Reserva Federal, Banking and Monetary Statistics, 1941-1970 (1976), Tabla 1.1 A, p. 17",
1952-03,,dinero_eeuu_1947_1958,plazo_ajustados,38.9,miles de millones de USD,dato,,"Junta de Gobernadores del Sistema de la Reserva Federal, Banking and Monetary Statistics, 1941-1970 (1976), Tabla 1.1 A, p. 17",
1952-03,,dinero_eeuu_1947_1958,total,162.7,miles de millones de USD,dato,,"Junta de Gobernadores del Sistema de la Reserva Federal, Banking and Monetary Statistics, 1941-1970 (1976), Tabla 1.1 A, p. 17",
1952-04,,dinero_eeuu_1947_1958,efectivo,26.4,miles de millones de USD,dato,,"Junta de Gobernadores del Sistema de la Reserva Federal, Banking and Monetary Statistics, 1941-1970 (1976), Tabla 1.1 A, p. 17",
1952-04,,dinero_eeuu_1947_1958,vista,97.6,miles de millones de USD,dato,,"Junta de Gobernadores del Sistema de la Reserva Federal, Banking and Monetary Statistics, 1941-1970 (1976), Tabla 1.1 A, p. 17",
1952-04,,dinero_eeuu_1947_1958,money_stock,124.1,miles de millones de USD,dato,,"Junta de Gobernadores del Sistema de la Reserva Federal, Banking and Monetary Statistics, 1941-1970 (1976), Tabla 1.1 A, p. 17",
1952-04,,dinero_eeuu_1947_1958,plazo_ajustados,39.1,miles de millones de USD,dato,,"Junta de Gobernadores del Sistema de la Reserva Federal, Banking and Monetary Statistics, 1941-1970 (1976), Tabla 1.1 A, p. 17",
1952-04,,dinero_eeuu_1947_1958,total,163.2,miles de millones de USD,dato,,"Junta de Gobernadores del Sistema de la Reserva Federal, Banking and Monetary Statistics, 1941-1970 (1976), Tabla 1.1 A, p. 17",
1952-05,,dinero_eeuu_1947_1958,efectivo,26.5,miles de millones de USD,dato,,"Junta de Gobernadores del Sistema de la Reserva Federal, Banking and Monetary Statistics, 1941-1970 (1976), Tabla 1.1 A, p. 17",
1952-05,,dinero_eeuu_1947_1958,vista,98,miles de millones de USD,dato,,"Junta de Gobernadores del Sistema de la Reserva Federal, Banking and Monetary Statistics, 1941-1970 (1976), Tabla 1.1 A, p. 17",
1952-05,,dinero_eeuu_1947_1958,money_stock,124.5,miles de millones de USD,dato,,"Junta de Gobernadores del Sistema de la Reserva Federal, Banking and Monetary Statistics, 1941-1970 (1976), Tabla 1.1 A, p. 17",
1952-05,,dinero_eeuu_1947_1958,plazo_ajustados,39.3,miles de millones de USD,dato,,"Junta de Gobernadores del Sistema de la Reserva Federal, Banking and Monetary Statistics, 1941-1970 (1976), Tabla 1.1 A, p. 17",
1952-05,,dinero_eeuu_1947_1958,total,163.8,miles de millones de USD,dato,,"Junta de Gobernadores del Sistema de la Reserva Federal, Banking and Monetary Statistics, 1941-1970 (1976), Tabla 1.1 A, p. 17",
1952-06,,dinero_eeuu_1947_1958,efectivo,26.7,miles de millones de USD,dato,,"Junta de Gobernadores del Sistema de la Reserva Federal, Banking and Monetary Statistics, 1941-1970 (1976), Tabla 1.1 A, p. 17",
1952-06,,dinero_eeuu_1947_1958,vista,98.4,miles de millones de USD,dato,,"Junta de Gobernadores del Sistema de la Reserva Federal, Banking and Monetary Statistics, 1941-1970 (1976), Tabla 1.1 A, p. 17",
1952-06,,dinero_eeuu_1947_1958,money_stock,125,miles de millones de USD,dato,,"Junta de Gobernadores del Sistema de la Reserva Federal, Banking and Monetary Statistics, 1941-1970 (1976), Tabla 1.1 A, p. 17",
1952-06,,dinero_eeuu_1947_1958,plazo_ajustados,39.5,miles de millones de USD,dato,,"Junta de Gobernadores del Sistema de la Reserva Federal, Banking and Monetary Statistics, 1941-1970 (1976), Tabla 1.1 A, p. 17",
1952-06,,dinero_eeuu_1947_1958,total,164.5,miles de millones de USD,dato,,"Junta de Gobernadores del Sistema de la Reserva Federal, Banking and Monetary Statistics, 1941-1970 (1976), Tabla 1.1 A, p. 17",
1952-07,,dinero_eeuu_1947_1958,efectivo,26.7,miles de millones de USD,dato,,"Junta de Gobernadores del Sistema de la Reserva Federal, Banking and Monetary Statistics, 1941-1970 (1976), Tabla 1.1 A, p. 17",
1952-07,,dinero_eeuu_1947_1958,vista,98.6,miles de millones de USD,dato,,"Junta de Gobernadores del Sistema de la Reserva Federal, Banking and Monetary Statistics, 1941-1970 (1976), Tabla 1.1 A, p. 17",
1952-07,,dinero_eeuu_1947_1958,money_stock,125.3,miles de millones de USD,dato,,"Junta de Gobernadores del Sistema de la Reserva Federal, Banking and Monetary Statistics, 1941-1970 (1976), Tabla 1.1 A, p. 17",
1952-07,,dinero_eeuu_1947_1958,plazo_ajustados,39.7,miles de millones de USD,dato,,"Junta de Gobernadores del Sistema de la Reserva Federal, Banking and Monetary Statistics, 1941-1970 (1976), Tabla 1.1 A, p. 17",
1952-07,,dinero_eeuu_1947_1958,total,165,miles de millones de USD,dato,,"Junta de Gobernadores del Sistema de la Reserva Federal, Banking and Monetary Statistics, 1941-1970 (1976), Tabla 1.1 A, p. 17",
1952-08,,dinero_eeuu_1947_1958,efectivo,26.8,miles de millones de USD,dato,,"Junta de Gobernadores del Sistema de la Reserva Federal, Banking and Monetary Statistics, 1941-1970 (1976), Tabla 1.1 A, p. 17",
1952-08,,dinero_eeuu_1947_1958,vista,98.9,miles de millones de USD,dato,,"Junta de Gobernadores del Sistema de la Reserva Federal, Banking and Monetary Statistics, 1941-1970 (1976), Tabla 1.1 A, p. 17",
1952-08,,dinero_eeuu_1947_1958,money_stock,125.7,miles de millones de USD,dato,,"Junta de Gobernadores del Sistema de la Reserva Federal, Banking and Monetary Statistics, 1941-1970 (1976), Tabla 1.1 A, p. 17",
1952-08,,dinero_eeuu_1947_1958,plazo_ajustados,40,miles de millones de USD,dato,,"Junta de Gobernadores del Sistema de la Reserva Federal, Banking and Monetary Statistics, 1941-1970 (1976), Tabla 1.1 A, p. 17",
1952-08,,dinero_eeuu_1947_1958,total,165.7,miles de millones de USD,dato,,"Junta de Gobernadores del Sistema de la Reserva Federal, Banking and Monetary Statistics, 1941-1970 (1976), Tabla 1.1 A, p. 17",
1952-09,,dinero_eeuu_1947_1958,efectivo,26.9,miles de millones de USD,dato,,"Junta de Gobernadores del Sistema de la Reserva Federal, Banking and Monetary Statistics, 1941-1970 (1976), Tabla 1.1 A, p. 17",
1952-09,,dinero_eeuu_1947_1958,vista,99.4,miles de millones de USD,dato,,"Junta de Gobernadores del Sistema de la Reserva Federal, Banking and Monetary Statistics, 1941-1970 (1976), Tabla 1.1 A, p. 17",
1952-09,,dinero_eeuu_1947_1958,money_stock,126.4,miles de millones de USD,dato,,"Junta de Gobernadores del Sistema de la Reserva Federal, Banking and Monetary Statistics, 1941-1970 (1976), Tabla 1.1 A, p. 17",
1952-09,,dinero_eeuu_1947_1958,plazo_ajustados,40.3,miles de millones de USD,dato,,"Junta de Gobernadores del Sistema de la Reserva Federal, Banking and Monetary Statistics, 1941-1970 (1976), Tabla 1.1 A, p. 17",
1952-09,,dinero_eeuu_1947_1958,total,166.7,miles de millones de USD,dato,,"Junta de Gobernadores del Sistema de la Reserva Federal, Banking and Monetary Statistics, 1941-1970 (1976), Tabla 1.1 A, p. 17",
1952-10,,dinero_eeuu_1947_1958,efectivo,27,miles de millones de USD,dato,,"Junta de Gobernadores del Sistema de la Reserva Federal, Banking and Monetary Statistics, 1941-1970 (1976), Tabla 1.1 A, p. 17",
1952-10,,dinero_eeuu_1947_1958,vista,99.7,miles de millones de USD,dato,,"Junta de Gobernadores del Sistema de la Reserva Federal, Banking and Monetary Statistics, 1941-1970 (1976), Tabla 1.1 A, p. 17",
1952-10,,dinero_eeuu_1947_1958,money_stock,126.7,miles de millones de USD,dato,,"Junta de Gobernadores del Sistema de la Reserva Federal, Banking and Monetary Statistics, 1941-1970 (1976), Tabla 1.1 A, p. 17",
1952-10,,dinero_eeuu_1947_1958,plazo_ajustados,40.5,miles de millones de USD,dato,,"Junta de Gobernadores del Sistema de la Reserva Federal, Banking and Monetary Statistics, 1941-1970 (1976), Tabla 1.1 A, p. 17",
1952-10,,dinero_eeuu_1947_1958,total,167.2,miles de millones de USD,dato,,"Junta de Gobernadores del Sistema de la Reserva Federal, Banking and Monetary Statistics, 1941-1970 (1976), Tabla 1.1 A, p. 17",
1952-11,,dinero_eeuu_1947_1958,efectivo,27.2,miles de millones de USD,dato,,"Junta de Gobernadores del Sistema de la Reserva Federal, Banking and Monetary Statistics, 1941-1970 (1976), Tabla 1.1 A, p. 17",
1952-11,,dinero_eeuu_1947_1958,vista,99.9,miles de millones de USD,dato,,"Junta de Gobernadores del Sistema de la Reserva Federal, Banking and Monetary Statistics, 1941-1970 (1976), Tabla 1.1 A, p. 17",
1952-11,,dinero_eeuu_1947_1958,money_stock,127.1,miles de millones de USD,dato,,"Junta de Gobernadores del Sistema de la Reserva Federal, Banking and Monetary Statistics, 1941-1970 (1976), Tabla 1.1 A, p. 17",
1952-11,,dinero_eeuu_1947_1958,plazo_ajustados,40.9,miles de millones de USD,dato,,"Junta de Gobernadores del Sistema de la Reserva Federal, Banking and Monetary Statistics, 1941-1970 (1976), Tabla 1.1 A, p. 17",
1952-11,,dinero_eeuu_1947_1958,total,168,miles de millones de USD,dato,,"Junta de Gobernadores del Sistema de la Reserva Federal, Banking and Monetary Statistics, 1941-1970 (1976), Tabla 1.1 A, p. 17",
1952-12,,dinero_eeuu_1947_1958,efectivo,27.3,miles de millones de USD,dato,,"Junta de Gobernadores del Sistema de la Reserva Federal, Banking and Monetary Statistics, 1941-1970 (1976), Tabla 1.1 A, p. 17",
1952-12,,dinero_eeuu_1947_1958,vista,100.1,miles de millones de USD,dato,,"Junta de Gobernadores del Sistema de la Reserva Federal, Banking and Monetary Statistics, 1941-1970 (1976), Tabla 1.1 A, p. 17",
1952-12,,dinero_eeuu_1947_1958,money_stock,127.4,miles de millones de USD,dato,,"Junta de Gobernadores del Sistema de la Reserva Federal, Banking and Monetary Statistics, 1941-1970 (1976), Tabla 1.1 A, p. 17",
1952-12,,dinero_eeuu_1947_1958,plazo_ajustados,41.1,miles de millones de USD,dato,,"Junta de Gobernadores del Sistema de la Reserva Federal, Banking and Monetary Statistics, 1941-1970 (1976), Tabla 1.1 A, p. 17",
1952-12,,dinero_eeuu_1947_1958,total,168.5,miles de millones de USD,dato,,"Junta de Gobernadores del Sistema de la Reserva Federal, Banking and Monetary Statistics, 1941-1970 (1976), Tabla 1.1 A, p. 17",
1953-01,,dinero_eeuu_1947_1958,efectivo,27.4,miles de millones de USD,dato,,"Junta de Gobernadores del Sistema de la Reserva Federal, Banking and Monetary Statistics, 1941-1970 (1976), Tabla 1.1 A, p. 17",
1953-01,,dinero_eeuu_1947_1958,vista,99.9,miles de millones de USD,dato,,"Junta de Gobernadores del Sistema de la Reserva Federal, Banking and Monetary Statistics, 1941-1970 (1976), Tabla 1.1 A, p. 17",
1953-01,,dinero_eeuu_1947_1958,money_stock,127.3,miles de millones de USD,dato,,"Junta de Gobernadores del Sistema de la Reserva Federal, Banking and Monetary Statistics, 1941-1970 (1976), Tabla 1.1 A, p. 17",
1953-01,,dinero_eeuu_1947_1958,plazo_ajustados,41.4,miles de millones de USD,dato,,"Junta de Gobernadores del Sistema de la Reserva Federal, Banking and Monetary Statistics, 1941-1970 (1976), Tabla 1.1 A, p. 17",
1953-01,,dinero_eeuu_1947_1958,total,168.7,miles de millones de USD,dato,,"Junta de Gobernadores del Sistema de la Reserva Federal, Banking and Monetary Statistics, 1941-1970 (1976), Tabla 1.1 A, p. 17",
1953-02,,dinero_eeuu_1947_1958,efectivo,27.5,miles de millones de USD,dato,,"Junta de Gobernadores del Sistema de la Reserva Federal, Banking and Monetary Statistics, 1941-1970 (1976), Tabla 1.1 A, p. 17",
1953-02,,dinero_eeuu_1947_1958,vista,99.9,miles de millones de USD,dato,,"Junta de Gobernadores del Sistema de la Reserva Federal, Banking and Monetary Statistics, 1941-1970 (1976), Tabla 1.1 A, p. 17",
1953-02,,dinero_eeuu_1947_1958,money_stock,127.4,miles de millones de USD,dato,,"Junta de Gobernadores del Sistema de la Reserva Federal, Banking and Monetary Statistics, 1941-1970 (1976), Tabla 1.1 A, p. 17",
1953-02,,dinero_eeuu_1947_1958,plazo_ajustados,41.6,miles de millones de USD,dato,,"Junta de Gobernadores del Sistema de la Reserva Federal, Banking and Monetary Statistics, 1941-1970 (1976), Tabla 1.1 A, p. 17",
1953-02,,dinero_eeuu_1947_1958,total,169,miles de millones de USD,dato,,"Junta de Gobernadores del Sistema de la Reserva Federal, Banking and Monetary Statistics, 1941-1970 (1976), Tabla 1.1 A, p. 17",
1953-03,,dinero_eeuu_1947_1958,efectivo,27.6,miles de millones de USD,dato,,"Junta de Gobernadores del Sistema de la Reserva Federal, Banking and Monetary Statistics, 1941-1970 (1976), Tabla 1.1 A, p. 17",
1953-03,,dinero_eeuu_1947_1958,vista,100.4,miles de millones de USD,dato,,"Junta de Gobernadores del Sistema de la Reserva Federal, Banking and Monetary Statistics, 1941-1970 (1976), Tabla 1.1 A, p. 17",
1953-03,,dinero_eeuu_1947_1958,money_stock,128,miles de millones de USD,dato,,"Junta de Gobernadores del Sistema de la Reserva Federal, Banking and Monetary Statistics, 1941-1970 (1976), Tabla 1.1 A, p. 17",
1953-03,,dinero_eeuu_1947_1958,plazo_ajustados,41.9,miles de millones de USD,dato,,"Junta de Gobernadores del Sistema de la Reserva Federal, Banking and Monetary Statistics, 1941-1970 (1976), Tabla 1.1 A, p. 17",
1953-03,,dinero_eeuu_1947_1958,total,169.9,miles de millones de USD,dato,,"Junta de Gobernadores del Sistema de la Reserva Federal, Banking and Monetary Statistics, 1941-1970 (1976), Tabla 1.1 A, p. 17",
1953-04,,dinero_eeuu_1947_1958,efectivo,27.7,miles de millones de USD,dato,,"Junta de Gobernadores del Sistema de la Reserva Federal, Banking and Monetary Statistics, 1941-1970 (1976), Tabla 1.1 A, p. 17",
1953-04,,dinero_eeuu_1947_1958,vista,100.7,miles de millones de USD,dato,,"Junta de Gobernadores del Sistema de la Reserva Federal, Banking and Monetary Statistics, 1941-1970 (1976), Tabla 1.1 A, p. 17",
1953-04,,dinero_eeuu_1947_1958,money_stock,128.3,miles de millones de USD,dato,,"Junta de Gobernadores del Sistema de la Reserva Federal, Banking and Monetary Statistics, 1941-1970 (1976), Tabla 1.1 A, p. 17",
1953-04,,dinero_eeuu_1947_1958,plazo_ajustados,42.1,miles de millones de USD,dato,,"Junta de Gobernadores del Sistema de la Reserva Federal, Banking and Monetary Statistics, 1941-1970 (1976), Tabla 1.1 A, p. 17",
1953-04,,dinero_eeuu_1947_1958,total,170.4,miles de millones de USD,dato,,"Junta de Gobernadores del Sistema de la Reserva Federal, Banking and Monetary Statistics, 1941-1970 (1976), Tabla 1.1 A, p. 17",
1953-05,,dinero_eeuu_1947_1958,efectivo,27.7,miles de millones de USD,dato,,"Junta de Gobernadores del Sistema de la Reserva Federal, Banking and Monetary Statistics, 1941-1970 (1976), Tabla 1.1 A, p. 17",
1953-05,,dinero_eeuu_1947_1958,vista,100.7,miles de millones de USD,dato,,"Junta de Gobernadores del Sistema de la Reserva Federal, Banking and Monetary Statistics, 1941-1970 (1976), Tabla 1.1 A, p. 17",
1953-05,,dinero_eeuu_1947_1958,money_stock,128.5,miles de millones de USD,dato,,"Junta de Gobernadores del Sistema de la Reserva Federal, Banking and Monetary Statistics, 1941-1970 (1976), Tabla 1.1 A, p. 17",
1953-05,,dinero_eeuu_1947_1958,plazo_ajustados,42.4,miles de millones de USD,dato,,"Junta de Gobernadores del Sistema de la Reserva Federal, Banking and Monetary Statistics, 1941-1970 (1976), Tabla 1.1 A, p. 17",
1953-05,,dinero_eeuu_1947_1958,total,170.9,miles de millones de USD,dato,,"Junta de Gobernadores del Sistema de la Reserva Federal, Banking and Monetary Statistics, 1941-1970 (1976), Tabla 1.1 A, p. 17",
1953-06,,dinero_eeuu_1947_1958,efectivo,27.7,miles de millones de USD,dato,,"Junta de Gobernadores del Sistema de la Reserva Federal, Banking and Monetary Statistics, 1941-1970 (1976), Tabla 1.1 A, p. 17",
1953-06,,dinero_eeuu_1947_1958,vista,100.7,miles de millones de USD,dato,,"Junta de Gobernadores del Sistema de la Reserva Federal, Banking and Monetary Statistics, 1941-1970 (1976), Tabla 1.1 A, p. 17",
1953-06,,dinero_eeuu_1947_1958,money_stock,128.5,miles de millones de USD,dato,,"Junta de Gobernadores del Sistema de la Reserva Federal, Banking and Monetary Statistics, 1941-1970 (1976), Tabla 1.1 A, p. 17",
1953-06,,dinero_eeuu_1947_1958,plazo_ajustados,42.6,miles de millones de USD,dato,,"Junta de Gobernadores del Sistema de la Reserva Federal, Banking and Monetary Statistics, 1941-1970 (1976), Tabla 1.1 A, p. 17",
1953-06,,dinero_eeuu_1947_1958,total,171.1,miles de millones de USD,dato,,"Junta de Gobernadores del Sistema de la Reserva Federal, Banking and Monetary Statistics, 1941-1970 (1976), Tabla 1.1 A, p. 17",
1953-07,,dinero_eeuu_1947_1958,efectivo,27.8,miles de millones de USD,dato,,"Junta de Gobernadores del Sistema de la Reserva Federal, Banking and Monetary Statistics, 1941-1970 (1976), Tabla 1.1 A, p. 17",
1953-07,,dinero_eeuu_1947_1958,vista,100.8,miles de millones de USD,dato,,"Junta de Gobernadores del Sistema de la Reserva Federal, Banking and Monetary Statistics, 1941-1970 (1976), Tabla 1.1 A, p. 17",
1953-07,,dinero_eeuu_1947_1958,money_stock,128.6,miles de millones de USD,dato,,"Junta de Gobernadores del Sistema de la Reserva Federal, Banking and Monetary Statistics, 1941-1970 (1976), Tabla 1.1 A, p. 17",
1953-07,,dinero_eeuu_1947_1958,plazo_ajustados,42.9,miles de millones de USD,dato,,"Junta de Gobernadores del Sistema de la Reserva Federal, Banking and Monetary Statistics, 1941-1970 (1976), Tabla 1.1 A, p. 17",
1953-07,,dinero_eeuu_1947_1958,total,171.5,miles de millones de USD,dato,,"Junta de Gobernadores del Sistema de la Reserva Federal, Banking and Monetary Statistics, 1941-1970 (1976), Tabla 1.1 A, p. 17",
1953-08,,dinero_eeuu_1947_1958,efectivo,27.8,miles de millones de USD,dato,,"Junta de Gobernadores del Sistema de la Reserva Federal, Banking and Monetary Statistics, 1941-1970 (1976), Tabla 1.1 A, p. 17",
1953-08,,dinero_eeuu_1947_1958,vista,100.9,miles de millones de USD,dato,,"Junta de Gobernadores del Sistema de la Reserva Federal, Banking and Monetary Statistics, 1941-1970 (1976), Tabla 1.1 A, p. 17",
1953-08,,dinero_eeuu_1947_1958,money_stock,128.7,miles de millones de USD,dato,,"Junta de Gobernadores del Sistema de la Reserva Federal, Banking and Monetary Statistics, 1941-1970 (1976), Tabla 1.1 A, p. 17",
1953-08,,dinero_eeuu_1947_1958,plazo_ajustados,43.2,miles de millones de USD,dato,,"Junta de Gobernadores del Sistema de la Reserva Federal, Banking and Monetary Statistics, 1941-1970 (1976), Tabla 1.1 A, p. 17",
1953-08,,dinero_eeuu_1947_1958,total,171.9,miles de millones de USD,dato,,"Junta de Gobernadores del Sistema de la Reserva Federal, Banking and Monetary Statistics, 1941-1970 (1976), Tabla 1.1 A, p. 17",
1953-09,,dinero_eeuu_1947_1958,efectivo,27.8,miles de millones de USD,dato,,"Junta de Gobernadores del Sistema de la Reserva Federal, Banking and Monetary Statistics, 1941-1970 (1976), Tabla 1.1 A, p. 17",
1953-09,,dinero_eeuu_1947_1958,vista,100.8,miles de millones de USD,dato,,"Junta de Gobernadores del Sistema de la Reserva Federal, Banking and Monetary Statistics, 1941-1970 (1976), Tabla 1.1 A, p. 17",
1953-09,,dinero_eeuu_1947_1958,money_stock,128.6,miles de millones de USD,dato,,"Junta de Gobernadores del Sistema de la Reserva Federal, Banking and Monetary Statistics, 1941-1970 (1976), Tabla 1.1 A, p. 17",
1953-09,,dinero_eeuu_1947_1958,plazo_ajustados,43.5,miles de millones de USD,dato,,"Junta de Gobernadores del Sistema de la Reserva Federal, Banking and Monetary Statistics, 1941-1970 (1976), Tabla 1.1 A, p. 17",
1953-09,,dinero_eeuu_1947_1958,total,172.1,miles de millones de USD,dato,,"Junta de Gobernadores del Sistema de la Reserva Federal, Banking and Monetary Statistics, 1941-1970 (1976), Tabla 1.1 A, p. 17",
1953-10,,dinero_eeuu_1947_1958,efectivo,27.8,miles de millones de USD,dato,,"Junta de Gobernadores del Sistema de la Reserva Federal, Banking and Monetary Statistics, 1941-1970 (1976), Tabla 1.1 A, p. 17",
1953-10,,dinero_eeuu_1947_1958,vista,100.9,miles de millones de USD,dato,,"Junta de Gobernadores del Sistema de la Reserva Federal, Banking and Monetary Statistics, 1941-1970 (1976), Tabla 1.1 A, p. 17",
1953-10,,dinero_eeuu_1947_1958,money_stock,128.7,miles de millones de USD,dato,,"Junta de Gobernadores del Sistema de la Reserva Federal, Banking and Monetary Statistics, 1941-1970 (1976), Tabla 1.1 A, p. 17",
1953-10,,dinero_eeuu_1947_1958,plazo_ajustados,43.9,miles de millones de USD,dato,,"Junta de Gobernadores del Sistema de la Reserva Federal, Banking and Monetary Statistics, 1941-1970 (1976), Tabla 1.1 A, p. 17",
1953-10,,dinero_eeuu_1947_1958,total,172.6,miles de millones de USD,dato,,"Junta de Gobernadores del Sistema de la Reserva Federal, Banking and Monetary Statistics, 1941-1970 (1976), Tabla 1.1 A, p. 17",
1953-11,,dinero_eeuu_1947_1958,efectivo,27.8,miles de millones de USD,dato,,"Junta de Gobernadores del Sistema de la Reserva Federal, Banking and Monetary Statistics, 1941-1970 (1976), Tabla 1.1 A, p. 17",
1953-11,,dinero_eeuu_1947_1958,vista,100.9,miles de millones de USD,dato,,"Junta de Gobernadores del Sistema de la Reserva Federal, Banking and Monetary Statistics, 1941-1970 (1976), Tabla 1.1 A, p. 17",
1953-11,,dinero_eeuu_1947_1958,money_stock,128.7,miles de millones de USD,dato,,"Junta de Gobernadores del Sistema de la Reserva Federal, Banking and Monetary Statistics, 1941-1970 (1976), Tabla 1.1 A, p. 17",
1953-11,,dinero_eeuu_1947_1958,plazo_ajustados,44.2,miles de millones de USD,dato,,"Junta de Gobernadores del Sistema de la Reserva Federal, Banking and Monetary Statistics, 1941-1970 (1976), Tabla 1.1 A, p. 17",
1953-11,,dinero_eeuu_1947_1958,total,172.9,miles de millones de USD,dato,,"Junta de Gobernadores del Sistema de la Reserva Federal, Banking and Monetary Statistics, 1941-1970 (1976), Tabla 1.1 A, p. 17",
1953-12,,dinero_eeuu_1947_1958,efectivo,27.7,miles de millones de USD,dato,,"Junta de Gobernadores del Sistema de la Reserva Federal, Banking and Monetary Statistics, 1941-1970 (1976), Tabla 1.1 A, p. 17",
1953-12,,dinero_eeuu_1947_1958,vista,101.1,miles de millones de USD,dato,,"Junta de Gobernadores del Sistema de la Reserva Federal, Banking and Monetary Statistics, 1941-1970 (1976), Tabla 1.1 A, p. 17",
1953-12,,dinero_eeuu_1947_1958,money_stock,128.8,miles de millones de USD,dato,,"Junta de Gobernadores del Sistema de la Reserva Federal, Banking and Monetary Statistics, 1941-1970 (1976), Tabla 1.1 A, p. 17",
1953-12,,dinero_eeuu_1947_1958,plazo_ajustados,44.5,miles de millones de USD,dato,,"Junta de Gobernadores del Sistema de la Reserva Federal, Banking and Monetary Statistics, 1941-1970 (1976), Tabla 1.1 A, p. 17",
1953-12,,dinero_eeuu_1947_1958,total,173.3,miles de millones de USD,dato,,"Junta de Gobernadores del Sistema de la Reserva Federal, Banking and Monetary Statistics, 1941-1970 (1976), Tabla 1.1 A, p. 17",
1954-01,,dinero_eeuu_1947_1958,efectivo,27.7,miles de millones de USD,dato,,"Junta de Gobernadores del Sistema de la Reserva Federal, Banking and Monetary Statistics, 1941-1970 (1976), Tabla 1.1 A, p. 17",
1954-01,,dinero_eeuu_1947_1958,vista,101.3,miles de millones de USD,dato,,"Junta de Gobernadores del Sistema de la Reserva Federal, Banking and Monetary Statistics, 1941-1970 (1976), Tabla 1.1 A, p. 17",
1954-01,,dinero_eeuu_1947_1958,money_stock,129,miles de millones de USD,dato,,"Junta de Gobernadores del Sistema de la Reserva Federal, Banking and Monetary Statistics, 1941-1970 (1976), Tabla 1.1 A, p. 17",
1954-01,,dinero_eeuu_1947_1958,plazo_ajustados,44.8,miles de millones de USD,dato,,"Junta de Gobernadores del Sistema de la Reserva Federal, Banking and Monetary Statistics, 1941-1970 (1976), Tabla 1.1 A, p. 17",
1954-01,,dinero_eeuu_1947_1958,total,173.8,miles de millones de USD,dato,,"Junta de Gobernadores del Sistema de la Reserva Federal, Banking and Monetary Statistics, 1941-1970 (1976), Tabla 1.1 A, p. 17",
1954-02,,dinero_eeuu_1947_1958,efectivo,27.7,miles de millones de USD,dato,,"Junta de Gobernadores del Sistema de la Reserva Federal, Banking and Monetary Statistics, 1941-1970 (1976), Tabla 1.1 A, p. 17",
1954-02,,dinero_eeuu_1947_1958,vista,101.5,miles de millones de USD,dato,,"Junta de Gobernadores del Sistema de la Reserva Federal, Banking and Monetary Statistics, 1941-1970 (1976), Tabla 1.1 A, p. 17",
1954-02,,dinero_eeuu_1947_1958,money_stock,129.1,miles de millones de USD,dato,,"Junta de Gobernadores del Sistema de la Reserva Federal, Banking and Monetary Statistics, 1941-1970 (1976), Tabla 1.1 A, p. 17",
1954-02,,dinero_eeuu_1947_1958,plazo_ajustados,45.2,miles de millones de USD,dato,,"Junta de Gobernadores del Sistema de la Reserva Federal, Banking and Monetary Statistics, 1941-1970 (1976), Tabla 1.1 A, p. 17",
1954-02,,dinero_eeuu_1947_1958,total,174.3,miles de millones de USD,dato,,"Junta de Gobernadores del Sistema de la Reserva Federal, Banking and Monetary Statistics, 1941-1970 (1976), Tabla 1.1 A, p. 17",
1954-03,,dinero_eeuu_1947_1958,efectivo,27.6,miles de millones de USD,dato,,"Junta de Gobernadores del Sistema de la Reserva Federal, Banking and Monetary Statistics, 1941-1970 (1976), Tabla 1.1 A, p. 17",
1954-03,,dinero_eeuu_1947_1958,vista,101.6,miles de millones de USD,dato,,"Junta de Gobernadores del Sistema de la Reserva Federal, Banking and Monetary Statistics, 1941-1970 (1976), Tabla 1.1 A, p. 17",
1954-03,,dinero_eeuu_1947_1958,money_stock,129.2,miles de millones de USD,dato,,"Junta de Gobernadores del Sistema de la Reserva Federal, Banking and Monetary Statistics, 1941-1970 (1976), Tabla 1.1 A, p. 17",
1954-03,,dinero_eeuu_1947_1958,plazo_ajustados,45.6,miles de millones de USD,dato,,"Junta de Gobernadores del Sistema de la Reserva Federal, Banking and Monetary Statistics, 1941-1970 (1976), Tabla 1.1 A, p. 17",
1954-03,,dinero_eeuu_1947_1958,total,174.8,miles de millones de USD,dato,,"Junta de Gobernadores del Sistema de la Reserva Federal, Banking and Monetary Statistics, 1941-1970 (1976), Tabla 1.1 A, p. 17",
1954-04,,dinero_eeuu_1947_1958,efectivo,27.6,miles de millones de USD,dato,,"Junta de Gobernadores del Sistema de la Reserva Federal, Banking and Monetary Statistics, 1941-1970 (1976), Tabla 1.1 A, p. 17",
1954-04,,dinero_eeuu_1947_1958,vista,101,miles de millones de USD,dato,,"Junta de Gobernadores del Sistema de la Reserva Federal, Banking and Monetary Statistics, 1941-1970 (1976), Tabla 1.1 A, p. 17",
1954-04,,dinero_eeuu_1947_1958,money_stock,128.6,miles de millones de USD,dato,,"Junta de Gobernadores del Sistema de la Reserva Federal, Banking and Monetary Statistics, 1941-1970 (1976), Tabla 1.1 A, p. 17",
1954-04,,dinero_eeuu_1947_1958,plazo_ajustados,46.1,miles de millones de USD,dato,,"Junta de Gobernadores del Sistema de la Reserva Federal, Banking and Monetary Statistics, 1941-1970 (1976), Tabla 1.1 A, p. 17",
1954-04,,dinero_eeuu_1947_1958,total,174.7,miles de millones de USD,dato,,"Junta de Gobernadores del Sistema de la Reserva Federal, Banking and Monetary Statistics, 1941-1970 (1976), Tabla 1.1 A, p. 17",
1954-05,,dinero_eeuu_1947_1958,efectivo,27.6,miles de millones de USD,dato,,"Junta de Gobernadores del Sistema de la Reserva Federal, Banking and Monetary Statistics, 1941-1970 (1976), Tabla 1.1 A, p. 17",
1954-05,,dinero_eeuu_1947_1958,vista,102.1,miles de millones de USD,dato,,"Junta de Gobernadores del Sistema de la Reserva Federal, Banking and Monetary Statistics, 1941-1970 (1976), Tabla 1.1 A, p. 17",
1954-05,,dinero_eeuu_1947_1958,money_stock,129.7,miles de millones de USD,dato,,"Junta de Gobernadores del Sistema de la Reserva Federal, Banking and Monetary Statistics, 1941-1970 (1976), Tabla 1.1 A, p. 17",
1954-05,,dinero_eeuu_1947_1958,plazo_ajustados,46.5,miles de millones de USD,dato,,"Junta de Gobernadores del Sistema de la Reserva Federal, Banking and Monetary Statistics, 1941-1970 (1976), Tabla 1.1 A, p. 17",
1954-05,,dinero_eeuu_1947_1958,total,176.2,miles de millones de USD,dato,,"Junta de Gobernadores del Sistema de la Reserva Federal, Banking and Monetary Statistics, 1941-1970 (1976), Tabla 1.1 A, p. 17",
1954-06,,dinero_eeuu_1947_1958,efectivo,27.5,miles de millones de USD,dato,,"Junta de Gobernadores del Sistema de la Reserva Federal, Banking and Monetary Statistics, 1941-1970 (1976), Tabla 1.1 A, p. 17",
1954-06,,dinero_eeuu_1947_1958,vista,102.3,miles de millones de USD,dato,,"Junta de Gobernadores del Sistema de la Reserva Federal, Banking and Monetary Statistics, 1941-1970 (1976), Tabla 1.1 A, p. 17",
1954-06,,dinero_eeuu_1947_1958,money_stock,129.9,miles de millones de USD,dato,,"Junta de Gobernadores del Sistema de la Reserva Federal, Banking and Monetary Statistics, 1941-1970 (1976), Tabla 1.1 A, p. 17",
1954-06,,dinero_eeuu_1947_1958,plazo_ajustados,46.8,miles de millones de USD,dato,,"Junta de Gobernadores del Sistema de la Reserva Federal, Banking and Monetary Statistics, 1941-1970 (1976), Tabla 1.1 A, p. 17",
1954-06,,dinero_eeuu_1947_1958,total,176.7,miles de millones de USD,dato,,"Junta de Gobernadores del Sistema de la Reserva Federal, Banking and Monetary Statistics, 1941-1970 (1976), Tabla 1.1 A, p. 17",
1954-07,,dinero_eeuu_1947_1958,efectivo,27.5,miles de millones de USD,dato,,"Junta de Gobernadores del Sistema de la Reserva Federal, Banking and Monetary Statistics, 1941-1970 (1976), Tabla 1.1 A, p. 17",
1954-07,,dinero_eeuu_1947_1958,vista,102.8,miles de millones de USD,dato,,"Junta de Gobernadores del Sistema de la Reserva Federal, Banking and Monetary Statistics, 1941-1970 (1976), Tabla 1.1 A, p. 17",
1954-07,,dinero_eeuu_1947_1958,money_stock,130.3,miles de millones de USD,dato,,"Junta de Gobernadores del Sistema de la Reserva Federal, Banking and Monetary Statistics, 1941-1970 (1976), Tabla 1.1 A, p. 17",
1954-07,,dinero_eeuu_1947_1958,plazo_ajustados,47.3,miles de millones de USD,dato,,"Junta de Gobernadores del Sistema de la Reserva Federal, Banking and Monetary Statistics, 1941-1970 (1976), Tabla 1.1 A, p. 17",
1954-07,,dinero_eeuu_1947_1958,total,177.6,miles de millones de USD,dato,,"Junta de Gobernadores del Sistema de la Reserva Federal, Banking and Monetary Statistics, 1941-1970 (1976), Tabla 1.1 A, p. 17",
1954-08,,dinero_eeuu_1947_1958,efectivo,27.5,miles de millones de USD,dato,,"Junta de Gobernadores del Sistema de la Reserva Federal, Banking and Monetary Statistics, 1941-1970 (1976), Tabla 1.1 A, p. 17",
1954-08,,dinero_eeuu_1947_1958,vista,103.2,miles de millones de USD,dato,,"Junta de Gobernadores del Sistema de la Reserva Federal, Banking and Monetary Statistics, 1941-1970 (1976), Tabla 1.1 A, p. 17",
1954-08,,dinero_eeuu_1947_1958,money_stock,130.7,miles de millones de USD,dato,,"Junta de Gobernadores del Sistema de la Reserva Federal, Banking and Monetary Statistics, 1941-1970 (1976), Tabla 1.1 A, p. 17",
1954-08,,dinero_eeuu_1947_1958,plazo_ajustados,47.8,miles de millones de USD,dato,,"Junta de Gobernadores del Sistema de la Reserva Federal, Banking and Monetary Statistics, 1941-1970 (1976), Tabla 1.1 A, p. 17",
1954-08,,dinero_eeuu_1947_1958,total,178.5,miles de millones de USD,dato,,"Junta de Gobernadores del Sistema de la Reserva Federal, Banking and Monetary Statistics, 1941-1970 (1976), Tabla 1.1 A, p. 17",
1954-09,,dinero_eeuu_1947_1958,efectivo,27.4,miles de millones de USD,dato,,"Junta de Gobernadores del Sistema de la Reserva Federal, Banking and Monetary Statistics, 1941-1970 (1976), Tabla 1.1 A, p. 17",
1954-09,,dinero_eeuu_1947_1958,vista,103.5,miles de millones de USD,dato,,"Junta de Gobernadores del Sistema de la Reserva Federal, Banking and Monetary Statistics, 1941-1970 (1976), Tabla 1.1 A, p. 17",
1954-09,,dinero_eeuu_1947_1958,money_stock,130.9,miles de millones de USD,dato,,"Junta de Gobernadores del Sistema de la Reserva Federal, Banking and Monetary Statistics, 1941-1970 (1976), Tabla 1.1 A, p. 17",
1954-09,,dinero_eeuu_1947_1958,plazo_ajustados,47.9,miles de millones de USD,dato,,"Junta de Gobernadores del Sistema de la Reserva Federal, Banking and Monetary Statistics, 1941-1970 (1976), Tabla 1.1 A, p. 17",
1954-09,,dinero_eeuu_1947_1958,total,178.8,miles de millones de USD,dato,,"Junta de Gobernadores del Sistema de la Reserva Federal, Banking and Monetary Statistics, 1941-1970 (1976), Tabla 1.1 A, p. 17",
1954-10,,dinero_eeuu_1947_1958,efectivo,27.4,miles de millones de USD,dato,,"Junta de Gobernadores del Sistema de la Reserva Federal, Banking and Monetary Statistics, 1941-1970 (1976), Tabla 1.1 A, p. 17",
1954-10,,dinero_eeuu_1947_1958,vista,104.1,miles de millones de USD,dato,,"Junta de Gobernadores del Sistema de la Reserva Federal, Banking and Monetary Statistics, 1941-1970 (1976), Tabla 1.1 A, p. 17",
1954-10,,dinero_eeuu_1947_1958,money_stock,131.5,miles de millones de USD,dato,,"Junta de Gobernadores del Sistema de la Reserva Federal, Banking and Monetary Statistics, 1941-1970 (1976), Tabla 1.1 A, p. 17",
1954-10,,dinero_eeuu_1947_1958,plazo_ajustados,48.1,miles de millones de USD,dato,,"Junta de Gobernadores del Sistema de la Reserva Federal, Banking and Monetary Statistics, 1941-1970 (1976), Tabla 1.1 A, p. 17",
1954-10,,dinero_eeuu_1947_1958,total,179.6,miles de millones de USD,dato,,"Junta de Gobernadores del Sistema de la Reserva Federal, Banking and Monetary Statistics, 1941-1970 (1976), Tabla 1.1 A, p. 17",
1954-11,,dinero_eeuu_1947_1958,efectivo,27.4,miles de millones de USD,dato,,"Junta de Gobernadores del Sistema de la Reserva Federal, Banking and Monetary Statistics, 1941-1970 (1976), Tabla 1.1 A, p. 17",
1954-11,,dinero_eeuu_1947_1958,vista,104.7,miles de millones de USD,dato,,"Junta de Gobernadores del Sistema de la Reserva Federal, Banking and Monetary Statistics, 1941-1970 (1976), Tabla 1.1 A, p. 17",
1954-11,,dinero_eeuu_1947_1958,money_stock,132.1,miles de millones de USD,dato,,"Junta de Gobernadores del Sistema de la Reserva Federal, Banking and Monetary Statistics, 1941-1970 (1976), Tabla 1.1 A, p. 17",
1954-11,,dinero_eeuu_1947_1958,plazo_ajustados,48.2,miles de millones de USD,dato,,"Junta de Gobernadores del Sistema de la Reserva Federal, Banking and Monetary Statistics, 1941-1970 (1976), Tabla 1.1 A, p. 17",
1954-11,,dinero_eeuu_1947_1958,total,180.3,miles de millones de USD,dato,,"Junta de Gobernadores del Sistema de la Reserva Federal, Banking and Monetary Statistics, 1941-1970 (1976), Tabla 1.1 A, p. 17",
1954-12,,dinero_eeuu_1947_1958,efectivo,27.4,miles de millones de USD,dato,,"Junta de Gobernadores del Sistema de la Reserva Federal, Banking and Monetary Statistics, 1941-1970 (1976), Tabla 1.1 A, p. 17",
1954-12,,dinero_eeuu_1947_1958,vista,104.9,miles de millones de USD,dato,,"Junta de Gobernadores del Sistema de la Reserva Federal, Banking and Monetary Statistics, 1941-1970 (1976), Tabla 1.1 A, p. 17",
1954-12,,dinero_eeuu_1947_1958,money_stock,132.3,miles de millones de USD,dato,,"Junta de Gobernadores del Sistema de la Reserva Federal, Banking and Monetary Statistics, 1941-1970 (1976), Tabla 1.1 A, p. 17",
1954-12,,dinero_eeuu_1947_1958,plazo_ajustados,48.3,miles de millones de USD,dato,,"Junta de Gobernadores del Sistema de la Reserva Federal, Banking and Monetary Statistics, 1941-1970 (1976), Tabla 1.1 A, p. 17",
1954-12,,dinero_eeuu_1947_1958,total,180.6,miles de millones de USD,dato,,"Junta de Gobernadores del Sistema de la Reserva Federal, Banking and Monetary Statistics, 1941-1970 (1976), Tabla 1.1 A, p. 17",
1955-01,,dinero_eeuu_1947_1958,efectivo,27.4,miles de millones de USD,dato,,"Junta de Gobernadores del Sistema de la Reserva Federal, Banking and Monetary Statistics, 1941-1970 (1976), Tabla 1.1 A, p. 17",
1955-01,,dinero_eeuu_1947_1958,vista,105.6,miles de millones de USD,dato,,"Junta de Gobernadores del Sistema de la Reserva Federal, Banking and Monetary Statistics, 1941-1970 (1976), Tabla 1.1 A, p. 17",
1955-01,,dinero_eeuu_1947_1958,money_stock,133,miles de millones de USD,dato,,"Junta de Gobernadores del Sistema de la Reserva Federal, Banking and Monetary Statistics, 1941-1970 (1976), Tabla 1.1 A, p. 17",
1955-01,,dinero_eeuu_1947_1958,plazo_ajustados,48.5,miles de millones de USD,dato,,"Junta de Gobernadores del Sistema de la Reserva Federal, Banking and Monetary Statistics, 1941-1970 (1976), Tabla 1.1 A, p. 17",
1955-01,,dinero_eeuu_1947_1958,total,181.5,miles de millones de USD,dato,,"Junta de Gobernadores del Sistema de la Reserva Federal, Banking and Monetary Statistics, 1941-1970 (1976), Tabla 1.1 A, p. 17",
1955-02,,dinero_eeuu_1947_1958,efectivo,27.5,miles de millones de USD,dato,,"Junta de Gobernadores del Sistema de la Reserva Federal, Banking and Monetary Statistics, 1941-1970 (1976), Tabla 1.1 A, p. 17",
1955-02,,dinero_eeuu_1947_1958,vista,106.4,miles de millones de USD,dato,,"Junta de Gobernadores del Sistema de la Reserva Federal, Banking and Monetary Statistics, 1941-1970 (1976), Tabla 1.1 A, p. 17",
1955-02,,dinero_eeuu_1947_1958,money_stock,133.9,miles de millones de USD,dato,,"Junta de Gobernadores del Sistema de la Reserva Federal, Banking and Monetary Statistics, 1941-1970 (1976), Tabla 1.1 A, p. 17",
1955-02,,dinero_eeuu_1947_1958,plazo_ajustados,48.7,miles de millones de USD,dato,,"Junta de Gobernadores del Sistema de la Reserva Federal, Banking and Monetary Statistics, 1941-1970 (1976), Tabla 1.1 A, p. 17",
1955-02,,dinero_eeuu_1947_1958,total,182.6,miles de millones de USD,dato,,"Junta de Gobernadores del Sistema de la Reserva Federal, Banking and Monetary Statistics, 1941-1970 (1976), Tabla 1.1 A, p. 17",
1955-03,,dinero_eeuu_1947_1958,efectivo,27.5,miles de millones de USD,dato,,"Junta de Gobernadores del Sistema de la Reserva Federal, Banking and Monetary Statistics, 1941-1970 (1976), Tabla 1.1 A, p. 17",
1955-03,,dinero_eeuu_1947_1958,vista,106,miles de millones de USD,dato,,"Junta de Gobernadores del Sistema de la Reserva Federal, Banking and Monetary Statistics, 1941-1970 (1976), Tabla 1.1 A, p. 17",
1955-03,,dinero_eeuu_1947_1958,money_stock,133.6,miles de millones de USD,dato,,"Junta de Gobernadores del Sistema de la Reserva Federal, Banking and Monetary Statistics, 1941-1970 (1976), Tabla 1.1 A, p. 17",
1955-03,,dinero_eeuu_1947_1958,plazo_ajustados,48.8,miles de millones de USD,dato,,"Junta de Gobernadores del Sistema de la Reserva Federal, Banking and Monetary Statistics, 1941-1970 (1976), Tabla 1.1 A, p. 17",
1955-03,,dinero_eeuu_1947_1958,total,182.4,miles de millones de USD,dato,,"Junta de Gobernadores del Sistema de la Reserva Federal, Banking and Monetary Statistics, 1941-1970 (1976), Tabla 1.1 A, p. 17",
1955-04,,dinero_eeuu_1947_1958,efectivo,27.5,miles de millones de USD,dato,,"Junta de Gobernadores del Sistema de la Reserva Federal, Banking and Monetary Statistics, 1941-1970 (1976), Tabla 1.1 A, p. 17",
1955-04,,dinero_eeuu_1947_1958,vista,106.3,miles de millones de USD,dato,,"Junta de Gobernadores del Sistema de la Reserva Federal, Banking and Monetary Statistics, 1941-1970 (1976), Tabla 1.1 A, p. 17",
1955-04,,dinero_eeuu_1947_1958,money_stock,133.9,miles de millones de USD,dato,,"Junta de Gobernadores del Sistema de la Reserva Federal, Banking and Monetary Statistics, 1941-1970 (1976), Tabla 1.1 A, p. 17",
1955-04,,dinero_eeuu_1947_1958,plazo_ajustados,49,miles de millones de USD,dato,,"Junta de Gobernadores del Sistema de la Reserva Federal, Banking and Monetary Statistics, 1941-1970 (1976), Tabla 1.1 A, p. 17",
1955-04,,dinero_eeuu_1947_1958,total,182.9,miles de millones de USD,dato,,"Junta de Gobernadores del Sistema de la Reserva Federal, Banking and Monetary Statistics, 1941-1970 (1976), Tabla 1.1 A, p. 17",
1955-05,,dinero_eeuu_1947_1958,efectivo,27.6,miles de millones de USD,dato,,"Junta de Gobernadores del Sistema de la Reserva Federal, Banking and Monetary Statistics, 1941-1970 (1976), Tabla 1.1 A, p. 17",
1955-05,,dinero_eeuu_1947_1958,vista,107,miles de millones de USD,dato,,"Junta de Gobernadores del Sistema de la Reserva Federal, Banking and Monetary Statistics, 1941-1970 (1976), Tabla 1.1 A, p. 17",
1955-05,,dinero_eeuu_1947_1958,money_stock,134.6,miles de millones de USD,dato,,"Junta de Gobernadores del Sistema de la Reserva Federal, Banking and Monetary Statistics, 1941-1970 (1976), Tabla 1.1 A, p. 17",
1955-05,,dinero_eeuu_1947_1958,plazo_ajustados,49,miles de millones de USD,dato,,"Junta de Gobernadores del Sistema de la Reserva Federal, Banking and Monetary Statistics, 1941-1970 (1976), Tabla 1.1 A, p. 17",
1955-05,,dinero_eeuu_1947_1958,total,183.6,miles de millones de USD,dato,,"Junta de Gobernadores del Sistema de la Reserva Federal, Banking and Monetary Statistics, 1941-1970 (1976), Tabla 1.1 A, p. 17",
1955-06,,dinero_eeuu_1947_1958,efectivo,27.6,miles de millones de USD,dato,,"Junta de Gobernadores del Sistema de la Reserva Federal, Banking and Monetary Statistics, 1941-1970 (1976), Tabla 1.1 A, p. 17",
1955-06,,dinero_eeuu_1947_1958,vista,106.8,miles de millones de USD,dato,,"Junta de Gobernadores del Sistema de la Reserva Federal, Banking and Monetary Statistics, 1941-1970 (1976), Tabla 1.1 A, p. 17",
1955-06,,dinero_eeuu_1947_1958,money_stock,134.4,miles de millones de USD,dato,,"Junta de Gobernadores del Sistema de la Reserva Federal, Banking and Monetary Statistics, 1941-1970 (1976), Tabla 1.1 A, p. 17",
1955-06,,dinero_eeuu_1947_1958,plazo_ajustados,49.2,miles de millones de USD,dato,,"Junta de Gobernadores del Sistema de la Reserva Federal, Banking and Monetary Statistics, 1941-1970 (1976), Tabla 1.1 A, p. 17",
1955-06,,dinero_eeuu_1947_1958,total,183.6,miles de millones de USD,dato,,"Junta de Gobernadores del Sistema de la Reserva Federal, Banking and Monetary Statistics, 1941-1970 (1976), Tabla 1.1 A, p. 17",
1955-07,,dinero_eeuu_1947_1958,efectivo,27.7,miles de millones de USD,dato,,"Junta de Gobernadores del Sistema de la Reserva Federal, Banking and Monetary Statistics, 1941-1970 (1976), Tabla 1.1 A, p. 17",
1955-07,,dinero_eeuu_1947_1958,vista,107.2,miles de millones de USD,dato,,"Junta de Gobernadores del Sistema de la Reserva Federal, Banking and Monetary Statistics, 1941-1970 (1976), Tabla 1.1 A, p. 17",
1955-07,,dinero_eeuu_1947_1958,money_stock,134.8,miles de millones de USD,dato,,"Junta de Gobernadores del Sistema de la Reserva Federal, Banking and Monetary Statistics, 1941-1970 (1976), Tabla 1.1 A, p. 17",
1955-07,,dinero_eeuu_1947_1958,plazo_ajustados,49.3,miles de millones de USD,dato,,"Junta de Gobernadores del Sistema de la Reserva Federal, Banking and Monetary Statistics, 1941-1970 (1976), Tabla 1.1 A, p. 17",
1955-07,,dinero_eeuu_1947_1958,total,184.1,miles de millones de USD,dato,,"Junta de Gobernadores del Sistema de la Reserva Federal, Banking and Monetary Statistics, 1941-1970 (1976), Tabla 1.1 A, p. 17",
1955-08,,dinero_eeuu_1947_1958,efectivo,27.7,miles de millones de USD,dato,,"Junta de Gobernadores del Sistema de la Reserva Federal, Banking and Monetary Statistics, 1941-1970 (1976), Tabla 1.1 A, p. 17",
1955-08,,dinero_eeuu_1947_1958,vista,107,miles de millones de USD,dato,,"Junta de Gobernadores del Sistema de la Reserva Federal, Banking and Monetary Statistics, 1941-1970 (1976), Tabla 1.1 A, p. 17",
1955-08,,dinero_eeuu_1947_1958,money_stock,134.8,miles de millones de USD,dato,,"Junta de Gobernadores del Sistema de la Reserva Federal, Banking and Monetary Statistics, 1941-1970 (1976), Tabla 1.1 A, p. 17",
1955-08,,dinero_eeuu_1947_1958,plazo_ajustados,49.3,miles de millones de USD,dato,,"Junta de Gobernadores del Sistema de la Reserva Federal, Banking and Monetary Statistics, 1941-1970 (1976), Tabla 1.1 A, p. 17",
1955-08,,dinero_eeuu_1947_1958,total,184.1,miles de millones de USD,dato,,"Junta de Gobernadores del Sistema de la Reserva Federal, Banking and Monetary Statistics, 1941-1970 (1976), Tabla 1.1 A, p. 17",
1955-09,,dinero_eeuu_1947_1958,efectivo,27.7,miles de millones de USD,dato,,"Junta de Gobernadores del Sistema de la Reserva Federal, Banking and Monetary Statistics, 1941-1970 (1976), Tabla 1.1 A, p. 17",
1955-09,,dinero_eeuu_1947_1958,vista,107.3,miles de millones de USD,dato,,"Junta de Gobernadores del Sistema de la Reserva Federal, Banking and Monetary Statistics, 1941-1970 (1976), Tabla 1.1 A, p. 17",
1955-09,,dinero_eeuu_1947_1958,money_stock,135,miles de millones de USD,dato,,"Junta de Gobernadores del Sistema de la Reserva Federal, Banking and Monetary Statistics, 1941-1970 (1976), Tabla 1.1 A, p. 17",
1955-09,,dinero_eeuu_1947_1958,plazo_ajustados,49.6,miles de millones de USD,dato,,"Junta de Gobernadores del Sistema de la Reserva Federal, Banking and Monetary Statistics, 1941-1970 (1976), Tabla 1.1 A, p. 17",
1955-09,,dinero_eeuu_1947_1958,total,184.6,miles de millones de USD,dato,,"Junta de Gobernadores del Sistema de la Reserva Federal, Banking and Monetary Statistics, 1941-1970 (1976), Tabla 1.1 A, p. 17",
1955-10,,dinero_eeuu_1947_1958,efectivo,27.8,miles de millones de USD,dato,,"Junta de Gobernadores del Sistema de la Reserva Federal, Banking and Monetary Statistics, 1941-1970 (1976), Tabla 1.1 A, p. 17",
1955-10,,dinero_eeuu_1947_1958,vista,107.4,miles de millones de USD,dato,,"Junta de Gobernadores del Sistema de la Reserva Federal, Banking and Monetary Statistics, 1941-1970 (1976), Tabla 1.1 A, p. 17",
1955-10,,dinero_eeuu_1947_1958,money_stock,135.2,miles de millones de USD,dato,,"Junta de Gobernadores del Sistema de la Reserva Federal, Banking and Monetary Statistics, 1941-1970 (1976), Tabla 1.1 A, p. 17",
1955-10,,dinero_eeuu_1947_1958,plazo_ajustados,49.7,miles de millones de USD,dato,,"Junta de Gobernadores del Sistema de la Reserva Federal, Banking and Monetary Statistics, 1941-1970 (1976), Tabla 1.1 A, p. 17",
1955-10,,dinero_eeuu_1947_1958,total,184.9,miles de millones de USD,dato,,"Junta de Gobernadores del Sistema de la Reserva Federal, Banking and Monetary Statistics, 1941-1970 (1976), Tabla 1.1 A, p. 17",
1955-11,,dinero_eeuu_1947_1958,efectivo,27.8,miles de millones de USD,dato,,"Junta de Gobernadores del Sistema de la Reserva Federal, Banking and Monetary Statistics, 1941-1970 (1976), Tabla 1.1 A, p. 17",
1955-11,,dinero_eeuu_1947_1958,vista,107.1,miles de millones de USD,dato,,"Junta de Gobernadores del Sistema de la Reserva Federal, Banking and Monetary Statistics, 1941-1970 (1976), Tabla 1.1 A, p. 17",
1955-11,,dinero_eeuu_1947_1958,money_stock,134.9,miles de millones de USD,dato,,"Junta de Gobernadores del Sistema de la Reserva Federal, Banking and Monetary Statistics, 1941-1970 (1976), Tabla 1.1 A, p. 17",
1955-11,,dinero_eeuu_1947_1958,plazo_ajustados,49.9,miles de millones de USD,dato,,"Junta de Gobernadores del Sistema de la Reserva Federal, Banking and Monetary Statistics, 1941-1970 (1976), Tabla 1.1 A, p. 17",
1955-11,,dinero_eeuu_1947_1958,total,184.8,miles de millones de USD,dato,,"Junta de Gobernadores del Sistema de la Reserva Federal, Banking and Monetary Statistics, 1941-1970 (1976), Tabla 1.1 A, p. 17",
1955-12,,dinero_eeuu_1947_1958,efectivo,27.8,miles de millones de USD,dato,,"Junta de Gobernadores del Sistema de la Reserva Federal, Banking and Monetary Statistics, 1941-1970 (1976), Tabla 1.1 A, p. 17",
1955-12,,dinero_eeuu_1947_1958,vista,107.4,miles de millones de USD,dato,,"Junta de Gobernadores del Sistema de la Reserva Federal, Banking and Monetary Statistics, 1941-1970 (1976), Tabla 1.1 A, p. 17",
1955-12,,dinero_eeuu_1947_1958,money_stock,135.2,miles de millones de USD,dato,,"Junta de Gobernadores del Sistema de la Reserva Federal, Banking and Monetary Statistics, 1941-1970 (1976), Tabla 1.1 A, p. 17",
1955-12,,dinero_eeuu_1947_1958,plazo_ajustados,50,miles de millones de USD,dato,,"Junta de Gobernadores del Sistema de la Reserva Federal, Banking and Monetary Statistics, 1941-1970 (1976), Tabla 1.1 A, p. 17",
1955-12,,dinero_eeuu_1947_1958,total,185.2,miles de millones de USD,dato,,"Junta de Gobernadores del Sistema de la Reserva Federal, Banking and Monetary Statistics, 1941-1970 (1976), Tabla 1.1 A, p. 17",
1956-01,,dinero_eeuu_1947_1958,efectivo,27.9,miles de millones de USD,dato,,"Junta de Gobernadores del Sistema de la Reserva Federal, Banking and Monetary Statistics, 1941-1970 (1976), Tabla 1.1 A, p. 17",
1956-01,,dinero_eeuu_1947_1958,vista,107.7,miles de millones de USD,dato,,"Junta de Gobernadores del Sistema de la Reserva Federal, Banking and Monetary Statistics, 1941-1970 (1976), Tabla 1.1 A, p. 17",
1956-01,,dinero_eeuu_1947_1958,money_stock,135.5,miles de millones de USD,dato,,"Junta de Gobernadores del Sistema de la Reserva Federal, Banking and Monetary Statistics, 1941-1970 (1976), Tabla 1.1 A, p. 17",
1956-01,,dinero_eeuu_1947_1958,plazo_ajustados,49.9,miles de millones de USD,dato,,"Junta de Gobernadores del Sistema de la Reserva Federal, Banking and Monetary Statistics, 1941-1970 (1976), Tabla 1.1 A, p. 17",
1956-01,,dinero_eeuu_1947_1958,total,185.4,miles de millones de USD,dato,,"Junta de Gobernadores del Sistema de la Reserva Federal, Banking and Monetary Statistics, 1941-1970 (1976), Tabla 1.1 A, p. 17",
1956-02,,dinero_eeuu_1947_1958,efectivo,27.9,miles de millones de USD,dato,,"Junta de Gobernadores del Sistema de la Reserva Federal, Banking and Monetary Statistics, 1941-1970 (1976), Tabla 1.1 A, p. 17",
1956-02,,dinero_eeuu_1947_1958,vista,107.7,miles de millones de USD,dato,,"Junta de Gobernadores del Sistema de la Reserva Federal, Banking and Monetary Statistics, 1941-1970 (1976), Tabla 1.1 A, p. 17",
1956-02,,dinero_eeuu_1947_1958,money_stock,135.5,miles de millones de USD,dato,,"Junta de Gobernadores del Sistema de la Reserva Federal, Banking and Monetary Statistics, 1941-1970 (1976), Tabla 1.1 A, p. 17",
1956-02,,dinero_eeuu_1947_1958,plazo_ajustados,49.9,miles de millones de USD,dato,,"Junta de Gobernadores del Sistema de la Reserva Federal, Banking and Monetary Statistics, 1941-1970 (1976), Tabla 1.1 A, p. 17",
1956-02,,dinero_eeuu_1947_1958,total,185.4,miles de millones de USD,dato,,"Junta de Gobernadores del Sistema de la Reserva Federal, Banking and Monetary Statistics, 1941-1970 (1976), Tabla 1.1 A, p. 17",
1956-03,,dinero_eeuu_1947_1958,efectivo,27.9,miles de millones de USD,dato,,"Junta de Gobernadores del Sistema de la Reserva Federal, Banking and Monetary Statistics, 1941-1970 (1976), Tabla 1.1 A, p. 17",
1956-03,,dinero_eeuu_1947_1958,vista,107.8,miles de millones de USD,dato,,"Junta de Gobernadores del Sistema de la Reserva Federal, Banking and Monetary Statistics, 1941-1970 (1976), Tabla 1.1 A, p. 17",
1956-03,,dinero_eeuu_1947_1958,money_stock,135.7,miles de millones de USD,dato,,"Junta de Gobernadores del Sistema de la Reserva Federal, Banking and Monetary Statistics, 1941-1970 (1976), Tabla 1.1 A, p. 17",
1956-03,,dinero_eeuu_1947_1958,plazo_ajustados,50.1,miles de millones de USD,dato,,"Junta de Gobernadores del Sistema de la Reserva Federal, Banking and Monetary Statistics, 1941-1970 (1976), Tabla 1.1 A, p. 17",
1956-03,,dinero_eeuu_1947_1958,total,185.8,miles de millones de USD,dato,,"Junta de Gobernadores del Sistema de la Reserva Federal, Banking and Monetary Statistics, 1941-1970 (1976), Tabla 1.1 A, p. 17",
1956-04,,dinero_eeuu_1947_1958,efectivo,27.9,miles de millones de USD,dato,,"Junta de Gobernadores del Sistema de la Reserva Federal, Banking and Monetary Statistics, 1941-1970 (1976), Tabla 1.1 A, p. 17",
1956-04,,dinero_eeuu_1947_1958,vista,108.1,miles de millones de USD,dato,,"Junta de Gobernadores del Sistema de la Reserva Federal, Banking and Monetary Statistics, 1941-1970 (1976), Tabla 1.1 A, p. 17",
1956-04,,dinero_eeuu_1947_1958,money_stock,136,miles de millones de USD,dato,,"Junta de Gobernadores del Sistema de la Reserva Federal, Banking and Monetary Statistics, 1941-1970 (1976), Tabla 1.1 A, p. 17",
1956-04,,dinero_eeuu_1947_1958,plazo_ajustados,50.3,miles de millones de USD,dato,,"Junta de Gobernadores del Sistema de la Reserva Federal, Banking and Monetary Statistics, 1941-1970 (1976), Tabla 1.1 A, p. 17",
1956-04,,dinero_eeuu_1947_1958,total,186.3,miles de millones de USD,dato,,"Junta de Gobernadores del Sistema de la Reserva Federal, Banking and Monetary Statistics, 1941-1970 (1976), Tabla 1.1 A, p. 17",
1956-05,,dinero_eeuu_1947_1958,efectivo,27.9,miles de millones de USD,dato,,"Junta de Gobernadores del Sistema de la Reserva Federal, Banking and Monetary Statistics, 1941-1970 (1976), Tabla 1.1 A, p. 17",
1956-05,,dinero_eeuu_1947_1958,vista,107.9,miles de millones de USD,dato,,"Junta de Gobernadores del Sistema de la Reserva Federal, Banking and Monetary Statistics, 1941-1970 (1976), Tabla 1.1 A, p. 17",
1956-05,,dinero_eeuu_1947_1958,money_stock,135.8,miles de millones de USD,dato,,"Junta de Gobernadores del Sistema de la Reserva Federal, Banking and Monetary Statistics, 1941-1970 (1976), Tabla 1.1 A, p. 17",
1956-05,,dinero_eeuu_1947_1958,plazo_ajustados,50.4,miles de millones de USD,dato,,"Junta de Gobernadores del Sistema de la Reserva Federal, Banking and Monetary Statistics, 1941-1970 (1976), Tabla 1.1 A, p. 17",
1956-05,,dinero_eeuu_1947_1958,total,186.2,miles de millones de USD,dato,,"Junta de Gobernadores del Sistema de la Reserva Federal, Banking and Monetary Statistics, 1941-1970 (1976), Tabla 1.1 A, p. 17",
1956-06,,dinero_eeuu_1947_1958,efectivo,27.9,miles de millones de USD,dato,,"Junta de Gobernadores del Sistema de la Reserva Federal, Banking and Monetary Statistics, 1941-1970 (1976), Tabla 1.1 A, p. 17",
1956-06,,dinero_eeuu_1947_1958,vista,108.1,miles de millones de USD,dato,,"Junta de Gobernadores del Sistema de la Reserva Federal, Banking and Monetary Statistics, 1941-1970 (1976), Tabla 1.1 A, p. 17",
1956-06,,dinero_eeuu_1947_1958,money_stock,136,miles de millones de USD,dato,,"Junta de Gobernadores del Sistema de la Reserva Federal, Banking and Monetary Statistics, 1941-1970 (1976), Tabla 1.1 A, p. 17",
1956-06,,dinero_eeuu_1947_1958,plazo_ajustados,50.7,miles de millones de USD,dato,,"Junta de Gobernadores del Sistema de la Reserva Federal, Banking and Monetary Statistics, 1941-1970 (1976), Tabla 1.1 A, p. 17",
1956-06,,dinero_eeuu_1947_1958,total,186.7,miles de millones de USD,dato,,"Junta de Gobernadores del Sistema de la Reserva Federal, Banking and Monetary Statistics, 1941-1970 (1976), Tabla 1.1 A, p. 17",
1956-07,,dinero_eeuu_1947_1958,efectivo,28,miles de millones de USD,dato,,"Junta de Gobernadores del Sistema de la Reserva Federal, Banking and Monetary Statistics, 1941-1970 (1976), Tabla 1.1 A, p. 17",
1956-07,,dinero_eeuu_1947_1958,vista,108,miles de millones de USD,dato,,"Junta de Gobernadores del Sistema de la Reserva Federal, Banking and Monetary Statistics, 1941-1970 (1976), Tabla 1.1 A, p. 17",
1956-07,,dinero_eeuu_1947_1958,money_stock,136,miles de millones de USD,dato,,"Junta de Gobernadores del Sistema de la Reserva Federal, Banking and Monetary Statistics, 1941-1970 (1976), Tabla 1.1 A, p. 17",
1956-07,,dinero_eeuu_1947_1958,plazo_ajustados,50.9,miles de millones de USD,dato,,"Junta de Gobernadores del Sistema de la Reserva Federal, Banking and Monetary Statistics, 1941-1970 (1976), Tabla 1.1 A, p. 17",
1956-07,,dinero_eeuu_1947_1958,total,186.9,miles de millones de USD,dato,,"Junta de Gobernadores del Sistema de la Reserva Federal, Banking and Monetary Statistics, 1941-1970 (1976), Tabla 1.1 A, p. 17",
1956-08,,dinero_eeuu_1947_1958,efectivo,28,miles de millones de USD,dato,,"Junta de Gobernadores del Sistema de la Reserva Federal, Banking and Monetary Statistics, 1941-1970 (1976), Tabla 1.1 A, p. 17",
1956-08,,dinero_eeuu_1947_1958,vista,107.8,miles de millones de USD,dato,,"Junta de Gobernadores del Sistema de la Reserva Federal, Banking and Monetary Statistics, 1941-1970 (1976), Tabla 1.1 A, p. 17",
1956-08,,dinero_eeuu_1947_1958,money_stock,135.7,miles de millones de USD,dato,,"Junta de Gobernadores del Sistema de la Reserva Federal, Banking and Monetary Statistics, 1941-1970 (1976), Tabla 1.1 A, p. 17",
1956-08,,dinero_eeuu_1947_1958,plazo_ajustados,51.2,miles de millones de USD,dato,,"Junta de Gobernadores del Sistema de la Reserva Federal, Banking and Monetary Statistics, 1941-1970 (1976), Tabla 1.1 A, p. 17",
1956-08,,dinero_eeuu_1947_1958,total,186.9,miles de millones de USD,dato,,"Junta de Gobernadores del Sistema de la Reserva Federal, Banking and Monetary Statistics, 1941-1970 (1976), Tabla 1.1 A, p. 17",
1956-09,,dinero_eeuu_1947_1958,efectivo,28,miles de millones de USD,dato,,"Junta de Gobernadores del Sistema de la Reserva Federal, Banking and Monetary Statistics, 1941-1970 (1976), Tabla 1.1 A, p. 17",
1956-09,,dinero_eeuu_1947_1958,vista,108.2,miles de millones de USD,dato,,"Junta de Gobernadores del Sistema de la Reserva Federal, Banking and Monetary Statistics, 1941-1970 (1976), Tabla 1.1 A, p. 17",
1956-09,,dinero_eeuu_1947_1958,money_stock,136.2,miles de millones de USD,dato,,"Junta de Gobernadores del Sistema de la Reserva Federal, Banking and Monetary Statistics, 1941-1970 (1976), Tabla 1.1 A, p. 17",
1956-09,,dinero_eeuu_1947_1958,plazo_ajustados,51.5,miles de millones de USD,dato,,"Junta de Gobernadores del Sistema de la Reserva Federal, Banking and Monetary Statistics, 1941-1970 (1976), Tabla 1.1 A, p. 17",
1956-09,,dinero_eeuu_1947_1958,total,187.7,miles de millones de USD,dato,,"Junta de Gobernadores del Sistema de la Reserva Federal, Banking and Monetary Statistics, 1941-1970 (1976), Tabla 1.1 A, p. 17",
1956-10,,dinero_eeuu_1947_1958,efectivo,28,miles de millones de USD,dato,,"Junta de Gobernadores del Sistema de la Reserva Federal, Banking and Monetary Statistics, 1941-1970 (1976), Tabla 1.1 A, p. 17",
1956-10,,dinero_eeuu_1947_1958,vista,108.2,miles de millones de USD,dato,,"Junta de Gobernadores del Sistema de la Reserva Federal, Banking and Monetary Statistics, 1941-1970 (1976), Tabla 1.1 A, p. 17",
1956-10,,dinero_eeuu_1947_1958,money_stock,136.3,miles de millones de USD,dato,,"Junta de Gobernadores del Sistema de la Reserva Federal, Banking and Monetary Statistics, 1941-1970 (1976), Tabla 1.1 A, p. 17",
1956-10,,dinero_eeuu_1947_1958,plazo_ajustados,51.6,miles de millones de USD,dato,,"Junta de Gobernadores del Sistema de la Reserva Federal, Banking and Monetary Statistics, 1941-1970 (1976), Tabla 1.1 A, p. 17",
1956-10,,dinero_eeuu_1947_1958,total,187.9,miles de millones de USD,dato,,"Junta de Gobernadores del Sistema de la Reserva Federal, Banking and Monetary Statistics, 1941-1970 (1976), Tabla 1.1 A, p. 17",
1956-11,,dinero_eeuu_1947_1958,efectivo,28.1,miles de millones de USD,dato,,"Junta de Gobernadores del Sistema de la Reserva Federal, Banking and Monetary Statistics, 1941-1970 (1976), Tabla 1.1 A, p. 17",
1956-11,,dinero_eeuu_1947_1958,vista,108.4,miles de millones de USD,dato,,"Junta de Gobernadores del Sistema de la Reserva Federal, Banking and Monetary Statistics, 1941-1970 (1976), Tabla 1.1 A, p. 17",
1956-11,,dinero_eeuu_1947_1958,money_stock,136.6,miles de millones de USD,dato,,"Junta de Gobernadores del Sistema de la Reserva Federal, Banking and Monetary Statistics, 1941-1970 (1976), Tabla 1.1 A, p. 17",
1956-11,,dinero_eeuu_1947_1958,plazo_ajustados,51.8,miles de millones de USD,dato,,"Junta de Gobernadores del Sistema de la Reserva Federal, Banking and Monetary Statistics, 1941-1970 (1976), Tabla 1.1 A, p. 17",
1956-11,,dinero_eeuu_1947_1958,total,188.4,miles de millones de USD,dato,,"Junta de Gobernadores del Sistema de la Reserva Federal, Banking and Monetary Statistics, 1941-1970 (1976), Tabla 1.1 A, p. 17",
1956-12,,dinero_eeuu_1947_1958,efectivo,28.2,miles de millones de USD,dato,,"Junta de Gobernadores del Sistema de la Reserva Federal, Banking and Monetary Statistics, 1941-1970 (1976), Tabla 1.1 A, p. 17",
1956-12,,dinero_eeuu_1947_1958,vista,108.7,miles de millones de USD,dato,,"Junta de Gobernadores del Sistema de la Reserva Federal, Banking and Monetary Statistics, 1941-1970 (1976), Tabla 1.1 A, p. 17",
1956-12,,dinero_eeuu_1947_1958,money_stock,136.9,miles de millones de USD,dato,,"Junta de Gobernadores del Sistema de la Reserva Federal, Banking and Monetary Statistics, 1941-1970 (1976), Tabla 1.1 A, p. 17",
1956-12,,dinero_eeuu_1947_1958,plazo_ajustados,51.9,miles de millones de USD,dato,,"Junta de Gobernadores del Sistema de la Reserva Federal, Banking and Monetary Statistics, 1941-1970 (1976), Tabla 1.1 A, p. 17",
1956-12,,dinero_eeuu_1947_1958,total,188.8,miles de millones de USD,dato,,"Junta de Gobernadores del Sistema de la Reserva Federal, Banking and Monetary Statistics, 1941-1970 (1976), Tabla 1.1 A, p. 17",
1957-01,,dinero_eeuu_1947_1958,efectivo,28.2,miles de millones de USD,dato,,"Junta de Gobernadores del Sistema de la Reserva Federal, Banking and Monetary Statistics, 1941-1970 (1976), Tabla 1.1 A, p. 17",
1957-01,,dinero_eeuu_1947_1958,vista,108.6,miles de millones de USD,dato,,"Junta de Gobernadores del Sistema de la Reserva Federal, Banking and Monetary Statistics, 1941-1970 (1976), Tabla 1.1 A, p. 17",
1957-01,,dinero_eeuu_1947_1958,money_stock,136.9,miles de millones de USD,dato,,"Junta de Gobernadores del Sistema de la Reserva Federal, Banking and Monetary Statistics, 1941-1970 (1976), Tabla 1.1 A, p. 17",
1957-01,,dinero_eeuu_1947_1958,plazo_ajustados,52.6,miles de millones de USD,dato,,"Junta de Gobernadores del Sistema de la Reserva Federal, Banking and Monetary Statistics, 1941-1970 (1976), Tabla 1.1 A, p. 17",
1957-01,,dinero_eeuu_1947_1958,total,189.5,miles de millones de USD,dato,,"Junta de Gobernadores del Sistema de la Reserva Federal, Banking and Monetary Statistics, 1941-1970 (1976), Tabla 1.1 A, p. 17",
1957-02,,dinero_eeuu_1947_1958,efectivo,28.2,miles de millones de USD,dato,,"Junta de Gobernadores del Sistema de la Reserva Federal, Banking and Monetary Statistics, 1941-1970 (1976), Tabla 1.1 A, p. 17",
1957-02,,dinero_eeuu_1947_1958,vista,108.6,miles de millones de USD,dato,,"Junta de Gobernadores del Sistema de la Reserva Federal, Banking and Monetary Statistics, 1941-1970 (1976), Tabla 1.1 A, p. 17",
1957-02,,dinero_eeuu_1947_1958,money_stock,136.8,miles de millones de USD,dato,,"Junta de Gobernadores del Sistema de la Reserva Federal, Banking and Monetary Statistics, 1941-1970 (1976), Tabla 1.1 A, p. 17",
1957-02,,dinero_eeuu_1947_1958,plazo_ajustados,53.1,miles de millones de USD,dato,,"Junta de Gobernadores del Sistema de la Reserva Federal, Banking and Monetary Statistics, 1941-1970 (1976), Tabla 1.1 A, p. 17",
1957-02,,dinero_eeuu_1947_1958,total,189.9,miles de millones de USD,dato,,"Junta de Gobernadores del Sistema de la Reserva Federal, Banking and Monetary Statistics, 1941-1970 (1976), Tabla 1.1 A, p. 17",
1957-03,,dinero_eeuu_1947_1958,efectivo,28.2,miles de millones de USD,dato,,"Junta de Gobernadores del Sistema de la Reserva Federal, Banking and Monetary Statistics, 1941-1970 (1976), Tabla 1.1 A, p. 17",
1957-03,,dinero_eeuu_1947_1958,vista,108.7,miles de millones de USD,dato,,"Junta de Gobernadores del Sistema de la Reserva Federal, Banking and Monetary Statistics, 1941-1970 (1976), Tabla 1.1 A, p. 17",
1957-03,,dinero_eeuu_1947_1958,money_stock,136.9,miles de millones de USD,dato,,"Junta de Gobernadores del Sistema de la Reserva Federal, Banking and Monetary Statistics, 1941-1970 (1976), Tabla 1.1 A, p. 17",
1957-03,,dinero_eeuu_1947_1958,plazo_ajustados,53.7,miles de millones de USD,dato,,"Junta de Gobernadores del Sistema de la Reserva Federal, Banking and Monetary Statistics, 1941-1970 (1976), Tabla 1.1 A, p. 17",
1957-03,,dinero_eeuu_1947_1958,total,190.6,miles de millones de USD,dato,,"Junta de Gobernadores del Sistema de la Reserva Federal, Banking and Monetary Statistics, 1941-1970 (1976), Tabla 1.1 A, p. 17",
1957-04,,dinero_eeuu_1947_1958,efectivo,28.2,miles de millones de USD,dato,,"Junta de Gobernadores del Sistema de la Reserva Federal, Banking and Monetary Statistics, 1941-1970 (1976), Tabla 1.1 A, p. 17",
1957-04,,dinero_eeuu_1947_1958,vista,108.7,miles de millones de USD,dato,,"Junta de Gobernadores del Sistema de la Reserva Federal, Banking and Monetary Statistics, 1941-1970 (1976), Tabla 1.1 A, p. 17",
1957-04,,dinero_eeuu_1947_1958,money_stock,136.9,miles de millones de USD,dato,,"Junta de Gobernadores del Sistema de la Reserva Federal, Banking and Monetary Statistics, 1941-1970 (1976), Tabla 1.1 A, p. 17",
1957-04,,dinero_eeuu_1947_1958,plazo_ajustados,54,miles de millones de USD,dato,,"Junta de Gobernadores del Sistema de la Reserva Federal, Banking and Monetary Statistics, 1941-1970 (1976), Tabla 1.1 A, p. 17",
1957-04,,dinero_eeuu_1947_1958,total,190.9,miles de millones de USD,dato,,"Junta de Gobernadores del Sistema de la Reserva Federal, Banking and Monetary Statistics, 1941-1970 (1976), Tabla 1.1 A, p. 17",
1957-05,,dinero_eeuu_1947_1958,efectivo,28.2,miles de millones de USD,dato,,"Junta de Gobernadores del Sistema de la Reserva Federal, Banking and Monetary Statistics, 1941-1970 (1976), Tabla 1.1 A, p. 17",
1957-05,,dinero_eeuu_1947_1958,vista,108.8,miles de millones de USD,dato,,"Junta de Gobernadores del Sistema de la Reserva Federal, Banking and Monetary Statistics, 1941-1970 (1976), Tabla 1.1 A, p. 17",
1957-05,,dinero_eeuu_1947_1958,money_stock,137,miles de millones de USD,dato,,"Junta de Gobernadores del Sistema de la Reserva Federal, Banking and Monetary Statistics, 1941-1970 (1976), Tabla 1.1 A, p. 17",
1957-05,,dinero_eeuu_1947_1958,plazo_ajustados,54.5,miles de millones de USD,dato,,"Junta de Gobernadores del Sistema de la Reserva Federal, Banking and Monetary Statistics, 1941-1970 (1976), Tabla 1.1 A, p. 17",
1957-05,,dinero_eeuu_1947_1958,total,191.5,miles de millones de USD,dato,,"Junta de Gobernadores del Sistema de la Reserva Federal, Banking and Monetary Statistics, 1941-1970 (1976), Tabla 1.1 A, p. 17",
1957-06,,dinero_eeuu_1947_1958,efectivo,28.3,miles de millones de USD,dato,,"Junta de Gobernadores del Sistema de la Reserva Federal, Banking and Monetary Statistics, 1941-1970 (1976), Tabla 1.1 A, p. 17",
1957-06,,dinero_eeuu_1947_1958,vista,108.6,miles de millones de USD,dato,,"Junta de Gobernadores del Sistema de la Reserva Federal, Banking and Monetary Statistics, 1941-1970 (1976), Tabla 1.1 A, p. 17",
1957-06,,dinero_eeuu_1947_1958,money_stock,136.9,miles de millones de USD,dato,,"Junta de Gobernadores del Sistema de la Reserva Federal, Banking and Monetary Statistics, 1941-1970 (1976), Tabla 1.1 A, p. 17",
1957-06,,dinero_eeuu_1947_1958,plazo_ajustados,54.8,miles de millones de USD,dato,,"Junta de Gobernadores del Sistema de la Reserva Federal, Banking and Monetary Statistics, 1941-1970 (1976), Tabla 1.1 A, p. 17",
1957-06,,dinero_eeuu_1947_1958,total,191.7,miles de millones de USD,dato,,"Junta de Gobernadores del Sistema de la Reserva Federal, Banking and Monetary Statistics, 1941-1970 (1976), Tabla 1.1 A, p. 17",
1957-07,,dinero_eeuu_1947_1958,efectivo,28.3,miles de millones de USD,dato,,"Junta de Gobernadores del Sistema de la Reserva Federal, Banking and Monetary Statistics, 1941-1970 (1976), Tabla 1.1 A, p. 17",
1957-07,,dinero_eeuu_1947_1958,vista,108.7,miles de millones de USD,dato,,"Junta de Gobernadores del Sistema de la Reserva Federal, Banking and Monetary Statistics, 1941-1970 (1976), Tabla 1.1 A, p. 17",
1957-07,,dinero_eeuu_1947_1958,money_stock,137,miles de millones de USD,dato,,"Junta de Gobernadores del Sistema de la Reserva Federal, Banking and Monetary Statistics, 1941-1970 (1976), Tabla 1.1 A, p. 17",
1957-07,,dinero_eeuu_1947_1958,plazo_ajustados,55.3,miles de millones de USD,dato,,"Junta de Gobernadores del Sistema de la Reserva Federal, Banking and Monetary Statistics, 1941-1970 (1976), Tabla 1.1 A, p. 17",
1957-07,,dinero_eeuu_1947_1958,total,192.3,miles de millones de USD,dato,,"Junta de Gobernadores del Sistema de la Reserva Federal, Banking and Monetary Statistics, 1941-1970 (1976), Tabla 1.1 A, p. 17",
1957-08,,dinero_eeuu_1947_1958,efectivo,28.3,miles de millones de USD,dato,,"Junta de Gobernadores del Sistema de la Reserva Federal, Banking and Monetary Statistics, 1941-1970 (1976), Tabla 1.1 A, p. 17",
1957-08,,dinero_eeuu_1947_1958,vista,108.8,miles de millones de USD,dato,,"Junta de Gobernadores del Sistema de la Reserva Federal, Banking and Monetary Statistics, 1941-1970 (1976), Tabla 1.1 A, p. 17",
1957-08,,dinero_eeuu_1947_1958,money_stock,137.1,miles de millones de USD,dato,,"Junta de Gobernadores del Sistema de la Reserva Federal, Banking and Monetary Statistics, 1941-1970 (1976), Tabla 1.1 A, p. 17",
1957-08,,dinero_eeuu_1947_1958,plazo_ajustados,55.7,miles de millones de USD,dato,,"Junta de Gobernadores del Sistema de la Reserva Federal, Banking and Monetary Statistics, 1941-1970 (1976), Tabla 1.1 A, p. 17",
1957-08,,dinero_eeuu_1947_1958,total,192.8,miles de millones de USD,dato,,"Junta de Gobernadores del Sistema de la Reserva Federal, Banking and Monetary Statistics, 1941-1970 (1976), Tabla 1.1 A, p. 17",
1957-09,,dinero_eeuu_1947_1958,efectivo,28.3,miles de millones de USD,dato,,"Junta de Gobernadores del Sistema de la Reserva Federal, Banking and Monetary Statistics, 1941-1970 (1976), Tabla 1.1 A, p. 17",
1957-09,,dinero_eeuu_1947_1958,vista,108.4,miles de millones de USD,dato,,"Junta de Gobernadores del Sistema de la Reserva Federal, Banking and Monetary Statistics, 1941-1970 (1976), Tabla 1.1 A, p. 17",
1957-09,,dinero_eeuu_1947_1958,money_stock,136.8,miles de millones de USD,dato,,"Junta de Gobernadores del Sistema de la Reserva Federal, Banking and Monetary Statistics, 1941-1970 (1976), Tabla 1.1 A, p. 17",
1957-09,,dinero_eeuu_1947_1958,plazo_ajustados,56.1,miles de millones de USD,dato,,"Junta de Gobernadores del Sistema de la Reserva Federal, Banking and Monetary Statistics, 1941-1970 (1976), Tabla 1.1 A, p. 17",
1957-09,,dinero_eeuu_1947_1958,total,192.9,miles de millones de USD,dato,,"Junta de Gobernadores del Sistema de la Reserva Federal, Banking and Monetary Statistics, 1941-1970 (1976), Tabla 1.1 A, p. 17",
1957-10,,dinero_eeuu_1947_1958,efectivo,28.3,miles de millones de USD,dato,,"Junta de Gobernadores del Sistema de la Reserva Federal, Banking and Monetary Statistics, 1941-1970 (1976), Tabla 1.1 A, p. 17",
1957-10,,dinero_eeuu_1947_1958,vista,108.2,miles de millones de USD,dato,,"Junta de Gobernadores del Sistema de la Reserva Federal, Banking and Monetary Statistics, 1941-1970 (1976), Tabla 1.1 A, p. 17",
1957-10,,dinero_eeuu_1947_1958,money_stock,136.5,miles de millones de USD,dato,,"Junta de Gobernadores del Sistema de la Reserva Federal, Banking and Monetary Statistics, 1941-1970 (1976), Tabla 1.1 A, p. 17",
1957-10,,dinero_eeuu_1947_1958,plazo_ajustados,56.6,miles de millones de USD,dato,,"Junta de Gobernadores del Sistema de la Reserva Federal, Banking and Monetary Statistics, 1941-1970 (1976), Tabla 1.1 A, p. 17",
1957-10,,dinero_eeuu_1947_1958,total,193.1,miles de millones de USD,dato,,"Junta de Gobernadores del Sistema de la Reserva Federal, Banking and Monetary Statistics, 1941-1970 (1976), Tabla 1.1 A, p. 17",
1957-11,,dinero_eeuu_1947_1958,efectivo,28.3,miles de millones de USD,dato,,"Junta de Gobernadores del Sistema de la Reserva Federal, Banking and Monetary Statistics, 1941-1970 (1976), Tabla 1.1 A, p. 17",
1957-11,,dinero_eeuu_1947_1958,vista,108,miles de millones de USD,dato,,"Junta de Gobernadores del Sistema de la Reserva Federal, Banking and Monetary Statistics, 1941-1970 (1976), Tabla 1.1 A, p. 17",
1957-11,,dinero_eeuu_1947_1958,money_stock,136.3,miles de millones de USD,dato,,"Junta de Gobernadores del Sistema de la Reserva Federal, Banking and Monetary Statistics, 1941-1970 (1976), Tabla 1.1 A, p. 17",
1957-11,,dinero_eeuu_1947_1958,plazo_ajustados,57,miles de millones de USD,dato,,"Junta de Gobernadores del Sistema de la Reserva Federal, Banking and Monetary Statistics, 1941-1970 (1976), Tabla 1.1 A, p. 17",
1957-11,,dinero_eeuu_1947_1958,total,193.3,miles de millones de USD,dato,,"Junta de Gobernadores del Sistema de la Reserva Federal, Banking and Monetary Statistics, 1941-1970 (1976), Tabla 1.1 A, p. 17",
1957-12,,dinero_eeuu_1947_1958,efectivo,28.3,miles de millones de USD,dato,,"Junta de Gobernadores del Sistema de la Reserva Federal, Banking and Monetary Statistics, 1941-1970 (1976), Tabla 1.1 A, p. 17",
1957-12,,dinero_eeuu_1947_1958,vista,107.6,miles de millones de USD,dato,,"Junta de Gobernadores del Sistema de la Reserva Federal, Banking and Monetary Statistics, 1941-1970 (1976), Tabla 1.1 A, p. 17",
1957-12,,dinero_eeuu_1947_1958,money_stock,135.9,miles de millones de USD,dato,,"Junta de Gobernadores del Sistema de la Reserva Federal, Banking and Monetary Statistics, 1941-1970 (1976), Tabla 1.1 A, p. 17",
1957-12,,dinero_eeuu_1947_1958,plazo_ajustados,57.4,miles de millones de USD,dato,,"Junta de Gobernadores del Sistema de la Reserva Federal, Banking and Monetary Statistics, 1941-1970 (1976), Tabla 1.1 A, p. 17",
1957-12,,dinero_eeuu_1947_1958,total,193.3,miles de millones de USD,dato,,"Junta de Gobernadores del Sistema de la Reserva Federal, Banking and Monetary Statistics, 1941-1970 (1976), Tabla 1.1 A, p. 17",
1958-01,,dinero_eeuu_1947_1958,efectivo,28.3,miles de millones de USD,dato,,"Junta de Gobernadores del Sistema de la Reserva Federal, Banking and Monetary Statistics, 1941-1970 (1976), Tabla 1.1 A, p. 17",
1958-01,,dinero_eeuu_1947_1958,vista,107.2,miles de millones de USD,dato,,"Junta de Gobernadores del Sistema de la Reserva Federal, Banking and Monetary Statistics, 1941-1970 (1976), Tabla 1.1 A, p. 17",
1958-01,,dinero_eeuu_1947_1958,money_stock,135.5,miles de millones de USD,dato,,"Junta de Gobernadores del Sistema de la Reserva Federal, Banking and Monetary Statistics, 1941-1970 (1976), Tabla 1.1 A, p. 17",
1958-01,,dinero_eeuu_1947_1958,plazo_ajustados,57.6,miles de millones de USD,dato,,"Junta de Gobernadores del Sistema de la Reserva Federal, Banking and Monetary Statistics, 1941-1970 (1976), Tabla 1.1 A, p. 17",
1958-01,,dinero_eeuu_1947_1958,total,193.1,miles de millones de USD,dato,,"Junta de Gobernadores del Sistema de la Reserva Federal, Banking and Monetary Statistics, 1941-1970 (1976), Tabla 1.1 A, p. 17",
1958-02,,dinero_eeuu_1947_1958,efectivo,28.2,miles de millones de USD,dato,,"Junta de Gobernadores del Sistema de la Reserva Federal, Banking and Monetary Statistics, 1941-1970 (1976), Tabla 1.1 A, p. 17",
1958-02,,dinero_eeuu_1947_1958,vista,107.9,miles de millones de USD,dato,,"Junta de Gobernadores del Sistema de la Reserva Federal, Banking and Monetary Statistics, 1941-1970 (1976), Tabla 1.1 A, p. 17",
1958-02,,dinero_eeuu_1947_1958,money_stock,136.2,miles de millones de USD,dato,,"Junta de Gobernadores del Sistema de la Reserva Federal, Banking and Monetary Statistics, 1941-1970 (1976), Tabla 1.1 A, p. 17",
1958-02,,dinero_eeuu_1947_1958,plazo_ajustados,59.2,miles de millones de USD,dato,,"Junta de Gobernadores del Sistema de la Reserva Federal, Banking and Monetary Statistics, 1941-1970 (1976), Tabla 1.1 A, p. 17",
1958-02,,dinero_eeuu_1947_1958,total,195.4,miles de millones de USD,dato,,"Junta de Gobernadores del Sistema de la Reserva Federal, Banking and Monetary Statistics, 1941-1970 (1976), Tabla 1.1 A, p. 17",
1958-03,,dinero_eeuu_1947_1958,efectivo,28.2,miles de millones de USD,dato,,"Junta de Gobernadores del Sistema de la Reserva Federal, Banking and Monetary Statistics, 1941-1970 (1976), Tabla 1.1 A, p. 17",
1958-03,,dinero_eeuu_1947_1958,vista,108.3,miles de millones de USD,dato,,"Junta de Gobernadores del Sistema de la Reserva Federal, Banking and Monetary Statistics, 1941-1970 (1976), Tabla 1.1 A, p. 17",
1958-03,,dinero_eeuu_1947_1958,money_stock,136.5,miles de millones de USD,dato,,"Junta de Gobernadores del Sistema de la Reserva Federal, Banking and Monetary Statistics, 1941-1970 (1976), Tabla 1.1 A, p. 17",
1958-03,,dinero_eeuu_1947_1958,plazo_ajustados,60.5,miles de millones de USD,dato,,"Junta de Gobernadores del Sistema de la Reserva Federal, Banking and Monetary Statistics, 1941-1970 (1976), Tabla 1.1 A, p. 17",
1958-03,,dinero_eeuu_1947_1958,total,197,miles de millones de USD,dato,,"Junta de Gobernadores del Sistema de la Reserva Federal, Banking and Monetary Statistics, 1941-1970 (1976), Tabla 1.1 A, p. 17",
1958-04,,dinero_eeuu_1947_1958,efectivo,28.2,miles de millones de USD,dato,,"Junta de Gobernadores del Sistema de la Reserva Federal, Banking and Monetary Statistics, 1941-1970 (1976), Tabla 1.1 A, p. 17",
1958-04,,dinero_eeuu_1947_1958,vista,108.7,miles de millones de USD,dato,,"Junta de Gobernadores del Sistema de la Reserva Federal, Banking and Monetary Statistics, 1941-1970 (1976), Tabla 1.1 A, p. 17",
1958-04,,dinero_eeuu_1947_1958,money_stock,137,miles de millones de USD,dato,,"Junta de Gobernadores del Sistema de la Reserva Federal, Banking and Monetary Statistics, 1941-1970 (1976), Tabla 1.1 A, p. 17",
1958-04,,dinero_eeuu_1947_1958,plazo_ajustados,61.5,miles de millones de USD,dato,,"Junta de Gobernadores del Sistema de la Reserva Federal, Banking and Monetary Statistics, 1941-1970 (1976), Tabla 1.1 A, p. 17",
1958-04,,dinero_eeuu_1947_1958,total,198.5,miles de millones de USD,dato,,"Junta de Gobernadores del Sistema de la Reserva Federal, Banking and Monetary Statistics, 1941-1970 (1976), Tabla 1.1 A, p. 17",
1958-05,,dinero_eeuu_1947_1958,efectivo,28.3,miles de millones de USD,dato,,"Junta de Gobernadores del Sistema de la Reserva Federal, Banking and Monetary Statistics, 1941-1970 (1976), Tabla 1.1 A, p. 17",
1958-05,,dinero_eeuu_1947_1958,vista,109.2,miles de millones de USD,dato,,"Junta de Gobernadores del Sistema de la Reserva Federal, Banking and Monetary Statistics, 1941-1970 (1976), Tabla 1.1 A, p. 17",
1958-05,,dinero_eeuu_1947_1958,money_stock,137.5,miles de millones de USD,dato,,"Junta de Gobernadores del Sistema de la Reserva Federal, Banking and Monetary Statistics, 1941-1970 (1976), Tabla 1.1 A, p. 17",
1958-05,,dinero_eeuu_1947_1958,plazo_ajustados,62.3,miles de millones de USD,dato,,"Junta de Gobernadores del Sistema de la Reserva Federal, Banking and Monetary Statistics, 1941-1970 (1976), Tabla 1.1 A, p. 17",
1958-05,,dinero_eeuu_1947_1958,total,199.8,miles de millones de USD,dato,,"Junta de Gobernadores del Sistema de la Reserva Federal, Banking and Monetary Statistics, 1941-1970 (1976), Tabla 1.1 A, p. 17",
1958-06,,dinero_eeuu_1947_1958,efectivo,28.3,miles de millones de USD,dato,,"Junta de Gobernadores del Sistema de la Reserva Federal, Banking and Monetary Statistics, 1941-1970 (1976), Tabla 1.1 A, p. 17",
1958-06,,dinero_eeuu_1947_1958,vista,110.1,miles de millones de USD,dato,,"Junta de Gobernadores del Sistema de la Reserva Federal, Banking and Monetary Statistics, 1941-1970 (1976), Tabla 1.1 A, p. 17",
1958-06,,dinero_eeuu_1947_1958,money_stock,138.4,miles de millones de USD,dato,,"Junta de Gobernadores del Sistema de la Reserva Federal, Banking and Monetary Statistics, 1941-1970 (1976), Tabla 1.1 A, p. 17",
1958-06,,dinero_eeuu_1947_1958,plazo_ajustados,63.2,miles de millones de USD,dato,,"Junta de Gobernadores del Sistema de la Reserva Federal, Banking and Monetary Statistics, 1941-1970 (1976), Tabla 1.1 A, p. 17",
1958-06,,dinero_eeuu_1947_1958,total,201.6,miles de millones de USD,dato,,"Junta de Gobernadores del Sistema de la Reserva Federal, Banking and Monetary Statistics, 1941-1970 (1976), Tabla 1.1 A, p. 17",
1958-07,,dinero_eeuu_1947_1958,efectivo,28.4,miles de millones de USD,dato,,"Junta de Gobernadores del Sistema de la Reserva Federal, Banking and Monetary Statistics, 1941-1970 (1976), Tabla 1.1 A, p. 17",
1958-07,,dinero_eeuu_1947_1958,vista,110,miles de millones de USD,dato,,"Junta de Gobernadores del Sistema de la Reserva Federal, Banking and Monetary Statistics, 1941-1970 (1976), Tabla 1.1 A, p. 17",
1958-07,,dinero_eeuu_1947_1958,money_stock,138.4,miles de millones de USD,dato,,"Junta de Gobernadores del Sistema de la Reserva Federal, Banking and Monetary Statistics, 1941-1970 (1976), Tabla 1.1 A, p. 17",
1958-07,,dinero_eeuu_1947_1958,plazo_ajustados,64,miles de millones de USD,dato,,"Junta de Gobernadores del Sistema de la Reserva Federal, Banking and Monetary Statistics, 1941-1970 (1976), Tabla 1.1 A, p. 17",
1958-07,,dinero_eeuu_1947_1958,total,202.4,miles de millones de USD,dato,,"Junta de Gobernadores del Sistema de la Reserva Federal, Banking and Monetary Statistics, 1941-1970 (1976), Tabla 1.1 A, p. 17",
1958-08,,dinero_eeuu_1947_1958,efectivo,28.4,miles de millones de USD,dato,,"Junta de Gobernadores del Sistema de la Reserva Federal, Banking and Monetary Statistics, 1941-1970 (1976), Tabla 1.1 A, p. 17",
1958-08,,dinero_eeuu_1947_1958,vista,110.7,miles de millones de USD,dato,,"Junta de Gobernadores del Sistema de la Reserva Federal, Banking and Monetary Statistics, 1941-1970 (1976), Tabla 1.1 A, p. 17",
1958-08,,dinero_eeuu_1947_1958,money_stock,139.1,miles de millones de USD,dato,,"Junta de Gobernadores del Sistema de la Reserva Federal, Banking and Monetary Statistics, 1941-1970 (1976), Tabla 1.1 A, p. 17",
1958-08,,dinero_eeuu_1947_1958,plazo_ajustados,64.6,miles de millones de USD,dato,,"Junta de Gobernadores del Sistema de la Reserva Federal, Banking and Monetary Statistics, 1941-1970 (1976), Tabla 1.1 A, p. 17",
1958-08,,dinero_eeuu_1947_1958,total,203.7,miles de millones de USD,dato,,"Junta de Gobernadores del Sistema de la Reserva Federal, Banking and Monetary Statistics, 1941-1970 (1976), Tabla 1.1 A, p. 17",
1958-09,,dinero_eeuu_1947_1958,efectivo,28.5,miles de millones de USD,dato,,"Junta de Gobernadores del Sistema de la Reserva Federal, Banking and Monetary Statistics, 1941-1970 (1976), Tabla 1.1 A, p. 17",
1958-09,,dinero_eeuu_1947_1958,vista,111.1,miles de millones de USD,dato,,"Junta de Gobernadores del Sistema de la Reserva Federal, Banking and Monetary Statistics, 1941-1970 (1976), Tabla 1.1 A, p. 17",
1958-09,,dinero_eeuu_1947_1958,money_stock,139.5,miles de millones de USD,dato,,"Junta de Gobernadores del Sistema de la Reserva Federal, Banking and Monetary Statistics, 1941-1970 (1976), Tabla 1.1 A, p. 17",
1958-09,,dinero_eeuu_1947_1958,plazo_ajustados,64.8,miles de millones de USD,dato,,"Junta de Gobernadores del Sistema de la Reserva Federal, Banking and Monetary Statistics, 1941-1970 (1976), Tabla 1.1 A, p. 17",
1958-09,,dinero_eeuu_1947_1958,total,204.3,miles de millones de USD,dato,,"Junta de Gobernadores del Sistema de la Reserva Federal, Banking and Monetary Statistics, 1941-1970 (1976), Tabla 1.1 A, p. 17",
1958-10,,dinero_eeuu_1947_1958,efectivo,28.5,miles de millones de USD,dato,,"Junta de Gobernadores del Sistema de la Reserva Federal, Banking and Monetary Statistics, 1941-1970 (1976), Tabla 1.1 A, p. 17",
1958-10,,dinero_eeuu_1947_1958,vista,111.6,miles de millones de USD,dato,,"Junta de Gobernadores del Sistema de la Reserva Federal, Banking and Monetary Statistics, 1941-1970 (1976), Tabla 1.1 A, p. 17",
1958-10,,dinero_eeuu_1947_1958,money_stock,140.1,miles de millones de USD,dato,,"Junta de Gobernadores del Sistema de la Reserva Federal, Banking and Monetary Statistics, 1941-1970 (1976), Tabla 1.1 A, p. 17",
1958-10,,dinero_eeuu_1947_1958,plazo_ajustados,64.9,miles de millones de USD,dato,,"Junta de Gobernadores del Sistema de la Reserva Federal, Banking and Monetary Statistics, 1941-1970 (1976), Tabla 1.1 A, p. 17",
1958-10,,dinero_eeuu_1947_1958,total,205,miles de millones de USD,dato,,"Junta de Gobernadores del Sistema de la Reserva Federal, Banking and Monetary Statistics, 1941-1970 (1976), Tabla 1.1 A, p. 17",
1958-11,,dinero_eeuu_1947_1958,efectivo,28.5,miles de millones de USD,dato,,"Junta de Gobernadores del Sistema de la Reserva Federal, Banking and Monetary Statistics, 1941-1970 (1976), Tabla 1.1 A, p. 17",
1958-11,,dinero_eeuu_1947_1958,vista,112.4,miles de millones de USD,dato,,"Junta de Gobernadores del Sistema de la Reserva Federal, Banking and Monetary Statistics, 1941-1970 (1976), Tabla 1.1 A, p. 17",
1958-11,,dinero_eeuu_1947_1958,money_stock,140.9,miles de millones de USD,dato,,"Junta de Gobernadores del Sistema de la Reserva Federal, Banking and Monetary Statistics, 1941-1970 (1976), Tabla 1.1 A, p. 17",
1958-11,,dinero_eeuu_1947_1958,plazo_ajustados,65.2,miles de millones de USD,dato,,"Junta de Gobernadores del Sistema de la Reserva Federal, Banking and Monetary Statistics, 1941-1970 (1976), Tabla 1.1 A, p. 17",
1958-11,,dinero_eeuu_1947_1958,total,206.1,miles de millones de USD,dato,,"Junta de Gobernadores del Sistema de la Reserva Federal, Banking and Monetary Statistics, 1941-1970 (1976), Tabla 1.1 A, p. 17",
1958-12,,dinero_eeuu_1947_1958,efectivo,28.6,miles de millones de USD,dato,,"Junta de Gobernadores del Sistema de la Reserva Federal, Banking and Monetary Statistics, 1941-1970 (1976), Tabla 1.1 A, p. 17",
1958-12,,dinero_eeuu_1947_1958,vista,112.6,miles de millones de USD,dato,,"Junta de Gobernadores del Sistema de la Reserva Federal, Banking and Monetary Statistics, 1941-1970 (1976), Tabla 1.1 A, p. 17",
1958-12,,dinero_eeuu_1947_1958,money_stock,141.1,miles de millones de USD,dato,,"Junta de Gobernadores del Sistema de la Reserva Federal, Banking and Monetary Statistics, 1941-1970 (1976), Tabla 1.1 A, p. 17",
1958-12,,dinero_eeuu_1947_1958,plazo_ajustados,65.4,miles de millones de USD,dato,,"Junta de Gobernadores del Sistema de la Reserva Federal, Banking and Monetary Statistics, 1941-1970 (1976), Tabla 1.1 A, p. 17",
1958-12,,dinero_eeuu_1947_1958,total,206.5,miles de millones de USD,dato,,"Junta de Gobernadores del Sistema de la Reserva Federal, Banking and Monetary Statistics, 1941-1970 (1976), Tabla 1.1 A, p. 17",
