serie,anio,fecha,valor,unidad,estado,control,cita,nota
acciones_eeuu_emision_neta_financieras_musd,1946,,29,millones de USD,dato,,"Z.1, publicación del 11 de septiembre de 2026 (2026:Q2), F51.1.t, FA793164105.Q",dato anual de la Junta
acciones_eeuu_emision_neta_financieras_musd,1947,,300,millones de USD,dato,,"Z.1, publicación del 11 de septiembre de 2026 (2026:Q2), F51.1.t, FA793164105.Q",dato anual de la Junta
acciones_eeuu_emision_neta_financieras_musd,1948,,100,millones de USD,dato,,"Z.1, publicación del 11 de septiembre de 2026 (2026:Q2), F51.1.t, FA793164105.Q",dato anual de la Junta
acciones_eeuu_emision_neta_financieras_musd,1949,,300,millones de USD,dato,,"Z.1, publicación del 11 de septiembre de 2026 (2026:Q2), F51.1.t, FA793164105.Q",dato anual de la Junta
acciones_eeuu_emision_neta_financieras_musd,1950,,300,millones de USD,dato,,"Z.1, publicación del 11 de septiembre de 2026 (2026:Q2), F51.1.t, FA793164105.Q",dato anual de la Junta
acciones_eeuu_emision_neta_financieras_musd,1951,,200,millones de USD,dato,,"Z.1, publicación del 11 de septiembre de 2026 (2026:Q2), F51.1.t, FA793164105.Q",dato anual de la Junta
acciones_eeuu_emision_neta_financieras_musd,1952,,95,millones de USD,dato,,"Z.1, publicación del 11 de septiembre de 2026 (2026:Q2), F51.1.t, FA793164105.Q",media de los cuatro trimestres a tasa anual ajustada
acciones_eeuu_emision_neta_financieras_musd,1953,,433,millones de USD,dato,,"Z.1, publicación del 11 de septiembre de 2026 (2026:Q2), F51.1.t, FA793164105.Q",media de los cuatro trimestres a tasa anual ajustada
acciones_eeuu_emision_neta_financieras_musd,1954,,-587,millones de USD,dato,,"Z.1, publicación del 11 de septiembre de 2026 (2026:Q2), F51.1.t, FA793164105.Q",media de los cuatro trimestres a tasa anual ajustada
acciones_eeuu_emision_neta_financieras_musd,1955,,-243,millones de USD,dato,,"Z.1, publicación del 11 de septiembre de 2026 (2026:Q2), F51.1.t, FA793164105.Q",media de los cuatro trimestres a tasa anual ajustada
acciones_eeuu_emision_neta_financieras_musd,1956,,316,millones de USD,dato,,"Z.1, publicación del 11 de septiembre de 2026 (2026:Q2), F51.1.t, FA793164105.Q",media de los cuatro trimestres a tasa anual ajustada
acciones_eeuu_emision_neta_financieras_musd,1957,,955,millones de USD,dato,,"Z.1, publicación del 11 de septiembre de 2026 (2026:Q2), F51.1.t, FA793164105.Q",media de los cuatro trimestres a tasa anual ajustada
acciones_eeuu_emision_neta_financieras_musd,1958,,-646,millones de USD,dato,,"Z.1, publicación del 11 de septiembre de 2026 (2026:Q2), F51.1.t, FA793164105.Q",media de los cuatro trimestres a tasa anual ajustada
acciones_eeuu_emision_neta_financieras_musd,1959,,240,millones de USD,dato,,"Z.1, publicación del 11 de septiembre de 2026 (2026:Q2), F51.1.t, FA793164105.Q",media de los cuatro trimestres a tasa anual ajustada
acciones_eeuu_emision_neta_financieras_musd,1960,,874,millones de USD,dato,,"Z.1, publicación del 11 de septiembre de 2026 (2026:Q2), F51.1.t, FA793164105.Q",media de los cuatro trimestres a tasa anual ajustada
acciones_eeuu_emision_neta_financieras_musd,1961,,-1357,millones de USD,dato,,"Z.1, publicación del 11 de septiembre de 2026 (2026:Q2), F51.1.t, FA793164105.Q",media de los cuatro trimestres a tasa anual ajustada
acciones_eeuu_emision_neta_financieras_musd,1962,,133,millones de USD,dato,,"Z.1, publicación del 11 de septiembre de 2026 (2026:Q2), F51.1.t, FA793164105.Q",media de los cuatro trimestres a tasa anual ajustada
acciones_eeuu_emision_neta_financieras_musd,1963,,989,millones de USD,dato,,"Z.1, publicación del 11 de septiembre de 2026 (2026:Q2), F51.1.t, FA793164105.Q",media de los cuatro trimestres a tasa anual ajustada
acciones_eeuu_emision_neta_financieras_musd,1964,,-36,millones de USD,dato,,"Z.1, publicación del 11 de septiembre de 2026 (2026:Q2), F51.1.t, FA793164105.Q",media de los cuatro trimestres a tasa anual ajustada
acciones_eeuu_emision_neta_financieras_musd,1965,,-644,millones de USD,dato,,"Z.1, publicación del 11 de septiembre de 2026 (2026:Q2), F51.1.t, FA793164105.Q",media de los cuatro trimestres a tasa anual ajustada
acciones_eeuu_emision_neta_financieras_musd,1966,,387,millones de USD,dato,,"Z.1, publicación del 11 de septiembre de 2026 (2026:Q2), F51.1.t, FA793164105.Q",media de los cuatro trimestres a tasa anual ajustada
acciones_eeuu_emision_neta_financieras_musd,1967,,-730,millones de USD,dato,,"Z.1, publicación del 11 de septiembre de 2026 (2026:Q2), F51.1.t, FA793164105.Q",media de los cuatro trimestres a tasa anual ajustada
acciones_eeuu_emision_neta_financieras_musd,1968,,988,millones de USD,dato,,"Z.1, publicación del 11 de septiembre de 2026 (2026:Q2), F51.1.t, FA793164105.Q",media de los cuatro trimestres a tasa anual ajustada
acciones_eeuu_emision_neta_financieras_musd,1969,,5135,millones de USD,dato,,"Z.1, publicación del 11 de septiembre de 2026 (2026:Q2), F51.1.t, FA793164105.Q",media de los cuatro trimestres a tasa anual ajustada
acciones_eeuu_emision_neta_financieras_musd,1970,,3913,millones de USD,dato,,"Z.1, publicación del 11 de septiembre de 2026 (2026:Q2), F51.1.t, FA793164105.Q",media de los cuatro trimestres a tasa anual ajustada
acciones_eeuu_emision_neta_financieras_musd,1971,,3203,millones de USD,dato,,"Z.1, publicación del 11 de septiembre de 2026 (2026:Q2), F51.1.t, FA793164105.Q",media de los cuatro trimestres a tasa anual ajustada
acciones_eeuu_emision_neta_financieras_musd,1972,,7738,millones de USD,dato,,"Z.1, publicación del 11 de septiembre de 2026 (2026:Q2), F51.1.t, FA793164105.Q",media de los cuatro trimestres a tasa anual ajustada
acciones_eeuu_emision_neta_financieras_musd,1973,,14890,millones de USD,dato,,"Z.1, publicación del 11 de septiembre de 2026 (2026:Q2), F51.1.t, FA793164105.Q",media de los cuatro trimestres a tasa anual ajustada
acciones_eeuu_emision_neta_financieras_musd,1974,,7221,millones de USD,dato,,"Z.1, publicación del 11 de septiembre de 2026 (2026:Q2), F51.1.t, FA793164105.Q",media de los cuatro trimestres a tasa anual ajustada
acciones_eeuu_emision_neta_financieras_musd,1975,,7753,millones de USD,dato,,"Z.1, publicación del 11 de septiembre de 2026 (2026:Q2), F51.1.t, FA793164105.Q",media de los cuatro trimestres a tasa anual ajustada
acciones_eeuu_emision_neta_financieras_musd,1976,,6752,millones de USD,dato,,"Z.1, publicación del 11 de septiembre de 2026 (2026:Q2), F51.1.t, FA793164105.Q",media de los cuatro trimestres a tasa anual ajustada
acciones_eeuu_emision_neta_financieras_musd,1977,,5807,millones de USD,dato,,"Z.1, publicación del 11 de septiembre de 2026 (2026:Q2), F51.1.t, FA793164105.Q",media de los cuatro trimestres a tasa anual ajustada
acciones_eeuu_emision_neta_financieras_musd,1978,,3021,millones de USD,dato,,"Z.1, publicación del 11 de septiembre de 2026 (2026:Q2), F51.1.t, FA793164105.Q",media de los cuatro trimestres a tasa anual ajustada
acciones_eeuu_emision_neta_financieras_musd,1979,,2913,millones de USD,dato,,"Z.1, publicación del 11 de septiembre de 2026 (2026:Q2), F51.1.t, FA793164105.Q",media de los cuatro trimestres a tasa anual ajustada
acciones_eeuu_emision_neta_financieras_musd,1980,,2987,millones de USD,dato,,"Z.1, publicación del 11 de septiembre de 2026 (2026:Q2), F51.1.t, FA793164105.Q",media de los cuatro trimestres a tasa anual ajustada
acciones_eeuu_emision_neta_financieras_musd,1981,,9761,millones de USD,dato,,"Z.1, publicación del 11 de septiembre de 2026 (2026:Q2), F51.1.t, FA793164105.Q",media de los cuatro trimestres a tasa anual ajustada
acciones_eeuu_emision_neta_financieras_musd,1982,,13362,millones de USD,dato,,"Z.1, publicación del 11 de septiembre de 2026 (2026:Q2), F51.1.t, FA793164105.Q",media de los cuatro trimestres a tasa anual ajustada
acciones_eeuu_emision_neta_financieras_musd,1983,,12907,millones de USD,dato,,"Z.1, publicación del 11 de septiembre de 2026 (2026:Q2), F51.1.t, FA793164105.Q",media de los cuatro trimestres a tasa anual ajustada
acciones_eeuu_emision_neta_financieras_musd,1984,,11251,millones de USD,dato,,"Z.1, publicación del 11 de septiembre de 2026 (2026:Q2), F51.1.t, FA793164105.Q",media de los cuatro trimestres a tasa anual ajustada
acciones_eeuu_emision_neta_financieras_musd,1985,,12054,millones de USD,dato,,"Z.1, publicación del 11 de septiembre de 2026 (2026:Q2), F51.1.t, FA793164105.Q",media de los cuatro trimestres a tasa anual ajustada
acciones_eeuu_emision_neta_financieras_musd,1986,,9299,millones de USD,dato,,"Z.1, publicación del 11 de septiembre de 2026 (2026:Q2), F51.1.t, FA793164105.Q",media de los cuatro trimestres a tasa anual ajustada
acciones_eeuu_emision_neta_financieras_musd,1987,,12288,millones de USD,dato,,"Z.1, publicación del 11 de septiembre de 2026 (2026:Q2), F51.1.t, FA793164105.Q",media de los cuatro trimestres a tasa anual ajustada
acciones_eeuu_emision_neta_financieras_musd,1988,,21679,millones de USD,dato,,"Z.1, publicación del 11 de septiembre de 2026 (2026:Q2), F51.1.t, FA793164105.Q",media de los cuatro trimestres a tasa anual ajustada
acciones_eeuu_emision_neta_financieras_musd,1989,,6556,millones de USD,dato,,"Z.1, publicación del 11 de septiembre de 2026 (2026:Q2), F51.1.t, FA793164105.Q",media de los cuatro trimestres a tasa anual ajustada
acciones_eeuu_emision_neta_financieras_musd,1990,,4443,millones de USD,dato,,"Z.1, publicación del 11 de septiembre de 2026 (2026:Q2), F51.1.t, FA793164105.Q",media de los cuatro trimestres a tasa anual ajustada
acciones_eeuu_emision_neta_financieras_musd,1991,,28769,millones de USD,dato,,"Z.1, publicación del 11 de septiembre de 2026 (2026:Q2), F51.1.t, FA793164105.Q",media de los cuatro trimestres a tasa anual ajustada
acciones_eeuu_emision_neta_financieras_musd,1992,,41039,millones de USD,dato,,"Z.1, publicación del 11 de septiembre de 2026 (2026:Q2), F51.1.t, FA793164105.Q",media de los cuatro trimestres a tasa anual ajustada
acciones_eeuu_emision_neta_financieras_musd,1993,,36581,millones de USD,dato,,"Z.1, publicación del 11 de septiembre de 2026 (2026:Q2), F51.1.t, FA793164105.Q",media de los cuatro trimestres a tasa anual ajustada
acciones_eeuu_emision_neta_financieras_musd,1994,,-4865,millones de USD,dato,,"Z.1, publicación del 11 de septiembre de 2026 (2026:Q2), F51.1.t, FA793164105.Q",media de los cuatro trimestres a tasa anual ajustada
acciones_eeuu_emision_neta_financieras_musd,1995,,-1763,millones de USD,dato,,"Z.1, publicación del 11 de septiembre de 2026 (2026:Q2), F51.1.t, FA793164105.Q",media de los cuatro trimestres a tasa anual ajustada
acciones_eeuu_emision_neta_financieras_musd,1996,,-28109,millones de USD,dato,,"Z.1, publicación del 11 de septiembre de 2026 (2026:Q2), F51.1.t, FA793164105.Q",media de los cuatro trimestres a tasa anual ajustada
acciones_eeuu_emision_neta_financieras_musd,1997,,-51454,millones de USD,dato,,"Z.1, publicación del 11 de septiembre de 2026 (2026:Q2), F51.1.t, FA793164105.Q",media de los cuatro trimestres a tasa anual ajustada
acciones_eeuu_emision_neta_financieras_musd,1998,,-15076,millones de USD,dato,,"Z.1, publicación del 11 de septiembre de 2026 (2026:Q2), F51.1.t, FA793164105.Q",media de los cuatro trimestres a tasa anual ajustada
acciones_eeuu_emision_neta_financieras_musd,1999,,-7595,millones de USD,dato,,"Z.1, publicación del 11 de septiembre de 2026 (2026:Q2), F51.1.t, FA793164105.Q",media de los cuatro trimestres a tasa anual ajustada
acciones_eeuu_emision_neta_financieras_musd,2000,,25039,millones de USD,dato,,"Z.1, publicación del 11 de septiembre de 2026 (2026:Q2), F51.1.t, FA793164105.Q",media de los cuatro trimestres a tasa anual ajustada
acciones_eeuu_emision_neta_financieras_musd,2001,,29753,millones de USD,dato,,"Z.1, publicación del 11 de septiembre de 2026 (2026:Q2), F51.1.t, FA793164105.Q",media de los cuatro trimestres a tasa anual ajustada
acciones_eeuu_emision_neta_financieras_musd,2002,,58114,millones de USD,dato,,"Z.1, publicación del 11 de septiembre de 2026 (2026:Q2), F51.1.t, FA793164105.Q",media de los cuatro trimestres a tasa anual ajustada
acciones_eeuu_emision_neta_financieras_musd,2003,,68246,millones de USD,dato,,"Z.1, publicación del 11 de septiembre de 2026 (2026:Q2), F51.1.t, FA793164105.Q",media de los cuatro trimestres a tasa anual ajustada
acciones_eeuu_emision_neta_financieras_musd,2004,,94729,millones de USD,dato,,"Z.1, publicación del 11 de septiembre de 2026 (2026:Q2), F51.1.t, FA793164105.Q",media de los cuatro trimestres a tasa anual ajustada
acciones_eeuu_emision_neta_financieras_musd,2005,,89062,millones de USD,dato,,"Z.1, publicación del 11 de septiembre de 2026 (2026:Q2), F51.1.t, FA793164105.Q",media de los cuatro trimestres a tasa anual ajustada
acciones_eeuu_emision_neta_financieras_musd,2006,,62340,millones de USD,dato,,"Z.1, publicación del 11 de septiembre de 2026 (2026:Q2), F51.1.t, FA793164105.Q",media de los cuatro trimestres a tasa anual ajustada
acciones_eeuu_emision_neta_financieras_musd,2007,,138626,millones de USD,dato,,"Z.1, publicación del 11 de septiembre de 2026 (2026:Q2), F51.1.t, FA793164105.Q",media de los cuatro trimestres a tasa anual ajustada
acciones_eeuu_emision_neta_financieras_musd,2008,,631236,millones de USD,dato,,"Z.1, publicación del 11 de septiembre de 2026 (2026:Q2), F51.1.t, FA793164105.Q",media de los cuatro trimestres a tasa anual ajustada
acciones_eeuu_emision_neta_financieras_musd,2009,,324477,millones de USD,dato,,"Z.1, publicación del 11 de septiembre de 2026 (2026:Q2), F51.1.t, FA793164105.Q",media de los cuatro trimestres a tasa anual ajustada
acciones_eeuu_emision_neta_financieras_musd,2010,,198372,millones de USD,dato,,"Z.1, publicación del 11 de septiembre de 2026 (2026:Q2), F51.1.t, FA793164105.Q",media de los cuatro trimestres a tasa anual ajustada
acciones_eeuu_emision_neta_financieras_musd,2011,,114087,millones de USD,dato,,"Z.1, publicación del 11 de septiembre de 2026 (2026:Q2), F51.1.t, FA793164105.Q",media de los cuatro trimestres a tasa anual ajustada
acciones_eeuu_emision_neta_financieras_musd,2012,,119846,millones de USD,dato,,"Z.1, publicación del 11 de septiembre de 2026 (2026:Q2), F51.1.t, FA793164105.Q",media de los cuatro trimestres a tasa anual ajustada
acciones_eeuu_emision_neta_financieras_musd,2013,,167376,millones de USD,dato,,"Z.1, publicación del 11 de septiembre de 2026 (2026:Q2), F51.1.t, FA793164105.Q",media de los cuatro trimestres a tasa anual ajustada
acciones_eeuu_emision_neta_financieras_musd,2014,,233243,millones de USD,dato,,"Z.1, publicación del 11 de septiembre de 2026 (2026:Q2), F51.1.t, FA793164105.Q",media de los cuatro trimestres a tasa anual ajustada
acciones_eeuu_emision_neta_financieras_musd,2015,,205203,millones de USD,dato,,"Z.1, publicación del 11 de septiembre de 2026 (2026:Q2), F51.1.t, FA793164105.Q",media de los cuatro trimestres a tasa anual ajustada
acciones_eeuu_emision_neta_financieras_musd,2016,,242015,millones de USD,dato,,"Z.1, publicación del 11 de septiembre de 2026 (2026:Q2), F51.1.t, FA793164105.Q",media de los cuatro trimestres a tasa anual ajustada
acciones_eeuu_emision_neta_financieras_musd,2017,,382289,millones de USD,dato,,"Z.1, publicación del 11 de septiembre de 2026 (2026:Q2), F51.1.t, FA793164105.Q",media de los cuatro trimestres a tasa anual ajustada
acciones_eeuu_emision_neta_financieras_musd,2018,,180835,millones de USD,dato,,"Z.1, publicación del 11 de septiembre de 2026 (2026:Q2), F51.1.t, FA793164105.Q",media de los cuatro trimestres a tasa anual ajustada
acciones_eeuu_emision_neta_financieras_musd,2019,,157152,millones de USD,dato,,"Z.1, publicación del 11 de septiembre de 2026 (2026:Q2), F51.1.t, FA793164105.Q",media de los cuatro trimestres a tasa anual ajustada
acciones_eeuu_emision_neta_financieras_musd,2020,,477761,millones de USD,dato,,"Z.1, publicación del 11 de septiembre de 2026 (2026:Q2), F51.1.t, FA793164105.Q",media de los cuatro trimestres a tasa anual ajustada
acciones_eeuu_emision_neta_financieras_musd,2021,,831400,millones de USD,dato,,"Z.1, publicación del 11 de septiembre de 2026 (2026:Q2), F51.1.t, FA793164105.Q",media de los cuatro trimestres a tasa anual ajustada
acciones_eeuu_emision_neta_financieras_musd,2022,,551171,millones de USD,dato,,"Z.1, publicación del 11 de septiembre de 2026 (2026:Q2), F51.1.t, FA793164105.Q",media de los cuatro trimestres a tasa anual ajustada
acciones_eeuu_emision_neta_financieras_musd,2023,,533483,millones de USD,dato,,"Z.1, publicación del 11 de septiembre de 2026 (2026:Q2), F51.1.t, FA793164105.Q",media de los cuatro trimestres a tasa anual ajustada
acciones_eeuu_emision_neta_financieras_musd,2024,,1076490,millones de USD,dato,,"Z.1, publicación del 11 de septiembre de 2026 (2026:Q2), F51.1.t, FA793164105.Q",media de los cuatro trimestres a tasa anual ajustada
acciones_eeuu_emision_neta_financieras_musd,2025,,1384813,millones de USD,dato,,"Z.1, publicación del 11 de septiembre de 2026 (2026:Q2), F51.1.t, FA793164105.Q",media de los cuatro trimestres a tasa anual ajustada
acciones_eeuu_emision_neta_financieras_pct_vm,1946,,0.0601460096234,% del valor de mercado previo,dato,,"Z.1, publicación del 11 de septiembre de 2026 (2026:Q2), FA793164105.Q sobre LM793164105.Q de 1945:Q4 (cálculo propio)",
acciones_eeuu_emision_neta_financieras_pct_vm,1947,,0.620437201415,% del valor de mercado previo,dato,,"Z.1, publicación del 11 de septiembre de 2026 (2026:Q2), FA793164105.Q sobre LM793164105.Q de 1946:Q4 (cálculo propio)",
acciones_eeuu_emision_neta_financieras_pct_vm,1948,,0.205166081943,% del valor de mercado previo,dato,,"Z.1, publicación del 11 de septiembre de 2026 (2026:Q2), FA793164105.Q sobre LM793164105.Q de 1947:Q4 (cálculo propio)",
acciones_eeuu_emision_neta_financieras_pct_vm,1949,,0.613208511334,% del valor de mercado previo,dato,,"Z.1, publicación del 11 de septiembre de 2026 (2026:Q2), FA793164105.Q sobre LM793164105.Q de 1948:Q4 (cálculo propio)",
acciones_eeuu_emision_neta_financieras_pct_vm,1950,,0.609087586795,% del valor de mercado previo,dato,,"Z.1, publicación del 11 de septiembre de 2026 (2026:Q2), FA793164105.Q sobre LM793164105.Q de 1949:Q4 (cálculo propio)",
acciones_eeuu_emision_neta_financieras_pct_vm,1951,,0.402641327106,% del valor de mercado previo,dato,,"Z.1, publicación del 11 de septiembre de 2026 (2026:Q2), FA793164105.Q sobre LM793164105.Q de 1950:Q4 (cálculo propio)",
acciones_eeuu_emision_neta_financieras_pct_vm,1952,,0.189760901264,% del valor de mercado previo,dato,,"Z.1, publicación del 11 de septiembre de 2026 (2026:Q2), FA793164105.Q sobre LM793164105.Q de 1951:Q4 (cálculo propio)",
acciones_eeuu_emision_neta_financieras_pct_vm,1953,,0.855883457532,% del valor de mercado previo,dato,,"Z.1, publicación del 11 de septiembre de 2026 (2026:Q2), FA793164105.Q sobre LM793164105.Q de 1952:Q4 (cálculo propio)",
acciones_eeuu_emision_neta_financieras_pct_vm,1954,,-1.15116096643,% del valor de mercado previo,dato,,"Z.1, publicación del 11 de septiembre de 2026 (2026:Q2), FA793164105.Q sobre LM793164105.Q de 1953:Q4 (cálculo propio)",
acciones_eeuu_emision_neta_financieras_pct_vm,1955,,-0.470483455633,% del valor de mercado previo,dato,,"Z.1, publicación del 11 de septiembre de 2026 (2026:Q2), FA793164105.Q sobre LM793164105.Q de 1954:Q4 (cálculo propio)",
acciones_eeuu_emision_neta_financieras_pct_vm,1956,,0.607552103361,% del valor de mercado previo,dato,,"Z.1, publicación del 11 de septiembre de 2026 (2026:Q2), FA793164105.Q sobre LM793164105.Q de 1955:Q4 (cálculo propio)",
acciones_eeuu_emision_neta_financieras_pct_vm,1957,,1.81489927784,% del valor de mercado previo,dato,,"Z.1, publicación del 11 de septiembre de 2026 (2026:Q2), FA793164105.Q sobre LM793164105.Q de 1956:Q4 (cálculo propio)",
acciones_eeuu_emision_neta_financieras_pct_vm,1958,,-1.20985110965,% del valor de mercado previo,dato,,"Z.1, publicación del 11 de septiembre de 2026 (2026:Q2), FA793164105.Q sobre LM793164105.Q de 1957:Q4 (cálculo propio)",
acciones_eeuu_emision_neta_financieras_pct_vm,1959,,0.4421029363,% del valor de mercado previo,dato,,"Z.1, publicación del 11 de septiembre de 2026 (2026:Q2), FA793164105.Q sobre LM793164105.Q de 1958:Q4 (cálculo propio)",
acciones_eeuu_emision_neta_financieras_pct_vm,1960,,1.58984247099,% del valor de mercado previo,dato,,"Z.1, publicación del 11 de septiembre de 2026 (2026:Q2), FA793164105.Q sobre LM793164105.Q de 1959:Q4 (cálculo propio)",
acciones_eeuu_emision_neta_financieras_pct_vm,1961,,-2.42720183158,% del valor de mercado previo,dato,,"Z.1, publicación del 11 de septiembre de 2026 (2026:Q2), FA793164105.Q sobre LM793164105.Q de 1960:Q4 (cálculo propio)",
acciones_eeuu_emision_neta_financieras_pct_vm,1962,,0.169387911052,% del valor de mercado previo,dato,,"Z.1, publicación del 11 de septiembre de 2026 (2026:Q2), FA793164105.Q sobre LM793164105.Q de 1961:Q4 (cálculo propio)",
acciones_eeuu_emision_neta_financieras_pct_vm,1963,,1.32228090113,% del valor de mercado previo,dato,,"Z.1, publicación del 11 de septiembre de 2026 (2026:Q2), FA793164105.Q sobre LM793164105.Q de 1962:Q4 (cálculo propio)",
acciones_eeuu_emision_neta_financieras_pct_vm,1964,,-0.0411188907037,% del valor de mercado previo,dato,,"Z.1, publicación del 11 de septiembre de 2026 (2026:Q2), FA793164105.Q sobre LM793164105.Q de 1963:Q4 (cálculo propio)",
acciones_eeuu_emision_neta_financieras_pct_vm,1965,,-0.670686620635,% del valor de mercado previo,dato,,"Z.1, publicación del 11 de septiembre de 2026 (2026:Q2), FA793164105.Q sobre LM793164105.Q de 1964:Q4 (cálculo propio)",
acciones_eeuu_emision_neta_financieras_pct_vm,1966,,0.36487747848,% del valor de mercado previo,dato,,"Z.1, publicación del 11 de septiembre de 2026 (2026:Q2), FA793164105.Q sobre LM793164105.Q de 1965:Q4 (cálculo propio)",
acciones_eeuu_emision_neta_financieras_pct_vm,1967,,-0.674620410502,% del valor de mercado previo,dato,,"Z.1, publicación del 11 de septiembre de 2026 (2026:Q2), FA793164105.Q sobre LM793164105.Q de 1966:Q4 (cálculo propio)",
acciones_eeuu_emision_neta_financieras_pct_vm,1968,,0.839793281654,% del valor de mercado previo,dato,,"Z.1, publicación del 11 de septiembre de 2026 (2026:Q2), FA793164105.Q sobre LM793164105.Q de 1967:Q4 (cálculo propio)",
acciones_eeuu_emision_neta_financieras_pct_vm,1969,,3.50552623854,% del valor de mercado previo,dato,,"Z.1, publicación del 11 de septiembre de 2026 (2026:Q2), FA793164105.Q sobre LM793164105.Q de 1968:Q4 (cálculo propio)",
acciones_eeuu_emision_neta_financieras_pct_vm,1970,,3.04321789378,% del valor de mercado previo,dato,,"Z.1, publicación del 11 de septiembre de 2026 (2026:Q2), FA793164105.Q sobre LM793164105.Q de 1969:Q4 (cálculo propio)",
acciones_eeuu_emision_neta_financieras_pct_vm,1971,,2.62158490072,% del valor de mercado previo,dato,,"Z.1, publicación del 11 de septiembre de 2026 (2026:Q2), FA793164105.Q sobre LM793164105.Q de 1970:Q4 (cálculo propio)",
acciones_eeuu_emision_neta_financieras_pct_vm,1972,,5.40393318062,% del valor de mercado previo,dato,,"Z.1, publicación del 11 de septiembre de 2026 (2026:Q2), FA793164105.Q sobre LM793164105.Q de 1971:Q4 (cálculo propio)",
acciones_eeuu_emision_neta_financieras_pct_vm,1973,,9.31813061654,% del valor de mercado previo,dato,,"Z.1, publicación del 11 de septiembre de 2026 (2026:Q2), FA793164105.Q sobre LM793164105.Q de 1972:Q4 (cálculo propio)",
acciones_eeuu_emision_neta_financieras_pct_vm,1974,,6.08104694053,% del valor de mercado previo,dato,,"Z.1, publicación del 11 de septiembre de 2026 (2026:Q2), FA793164105.Q sobre LM793164105.Q de 1973:Q4 (cálculo propio)",
acciones_eeuu_emision_neta_financieras_pct_vm,1975,,11.7781997721,% del valor de mercado previo,dato,,"Z.1, publicación del 11 de septiembre de 2026 (2026:Q2), FA793164105.Q sobre LM793164105.Q de 1974:Q4 (cálculo propio)",
acciones_eeuu_emision_neta_financieras_pct_vm,1976,,9.01516769921,% del valor de mercado previo,dato,,"Z.1, publicación del 11 de septiembre de 2026 (2026:Q2), FA793164105.Q sobre LM793164105.Q de 1975:Q4 (cálculo propio)",
acciones_eeuu_emision_neta_financieras_pct_vm,1977,,5.96427801115,% del valor de mercado previo,dato,,"Z.1, publicación del 11 de septiembre de 2026 (2026:Q2), FA793164105.Q sobre LM793164105.Q de 1976:Q4 (cálculo propio)",
acciones_eeuu_emision_neta_financieras_pct_vm,1978,,3.23818507284,% del valor de mercado previo,dato,,"Z.1, publicación del 11 de septiembre de 2026 (2026:Q2), FA793164105.Q sobre LM793164105.Q de 1977:Q4 (cálculo propio)",
acciones_eeuu_emision_neta_financieras_pct_vm,1979,,2.85453904045,% del valor de mercado previo,dato,,"Z.1, publicación del 11 de septiembre de 2026 (2026:Q2), FA793164105.Q sobre LM793164105.Q de 1978:Q4 (cálculo propio)",
acciones_eeuu_emision_neta_financieras_pct_vm,1980,,2.53851972091,% del valor de mercado previo,dato,,"Z.1, publicación del 11 de septiembre de 2026 (2026:Q2), FA793164105.Q sobre LM793164105.Q de 1979:Q4 (cálculo propio)",
acciones_eeuu_emision_neta_financieras_pct_vm,1981,,7.53914003908,% del valor de mercado previo,dato,,"Z.1, publicación del 11 de septiembre de 2026 (2026:Q2), FA793164105.Q sobre LM793164105.Q de 1980:Q4 (cálculo propio)",
acciones_eeuu_emision_neta_financieras_pct_vm,1982,,9.54946971213,% del valor de mercado previo,dato,,"Z.1, publicación del 11 de septiembre de 2026 (2026:Q2), FA793164105.Q sobre LM793164105.Q de 1981:Q4 (cálculo propio)",
acciones_eeuu_emision_neta_financieras_pct_vm,1983,,8.13993087964,% del valor de mercado previo,dato,,"Z.1, publicación del 11 de septiembre de 2026 (2026:Q2), FA793164105.Q sobre LM793164105.Q de 1982:Q4 (cálculo propio)",
acciones_eeuu_emision_neta_financieras_pct_vm,1984,,5.64531505585,% del valor de mercado previo,dato,,"Z.1, publicación del 11 de septiembre de 2026 (2026:Q2), FA793164105.Q sobre LM793164105.Q de 1983:Q4 (cálculo propio)",
acciones_eeuu_emision_neta_financieras_pct_vm,1985,,5.75320497523,% del valor de mercado previo,dato,,"Z.1, publicación del 11 de septiembre de 2026 (2026:Q2), FA793164105.Q sobre LM793164105.Q de 1984:Q4 (cálculo propio)",
acciones_eeuu_emision_neta_financieras_pct_vm,1986,,3.01532794407,% del valor de mercado previo,dato,,"Z.1, publicación del 11 de septiembre de 2026 (2026:Q2), FA793164105.Q sobre LM793164105.Q de 1985:Q4 (cálculo propio)",
acciones_eeuu_emision_neta_financieras_pct_vm,1987,,3.34000173958,% del valor de mercado previo,dato,,"Z.1, publicación del 11 de septiembre de 2026 (2026:Q2), FA793164105.Q sobre LM793164105.Q de 1986:Q4 (cálculo propio)",
acciones_eeuu_emision_neta_financieras_pct_vm,1988,,6.61102335311,% del valor de mercado previo,dato,,"Z.1, publicación del 11 de septiembre de 2026 (2026:Q2), FA793164105.Q sobre LM793164105.Q de 1987:Q4 (cálculo propio)",
acciones_eeuu_emision_neta_financieras_pct_vm,1989,,1.69132974222,% del valor de mercado previo,dato,,"Z.1, publicación del 11 de septiembre de 2026 (2026:Q2), FA793164105.Q sobre LM793164105.Q de 1988:Q4 (cálculo propio)",
acciones_eeuu_emision_neta_financieras_pct_vm,1990,,0.934184465162,% del valor de mercado previo,dato,,"Z.1, publicación del 11 de septiembre de 2026 (2026:Q2), FA793164105.Q sobre LM793164105.Q de 1989:Q4 (cálculo propio)",
acciones_eeuu_emision_neta_financieras_pct_vm,1991,,7.63674685043,% del valor de mercado previo,dato,,"Z.1, publicación del 11 de septiembre de 2026 (2026:Q2), FA793164105.Q sobre LM793164105.Q de 1990:Q4 (cálculo propio)",
acciones_eeuu_emision_neta_financieras_pct_vm,1992,,7.22034554347,% del valor de mercado previo,dato,,"Z.1, publicación del 11 de septiembre de 2026 (2026:Q2), FA793164105.Q sobre LM793164105.Q de 1991:Q4 (cálculo propio)",
acciones_eeuu_emision_neta_financieras_pct_vm,1993,,4.95380815284,% del valor de mercado previo,dato,,"Z.1, publicación del 11 de septiembre de 2026 (2026:Q2), FA793164105.Q sobre LM793164105.Q de 1992:Q4 (cálculo propio)",
acciones_eeuu_emision_neta_financieras_pct_vm,1994,,-0.548067119916,% del valor de mercado previo,dato,,"Z.1, publicación del 11 de septiembre de 2026 (2026:Q2), FA793164105.Q sobre LM793164105.Q de 1993:Q4 (cálculo propio)",
acciones_eeuu_emision_neta_financieras_pct_vm,1995,,-0.205201861366,% del valor de mercado previo,dato,,"Z.1, publicación del 11 de septiembre de 2026 (2026:Q2), FA793164105.Q sobre LM793164105.Q de 1994:Q4 (cálculo propio)",
acciones_eeuu_emision_neta_financieras_pct_vm,1996,,-2.26550832288,% del valor de mercado previo,dato,,"Z.1, publicación del 11 de septiembre de 2026 (2026:Q2), FA793164105.Q sobre LM793164105.Q de 1995:Q4 (cálculo propio)",
acciones_eeuu_emision_neta_financieras_pct_vm,1997,,-3.11572017498,% del valor de mercado previo,dato,,"Z.1, publicación del 11 de septiembre de 2026 (2026:Q2), FA793164105.Q sobre LM793164105.Q de 1996:Q4 (cálculo propio)",
acciones_eeuu_emision_neta_financieras_pct_vm,1998,,-0.639621759359,% del valor de mercado previo,dato,,"Z.1, publicación del 11 de septiembre de 2026 (2026:Q2), FA793164105.Q sobre LM793164105.Q de 1997:Q4 (cálculo propio)",
acciones_eeuu_emision_neta_financieras_pct_vm,1999,,-0.297052976338,% del valor de mercado previo,dato,,"Z.1, publicación del 11 de septiembre de 2026 (2026:Q2), FA793164105.Q sobre LM793164105.Q de 1998:Q4 (cálculo propio)",
acciones_eeuu_emision_neta_financieras_pct_vm,2000,,0.967602568423,% del valor de mercado previo,dato,,"Z.1, publicación del 11 de septiembre de 2026 (2026:Q2), FA793164105.Q sobre LM793164105.Q de 1999:Q4 (cálculo propio)",
acciones_eeuu_emision_neta_financieras_pct_vm,2001,,0.981787127775,% del valor de mercado previo,dato,,"Z.1, publicación del 11 de septiembre de 2026 (2026:Q2), FA793164105.Q sobre LM793164105.Q de 2000:Q4 (cálculo propio)",
acciones_eeuu_emision_neta_financieras_pct_vm,2002,,2.05255898802,% del valor de mercado previo,dato,,"Z.1, publicación del 11 de septiembre de 2026 (2026:Q2), FA793164105.Q sobre LM793164105.Q de 2001:Q4 (cálculo propio)",
acciones_eeuu_emision_neta_financieras_pct_vm,2003,,2.67595483272,% del valor de mercado previo,dato,,"Z.1, publicación del 11 de septiembre de 2026 (2026:Q2), FA793164105.Q sobre LM793164105.Q de 2002:Q4 (cálculo propio)",
acciones_eeuu_emision_neta_financieras_pct_vm,2004,,2.85417721214,% del valor de mercado previo,dato,,"Z.1, publicación del 11 de septiembre de 2026 (2026:Q2), FA793164105.Q sobre LM793164105.Q de 2003:Q4 (cálculo propio)",
acciones_eeuu_emision_neta_financieras_pct_vm,2005,,2.39178207933,% del valor de mercado previo,dato,,"Z.1, publicación del 11 de septiembre de 2026 (2026:Q2), FA793164105.Q sobre LM793164105.Q de 2004:Q4 (cálculo propio)",
acciones_eeuu_emision_neta_financieras_pct_vm,2006,,1.56553708922,% del valor de mercado previo,dato,,"Z.1, publicación del 11 de septiembre de 2026 (2026:Q2), FA793164105.Q sobre LM793164105.Q de 2005:Q4 (cálculo propio)",
acciones_eeuu_emision_neta_financieras_pct_vm,2007,,2.99891661201,% del valor de mercado previo,dato,,"Z.1, publicación del 11 de septiembre de 2026 (2026:Q2), FA793164105.Q sobre LM793164105.Q de 2006:Q4 (cálculo propio)",
acciones_eeuu_emision_neta_financieras_pct_vm,2008,,15.2519029965,% del valor de mercado previo,dato,,"Z.1, publicación del 11 de septiembre de 2026 (2026:Q2), FA793164105.Q sobre LM793164105.Q de 2007:Q4 (cálculo propio)",
acciones_eeuu_emision_neta_financieras_pct_vm,2009,,12.0411111561,% del valor de mercado previo,dato,,"Z.1, publicación del 11 de septiembre de 2026 (2026:Q2), FA793164105.Q sobre LM793164105.Q de 2008:Q4 (cálculo propio)",
acciones_eeuu_emision_neta_financieras_pct_vm,2010,,5.9420834675,% del valor de mercado previo,dato,,"Z.1, publicación del 11 de septiembre de 2026 (2026:Q2), FA793164105.Q sobre LM793164105.Q de 2009:Q4 (cálculo propio)",
acciones_eeuu_emision_neta_financieras_pct_vm,2011,,2.87921878222,% del valor de mercado previo,dato,,"Z.1, publicación del 11 de septiembre de 2026 (2026:Q2), FA793164105.Q sobre LM793164105.Q de 2010:Q4 (cálculo propio)",
acciones_eeuu_emision_neta_financieras_pct_vm,2012,,3.37080863856,% del valor de mercado previo,dato,,"Z.1, publicación del 11 de septiembre de 2026 (2026:Q2), FA793164105.Q sobre LM793164105.Q de 2011:Q4 (cálculo propio)",
acciones_eeuu_emision_neta_financieras_pct_vm,2013,,3.93183097374,% del valor de mercado previo,dato,,"Z.1, publicación del 11 de septiembre de 2026 (2026:Q2), FA793164105.Q sobre LM793164105.Q de 2012:Q4 (cálculo propio)",
acciones_eeuu_emision_neta_financieras_pct_vm,2014,,4.15658971562,% del valor de mercado previo,dato,,"Z.1, publicación del 11 de septiembre de 2026 (2026:Q2), FA793164105.Q sobre LM793164105.Q de 2013:Q4 (cálculo propio)",
acciones_eeuu_emision_neta_financieras_pct_vm,2015,,3.23771025284,% del valor de mercado previo,dato,,"Z.1, publicación del 11 de septiembre de 2026 (2026:Q2), FA793164105.Q sobre LM793164105.Q de 2014:Q4 (cálculo propio)",
acciones_eeuu_emision_neta_financieras_pct_vm,2016,,3.85668921203,% del valor de mercado previo,dato,,"Z.1, publicación del 11 de septiembre de 2026 (2026:Q2), FA793164105.Q sobre LM793164105.Q de 2015:Q4 (cálculo propio)",
acciones_eeuu_emision_neta_financieras_pct_vm,2017,,5.21069647876,% del valor de mercado previo,dato,,"Z.1, publicación del 11 de septiembre de 2026 (2026:Q2), FA793164105.Q sobre LM793164105.Q de 2016:Q4 (cálculo propio)",
acciones_eeuu_emision_neta_financieras_pct_vm,2018,,2.00810526742,% del valor de mercado previo,dato,,"Z.1, publicación del 11 de septiembre de 2026 (2026:Q2), FA793164105.Q sobre LM793164105.Q de 2017:Q4 (cálculo propio)",
acciones_eeuu_emision_neta_financieras_pct_vm,2019,,1.91510892645,% del valor de mercado previo,dato,,"Z.1, publicación del 11 de septiembre de 2026 (2026:Q2), FA793164105.Q sobre LM793164105.Q de 2018:Q4 (cálculo propio)",
acciones_eeuu_emision_neta_financieras_pct_vm,2020,,4.69345909451,% del valor de mercado previo,dato,,"Z.1, publicación del 11 de septiembre de 2026 (2026:Q2), FA793164105.Q sobre LM793164105.Q de 2019:Q4 (cálculo propio)",
acciones_eeuu_emision_neta_financieras_pct_vm,2021,,7.46893081097,% del valor de mercado previo,dato,,"Z.1, publicación del 11 de septiembre de 2026 (2026:Q2), FA793164105.Q sobre LM793164105.Q de 2020:Q4 (cálculo propio)",
acciones_eeuu_emision_neta_financieras_pct_vm,2022,,3.66132599984,% del valor de mercado previo,dato,,"Z.1, publicación del 11 de septiembre de 2026 (2026:Q2), FA793164105.Q sobre LM793164105.Q de 2021:Q4 (cálculo propio)",
acciones_eeuu_emision_neta_financieras_pct_vm,2023,,4.01398944351,% del valor de mercado previo,dato,,"Z.1, publicación del 11 de septiembre de 2026 (2026:Q2), FA793164105.Q sobre LM793164105.Q de 2022:Q4 (cálculo propio)",
acciones_eeuu_emision_neta_financieras_pct_vm,2024,,6.97450850153,% del valor de mercado previo,dato,,"Z.1, publicación del 11 de septiembre de 2026 (2026:Q2), FA793164105.Q sobre LM793164105.Q de 2023:Q4 (cálculo propio)",
acciones_eeuu_emision_neta_financieras_pct_vm,2025,,7.13190622043,% del valor de mercado previo,dato,,"Z.1, publicación del 11 de septiembre de 2026 (2026:Q2), FA793164105.Q sobre LM793164105.Q de 2024:Q4 (cálculo propio)",
acciones_eeuu_emision_neta_no_financieras_musd,1946,,1018,millones de USD,dato,,"Z.1, publicación del 11 de septiembre de 2026 (2026:Q2), F51.1.t, FA103164105.Q",dato anual de la Junta
acciones_eeuu_emision_neta_no_financieras_musd,1947,,1093,millones de USD,dato,,"Z.1, publicación del 11 de septiembre de 2026 (2026:Q2), F51.1.t, FA103164105.Q",dato anual de la Junta
acciones_eeuu_emision_neta_no_financieras_musd,1948,,1000,millones de USD,dato,,"Z.1, publicación del 11 de septiembre de 2026 (2026:Q2), F51.1.t, FA103164105.Q",dato anual de la Junta
acciones_eeuu_emision_neta_no_financieras_musd,1949,,1212,millones de USD,dato,,"Z.1, publicación del 11 de septiembre de 2026 (2026:Q2), F51.1.t, FA103164105.Q",dato anual de la Junta
acciones_eeuu_emision_neta_no_financieras_musd,1950,,1288,millones de USD,dato,,"Z.1, publicación del 11 de septiembre de 2026 (2026:Q2), F51.1.t, FA103164105.Q",dato anual de la Junta
acciones_eeuu_emision_neta_no_financieras_musd,1951,,2107,millones de USD,dato,,"Z.1, publicación del 11 de septiembre de 2026 (2026:Q2), F51.1.t, FA103164105.Q",dato anual de la Junta
acciones_eeuu_emision_neta_no_financieras_musd,1952,,2320,millones de USD,dato,,"Z.1, publicación del 11 de septiembre de 2026 (2026:Q2), F51.1.t, FA103164105.Q",media de los cuatro trimestres a tasa anual ajustada
acciones_eeuu_emision_neta_no_financieras_musd,1953,,1766,millones de USD,dato,,"Z.1, publicación del 11 de septiembre de 2026 (2026:Q2), F51.1.t, FA103164105.Q",media de los cuatro trimestres a tasa anual ajustada
acciones_eeuu_emision_neta_no_financieras_musd,1954,,1583,millones de USD,dato,,"Z.1, publicación del 11 de septiembre de 2026 (2026:Q2), F51.1.t, FA103164105.Q",media de los cuatro trimestres a tasa anual ajustada
acciones_eeuu_emision_neta_no_financieras_musd,1955,,1719,millones de USD,dato,,"Z.1, publicación del 11 de septiembre de 2026 (2026:Q2), F51.1.t, FA103164105.Q",media de los cuatro trimestres a tasa anual ajustada
acciones_eeuu_emision_neta_no_financieras_musd,1956,,2250,millones de USD,dato,,"Z.1, publicación del 11 de septiembre de 2026 (2026:Q2), F51.1.t, FA103164105.Q",media de los cuatro trimestres a tasa anual ajustada
acciones_eeuu_emision_neta_no_financieras_musd,1957,,2441,millones de USD,dato,,"Z.1, publicación del 11 de septiembre de 2026 (2026:Q2), F51.1.t, FA103164105.Q",media de los cuatro trimestres a tasa anual ajustada
acciones_eeuu_emision_neta_no_financieras_musd,1958,,1968,millones de USD,dato,,"Z.1, publicación del 11 de septiembre de 2026 (2026:Q2), F51.1.t, FA103164105.Q",media de los cuatro trimestres a tasa anual ajustada
acciones_eeuu_emision_neta_no_financieras_musd,1959,,2078,millones de USD,dato,,"Z.1, publicación del 11 de septiembre de 2026 (2026:Q2), F51.1.t, FA103164105.Q",media de los cuatro trimestres a tasa anual ajustada
acciones_eeuu_emision_neta_no_financieras_musd,1960,,1365,millones de USD,dato,,"Z.1, publicación del 11 de septiembre de 2026 (2026:Q2), F51.1.t, FA103164105.Q",media de los cuatro trimestres a tasa anual ajustada
acciones_eeuu_emision_neta_no_financieras_musd,1961,,2121,millones de USD,dato,,"Z.1, publicación del 11 de septiembre de 2026 (2026:Q2), F51.1.t, FA103164105.Q",media de los cuatro trimestres a tasa anual ajustada
acciones_eeuu_emision_neta_no_financieras_musd,1962,,369,millones de USD,dato,,"Z.1, publicación del 11 de septiembre de 2026 (2026:Q2), F51.1.t, FA103164105.Q",media de los cuatro trimestres a tasa anual ajustada
acciones_eeuu_emision_neta_no_financieras_musd,1963,,-341,millones de USD,dato,,"Z.1, publicación del 11 de septiembre de 2026 (2026:Q2), F51.1.t, FA103164105.Q",media de los cuatro trimestres a tasa anual ajustada
acciones_eeuu_emision_neta_no_financieras_musd,1964,,1145,millones de USD,dato,,"Z.1, publicación del 11 de septiembre de 2026 (2026:Q2), F51.1.t, FA103164105.Q",media de los cuatro trimestres a tasa anual ajustada
acciones_eeuu_emision_neta_no_financieras_musd,1965,,-28,millones de USD,dato,,"Z.1, publicación del 11 de septiembre de 2026 (2026:Q2), F51.1.t, FA103164105.Q",media de los cuatro trimestres a tasa anual ajustada
acciones_eeuu_emision_neta_no_financieras_musd,1966,,1259,millones de USD,dato,,"Z.1, publicación del 11 de septiembre de 2026 (2026:Q2), F51.1.t, FA103164105.Q",media de los cuatro trimestres a tasa anual ajustada
acciones_eeuu_emision_neta_no_financieras_musd,1967,,2397,millones de USD,dato,,"Z.1, publicación del 11 de septiembre de 2026 (2026:Q2), F51.1.t, FA103164105.Q",media de los cuatro trimestres a tasa anual ajustada
acciones_eeuu_emision_neta_no_financieras_musd,1968,,-159,millones de USD,dato,,"Z.1, publicación del 11 de septiembre de 2026 (2026:Q2), F51.1.t, FA103164105.Q",media de los cuatro trimestres a tasa anual ajustada
acciones_eeuu_emision_neta_no_financieras_musd,1969,,3406,millones de USD,dato,,"Z.1, publicación del 11 de septiembre de 2026 (2026:Q2), F51.1.t, FA103164105.Q",media de los cuatro trimestres a tasa anual ajustada
acciones_eeuu_emision_neta_no_financieras_musd,1970,,5709,millones de USD,dato,,"Z.1, publicación del 11 de septiembre de 2026 (2026:Q2), F51.1.t, FA103164105.Q",media de los cuatro trimestres a tasa anual ajustada
acciones_eeuu_emision_neta_no_financieras_musd,1971,,11446,millones de USD,dato,,"Z.1, publicación del 11 de septiembre de 2026 (2026:Q2), F51.1.t, FA103164105.Q",media de los cuatro trimestres a tasa anual ajustada
acciones_eeuu_emision_neta_no_financieras_musd,1972,,11024,millones de USD,dato,,"Z.1, publicación del 11 de septiembre de 2026 (2026:Q2), F51.1.t, FA103164105.Q",media de los cuatro trimestres a tasa anual ajustada
acciones_eeuu_emision_neta_no_financieras_musd,1973,,7827,millones de USD,dato,,"Z.1, publicación del 11 de septiembre de 2026 (2026:Q2), F51.1.t, FA103164105.Q",media de los cuatro trimestres a tasa anual ajustada
acciones_eeuu_emision_neta_no_financieras_musd,1974,,4016,millones de USD,dato,,"Z.1, publicación del 11 de septiembre de 2026 (2026:Q2), F51.1.t, FA103164105.Q",media de los cuatro trimestres a tasa anual ajustada
acciones_eeuu_emision_neta_no_financieras_musd,1975,,9916,millones de USD,dato,,"Z.1, publicación del 11 de septiembre de 2026 (2026:Q2), F51.1.t, FA103164105.Q",media de los cuatro trimestres a tasa anual ajustada
acciones_eeuu_emision_neta_no_financieras_musd,1976,,10555,millones de USD,dato,,"Z.1, publicación del 11 de septiembre de 2026 (2026:Q2), F51.1.t, FA103164105.Q",media de los cuatro trimestres a tasa anual ajustada
acciones_eeuu_emision_neta_no_financieras_musd,1977,,2739,millones de USD,dato,,"Z.1, publicación del 11 de septiembre de 2026 (2026:Q2), F51.1.t, FA103164105.Q",media de los cuatro trimestres a tasa anual ajustada
acciones_eeuu_emision_neta_no_financieras_musd,1978,,-105,millones de USD,dato,,"Z.1, publicación del 11 de septiembre de 2026 (2026:Q2), F51.1.t, FA103164105.Q",media de los cuatro trimestres a tasa anual ajustada
acciones_eeuu_emision_neta_no_financieras_musd,1979,,-7798,millones de USD,dato,,"Z.1, publicación del 11 de septiembre de 2026 (2026:Q2), F51.1.t, FA103164105.Q",media de los cuatro trimestres a tasa anual ajustada
acciones_eeuu_emision_neta_no_financieras_musd,1980,,10428,millones de USD,dato,,"Z.1, publicación del 11 de septiembre de 2026 (2026:Q2), F51.1.t, FA103164105.Q",media de los cuatro trimestres a tasa anual ajustada
acciones_eeuu_emision_neta_no_financieras_musd,1981,,-13452,millones de USD,dato,,"Z.1, publicación del 11 de septiembre de 2026 (2026:Q2), F51.1.t, FA103164105.Q",media de los cuatro trimestres a tasa anual ajustada
acciones_eeuu_emision_neta_no_financieras_musd,1982,,1938,millones de USD,dato,,"Z.1, publicación del 11 de septiembre de 2026 (2026:Q2), F51.1.t, FA103164105.Q",media de los cuatro trimestres a tasa anual ajustada
acciones_eeuu_emision_neta_no_financieras_musd,1983,,20114,millones de USD,dato,,"Z.1, publicación del 11 de septiembre de 2026 (2026:Q2), F51.1.t, FA103164105.Q",media de los cuatro trimestres a tasa anual ajustada
acciones_eeuu_emision_neta_no_financieras_musd,1984,,-78853,millones de USD,dato,,"Z.1, publicación del 11 de septiembre de 2026 (2026:Q2), F51.1.t, FA103164105.Q",media de los cuatro trimestres a tasa anual ajustada
acciones_eeuu_emision_neta_no_financieras_musd,1985,,-84069,millones de USD,dato,,"Z.1, publicación del 11 de septiembre de 2026 (2026:Q2), F51.1.t, FA103164105.Q",media de los cuatro trimestres a tasa anual ajustada
acciones_eeuu_emision_neta_no_financieras_musd,1986,,-84656,millones de USD,dato,,"Z.1, publicación del 11 de septiembre de 2026 (2026:Q2), F51.1.t, FA103164105.Q",media de los cuatro trimestres a tasa anual ajustada
acciones_eeuu_emision_neta_no_financieras_musd,1987,,-75481,millones de USD,dato,,"Z.1, publicación del 11 de septiembre de 2026 (2026:Q2), F51.1.t, FA103164105.Q",media de los cuatro trimestres a tasa anual ajustada
acciones_eeuu_emision_neta_no_financieras_musd,1988,,-129301,millones de USD,dato,,"Z.1, publicación del 11 de septiembre de 2026 (2026:Q2), F51.1.t, FA103164105.Q",media de los cuatro trimestres a tasa anual ajustada
acciones_eeuu_emision_neta_no_financieras_musd,1989,,-123979,millones de USD,dato,,"Z.1, publicación del 11 de septiembre de 2026 (2026:Q2), F51.1.t, FA103164105.Q",media de los cuatro trimestres a tasa anual ajustada
acciones_eeuu_emision_neta_no_financieras_musd,1990,,-63233,millones de USD,dato,,"Z.1, publicación del 11 de septiembre de 2026 (2026:Q2), F51.1.t, FA103164105.Q",media de los cuatro trimestres a tasa anual ajustada
acciones_eeuu_emision_neta_no_financieras_musd,1991,,18932,millones de USD,dato,,"Z.1, publicación del 11 de septiembre de 2026 (2026:Q2), F51.1.t, FA103164105.Q",media de los cuatro trimestres a tasa anual ajustada
acciones_eeuu_emision_neta_no_financieras_musd,1992,,28994,millones de USD,dato,,"Z.1, publicación del 11 de septiembre de 2026 (2026:Q2), F51.1.t, FA103164105.Q",media de los cuatro trimestres a tasa anual ajustada
acciones_eeuu_emision_neta_no_financieras_musd,1993,,34505,millones de USD,dato,,"Z.1, publicación del 11 de septiembre de 2026 (2026:Q2), F51.1.t, FA103164105.Q",media de los cuatro trimestres a tasa anual ajustada
acciones_eeuu_emision_neta_no_financieras_musd,1994,,-33778,millones de USD,dato,,"Z.1, publicación del 11 de septiembre de 2026 (2026:Q2), F51.1.t, FA103164105.Q",media de los cuatro trimestres a tasa anual ajustada
acciones_eeuu_emision_neta_no_financieras_musd,1995,,-51776,millones de USD,dato,,"Z.1, publicación del 11 de septiembre de 2026 (2026:Q2), F51.1.t, FA103164105.Q",media de los cuatro trimestres a tasa anual ajustada
acciones_eeuu_emision_neta_no_financieras_musd,1996,,-44826,millones de USD,dato,,"Z.1, publicación del 11 de septiembre de 2026 (2026:Q2), F51.1.t, FA103164105.Q",media de los cuatro trimestres a tasa anual ajustada
acciones_eeuu_emision_neta_no_financieras_musd,1997,,-74789,millones de USD,dato,,"Z.1, publicación del 11 de septiembre de 2026 (2026:Q2), F51.1.t, FA103164105.Q",media de los cuatro trimestres a tasa anual ajustada
acciones_eeuu_emision_neta_no_financieras_musd,1998,,-210335,millones de USD,dato,,"Z.1, publicación del 11 de septiembre de 2026 (2026:Q2), F51.1.t, FA103164105.Q",media de los cuatro trimestres a tasa anual ajustada
acciones_eeuu_emision_neta_no_financieras_musd,1999,,-97272,millones de USD,dato,,"Z.1, publicación del 11 de septiembre de 2026 (2026:Q2), F51.1.t, FA103164105.Q",media de los cuatro trimestres a tasa anual ajustada
acciones_eeuu_emision_neta_no_financieras_musd,2000,,-35890,millones de USD,dato,,"Z.1, publicación del 11 de septiembre de 2026 (2026:Q2), F51.1.t, FA103164105.Q",media de los cuatro trimestres a tasa anual ajustada
acciones_eeuu_emision_neta_no_financieras_musd,2001,,-3479,millones de USD,dato,,"Z.1, publicación del 11 de septiembre de 2026 (2026:Q2), F51.1.t, FA103164105.Q",media de los cuatro trimestres a tasa anual ajustada
acciones_eeuu_emision_neta_no_financieras_musd,2002,,-7450,millones de USD,dato,,"Z.1, publicación del 11 de septiembre de 2026 (2026:Q2), F51.1.t, FA103164105.Q",media de los cuatro trimestres a tasa anual ajustada
acciones_eeuu_emision_neta_no_financieras_musd,2003,,-2155,millones de USD,dato,,"Z.1, publicación del 11 de septiembre de 2026 (2026:Q2), F51.1.t, FA103164105.Q",media de los cuatro trimestres a tasa anual ajustada
acciones_eeuu_emision_neta_no_financieras_musd,2004,,-66051,millones de USD,dato,,"Z.1, publicación del 11 de septiembre de 2026 (2026:Q2), F51.1.t, FA103164105.Q",media de los cuatro trimestres a tasa anual ajustada
acciones_eeuu_emision_neta_no_financieras_musd,2005,,-241429,millones de USD,dato,,"Z.1, publicación del 11 de septiembre de 2026 (2026:Q2), F51.1.t, FA103164105.Q",media de los cuatro trimestres a tasa anual ajustada
acciones_eeuu_emision_neta_no_financieras_musd,2006,,-416996,millones de USD,dato,,"Z.1, publicación del 11 de septiembre de 2026 (2026:Q2), F51.1.t, FA103164105.Q",media de los cuatro trimestres a tasa anual ajustada
acciones_eeuu_emision_neta_no_financieras_musd,2007,,-540969,millones de USD,dato,,"Z.1, publicación del 11 de septiembre de 2026 (2026:Q2), F51.1.t, FA103164105.Q",media de los cuatro trimestres a tasa anual ajustada
acciones_eeuu_emision_neta_no_financieras_musd,2008,,-428240,millones de USD,dato,,"Z.1, publicación del 11 de septiembre de 2026 (2026:Q2), F51.1.t, FA103164105.Q",media de los cuatro trimestres a tasa anual ajustada
acciones_eeuu_emision_neta_no_financieras_musd,2009,,-89082,millones de USD,dato,,"Z.1, publicación del 11 de septiembre de 2026 (2026:Q2), F51.1.t, FA103164105.Q",media de los cuatro trimestres a tasa anual ajustada
acciones_eeuu_emision_neta_no_financieras_musd,2010,,-179008,millones de USD,dato,,"Z.1, publicación del 11 de septiembre de 2026 (2026:Q2), F51.1.t, FA103164105.Q",media de los cuatro trimestres a tasa anual ajustada
acciones_eeuu_emision_neta_no_financieras_musd,2011,,-345302,millones de USD,dato,,"Z.1, publicación del 11 de septiembre de 2026 (2026:Q2), F51.1.t, FA103164105.Q",media de los cuatro trimestres a tasa anual ajustada
acciones_eeuu_emision_neta_no_financieras_musd,2012,,-280491,millones de USD,dato,,"Z.1, publicación del 11 de septiembre de 2026 (2026:Q2), F51.1.t, FA103164105.Q",media de los cuatro trimestres a tasa anual ajustada
acciones_eeuu_emision_neta_no_financieras_musd,2013,,-255054,millones de USD,dato,,"Z.1, publicación del 11 de septiembre de 2026 (2026:Q2), F51.1.t, FA103164105.Q",media de los cuatro trimestres a tasa anual ajustada
acciones_eeuu_emision_neta_no_financieras_musd,2014,,-295672,millones de USD,dato,,"Z.1, publicación del 11 de septiembre de 2026 (2026:Q2), F51.1.t, FA103164105.Q",media de los cuatro trimestres a tasa anual ajustada
acciones_eeuu_emision_neta_no_financieras_musd,2015,,-506179,millones de USD,dato,,"Z.1, publicación del 11 de septiembre de 2026 (2026:Q2), F51.1.t, FA103164105.Q",media de los cuatro trimestres a tasa anual ajustada
acciones_eeuu_emision_neta_no_financieras_musd,2016,,-441711,millones de USD,dato,,"Z.1, publicación del 11 de septiembre de 2026 (2026:Q2), F51.1.t, FA103164105.Q",media de los cuatro trimestres a tasa anual ajustada
acciones_eeuu_emision_neta_no_financieras_musd,2017,,-327987,millones de USD,dato,,"Z.1, publicación del 11 de septiembre de 2026 (2026:Q2), F51.1.t, FA103164105.Q",media de los cuatro trimestres a tasa anual ajustada
acciones_eeuu_emision_neta_no_financieras_musd,2018,,-627785,millones de USD,dato,,"Z.1, publicación del 11 de septiembre de 2026 (2026:Q2), F51.1.t, FA103164105.Q",media de los cuatro trimestres a tasa anual ajustada
acciones_eeuu_emision_neta_no_financieras_musd,2019,,-340297,millones de USD,dato,,"Z.1, publicación del 11 de septiembre de 2026 (2026:Q2), F51.1.t, FA103164105.Q",media de los cuatro trimestres a tasa anual ajustada
acciones_eeuu_emision_neta_no_financieras_musd,2020,,-73758,millones de USD,dato,,"Z.1, publicación del 11 de septiembre de 2026 (2026:Q2), F51.1.t, FA103164105.Q",media de los cuatro trimestres a tasa anual ajustada
acciones_eeuu_emision_neta_no_financieras_musd,2021,,-54460,millones de USD,dato,,"Z.1, publicación del 11 de septiembre de 2026 (2026:Q2), F51.1.t, FA103164105.Q",media de los cuatro trimestres a tasa anual ajustada
acciones_eeuu_emision_neta_no_financieras_musd,2022,,-552812,millones de USD,dato,,"Z.1, publicación del 11 de septiembre de 2026 (2026:Q2), F51.1.t, FA103164105.Q",media de los cuatro trimestres a tasa anual ajustada
acciones_eeuu_emision_neta_no_financieras_musd,2023,,-602854,millones de USD,dato,,"Z.1, publicación del 11 de septiembre de 2026 (2026:Q2), F51.1.t, FA103164105.Q",media de los cuatro trimestres a tasa anual ajustada
acciones_eeuu_emision_neta_no_financieras_musd,2024,,-397028,millones de USD,dato,,"Z.1, publicación del 11 de septiembre de 2026 (2026:Q2), F51.1.t, FA103164105.Q",media de los cuatro trimestres a tasa anual ajustada
acciones_eeuu_emision_neta_no_financieras_musd,2025,,-348161,millones de USD,dato,,"Z.1, publicación del 11 de septiembre de 2026 (2026:Q2), F51.1.t, FA103164105.Q",media de los cuatro trimestres a tasa anual ajustada
acciones_eeuu_emision_neta_no_financieras_pct_vm,1946,,0.981734719463,% del valor de mercado previo,dato,,"Z.1, publicación del 11 de septiembre de 2026 (2026:Q2), FA103164105.Q sobre LM103164105.Q de 1945:Q4 (cálculo propio)",
acciones_eeuu_emision_neta_no_financieras_pct_vm,1947,,1.12330681795,% del valor de mercado previo,dato,,"Z.1, publicación del 11 de septiembre de 2026 (2026:Q2), FA103164105.Q sobre LM103164105.Q de 1946:Q4 (cálculo propio)",
acciones_eeuu_emision_neta_no_financieras_pct_vm,1948,,1.05134782792,% del valor de mercado previo,dato,,"Z.1, publicación del 11 de septiembre de 2026 (2026:Q2), FA103164105.Q sobre LM103164105.Q de 1947:Q4 (cálculo propio)",
acciones_eeuu_emision_neta_no_financieras_pct_vm,1949,,1.28743055629,% del valor de mercado previo,dato,,"Z.1, publicación del 11 de septiembre de 2026 (2026:Q2), FA103164105.Q sobre LM103164105.Q de 1948:Q4 (cálculo propio)",
acciones_eeuu_emision_neta_no_financieras_pct_vm,1950,,1.24058484714,% del valor de mercado previo,dato,,"Z.1, publicación del 11 de septiembre de 2026 (2026:Q2), FA103164105.Q sobre LM103164105.Q de 1949:Q4 (cálculo propio)",
acciones_eeuu_emision_neta_no_financieras_pct_vm,1951,,1.6632328447,% del valor de mercado previo,dato,,"Z.1, publicación del 11 de septiembre de 2026 (2026:Q2), FA103164105.Q sobre LM103164105.Q de 1950:Q4 (cálculo propio)",
acciones_eeuu_emision_neta_no_financieras_pct_vm,1952,,1.57150695324,% del valor de mercado previo,dato,,"Z.1, publicación del 11 de septiembre de 2026 (2026:Q2), FA103164105.Q sobre LM103164105.Q de 1951:Q4 (cálculo propio)",
acciones_eeuu_emision_neta_no_financieras_pct_vm,1953,,1.20440843495,% del valor de mercado previo,dato,,"Z.1, publicación del 11 de septiembre de 2026 (2026:Q2), FA103164105.Q sobre LM103164105.Q de 1952:Q4 (cálculo propio)",
acciones_eeuu_emision_neta_no_financieras_pct_vm,1954,,1.09867991838,% del valor de mercado previo,dato,,"Z.1, publicación del 11 de septiembre de 2026 (2026:Q2), FA103164105.Q sobre LM103164105.Q de 1953:Q4 (cálculo propio)",
acciones_eeuu_emision_neta_no_financieras_pct_vm,1955,,0.882262369123,% del valor de mercado previo,dato,,"Z.1, publicación del 11 de septiembre de 2026 (2026:Q2), FA103164105.Q sobre LM103164105.Q de 1954:Q4 (cálculo propio)",
acciones_eeuu_emision_neta_no_financieras_pct_vm,1956,,0.921292922014,% del valor de mercado previo,dato,,"Z.1, publicación del 11 de septiembre de 2026 (2026:Q2), FA103164105.Q sobre LM103164105.Q de 1955:Q4 (cálculo propio)",
acciones_eeuu_emision_neta_no_financieras_pct_vm,1957,,0.909554985039,% del valor de mercado previo,dato,,"Z.1, publicación del 11 de septiembre de 2026 (2026:Q2), FA103164105.Q sobre LM103164105.Q de 1956:Q4 (cálculo propio)",
acciones_eeuu_emision_neta_no_financieras_pct_vm,1958,,0.800823611275,% del valor de mercado previo,dato,,"Z.1, publicación del 11 de septiembre de 2026 (2026:Q2), FA103164105.Q sobre LM103164105.Q de 1957:Q4 (cálculo propio)",
acciones_eeuu_emision_neta_no_financieras_pct_vm,1959,,0.640034496566,% del valor de mercado previo,dato,,"Z.1, publicación del 11 de septiembre de 2026 (2026:Q2), FA103164105.Q sobre LM103164105.Q de 1958:Q4 (cálculo propio)",
acciones_eeuu_emision_neta_no_financieras_pct_vm,1960,,0.376908357425,% del valor de mercado previo,dato,,"Z.1, publicación del 11 de septiembre de 2026 (2026:Q2), FA103164105.Q sobre LM103164105.Q de 1959:Q4 (cálculo propio)",
acciones_eeuu_emision_neta_no_financieras_pct_vm,1961,,0.580831731322,% del valor de mercado previo,dato,,"Z.1, publicación del 11 de septiembre de 2026 (2026:Q2), FA103164105.Q sobre LM103164105.Q de 1960:Q4 (cálculo propio)",
acciones_eeuu_emision_neta_no_financieras_pct_vm,1962,,0.0843093261194,% del valor de mercado previo,dato,,"Z.1, publicación del 11 de septiembre de 2026 (2026:Q2), FA103164105.Q sobre LM103164105.Q de 1961:Q4 (cálculo propio)",
acciones_eeuu_emision_neta_no_financieras_pct_vm,1963,,-0.0803650127029,% del valor de mercado previo,dato,,"Z.1, publicación del 11 de septiembre de 2026 (2026:Q2), FA103164105.Q sobre LM103164105.Q de 1962:Q4 (cálculo propio)",
acciones_eeuu_emision_neta_no_financieras_pct_vm,1964,,0.245824736624,% del valor de mercado previo,dato,,"Z.1, publicación del 11 de septiembre de 2026 (2026:Q2), FA103164105.Q sobre LM103164105.Q de 1963:Q4 (cálculo propio)",
acciones_eeuu_emision_neta_no_financieras_pct_vm,1965,,-0.00512862781731,% del valor de mercado previo,dato,,"Z.1, publicación del 11 de septiembre de 2026 (2026:Q2), FA103164105.Q sobre LM103164105.Q de 1964:Q4 (cálculo propio)",
acciones_eeuu_emision_neta_no_financieras_pct_vm,1966,,0.201823626349,% del valor de mercado previo,dato,,"Z.1, publicación del 11 de septiembre de 2026 (2026:Q2), FA103164105.Q sobre LM103164105.Q de 1965:Q4 (cálculo propio)",
acciones_eeuu_emision_neta_no_financieras_pct_vm,1967,,0.43749577927,% del valor de mercado previo,dato,,"Z.1, publicación del 11 de septiembre de 2026 (2026:Q2), FA103164105.Q sobre LM103164105.Q de 1966:Q4 (cálculo propio)",
acciones_eeuu_emision_neta_no_financieras_pct_vm,1968,,-0.0223245312901,% del valor de mercado previo,dato,,"Z.1, publicación del 11 de septiembre de 2026 (2026:Q2), FA103164105.Q sobre LM103164105.Q de 1967:Q4 (cálculo propio)",
acciones_eeuu_emision_neta_no_financieras_pct_vm,1969,,0.403961335468,% del valor de mercado previo,dato,,"Z.1, publicación del 11 de septiembre de 2026 (2026:Q2), FA103164105.Q sobre LM103164105.Q de 1968:Q4 (cálculo propio)",
acciones_eeuu_emision_neta_no_financieras_pct_vm,1970,,0.809701095628,% del valor de mercado previo,dato,,"Z.1, publicación del 11 de septiembre de 2026 (2026:Q2), FA103164105.Q sobre LM103164105.Q de 1969:Q4 (cálculo propio)",
acciones_eeuu_emision_neta_no_financieras_pct_vm,1971,,1.62936559229,% del valor de mercado previo,dato,,"Z.1, publicación del 11 de septiembre de 2026 (2026:Q2), FA103164105.Q sobre LM103164105.Q de 1970:Q4 (cálculo propio)",
acciones_eeuu_emision_neta_no_financieras_pct_vm,1972,,1.3378023829,% del valor de mercado previo,dato,,"Z.1, publicación del 11 de septiembre de 2026 (2026:Q2), FA103164105.Q sobre LM103164105.Q de 1971:Q4 (cálculo propio)",
acciones_eeuu_emision_neta_no_financieras_pct_vm,1973,,0.757734174421,% del valor de mercado previo,dato,,"Z.1, publicación del 11 de septiembre de 2026 (2026:Q2), FA103164105.Q sobre LM103164105.Q de 1972:Q4 (cálculo propio)",
acciones_eeuu_emision_neta_no_financieras_pct_vm,1974,,0.496068263736,% del valor de mercado previo,dato,,"Z.1, publicación del 11 de septiembre de 2026 (2026:Q2), FA103164105.Q sobre LM103164105.Q de 1973:Q4 (cálculo propio)",
acciones_eeuu_emision_neta_no_financieras_pct_vm,1975,,1.77815714347,% del valor de mercado previo,dato,,"Z.1, publicación del 11 de septiembre de 2026 (2026:Q2), FA103164105.Q sobre LM103164105.Q de 1974:Q4 (cálculo propio)",
acciones_eeuu_emision_neta_no_financieras_pct_vm,1976,,1.39820399339,% del valor de mercado previo,dato,,"Z.1, publicación del 11 de septiembre de 2026 (2026:Q2), FA103164105.Q sobre LM103164105.Q de 1975:Q4 (cálculo propio)",
acciones_eeuu_emision_neta_no_financieras_pct_vm,1977,,0.295337994333,% del valor de mercado previo,dato,,"Z.1, publicación del 11 de septiembre de 2026 (2026:Q2), FA103164105.Q sobre LM103164105.Q de 1976:Q4 (cálculo propio)",
acciones_eeuu_emision_neta_no_financieras_pct_vm,1978,,-0.0128177583328,% del valor de mercado previo,dato,,"Z.1, publicación del 11 de septiembre de 2026 (2026:Q2), FA103164105.Q sobre LM103164105.Q de 1977:Q4 (cálculo propio)",
acciones_eeuu_emision_neta_no_financieras_pct_vm,1979,,-0.910624930664,% del valor de mercado previo,dato,,"Z.1, publicación del 11 de septiembre de 2026 (2026:Q2), FA103164105.Q sobre LM103164105.Q de 1978:Q4 (cálculo propio)",
acciones_eeuu_emision_neta_no_financieras_pct_vm,1980,,1.02760885825,% del valor de mercado previo,dato,,"Z.1, publicación del 11 de septiembre de 2026 (2026:Q2), FA103164105.Q sobre LM103164105.Q de 1979:Q4 (cálculo propio)",
acciones_eeuu_emision_neta_no_financieras_pct_vm,1981,,-0.999017469438,% del valor de mercado previo,dato,,"Z.1, publicación del 11 de septiembre de 2026 (2026:Q2), FA103164105.Q sobre LM103164105.Q de 1980:Q4 (cálculo propio)",
acciones_eeuu_emision_neta_no_financieras_pct_vm,1982,,0.158121858266,% del valor de mercado previo,dato,,"Z.1, publicación del 11 de septiembre de 2026 (2026:Q2), FA103164105.Q sobre LM103164105.Q de 1981:Q4 (cálculo propio)",
acciones_eeuu_emision_neta_no_financieras_pct_vm,1983,,1.45072518228,% del valor de mercado previo,dato,,"Z.1, publicación del 11 de septiembre de 2026 (2026:Q2), FA103164105.Q sobre LM103164105.Q de 1982:Q4 (cálculo propio)",
acciones_eeuu_emision_neta_no_financieras_pct_vm,1984,,-4.83608236421,% del valor de mercado previo,dato,,"Z.1, publicación del 11 de septiembre de 2026 (2026:Q2), FA103164105.Q sobre LM103164105.Q de 1983:Q4 (cálculo propio)",
acciones_eeuu_emision_neta_no_financieras_pct_vm,1985,,-5.41105381961,% del valor de mercado previo,dato,,"Z.1, publicación del 11 de septiembre de 2026 (2026:Q2), FA103164105.Q sobre LM103164105.Q de 1984:Q4 (cálculo propio)",
acciones_eeuu_emision_neta_no_financieras_pct_vm,1986,,-4.41461365612,% del valor de mercado previo,dato,,"Z.1, publicación del 11 de septiembre de 2026 (2026:Q2), FA103164105.Q sobre LM103164105.Q de 1985:Q4 (cálculo propio)",
acciones_eeuu_emision_neta_no_financieras_pct_vm,1987,,-3.36683771236,% del valor de mercado previo,dato,,"Z.1, publicación del 11 de septiembre de 2026 (2026:Q2), FA103164105.Q sobre LM103164105.Q de 1986:Q4 (cálculo propio)",
acciones_eeuu_emision_neta_no_financieras_pct_vm,1988,,-5.65206292144,% del valor de mercado previo,dato,,"Z.1, publicación del 11 de septiembre de 2026 (2026:Q2), FA103164105.Q sobre LM103164105.Q de 1987:Q4 (cálculo propio)",
acciones_eeuu_emision_neta_no_financieras_pct_vm,1989,,-4.84419182654,% del valor de mercado previo,dato,,"Z.1, publicación del 11 de septiembre de 2026 (2026:Q2), FA103164105.Q sobre LM103164105.Q de 1988:Q4 (cálculo propio)",
acciones_eeuu_emision_neta_no_financieras_pct_vm,1990,,-2.01378467826,% del valor de mercado previo,dato,,"Z.1, publicación del 11 de septiembre de 2026 (2026:Q2), FA103164105.Q sobre LM103164105.Q de 1989:Q4 (cálculo propio)",
acciones_eeuu_emision_neta_no_financieras_pct_vm,1991,,0.640245222172,% del valor de mercado previo,dato,,"Z.1, publicación del 11 de septiembre de 2026 (2026:Q2), FA103164105.Q sobre LM103164105.Q de 1990:Q4 (cálculo propio)",
acciones_eeuu_emision_neta_no_financieras_pct_vm,1992,,0.724774442264,% del valor de mercado previo,dato,,"Z.1, publicación del 11 de septiembre de 2026 (2026:Q2), FA103164105.Q sobre LM103164105.Q de 1991:Q4 (cálculo propio)",
acciones_eeuu_emision_neta_no_financieras_pct_vm,1993,,0.789721648581,% del valor de mercado previo,dato,,"Z.1, publicación del 11 de septiembre de 2026 (2026:Q2), FA103164105.Q sobre LM103164105.Q de 1992:Q4 (cálculo propio)",
acciones_eeuu_emision_neta_no_financieras_pct_vm,1994,,-0.69425789241,% del valor de mercado previo,dato,,"Z.1, publicación del 11 de septiembre de 2026 (2026:Q2), FA103164105.Q sobre LM103164105.Q de 1993:Q4 (cálculo propio)",
acciones_eeuu_emision_neta_no_financieras_pct_vm,1995,,-1.07161698965,% del valor de mercado previo,dato,,"Z.1, publicación del 11 de septiembre de 2026 (2026:Q2), FA103164105.Q sobre LM103164105.Q de 1994:Q4 (cálculo propio)",
acciones_eeuu_emision_neta_no_financieras_pct_vm,1996,,-0.694979545654,% del valor de mercado previo,dato,,"Z.1, publicación del 11 de septiembre de 2026 (2026:Q2), FA103164105.Q sobre LM103164105.Q de 1995:Q4 (cálculo propio)",
acciones_eeuu_emision_neta_no_financieras_pct_vm,1997,,-1.01018682831,% del valor de mercado previo,dato,,"Z.1, publicación del 11 de septiembre de 2026 (2026:Q2), FA103164105.Q sobre LM103164105.Q de 1996:Q4 (cálculo propio)",
acciones_eeuu_emision_neta_no_financieras_pct_vm,1998,,-2.23047550533,% del valor de mercado previo,dato,,"Z.1, publicación del 11 de septiembre de 2026 (2026:Q2), FA103164105.Q sobre LM103164105.Q de 1997:Q4 (cálculo propio)",
acciones_eeuu_emision_neta_no_financieras_pct_vm,1999,,-0.818632490213,% del valor de mercado previo,dato,,"Z.1, publicación del 11 de septiembre de 2026 (2026:Q2), FA103164105.Q sobre LM103164105.Q de 1998:Q4 (cálculo propio)",
acciones_eeuu_emision_neta_no_financieras_pct_vm,2000,,-0.233271116869,% del valor de mercado previo,dato,,"Z.1, publicación del 11 de septiembre de 2026 (2026:Q2), FA103164105.Q sobre LM103164105.Q de 1999:Q4 (cálculo propio)",
acciones_eeuu_emision_neta_no_financieras_pct_vm,2001,,-0.0260386280315,% del valor de mercado previo,dato,,"Z.1, publicación del 11 de septiembre de 2026 (2026:Q2), FA103164105.Q sobre LM103164105.Q de 2000:Q4 (cálculo propio)",
acciones_eeuu_emision_neta_no_financieras_pct_vm,2002,,-0.0623785502187,% del valor de mercado previo,dato,,"Z.1, publicación del 11 de septiembre de 2026 (2026:Q2), FA103164105.Q sobre LM103164105.Q de 2001:Q4 (cálculo propio)",
acciones_eeuu_emision_neta_no_financieras_pct_vm,2003,,-0.0232499026849,% del valor de mercado previo,dato,,"Z.1, publicación del 11 de septiembre de 2026 (2026:Q2), FA103164105.Q sobre LM103164105.Q de 2002:Q4 (cálculo propio)",
acciones_eeuu_emision_neta_no_financieras_pct_vm,2004,,-0.553641147563,% del valor de mercado previo,dato,,"Z.1, publicación del 11 de septiembre de 2026 (2026:Q2), FA103164105.Q sobre LM103164105.Q de 2003:Q4 (cálculo propio)",
acciones_eeuu_emision_neta_no_financieras_pct_vm,2005,,-1.78617047179,% del valor de mercado previo,dato,,"Z.1, publicación del 11 de septiembre de 2026 (2026:Q2), FA103164105.Q sobre LM103164105.Q de 2004:Q4 (cálculo propio)",
acciones_eeuu_emision_neta_no_financieras_pct_vm,2006,,-2.93292106055,% del valor de mercado previo,dato,,"Z.1, publicación del 11 de septiembre de 2026 (2026:Q2), FA103164105.Q sobre LM103164105.Q de 2005:Q4 (cálculo propio)",
acciones_eeuu_emision_neta_no_financieras_pct_vm,2007,,-3.37619179067,% del valor de mercado previo,dato,,"Z.1, publicación del 11 de septiembre de 2026 (2026:Q2), FA103164105.Q sobre LM103164105.Q de 2006:Q4 (cálculo propio)",
acciones_eeuu_emision_neta_no_financieras_pct_vm,2008,,-2.53180766657,% del valor de mercado previo,dato,,"Z.1, publicación del 11 de septiembre de 2026 (2026:Q2), FA103164105.Q sobre LM103164105.Q de 2007:Q4 (cálculo propio)",
acciones_eeuu_emision_neta_no_financieras_pct_vm,2009,,-0.807039823912,% del valor de mercado previo,dato,,"Z.1, publicación del 11 de septiembre de 2026 (2026:Q2), FA103164105.Q sobre LM103164105.Q de 2008:Q4 (cálculo propio)",
acciones_eeuu_emision_neta_no_financieras_pct_vm,2010,,-1.30910835422,% del valor de mercado previo,dato,,"Z.1, publicación del 11 de septiembre de 2026 (2026:Q2), FA103164105.Q sobre LM103164105.Q de 2009:Q4 (cálculo propio)",
acciones_eeuu_emision_neta_no_financieras_pct_vm,2011,,-2.2184113196,% del valor de mercado previo,dato,,"Z.1, publicación del 11 de septiembre de 2026 (2026:Q2), FA103164105.Q sobre LM103164105.Q de 2010:Q4 (cálculo propio)",
acciones_eeuu_emision_neta_no_financieras_pct_vm,2012,,-1.7986501419,% del valor de mercado previo,dato,,"Z.1, publicación del 11 de septiembre de 2026 (2026:Q2), FA103164105.Q sobre LM103164105.Q de 2011:Q4 (cálculo propio)",
acciones_eeuu_emision_neta_no_financieras_pct_vm,2013,,-1.45896424944,% del valor de mercado previo,dato,,"Z.1, publicación del 11 de septiembre de 2026 (2026:Q2), FA103164105.Q sobre LM103164105.Q de 2012:Q4 (cálculo propio)",
acciones_eeuu_emision_neta_no_financieras_pct_vm,2014,,-1.30357181198,% del valor de mercado previo,dato,,"Z.1, publicación del 11 de septiembre de 2026 (2026:Q2), FA103164105.Q sobre LM103164105.Q de 2013:Q4 (cálculo propio)",
acciones_eeuu_emision_neta_no_financieras_pct_vm,2015,,-1.99930633594,% del valor de mercado previo,dato,,"Z.1, publicación del 11 de septiembre de 2026 (2026:Q2), FA103164105.Q sobre LM103164105.Q de 2014:Q4 (cálculo propio)",
acciones_eeuu_emision_neta_no_financieras_pct_vm,2016,,-1.81426623425,% del valor de mercado previo,dato,,"Z.1, publicación del 11 de septiembre de 2026 (2026:Q2), FA103164105.Q sobre LM103164105.Q de 2015:Q4 (cálculo propio)",
acciones_eeuu_emision_neta_no_financieras_pct_vm,2017,,-1.26873282839,% del valor de mercado previo,dato,,"Z.1, publicación del 11 de septiembre de 2026 (2026:Q2), FA103164105.Q sobre LM103164105.Q de 2016:Q4 (cálculo propio)",
acciones_eeuu_emision_neta_no_financieras_pct_vm,2018,,-2.09112785334,% del valor de mercado previo,dato,,"Z.1, publicación del 11 de septiembre de 2026 (2026:Q2), FA103164105.Q sobre LM103164105.Q de 2017:Q4 (cálculo propio)",
acciones_eeuu_emision_neta_no_financieras_pct_vm,2019,,-1.21852691437,% del valor de mercado previo,dato,,"Z.1, publicación del 11 de septiembre de 2026 (2026:Q2), FA103164105.Q sobre LM103164105.Q de 2018:Q4 (cálculo propio)",
acciones_eeuu_emision_neta_no_financieras_pct_vm,2020,,-0.210338023453,% del valor de mercado previo,dato,,"Z.1, publicación del 11 de septiembre de 2026 (2026:Q2), FA103164105.Q sobre LM103164105.Q de 2019:Q4 (cálculo propio)",
acciones_eeuu_emision_neta_no_financieras_pct_vm,2021,,-0.124370974272,% del valor de mercado previo,dato,,"Z.1, publicación del 11 de septiembre de 2026 (2026:Q2), FA103164105.Q sobre LM103164105.Q de 2020:Q4 (cálculo propio)",
acciones_eeuu_emision_neta_no_financieras_pct_vm,2022,,-1.01851953698,% del valor de mercado previo,dato,,"Z.1, publicación del 11 de septiembre de 2026 (2026:Q2), FA103164105.Q sobre LM103164105.Q de 2021:Q4 (cálculo propio)",
acciones_eeuu_emision_neta_no_financieras_pct_vm,2023,,-1.43316416633,% del valor de mercado previo,dato,,"Z.1, publicación del 11 de septiembre de 2026 (2026:Q2), FA103164105.Q sobre LM103164105.Q de 2022:Q4 (cálculo propio)",
acciones_eeuu_emision_neta_no_financieras_pct_vm,2024,,-0.767181420045,% del valor de mercado previo,dato,,"Z.1, publicación del 11 de septiembre de 2026 (2026:Q2), FA103164105.Q sobre LM103164105.Q de 2023:Q4 (cálculo propio)",
acciones_eeuu_emision_neta_no_financieras_pct_vm,2025,,-0.554678782387,% del valor de mercado previo,dato,,"Z.1, publicación del 11 de septiembre de 2026 (2026:Q2), FA103164105.Q sobre LM103164105.Q de 2024:Q4 (cálculo propio)",
acciones_eeuu_emision_neta_resto_del_mundo_musd,1946,,92,millones de USD,dato,,"Z.1, publicación del 11 de septiembre de 2026 (2026:Q2), F51.1.t, FA263164105.Q",dato anual de la Junta
acciones_eeuu_emision_neta_resto_del_mundo_musd,1947,,6,millones de USD,dato,,"Z.1, publicación del 11 de septiembre de 2026 (2026:Q2), F51.1.t, FA263164105.Q",dato anual de la Junta
acciones_eeuu_emision_neta_resto_del_mundo_musd,1948,,-65,millones de USD,dato,,"Z.1, publicación del 11 de septiembre de 2026 (2026:Q2), F51.1.t, FA263164105.Q",dato anual de la Junta
acciones_eeuu_emision_neta_resto_del_mundo_musd,1949,,-9,millones de USD,dato,,"Z.1, publicación del 11 de septiembre de 2026 (2026:Q2), F51.1.t, FA263164105.Q",dato anual de la Junta
acciones_eeuu_emision_neta_resto_del_mundo_musd,1950,,-227,millones de USD,dato,,"Z.1, publicación del 11 de septiembre de 2026 (2026:Q2), F51.1.t, FA263164105.Q",dato anual de la Junta
acciones_eeuu_emision_neta_resto_del_mundo_musd,1951,,-201,millones de USD,dato,,"Z.1, publicación del 11 de septiembre de 2026 (2026:Q2), F51.1.t, FA263164105.Q",dato anual de la Junta
acciones_eeuu_emision_neta_resto_del_mundo_musd,1952,,33,millones de USD,dato,,"Z.1, publicación del 11 de septiembre de 2026 (2026:Q2), F51.1.t, FA263164105.Q",media de los cuatro trimestres a tasa anual ajustada
acciones_eeuu_emision_neta_resto_del_mundo_musd,1953,,61,millones de USD,dato,,"Z.1, publicación del 11 de septiembre de 2026 (2026:Q2), F51.1.t, FA263164105.Q",media de los cuatro trimestres a tasa anual ajustada
acciones_eeuu_emision_neta_resto_del_mundo_musd,1954,,306,millones de USD,dato,,"Z.1, publicación del 11 de septiembre de 2026 (2026:Q2), F51.1.t, FA263164105.Q",media de los cuatro trimestres a tasa anual ajustada
acciones_eeuu_emision_neta_resto_del_mundo_musd,1955,,366,millones de USD,dato,,"Z.1, publicación del 11 de septiembre de 2026 (2026:Q2), F51.1.t, FA263164105.Q",media de los cuatro trimestres a tasa anual ajustada
acciones_eeuu_emision_neta_resto_del_mundo_musd,1956,,-199,millones de USD,dato,,"Z.1, publicación del 11 de septiembre de 2026 (2026:Q2), F51.1.t, FA263164105.Q",media de los cuatro trimestres a tasa anual ajustada
acciones_eeuu_emision_neta_resto_del_mundo_musd,1957,,-400,millones de USD,dato,,"Z.1, publicación del 11 de septiembre de 2026 (2026:Q2), F51.1.t, FA263164105.Q",media de los cuatro trimestres a tasa anual ajustada
acciones_eeuu_emision_neta_resto_del_mundo_musd,1958,,-586,millones de USD,dato,,"Z.1, publicación del 11 de septiembre de 2026 (2026:Q2), F51.1.t, FA263164105.Q",media de los cuatro trimestres a tasa anual ajustada
acciones_eeuu_emision_neta_resto_del_mundo_musd,1959,,-278,millones de USD,dato,,"Z.1, publicación del 11 de septiembre de 2026 (2026:Q2), F51.1.t, FA263164105.Q",media de los cuatro trimestres a tasa anual ajustada
acciones_eeuu_emision_neta_resto_del_mundo_musd,1960,,86,millones de USD,dato,,"Z.1, publicación del 11 de septiembre de 2026 (2026:Q2), F51.1.t, FA263164105.Q",media de los cuatro trimestres a tasa anual ajustada
acciones_eeuu_emision_neta_resto_del_mundo_musd,1961,,325,millones de USD,dato,,"Z.1, publicación del 11 de septiembre de 2026 (2026:Q2), F51.1.t, FA263164105.Q",media de los cuatro trimestres a tasa anual ajustada
acciones_eeuu_emision_neta_resto_del_mundo_musd,1962,,-25,millones de USD,dato,,"Z.1, publicación del 11 de septiembre de 2026 (2026:Q2), F51.1.t, FA263164105.Q",media de los cuatro trimestres a tasa anual ajustada
acciones_eeuu_emision_neta_resto_del_mundo_musd,1963,,112,millones de USD,dato,,"Z.1, publicación del 11 de septiembre de 2026 (2026:Q2), F51.1.t, FA263164105.Q",media de los cuatro trimestres a tasa anual ajustada
acciones_eeuu_emision_neta_resto_del_mundo_musd,1964,,211,millones de USD,dato,,"Z.1, publicación del 11 de septiembre de 2026 (2026:Q2), F51.1.t, FA263164105.Q",media de los cuatro trimestres a tasa anual ajustada
acciones_eeuu_emision_neta_resto_del_mundo_musd,1965,,299,millones de USD,dato,,"Z.1, publicación del 11 de septiembre de 2026 (2026:Q2), F51.1.t, FA263164105.Q",media de los cuatro trimestres a tasa anual ajustada
acciones_eeuu_emision_neta_resto_del_mundo_musd,1966,,-15,millones de USD,dato,,"Z.1, publicación del 11 de septiembre de 2026 (2026:Q2), F51.1.t, FA263164105.Q",media de los cuatro trimestres a tasa anual ajustada
acciones_eeuu_emision_neta_resto_del_mundo_musd,1967,,92,millones de USD,dato,,"Z.1, publicación del 11 de septiembre de 2026 (2026:Q2), F51.1.t, FA263164105.Q",media de los cuatro trimestres a tasa anual ajustada
acciones_eeuu_emision_neta_resto_del_mundo_musd,1968,,485,millones de USD,dato,,"Z.1, publicación del 11 de septiembre de 2026 (2026:Q2), F51.1.t, FA263164105.Q",media de los cuatro trimestres a tasa anual ajustada
acciones_eeuu_emision_neta_resto_del_mundo_musd,1969,,521,millones de USD,dato,,"Z.1, publicación del 11 de septiembre de 2026 (2026:Q2), F51.1.t, FA263164105.Q",media de los cuatro trimestres a tasa anual ajustada
acciones_eeuu_emision_neta_resto_del_mundo_musd,1970,,202,millones de USD,dato,,"Z.1, publicación del 11 de septiembre de 2026 (2026:Q2), F51.1.t, FA263164105.Q",media de los cuatro trimestres a tasa anual ajustada
acciones_eeuu_emision_neta_resto_del_mundo_musd,1971,,173,millones de USD,dato,,"Z.1, publicación del 11 de septiembre de 2026 (2026:Q2), F51.1.t, FA263164105.Q",media de los cuatro trimestres a tasa anual ajustada
acciones_eeuu_emision_neta_resto_del_mundo_musd,1972,,-411,millones de USD,dato,,"Z.1, publicación del 11 de septiembre de 2026 (2026:Q2), F51.1.t, FA263164105.Q",media de los cuatro trimestres a tasa anual ajustada
acciones_eeuu_emision_neta_resto_del_mundo_musd,1973,,-286,millones de USD,dato,,"Z.1, publicación del 11 de septiembre de 2026 (2026:Q2), F51.1.t, FA263164105.Q",media de los cuatro trimestres a tasa anual ajustada
acciones_eeuu_emision_neta_resto_del_mundo_musd,1974,,-519,millones de USD,dato,,"Z.1, publicación del 11 de septiembre de 2026 (2026:Q2), F51.1.t, FA263164105.Q",media de los cuatro trimestres a tasa anual ajustada
acciones_eeuu_emision_neta_resto_del_mundo_musd,1975,,-921,millones de USD,dato,,"Z.1, publicación del 11 de septiembre de 2026 (2026:Q2), F51.1.t, FA263164105.Q",media de los cuatro trimestres a tasa anual ajustada
acciones_eeuu_emision_neta_resto_del_mundo_musd,1976,,355,millones de USD,dato,,"Z.1, publicación del 11 de septiembre de 2026 (2026:Q2), F51.1.t, FA263164105.Q",media de los cuatro trimestres a tasa anual ajustada
acciones_eeuu_emision_neta_resto_del_mundo_musd,1977,,408,millones de USD,dato,,"Z.1, publicación del 11 de septiembre de 2026 (2026:Q2), F51.1.t, FA263164105.Q",media de los cuatro trimestres a tasa anual ajustada
acciones_eeuu_emision_neta_resto_del_mundo_musd,1978,,-351,millones de USD,dato,,"Z.1, publicación del 11 de septiembre de 2026 (2026:Q2), F51.1.t, FA263164105.Q",media de los cuatro trimestres a tasa anual ajustada
acciones_eeuu_emision_neta_resto_del_mundo_musd,1979,,1025,millones de USD,dato,,"Z.1, publicación del 11 de septiembre de 2026 (2026:Q2), F51.1.t, FA263164105.Q",media de los cuatro trimestres a tasa anual ajustada
acciones_eeuu_emision_neta_resto_del_mundo_musd,1980,,2366,millones de USD,dato,,"Z.1, publicación del 11 de septiembre de 2026 (2026:Q2), F51.1.t, FA263164105.Q",media de los cuatro trimestres a tasa anual ajustada
acciones_eeuu_emision_neta_resto_del_mundo_musd,1981,,213,millones de USD,dato,,"Z.1, publicación del 11 de septiembre de 2026 (2026:Q2), F51.1.t, FA263164105.Q",media de los cuatro trimestres a tasa anual ajustada
acciones_eeuu_emision_neta_resto_del_mundo_musd,1982,,1367,millones de USD,dato,,"Z.1, publicación del 11 de septiembre de 2026 (2026:Q2), F51.1.t, FA263164105.Q",media de los cuatro trimestres a tasa anual ajustada
acciones_eeuu_emision_neta_resto_del_mundo_musd,1983,,3682,millones de USD,dato,,"Z.1, publicación del 11 de septiembre de 2026 (2026:Q2), F51.1.t, FA263164105.Q",media de los cuatro trimestres a tasa anual ajustada
acciones_eeuu_emision_neta_resto_del_mundo_musd,1984,,943,millones de USD,dato,,"Z.1, publicación del 11 de septiembre de 2026 (2026:Q2), F51.1.t, FA263164105.Q",media de los cuatro trimestres a tasa anual ajustada
acciones_eeuu_emision_neta_resto_del_mundo_musd,1985,,3688,millones de USD,dato,,"Z.1, publicación del 11 de septiembre de 2026 (2026:Q2), F51.1.t, FA263164105.Q",media de los cuatro trimestres a tasa anual ajustada
acciones_eeuu_emision_neta_resto_del_mundo_musd,1986,,1153,millones de USD,dato,,"Z.1, publicación del 11 de septiembre de 2026 (2026:Q2), F51.1.t, FA263164105.Q",media de los cuatro trimestres a tasa anual ajustada
acciones_eeuu_emision_neta_resto_del_mundo_musd,1987,,-2130,millones de USD,dato,,"Z.1, publicación del 11 de septiembre de 2026 (2026:Q2), F51.1.t, FA263164105.Q",media de los cuatro trimestres a tasa anual ajustada
acciones_eeuu_emision_neta_resto_del_mundo_musd,1988,,1102,millones de USD,dato,,"Z.1, publicación del 11 de septiembre de 2026 (2026:Q2), F51.1.t, FA263164105.Q",media de los cuatro trimestres a tasa anual ajustada
acciones_eeuu_emision_neta_resto_del_mundo_musd,1989,,17213,millones de USD,dato,,"Z.1, publicación del 11 de septiembre de 2026 (2026:Q2), F51.1.t, FA263164105.Q",media de los cuatro trimestres a tasa anual ajustada
acciones_eeuu_emision_neta_resto_del_mundo_musd,1990,,7404,millones de USD,dato,,"Z.1, publicación del 11 de septiembre de 2026 (2026:Q2), F51.1.t, FA263164105.Q",media de los cuatro trimestres a tasa anual ajustada
acciones_eeuu_emision_neta_resto_del_mundo_musd,1991,,30656,millones de USD,dato,,"Z.1, publicación del 11 de septiembre de 2026 (2026:Q2), F51.1.t, FA263164105.Q",media de los cuatro trimestres a tasa anual ajustada
acciones_eeuu_emision_neta_resto_del_mundo_musd,1992,,32396,millones de USD,dato,,"Z.1, publicación del 11 de septiembre de 2026 (2026:Q2), F51.1.t, FA263164105.Q",media de los cuatro trimestres a tasa anual ajustada
acciones_eeuu_emision_neta_resto_del_mundo_musd,1993,,63376,millones de USD,dato,,"Z.1, publicación del 11 de septiembre de 2026 (2026:Q2), F51.1.t, FA263164105.Q",media de los cuatro trimestres a tasa anual ajustada
acciones_eeuu_emision_neta_resto_del_mundo_musd,1994,,48101,millones de USD,dato,,"Z.1, publicación del 11 de septiembre de 2026 (2026:Q2), F51.1.t, FA263164105.Q",media de los cuatro trimestres a tasa anual ajustada
acciones_eeuu_emision_neta_resto_del_mundo_musd,1995,,65409,millones de USD,dato,,"Z.1, publicación del 11 de septiembre de 2026 (2026:Q2), F51.1.t, FA263164105.Q",media de los cuatro trimestres a tasa anual ajustada
acciones_eeuu_emision_neta_resto_del_mundo_musd,1996,,82848,millones de USD,dato,,"Z.1, publicación del 11 de septiembre de 2026 (2026:Q2), F51.1.t, FA263164105.Q",media de los cuatro trimestres a tasa anual ajustada
acciones_eeuu_emision_neta_resto_del_mundo_musd,1997,,57577,millones de USD,dato,,"Z.1, publicación del 11 de septiembre de 2026 (2026:Q2), F51.1.t, FA263164105.Q",media de los cuatro trimestres a tasa anual ajustada
acciones_eeuu_emision_neta_resto_del_mundo_musd,1998,,101362,millones de USD,dato,,"Z.1, publicación del 11 de septiembre de 2026 (2026:Q2), F51.1.t, FA263164105.Q",media de los cuatro trimestres a tasa anual ajustada
acciones_eeuu_emision_neta_resto_del_mundo_musd,1999,,114311,millones de USD,dato,,"Z.1, publicación del 11 de septiembre de 2026 (2026:Q2), F51.1.t, FA263164105.Q",media de los cuatro trimestres a tasa anual ajustada
acciones_eeuu_emision_neta_resto_del_mundo_musd,2000,,106714,millones de USD,dato,,"Z.1, publicación del 11 de septiembre de 2026 (2026:Q2), F51.1.t, FA263164105.Q",media de los cuatro trimestres a tasa anual ajustada
acciones_eeuu_emision_neta_resto_del_mundo_musd,2001,,109119,millones de USD,dato,,"Z.1, publicación del 11 de septiembre de 2026 (2026:Q2), F51.1.t, FA263164105.Q",media de los cuatro trimestres a tasa anual ajustada
acciones_eeuu_emision_neta_resto_del_mundo_musd,2002,,16954,millones de USD,dato,,"Z.1, publicación del 11 de septiembre de 2026 (2026:Q2), F51.1.t, FA263164105.Q",media de los cuatro trimestres a tasa anual ajustada
acciones_eeuu_emision_neta_resto_del_mundo_musd,2003,,118002,millones de USD,dato,,"Z.1, publicación del 11 de septiembre de 2026 (2026:Q2), F51.1.t, FA263164105.Q",media de los cuatro trimestres a tasa anual ajustada
acciones_eeuu_emision_neta_resto_del_mundo_musd,2004,,84753,millones de USD,dato,,"Z.1, publicación del 11 de septiembre de 2026 (2026:Q2), F51.1.t, FA263164105.Q",media de los cuatro trimestres a tasa anual ajustada
acciones_eeuu_emision_neta_resto_del_mundo_musd,2005,,186684,millones de USD,dato,,"Z.1, publicación del 11 de septiembre de 2026 (2026:Q2), F51.1.t, FA263164105.Q",media de los cuatro trimestres a tasa anual ajustada
acciones_eeuu_emision_neta_resto_del_mundo_musd,2006,,137331,millones de USD,dato,,"Z.1, publicación del 11 de septiembre de 2026 (2026:Q2), F51.1.t, FA263164105.Q",media de los cuatro trimestres a tasa anual ajustada
acciones_eeuu_emision_neta_resto_del_mundo_musd,2007,,147781,millones de USD,dato,,"Z.1, publicación del 11 de septiembre de 2026 (2026:Q2), F51.1.t, FA263164105.Q",media de los cuatro trimestres a tasa anual ajustada
acciones_eeuu_emision_neta_resto_del_mundo_musd,2008,,-38550.25,millones de USD,dato,,"Z.1, publicación del 11 de septiembre de 2026 (2026:Q2), F51.1.t, FA263164105.Q",media de los cuatro trimestres a tasa anual ajustada
acciones_eeuu_emision_neta_resto_del_mundo_musd,2009,,63696,millones de USD,dato,,"Z.1, publicación del 11 de septiembre de 2026 (2026:Q2), F51.1.t, FA263164105.Q",media de los cuatro trimestres a tasa anual ajustada
acciones_eeuu_emision_neta_resto_del_mundo_musd,2010,,79150.25,millones de USD,dato,,"Z.1, publicación del 11 de septiembre de 2026 (2026:Q2), F51.1.t, FA263164105.Q",media de los cuatro trimestres a tasa anual ajustada
acciones_eeuu_emision_neta_resto_del_mundo_musd,2011,,6949.5,millones de USD,dato,,"Z.1, publicación del 11 de septiembre de 2026 (2026:Q2), F51.1.t, FA263164105.Q",media de los cuatro trimestres a tasa anual ajustada
acciones_eeuu_emision_neta_resto_del_mundo_musd,2012,,103974,millones de USD,dato,,"Z.1, publicación del 11 de septiembre de 2026 (2026:Q2), F51.1.t, FA263164105.Q",media de los cuatro trimestres a tasa anual ajustada
acciones_eeuu_emision_neta_resto_del_mundo_musd,2013,,187584,millones de USD,dato,,"Z.1, publicación del 11 de septiembre de 2026 (2026:Q2), F51.1.t, FA263164105.Q",media de los cuatro trimestres a tasa anual ajustada
acciones_eeuu_emision_neta_resto_del_mundo_musd,2014,,364924,millones de USD,dato,,"Z.1, publicación del 11 de septiembre de 2026 (2026:Q2), F51.1.t, FA263164105.Q",media de los cuatro trimestres a tasa anual ajustada
acciones_eeuu_emision_neta_resto_del_mundo_musd,2015,,206010,millones de USD,dato,,"Z.1, publicación del 11 de septiembre de 2026 (2026:Q2), F51.1.t, FA263164105.Q",media de los cuatro trimestres a tasa anual ajustada
acciones_eeuu_emision_neta_resto_del_mundo_musd,2016,,91926,millones de USD,dato,,"Z.1, publicación del 11 de septiembre de 2026 (2026:Q2), F51.1.t, FA263164105.Q",media de los cuatro trimestres a tasa anual ajustada
acciones_eeuu_emision_neta_resto_del_mundo_musd,2017,,162245,millones de USD,dato,,"Z.1, publicación del 11 de septiembre de 2026 (2026:Q2), F51.1.t, FA263164105.Q",media de los cuatro trimestres a tasa anual ajustada
acciones_eeuu_emision_neta_resto_del_mundo_musd,2018,,230462,millones de USD,dato,,"Z.1, publicación del 11 de septiembre de 2026 (2026:Q2), F51.1.t, FA263164105.Q",media de los cuatro trimestres a tasa anual ajustada
acciones_eeuu_emision_neta_resto_del_mundo_musd,2019,,-10513,millones de USD,dato,,"Z.1, publicación del 11 de septiembre de 2026 (2026:Q2), F51.1.t, FA263164105.Q",media de los cuatro trimestres a tasa anual ajustada
acciones_eeuu_emision_neta_resto_del_mundo_musd,2020,,376509,millones de USD,dato,,"Z.1, publicación del 11 de septiembre de 2026 (2026:Q2), F51.1.t, FA263164105.Q",media de los cuatro trimestres a tasa anual ajustada
acciones_eeuu_emision_neta_resto_del_mundo_musd,2021,,143316,millones de USD,dato,,"Z.1, publicación del 11 de septiembre de 2026 (2026:Q2), F51.1.t, FA263164105.Q",media de los cuatro trimestres a tasa anual ajustada
acciones_eeuu_emision_neta_resto_del_mundo_musd,2022,,237624,millones de USD,dato,,"Z.1, publicación del 11 de septiembre de 2026 (2026:Q2), F51.1.t, FA263164105.Q",media de los cuatro trimestres a tasa anual ajustada
acciones_eeuu_emision_neta_resto_del_mundo_musd,2023,,102880,millones de USD,dato,,"Z.1, publicación del 11 de septiembre de 2026 (2026:Q2), F51.1.t, FA263164105.Q",media de los cuatro trimestres a tasa anual ajustada
acciones_eeuu_emision_neta_resto_del_mundo_musd,2024,,225533,millones de USD,dato,,"Z.1, publicación del 11 de septiembre de 2026 (2026:Q2), F51.1.t, FA263164105.Q",media de los cuatro trimestres a tasa anual ajustada
acciones_eeuu_emision_neta_resto_del_mundo_musd,2025,,127169.5,millones de USD,dato,,"Z.1, publicación del 11 de septiembre de 2026 (2026:Q2), F51.1.t, FA263164105.Q",media de los cuatro trimestres a tasa anual ajustada
acciones_eeuu_emision_neta_resto_del_mundo_pct_vm,1946,,9.76645435244,% del valor de mercado previo,dato,,"Z.1, publicación del 11 de septiembre de 2026 (2026:Q2), FA263164105.Q sobre LM263164105.Q de 1945:Q4 (cálculo propio)",
acciones_eeuu_emision_neta_resto_del_mundo_pct_vm,1947,,0.599400599401,% del valor de mercado previo,dato,,"Z.1, publicación del 11 de septiembre de 2026 (2026:Q2), FA263164105.Q sobre LM263164105.Q de 1946:Q4 (cálculo propio)",
acciones_eeuu_emision_neta_resto_del_mundo_pct_vm,1948,,-6.68724279835,% del valor de mercado previo,dato,,"Z.1, publicación del 11 de septiembre de 2026 (2026:Q2), FA263164105.Q sobre LM263164105.Q de 1947:Q4 (cálculo propio)",
acciones_eeuu_emision_neta_resto_del_mundo_pct_vm,1949,,-0.953389830508,% del valor de mercado previo,dato,,"Z.1, publicación del 11 de septiembre de 2026 (2026:Q2), FA263164105.Q sobre LM263164105.Q de 1948:Q4 (cálculo propio)",
acciones_eeuu_emision_neta_resto_del_mundo_pct_vm,1950,,-32.0621468927,% del valor de mercado previo,dato,,"Z.1, publicación del 11 de septiembre de 2026 (2026:Q2), FA263164105.Q sobre LM263164105.Q de 1949:Q4 (cálculo propio)",
acciones_eeuu_emision_neta_resto_del_mundo_pct_vm,1951,,-17.1063829787,% del valor de mercado previo,dato,,"Z.1, publicación del 11 de septiembre de 2026 (2026:Q2), FA263164105.Q sobre LM263164105.Q de 1950:Q4 (cálculo propio)",
acciones_eeuu_emision_neta_resto_del_mundo_pct_vm,1952,,2.37410071942,% del valor de mercado previo,dato,,"Z.1, publicación del 11 de septiembre de 2026 (2026:Q2), FA263164105.Q sobre LM263164105.Q de 1951:Q4 (cálculo propio)",
acciones_eeuu_emision_neta_resto_del_mundo_pct_vm,1953,,4.18094585332,% del valor de mercado previo,dato,,"Z.1, publicación del 11 de septiembre de 2026 (2026:Q2), FA263164105.Q sobre LM263164105.Q de 1952:Q4 (cálculo propio)",
acciones_eeuu_emision_neta_resto_del_mundo_pct_vm,1954,,23.0248306998,% del valor de mercado previo,dato,,"Z.1, publicación del 11 de septiembre de 2026 (2026:Q2), FA263164105.Q sobre LM263164105.Q de 1953:Q4 (cálculo propio)",
acciones_eeuu_emision_neta_resto_del_mundo_pct_vm,1955,,19.5931477516,% del valor de mercado previo,dato,,"Z.1, publicación del 11 de septiembre de 2026 (2026:Q2), FA263164105.Q sobre LM263164105.Q de 1954:Q4 (cálculo propio)",
acciones_eeuu_emision_neta_resto_del_mundo_pct_vm,1956,,-8.15908159082,% del valor de mercado previo,dato,,"Z.1, publicación del 11 de septiembre de 2026 (2026:Q2), FA263164105.Q sobre LM263164105.Q de 1955:Q4 (cálculo propio)",
acciones_eeuu_emision_neta_resto_del_mundo_pct_vm,1957,,-15.2380952381,% del valor de mercado previo,dato,,"Z.1, publicación del 11 de septiembre de 2026 (2026:Q2), FA263164105.Q sobre LM263164105.Q de 1956:Q4 (cálculo propio)",
acciones_eeuu_emision_neta_resto_del_mundo_pct_vm,1958,,-26.2427227944,% del valor de mercado previo,dato,,"Z.1, publicación del 11 de septiembre de 2026 (2026:Q2), FA263164105.Q sobre LM263164105.Q de 1957:Q4 (cálculo propio)",
acciones_eeuu_emision_neta_resto_del_mundo_pct_vm,1959,,-8.98222940226,% del valor de mercado previo,dato,,"Z.1, publicación del 11 de septiembre de 2026 (2026:Q2), FA263164105.Q sobre LM263164105.Q de 1958:Q4 (cálculo propio)",
acciones_eeuu_emision_neta_resto_del_mundo_pct_vm,1960,,2.33125508268,% del valor de mercado previo,dato,,"Z.1, publicación del 11 de septiembre de 2026 (2026:Q2), FA263164105.Q sobre LM263164105.Q de 1959:Q4 (cálculo propio)",
acciones_eeuu_emision_neta_resto_del_mundo_pct_vm,1961,,8.15763052209,% del valor de mercado previo,dato,,"Z.1, publicación del 11 de septiembre de 2026 (2026:Q2), FA263164105.Q sobre LM263164105.Q de 1960:Q4 (cálculo propio)",
acciones_eeuu_emision_neta_resto_del_mundo_pct_vm,1962,,-0.509995920033,% del valor de mercado previo,dato,,"Z.1, publicación del 11 de septiembre de 2026 (2026:Q2), FA263164105.Q sobre LM263164105.Q de 1961:Q4 (cálculo propio)",
acciones_eeuu_emision_neta_resto_del_mundo_pct_vm,1963,,2.37590156979,% del valor de mercado previo,dato,,"Z.1, publicación del 11 de septiembre de 2026 (2026:Q2), FA263164105.Q sobre LM263164105.Q de 1962:Q4 (cálculo propio)",
acciones_eeuu_emision_neta_resto_del_mundo_pct_vm,1964,,4.10106899903,% del valor de mercado previo,dato,,"Z.1, publicación del 11 de septiembre de 2026 (2026:Q2), FA263164105.Q sobre LM263164105.Q de 1963:Q4 (cálculo propio)",
acciones_eeuu_emision_neta_resto_del_mundo_pct_vm,1965,,5.67362428843,% del valor de mercado previo,dato,,"Z.1, publicación del 11 de septiembre de 2026 (2026:Q2), FA263164105.Q sobre LM263164105.Q de 1964:Q4 (cálculo propio)",
acciones_eeuu_emision_neta_resto_del_mundo_pct_vm,1966,,-0.297147385103,% del valor de mercado previo,dato,,"Z.1, publicación del 11 de septiembre de 2026 (2026:Q2), FA263164105.Q sobre LM263164105.Q de 1965:Q4 (cálculo propio)",
acciones_eeuu_emision_neta_resto_del_mundo_pct_vm,1967,,2.12765957447,% del valor de mercado previo,dato,,"Z.1, publicación del 11 de septiembre de 2026 (2026:Q2), FA263164105.Q sobre LM263164105.Q de 1966:Q4 (cálculo propio)",
acciones_eeuu_emision_neta_resto_del_mundo_pct_vm,1968,,9.25925925926,% del valor de mercado previo,dato,,"Z.1, publicación del 11 de septiembre de 2026 (2026:Q2), FA263164105.Q sobre LM263164105.Q de 1967:Q4 (cálculo propio)",
acciones_eeuu_emision_neta_resto_del_mundo_pct_vm,1969,,8.07501549907,% del valor de mercado previo,dato,,"Z.1, publicación del 11 de septiembre de 2026 (2026:Q2), FA263164105.Q sobre LM263164105.Q de 1968:Q4 (cálculo propio)",
acciones_eeuu_emision_neta_resto_del_mundo_pct_vm,1970,,2.90522076801,% del valor de mercado previo,dato,,"Z.1, publicación del 11 de septiembre de 2026 (2026:Q2), FA263164105.Q sobre LM263164105.Q de 1969:Q4 (cálculo propio)",
acciones_eeuu_emision_neta_resto_del_mundo_pct_vm,1971,,2.6319793093,% del valor de mercado previo,dato,,"Z.1, publicación del 11 de septiembre de 2026 (2026:Q2), FA263164105.Q sobre LM263164105.Q de 1970:Q4 (cálculo propio)",
acciones_eeuu_emision_neta_resto_del_mundo_pct_vm,1972,,-5.37887711033,% del valor de mercado previo,dato,,"Z.1, publicación del 11 de septiembre de 2026 (2026:Q2), FA263164105.Q sobre LM263164105.Q de 1971:Q4 (cálculo propio)",
acciones_eeuu_emision_neta_resto_del_mundo_pct_vm,1973,,-2.71424504128,% del valor de mercado previo,dato,,"Z.1, publicación del 11 de septiembre de 2026 (2026:Q2), FA263164105.Q sobre LM263164105.Q de 1972:Q4 (cálculo propio)",
acciones_eeuu_emision_neta_resto_del_mundo_pct_vm,1974,,-5.17654099342,% del valor de mercado previo,dato,,"Z.1, publicación del 11 de septiembre de 2026 (2026:Q2), FA263164105.Q sobre LM263164105.Q de 1973:Q4 (cálculo propio)",
acciones_eeuu_emision_neta_resto_del_mundo_pct_vm,1975,,-10.2208411941,% del valor de mercado previo,dato,,"Z.1, publicación del 11 de septiembre de 2026 (2026:Q2), FA263164105.Q sobre LM263164105.Q de 1974:Q4 (cálculo propio)",
acciones_eeuu_emision_neta_resto_del_mundo_pct_vm,1976,,3.7037037037,% del valor de mercado previo,dato,,"Z.1, publicación del 11 de septiembre de 2026 (2026:Q2), FA263164105.Q sobre LM263164105.Q de 1975:Q4 (cálculo propio)",
acciones_eeuu_emision_neta_resto_del_mundo_pct_vm,1977,,4.31609013012,% del valor de mercado previo,dato,,"Z.1, publicación del 11 de septiembre de 2026 (2026:Q2), FA263164105.Q sobre LM263164105.Q de 1976:Q4 (cálculo propio)",
acciones_eeuu_emision_neta_resto_del_mundo_pct_vm,1978,,-3.47181008902,% del valor de mercado previo,dato,,"Z.1, publicación del 11 de septiembre de 2026 (2026:Q2), FA263164105.Q sobre LM263164105.Q de 1977:Q4 (cálculo propio)",
acciones_eeuu_emision_neta_resto_del_mundo_pct_vm,1979,,9.12246351015,% del valor de mercado previo,dato,,"Z.1, publicación del 11 de septiembre de 2026 (2026:Q2), FA263164105.Q sobre LM263164105.Q de 1978:Q4 (cálculo propio)",
acciones_eeuu_emision_neta_resto_del_mundo_pct_vm,1980,,15.9832466392,% del valor de mercado previo,dato,,"Z.1, publicación del 11 de septiembre de 2026 (2026:Q2), FA263164105.Q sobre LM263164105.Q de 1979:Q4 (cálculo propio)",
acciones_eeuu_emision_neta_resto_del_mundo_pct_vm,1981,,1.12519809826,% del valor de mercado previo,dato,,"Z.1, publicación del 11 de septiembre de 2026 (2026:Q2), FA263164105.Q sobre LM263164105.Q de 1980:Q4 (cálculo propio)",
acciones_eeuu_emision_neta_resto_del_mundo_pct_vm,1982,,8.30145138762,% del valor de mercado previo,dato,,"Z.1, publicación del 11 de septiembre de 2026 (2026:Q2), FA263164105.Q sobre LM263164105.Q de 1981:Q4 (cálculo propio)",
acciones_eeuu_emision_neta_resto_del_mundo_pct_vm,1983,,21.1099644536,% del valor de mercado previo,dato,,"Z.1, publicación del 11 de septiembre de 2026 (2026:Q2), FA263164105.Q sobre LM263164105.Q de 1982:Q4 (cálculo propio)",
acciones_eeuu_emision_neta_resto_del_mundo_pct_vm,1984,,3.60556702608,% del valor de mercado previo,dato,,"Z.1, publicación del 11 de septiembre de 2026 (2026:Q2), FA263164105.Q sobre LM263164105.Q de 1983:Q4 (cálculo propio)",
acciones_eeuu_emision_neta_resto_del_mundo_pct_vm,1985,,14.187889513,% del valor de mercado previo,dato,,"Z.1, publicación del 11 de septiembre de 2026 (2026:Q2), FA263164105.Q sobre LM263164105.Q de 1984:Q4 (cálculo propio)",
acciones_eeuu_emision_neta_resto_del_mundo_pct_vm,1986,,2.5978415159,% del valor de mercado previo,dato,,"Z.1, publicación del 11 de septiembre de 2026 (2026:Q2), FA263164105.Q sobre LM263164105.Q de 1985:Q4 (cálculo propio)",
acciones_eeuu_emision_neta_resto_del_mundo_pct_vm,1987,,-2.94202958604,% del valor de mercado previo,dato,,"Z.1, publicación del 11 de septiembre de 2026 (2026:Q2), FA263164105.Q sobre LM263164105.Q de 1986:Q4 (cálculo propio)",
acciones_eeuu_emision_neta_resto_del_mundo_pct_vm,1988,,1.16367476241,% del valor de mercado previo,dato,,"Z.1, publicación del 11 de septiembre de 2026 (2026:Q2), FA263164105.Q sobre LM263164105.Q de 1987:Q4 (cálculo propio)",
acciones_eeuu_emision_neta_resto_del_mundo_pct_vm,1989,,13.3784645039,% del valor de mercado previo,dato,,"Z.1, publicación del 11 de septiembre de 2026 (2026:Q2), FA263164105.Q sobre LM263164105.Q de 1988:Q4 (cálculo propio)",
acciones_eeuu_emision_neta_resto_del_mundo_pct_vm,1990,,3.75180521422,% del valor de mercado previo,dato,,"Z.1, publicación del 11 de septiembre de 2026 (2026:Q2), FA263164105.Q sobre LM263164105.Q de 1989:Q4 (cálculo propio)",
acciones_eeuu_emision_neta_resto_del_mundo_pct_vm,1991,,15.5144840989,% del valor de mercado previo,dato,,"Z.1, publicación del 11 de septiembre de 2026 (2026:Q2), FA263164105.Q sobre LM263164105.Q de 1990:Q4 (cálculo propio)",
acciones_eeuu_emision_neta_resto_del_mundo_pct_vm,1992,,11.6124684561,% del valor de mercado previo,dato,,"Z.1, publicación del 11 de septiembre de 2026 (2026:Q2), FA263164105.Q sobre LM263164105.Q de 1991:Q4 (cálculo propio)",
acciones_eeuu_emision_neta_resto_del_mundo_pct_vm,1993,,20.1663558896,% del valor de mercado previo,dato,,"Z.1, publicación del 11 de septiembre de 2026 (2026:Q2), FA263164105.Q sobre LM263164105.Q de 1992:Q4 (cálculo propio)",
acciones_eeuu_emision_neta_resto_del_mundo_pct_vm,1994,,8.84433918899,% del valor de mercado previo,dato,,"Z.1, publicación del 11 de septiembre de 2026 (2026:Q2), FA263164105.Q sobre LM263164105.Q de 1993:Q4 (cálculo propio)",
acciones_eeuu_emision_neta_resto_del_mundo_pct_vm,1995,,10.4360187759,% del valor de mercado previo,dato,,"Z.1, publicación del 11 de septiembre de 2026 (2026:Q2), FA263164105.Q sobre LM263164105.Q de 1994:Q4 (cálculo propio)",
acciones_eeuu_emision_neta_resto_del_mundo_pct_vm,1996,,10.4789309588,% del valor de mercado previo,dato,,"Z.1, publicación del 11 de septiembre de 2026 (2026:Q2), FA263164105.Q sobre LM263164105.Q de 1995:Q4 (cálculo propio)",
acciones_eeuu_emision_neta_resto_del_mundo_pct_vm,1997,,5.7225918987,% del valor de mercado previo,dato,,"Z.1, publicación del 11 de septiembre de 2026 (2026:Q2), FA263164105.Q sobre LM263164105.Q de 1996:Q4 (cálculo propio)",
acciones_eeuu_emision_neta_resto_del_mundo_pct_vm,1998,,8.39237382088,% del valor de mercado previo,dato,,"Z.1, publicación del 11 de septiembre de 2026 (2026:Q2), FA263164105.Q sobre LM263164105.Q de 1997:Q4 (cálculo propio)",
acciones_eeuu_emision_neta_resto_del_mundo_pct_vm,1999,,7.74998762698,% del valor de mercado previo,dato,,"Z.1, publicación del 11 de septiembre de 2026 (2026:Q2), FA263164105.Q sobre LM263164105.Q de 1998:Q4 (cálculo propio)",
acciones_eeuu_emision_neta_resto_del_mundo_pct_vm,2000,,5.32580465495,% del valor de mercado previo,dato,,"Z.1, publicación del 11 de septiembre de 2026 (2026:Q2), FA263164105.Q sobre LM263164105.Q de 1999:Q4 (cálculo propio)",
acciones_eeuu_emision_neta_resto_del_mundo_pct_vm,2001,,5.88927712131,% del valor de mercado previo,dato,,"Z.1, publicación del 11 de septiembre de 2026 (2026:Q2), FA263164105.Q sobre LM263164105.Q de 2000:Q4 (cálculo propio)",
acciones_eeuu_emision_neta_resto_del_mundo_pct_vm,2002,,1.05129806229,% del valor de mercado previo,dato,,"Z.1, publicación del 11 de septiembre de 2026 (2026:Q2), FA263164105.Q sobre LM263164105.Q de 2001:Q4 (cálculo propio)",
acciones_eeuu_emision_neta_resto_del_mundo_pct_vm,2003,,8.58833461914,% del valor de mercado previo,dato,,"Z.1, publicación del 11 de septiembre de 2026 (2026:Q2), FA263164105.Q sobre LM263164105.Q de 2002:Q4 (cálculo propio)",
acciones_eeuu_emision_neta_resto_del_mundo_pct_vm,2004,,4.07579606256,% del valor de mercado previo,dato,,"Z.1, publicación del 11 de septiembre de 2026 (2026:Q2), FA263164105.Q sobre LM263164105.Q de 2003:Q4 (cálculo propio)",
acciones_eeuu_emision_neta_resto_del_mundo_pct_vm,2005,,7.29115324138,% del valor de mercado previo,dato,,"Z.1, publicación del 11 de septiembre de 2026 (2026:Q2), FA263164105.Q sobre LM263164105.Q de 2004:Q4 (cálculo propio)",
acciones_eeuu_emision_neta_resto_del_mundo_pct_vm,2006,,4.13933728285,% del valor de mercado previo,dato,,"Z.1, publicación del 11 de septiembre de 2026 (2026:Q2), FA263164105.Q sobre LM263164105.Q de 2005:Q4 (cálculo propio)",
acciones_eeuu_emision_neta_resto_del_mundo_pct_vm,2007,,3.41377605707,% del valor de mercado previo,dato,,"Z.1, publicación del 11 de septiembre de 2026 (2026:Q2), FA263164105.Q sobre LM263164105.Q de 2006:Q4 (cálculo propio)",
acciones_eeuu_emision_neta_resto_del_mundo_pct_vm,2008,,-0.734571712217,% del valor de mercado previo,dato,,"Z.1, publicación del 11 de septiembre de 2026 (2026:Q2), FA263164105.Q sobre LM263164105.Q de 2007:Q4 (cálculo propio)",
acciones_eeuu_emision_neta_resto_del_mundo_pct_vm,2009,,2.31754297366,% del valor de mercado previo,dato,,"Z.1, publicación del 11 de septiembre de 2026 (2026:Q2), FA263164105.Q sobre LM263164105.Q de 2008:Q4 (cálculo propio)",
acciones_eeuu_emision_neta_resto_del_mundo_pct_vm,2010,,1.981086503,% del valor de mercado previo,dato,,"Z.1, publicación del 11 de septiembre de 2026 (2026:Q2), FA263164105.Q sobre LM263164105.Q de 2009:Q4 (cálculo propio)",
acciones_eeuu_emision_neta_resto_del_mundo_pct_vm,2011,,0.141819410699,% del valor de mercado previo,dato,,"Z.1, publicación del 11 de septiembre de 2026 (2026:Q2), FA263164105.Q sobre LM263164105.Q de 2010:Q4 (cálculo propio)",
acciones_eeuu_emision_neta_resto_del_mundo_pct_vm,2012,,2.30979522544,% del valor de mercado previo,dato,,"Z.1, publicación del 11 de septiembre de 2026 (2026:Q2), FA263164105.Q sobre LM263164105.Q de 2011:Q4 (cálculo propio)",
acciones_eeuu_emision_neta_resto_del_mundo_pct_vm,2013,,4.30395093261,% del valor de mercado previo,dato,,"Z.1, publicación del 11 de septiembre de 2026 (2026:Q2), FA263164105.Q sobre LM263164105.Q de 2012:Q4 (cálculo propio)",
acciones_eeuu_emision_neta_resto_del_mundo_pct_vm,2014,,6.89000859637,% del valor de mercado previo,dato,,"Z.1, publicación del 11 de septiembre de 2026 (2026:Q2), FA263164105.Q sobre LM263164105.Q de 2013:Q4 (cálculo propio)",
acciones_eeuu_emision_neta_resto_del_mundo_pct_vm,2015,,3.76207526451,% del valor de mercado previo,dato,,"Z.1, publicación del 11 de septiembre de 2026 (2026:Q2), FA263164105.Q sobre LM263164105.Q de 2014:Q4 (cálculo propio)",
acciones_eeuu_emision_neta_resto_del_mundo_pct_vm,2016,,1.68165212635,% del valor de mercado previo,dato,,"Z.1, publicación del 11 de septiembre de 2026 (2026:Q2), FA263164105.Q sobre LM263164105.Q de 2015:Q4 (cálculo propio)",
acciones_eeuu_emision_neta_resto_del_mundo_pct_vm,2017,,2.75923022842,% del valor de mercado previo,dato,,"Z.1, publicación del 11 de septiembre de 2026 (2026:Q2), FA263164105.Q sobre LM263164105.Q de 2016:Q4 (cálculo propio)",
acciones_eeuu_emision_neta_resto_del_mundo_pct_vm,2018,,2.96942839837,% del valor de mercado previo,dato,,"Z.1, publicación del 11 de septiembre de 2026 (2026:Q2), FA263164105.Q sobre LM263164105.Q de 2017:Q4 (cálculo propio)",
acciones_eeuu_emision_neta_resto_del_mundo_pct_vm,2019,,-0.158613985641,% del valor de mercado previo,dato,,"Z.1, publicación del 11 de septiembre de 2026 (2026:Q2), FA263164105.Q sobre LM263164105.Q de 2018:Q4 (cálculo propio)",
acciones_eeuu_emision_neta_resto_del_mundo_pct_vm,2020,,4.65987385101,% del valor de mercado previo,dato,,"Z.1, publicación del 11 de septiembre de 2026 (2026:Q2), FA263164105.Q sobre LM263164105.Q de 2019:Q4 (cálculo propio)",
acciones_eeuu_emision_neta_resto_del_mundo_pct_vm,2021,,1.58958079016,% del valor de mercado previo,dato,,"Z.1, publicación del 11 de septiembre de 2026 (2026:Q2), FA263164105.Q sobre LM263164105.Q de 2020:Q4 (cálculo propio)",
acciones_eeuu_emision_neta_resto_del_mundo_pct_vm,2022,,2.31275938052,% del valor de mercado previo,dato,,"Z.1, publicación del 11 de septiembre de 2026 (2026:Q2), FA263164105.Q sobre LM263164105.Q de 2021:Q4 (cálculo propio)",
acciones_eeuu_emision_neta_resto_del_mundo_pct_vm,2023,,1.20693872451,% del valor de mercado previo,dato,,"Z.1, publicación del 11 de septiembre de 2026 (2026:Q2), FA263164105.Q sobre LM263164105.Q de 2022:Q4 (cálculo propio)",
acciones_eeuu_emision_neta_resto_del_mundo_pct_vm,2024,,2.35380103074,% del valor de mercado previo,dato,,"Z.1, publicación del 11 de septiembre de 2026 (2026:Q2), FA263164105.Q sobre LM263164105.Q de 2023:Q4 (cálculo propio)",
acciones_eeuu_emision_neta_resto_del_mundo_pct_vm,2025,,1.24980602231,% del valor de mercado previo,dato,,"Z.1, publicación del 11 de septiembre de 2026 (2026:Q2), FA263164105.Q sobre LM263164105.Q de 2024:Q4 (cálculo propio)",
acciones_eeuu_emision_neta_total_musd,1946,,1139,millones de USD,dato,,"Z.1, publicación del 11 de septiembre de 2026 (2026:Q2), F51.1.t, FA893064105.Q",dato anual de la Junta
acciones_eeuu_emision_neta_total_musd,1947,,1399,millones de USD,dato,,"Z.1, publicación del 11 de septiembre de 2026 (2026:Q2), F51.1.t, FA893064105.Q",dato anual de la Junta
acciones_eeuu_emision_neta_total_musd,1948,,1035,millones de USD,dato,,"Z.1, publicación del 11 de septiembre de 2026 (2026:Q2), F51.1.t, FA893064105.Q",dato anual de la Junta
acciones_eeuu_emision_neta_total_musd,1949,,1503,millones de USD,dato,,"Z.1, publicación del 11 de septiembre de 2026 (2026:Q2), F51.1.t, FA893064105.Q",dato anual de la Junta
acciones_eeuu_emision_neta_total_musd,1950,,1361,millones de USD,dato,,"Z.1, publicación del 11 de septiembre de 2026 (2026:Q2), F51.1.t, FA893064105.Q",dato anual de la Junta
acciones_eeuu_emision_neta_total_musd,1951,,2106,millones de USD,dato,,"Z.1, publicación del 11 de septiembre de 2026 (2026:Q2), F51.1.t, FA893064105.Q",dato anual de la Junta
acciones_eeuu_emision_neta_total_musd,1952,,2448,millones de USD,dato,,"Z.1, publicación del 11 de septiembre de 2026 (2026:Q2), F51.1.t, FA893064105.Q",media de los cuatro trimestres a tasa anual ajustada
acciones_eeuu_emision_neta_total_musd,1953,,2260,millones de USD,dato,,"Z.1, publicación del 11 de septiembre de 2026 (2026:Q2), F51.1.t, FA893064105.Q",media de los cuatro trimestres a tasa anual ajustada
acciones_eeuu_emision_neta_total_musd,1954,,1302,millones de USD,dato,,"Z.1, publicación del 11 de septiembre de 2026 (2026:Q2), F51.1.t, FA893064105.Q",media de los cuatro trimestres a tasa anual ajustada
acciones_eeuu_emision_neta_total_musd,1955,,1842,millones de USD,dato,,"Z.1, publicación del 11 de septiembre de 2026 (2026:Q2), F51.1.t, FA893064105.Q",media de los cuatro trimestres a tasa anual ajustada
acciones_eeuu_emision_neta_total_musd,1956,,2367,millones de USD,dato,,"Z.1, publicación del 11 de septiembre de 2026 (2026:Q2), F51.1.t, FA893064105.Q",media de los cuatro trimestres a tasa anual ajustada
acciones_eeuu_emision_neta_total_musd,1957,,2996,millones de USD,dato,,"Z.1, publicación del 11 de septiembre de 2026 (2026:Q2), F51.1.t, FA893064105.Q",media de los cuatro trimestres a tasa anual ajustada
acciones_eeuu_emision_neta_total_musd,1958,,736,millones de USD,dato,,"Z.1, publicación del 11 de septiembre de 2026 (2026:Q2), F51.1.t, FA893064105.Q",media de los cuatro trimestres a tasa anual ajustada
acciones_eeuu_emision_neta_total_musd,1959,,2040,millones de USD,dato,,"Z.1, publicación del 11 de septiembre de 2026 (2026:Q2), F51.1.t, FA893064105.Q",media de los cuatro trimestres a tasa anual ajustada
acciones_eeuu_emision_neta_total_musd,1960,,2325,millones de USD,dato,,"Z.1, publicación del 11 de septiembre de 2026 (2026:Q2), F51.1.t, FA893064105.Q",media de los cuatro trimestres a tasa anual ajustada
acciones_eeuu_emision_neta_total_musd,1961,,1089,millones de USD,dato,,"Z.1, publicación del 11 de septiembre de 2026 (2026:Q2), F51.1.t, FA893064105.Q",media de los cuatro trimestres a tasa anual ajustada
acciones_eeuu_emision_neta_total_musd,1962,,477,millones de USD,dato,,"Z.1, publicación del 11 de septiembre de 2026 (2026:Q2), F51.1.t, FA893064105.Q",media de los cuatro trimestres a tasa anual ajustada
acciones_eeuu_emision_neta_total_musd,1963,,760,millones de USD,dato,,"Z.1, publicación del 11 de septiembre de 2026 (2026:Q2), F51.1.t, FA893064105.Q",media de los cuatro trimestres a tasa anual ajustada
acciones_eeuu_emision_neta_total_musd,1964,,1320,millones de USD,dato,,"Z.1, publicación del 11 de septiembre de 2026 (2026:Q2), F51.1.t, FA893064105.Q",media de los cuatro trimestres a tasa anual ajustada
acciones_eeuu_emision_neta_total_musd,1965,,-373,millones de USD,dato,,"Z.1, publicación del 11 de septiembre de 2026 (2026:Q2), F51.1.t, FA893064105.Q",media de los cuatro trimestres a tasa anual ajustada
acciones_eeuu_emision_neta_total_musd,1966,,1631,millones de USD,dato,,"Z.1, publicación del 11 de septiembre de 2026 (2026:Q2), F51.1.t, FA893064105.Q",media de los cuatro trimestres a tasa anual ajustada
acciones_eeuu_emision_neta_total_musd,1967,,1759,millones de USD,dato,,"Z.1, publicación del 11 de septiembre de 2026 (2026:Q2), F51.1.t, FA893064105.Q",media de los cuatro trimestres a tasa anual ajustada
acciones_eeuu_emision_neta_total_musd,1968,,1314,millones de USD,dato,,"Z.1, publicación del 11 de septiembre de 2026 (2026:Q2), F51.1.t, FA893064105.Q",media de los cuatro trimestres a tasa anual ajustada
acciones_eeuu_emision_neta_total_musd,1969,,9062,millones de USD,dato,,"Z.1, publicación del 11 de septiembre de 2026 (2026:Q2), F51.1.t, FA893064105.Q",media de los cuatro trimestres a tasa anual ajustada
acciones_eeuu_emision_neta_total_musd,1970,,9824,millones de USD,dato,,"Z.1, publicación del 11 de septiembre de 2026 (2026:Q2), F51.1.t, FA893064105.Q",media de los cuatro trimestres a tasa anual ajustada
acciones_eeuu_emision_neta_total_musd,1971,,14822,millones de USD,dato,,"Z.1, publicación del 11 de septiembre de 2026 (2026:Q2), F51.1.t, FA893064105.Q",media de los cuatro trimestres a tasa anual ajustada
acciones_eeuu_emision_neta_total_musd,1972,,18351,millones de USD,dato,,"Z.1, publicación del 11 de septiembre de 2026 (2026:Q2), F51.1.t, FA893064105.Q",media de los cuatro trimestres a tasa anual ajustada
acciones_eeuu_emision_neta_total_musd,1973,,22431,millones de USD,dato,,"Z.1, publicación del 11 de septiembre de 2026 (2026:Q2), F51.1.t, FA893064105.Q",media de los cuatro trimestres a tasa anual ajustada
acciones_eeuu_emision_neta_total_musd,1974,,10718,millones de USD,dato,,"Z.1, publicación del 11 de septiembre de 2026 (2026:Q2), F51.1.t, FA893064105.Q",media de los cuatro trimestres a tasa anual ajustada
acciones_eeuu_emision_neta_total_musd,1975,,16748,millones de USD,dato,,"Z.1, publicación del 11 de septiembre de 2026 (2026:Q2), F51.1.t, FA893064105.Q",media de los cuatro trimestres a tasa anual ajustada
acciones_eeuu_emision_neta_total_musd,1976,,17662,millones de USD,dato,,"Z.1, publicación del 11 de septiembre de 2026 (2026:Q2), F51.1.t, FA893064105.Q",media de los cuatro trimestres a tasa anual ajustada
acciones_eeuu_emision_neta_total_musd,1977,,8954,millones de USD,dato,,"Z.1, publicación del 11 de septiembre de 2026 (2026:Q2), F51.1.t, FA893064105.Q",media de los cuatro trimestres a tasa anual ajustada
acciones_eeuu_emision_neta_total_musd,1978,,2565,millones de USD,dato,,"Z.1, publicación del 11 de septiembre de 2026 (2026:Q2), F51.1.t, FA893064105.Q",media de los cuatro trimestres a tasa anual ajustada
acciones_eeuu_emision_neta_total_musd,1979,,-3860,millones de USD,dato,,"Z.1, publicación del 11 de septiembre de 2026 (2026:Q2), F51.1.t, FA893064105.Q",media de los cuatro trimestres a tasa anual ajustada
acciones_eeuu_emision_neta_total_musd,1980,,15781,millones de USD,dato,,"Z.1, publicación del 11 de septiembre de 2026 (2026:Q2), F51.1.t, FA893064105.Q",media de los cuatro trimestres a tasa anual ajustada
acciones_eeuu_emision_neta_total_musd,1981,,-3478,millones de USD,dato,,"Z.1, publicación del 11 de septiembre de 2026 (2026:Q2), F51.1.t, FA893064105.Q",media de los cuatro trimestres a tasa anual ajustada
acciones_eeuu_emision_neta_total_musd,1982,,16667,millones de USD,dato,,"Z.1, publicación del 11 de septiembre de 2026 (2026:Q2), F51.1.t, FA893064105.Q",media de los cuatro trimestres a tasa anual ajustada
acciones_eeuu_emision_neta_total_musd,1983,,36703,millones de USD,dato,,"Z.1, publicación del 11 de septiembre de 2026 (2026:Q2), F51.1.t, FA893064105.Q",media de los cuatro trimestres a tasa anual ajustada
acciones_eeuu_emision_neta_total_musd,1984,,-66659,millones de USD,dato,,"Z.1, publicación del 11 de septiembre de 2026 (2026:Q2), F51.1.t, FA893064105.Q",media de los cuatro trimestres a tasa anual ajustada
acciones_eeuu_emision_neta_total_musd,1985,,-68327,millones de USD,dato,,"Z.1, publicación del 11 de septiembre de 2026 (2026:Q2), F51.1.t, FA893064105.Q",media de los cuatro trimestres a tasa anual ajustada
acciones_eeuu_emision_neta_total_musd,1986,,-74204,millones de USD,dato,,"Z.1, publicación del 11 de septiembre de 2026 (2026:Q2), F51.1.t, FA893064105.Q",media de los cuatro trimestres a tasa anual ajustada
acciones_eeuu_emision_neta_total_musd,1987,,-65323,millones de USD,dato,,"Z.1, publicación del 11 de septiembre de 2026 (2026:Q2), F51.1.t, FA893064105.Q",media de los cuatro trimestres a tasa anual ajustada
acciones_eeuu_emision_neta_total_musd,1988,,-106520,millones de USD,dato,,"Z.1, publicación del 11 de septiembre de 2026 (2026:Q2), F51.1.t, FA893064105.Q",media de los cuatro trimestres a tasa anual ajustada
acciones_eeuu_emision_neta_total_musd,1989,,-100210,millones de USD,dato,,"Z.1, publicación del 11 de septiembre de 2026 (2026:Q2), F51.1.t, FA893064105.Q",media de los cuatro trimestres a tasa anual ajustada
acciones_eeuu_emision_neta_total_musd,1990,,-51386,millones de USD,dato,,"Z.1, publicación del 11 de septiembre de 2026 (2026:Q2), F51.1.t, FA893064105.Q",media de los cuatro trimestres a tasa anual ajustada
acciones_eeuu_emision_neta_total_musd,1991,,78357,millones de USD,dato,,"Z.1, publicación del 11 de septiembre de 2026 (2026:Q2), F51.1.t, FA893064105.Q",media de los cuatro trimestres a tasa anual ajustada
acciones_eeuu_emision_neta_total_musd,1992,,102429,millones de USD,dato,,"Z.1, publicación del 11 de septiembre de 2026 (2026:Q2), F51.1.t, FA893064105.Q",media de los cuatro trimestres a tasa anual ajustada
acciones_eeuu_emision_neta_total_musd,1993,,134462,millones de USD,dato,,"Z.1, publicación del 11 de septiembre de 2026 (2026:Q2), F51.1.t, FA893064105.Q",media de los cuatro trimestres a tasa anual ajustada
acciones_eeuu_emision_neta_total_musd,1994,,9458,millones de USD,dato,,"Z.1, publicación del 11 de septiembre de 2026 (2026:Q2), F51.1.t, FA893064105.Q",media de los cuatro trimestres a tasa anual ajustada
acciones_eeuu_emision_neta_total_musd,1995,,11870,millones de USD,dato,,"Z.1, publicación del 11 de septiembre de 2026 (2026:Q2), F51.1.t, FA893064105.Q",media de los cuatro trimestres a tasa anual ajustada
acciones_eeuu_emision_neta_total_musd,1996,,9913,millones de USD,dato,,"Z.1, publicación del 11 de septiembre de 2026 (2026:Q2), F51.1.t, FA893064105.Q",media de los cuatro trimestres a tasa anual ajustada
acciones_eeuu_emision_neta_total_musd,1997,,-68666,millones de USD,dato,,"Z.1, publicación del 11 de septiembre de 2026 (2026:Q2), F51.1.t, FA893064105.Q",media de los cuatro trimestres a tasa anual ajustada
acciones_eeuu_emision_neta_total_musd,1998,,-124049,millones de USD,dato,,"Z.1, publicación del 11 de septiembre de 2026 (2026:Q2), F51.1.t, FA893064105.Q",media de los cuatro trimestres a tasa anual ajustada
acciones_eeuu_emision_neta_total_musd,1999,,9444,millones de USD,dato,,"Z.1, publicación del 11 de septiembre de 2026 (2026:Q2), F51.1.t, FA893064105.Q",media de los cuatro trimestres a tasa anual ajustada
acciones_eeuu_emision_neta_total_musd,2000,,95863,millones de USD,dato,,"Z.1, publicación del 11 de septiembre de 2026 (2026:Q2), F51.1.t, FA893064105.Q",media de los cuatro trimestres a tasa anual ajustada
acciones_eeuu_emision_neta_total_musd,2001,,135393,millones de USD,dato,,"Z.1, publicación del 11 de septiembre de 2026 (2026:Q2), F51.1.t, FA893064105.Q",media de los cuatro trimestres a tasa anual ajustada
acciones_eeuu_emision_neta_total_musd,2002,,67618,millones de USD,dato,,"Z.1, publicación del 11 de septiembre de 2026 (2026:Q2), F51.1.t, FA893064105.Q",media de los cuatro trimestres a tasa anual ajustada
acciones_eeuu_emision_neta_total_musd,2003,,184093,millones de USD,dato,,"Z.1, publicación del 11 de septiembre de 2026 (2026:Q2), F51.1.t, FA893064105.Q",media de los cuatro trimestres a tasa anual ajustada
acciones_eeuu_emision_neta_total_musd,2004,,113431,millones de USD,dato,,"Z.1, publicación del 11 de septiembre de 2026 (2026:Q2), F51.1.t, FA893064105.Q",media de los cuatro trimestres a tasa anual ajustada
acciones_eeuu_emision_neta_total_musd,2005,,34317,millones de USD,dato,,"Z.1, publicación del 11 de septiembre de 2026 (2026:Q2), F51.1.t, FA893064105.Q",media de los cuatro trimestres a tasa anual ajustada
acciones_eeuu_emision_neta_total_musd,2006,,-217325,millones de USD,dato,,"Z.1, publicación del 11 de septiembre de 2026 (2026:Q2), F51.1.t, FA893064105.Q",media de los cuatro trimestres a tasa anual ajustada
acciones_eeuu_emision_neta_total_musd,2007,,-254562,millones de USD,dato,,"Z.1, publicación del 11 de septiembre de 2026 (2026:Q2), F51.1.t, FA893064105.Q",media de los cuatro trimestres a tasa anual ajustada
acciones_eeuu_emision_neta_total_musd,2008,,164445.75,millones de USD,dato,,"Z.1, publicación del 11 de septiembre de 2026 (2026:Q2), F51.1.t, FA893064105.Q",media de los cuatro trimestres a tasa anual ajustada
acciones_eeuu_emision_neta_total_musd,2009,,299091,millones de USD,dato,,"Z.1, publicación del 11 de septiembre de 2026 (2026:Q2), F51.1.t, FA893064105.Q",media de los cuatro trimestres a tasa anual ajustada
acciones_eeuu_emision_neta_total_musd,2010,,98514.25,millones de USD,dato,,"Z.1, publicación del 11 de septiembre de 2026 (2026:Q2), F51.1.t, FA893064105.Q",media de los cuatro trimestres a tasa anual ajustada
acciones_eeuu_emision_neta_total_musd,2011,,-224265.5,millones de USD,dato,,"Z.1, publicación del 11 de septiembre de 2026 (2026:Q2), F51.1.t, FA893064105.Q",media de los cuatro trimestres a tasa anual ajustada
acciones_eeuu_emision_neta_total_musd,2012,,-56671,millones de USD,dato,,"Z.1, publicación del 11 de septiembre de 2026 (2026:Q2), F51.1.t, FA893064105.Q",media de los cuatro trimestres a tasa anual ajustada
acciones_eeuu_emision_neta_total_musd,2013,,99906,millones de USD,dato,,"Z.1, publicación del 11 de septiembre de 2026 (2026:Q2), F51.1.t, FA893064105.Q",media de los cuatro trimestres a tasa anual ajustada
acciones_eeuu_emision_neta_total_musd,2014,,302495,millones de USD,dato,,"Z.1, publicación del 11 de septiembre de 2026 (2026:Q2), F51.1.t, FA893064105.Q",media de los cuatro trimestres a tasa anual ajustada
acciones_eeuu_emision_neta_total_musd,2015,,-94966,millones de USD,dato,,"Z.1, publicación del 11 de septiembre de 2026 (2026:Q2), F51.1.t, FA893064105.Q",media de los cuatro trimestres a tasa anual ajustada
acciones_eeuu_emision_neta_total_musd,2016,,-107770,millones de USD,dato,,"Z.1, publicación del 11 de septiembre de 2026 (2026:Q2), F51.1.t, FA893064105.Q",media de los cuatro trimestres a tasa anual ajustada
acciones_eeuu_emision_neta_total_musd,2017,,216547,millones de USD,dato,,"Z.1, publicación del 11 de septiembre de 2026 (2026:Q2), F51.1.t, FA893064105.Q",media de los cuatro trimestres a tasa anual ajustada
acciones_eeuu_emision_neta_total_musd,2018,,-216488,millones de USD,dato,,"Z.1, publicación del 11 de septiembre de 2026 (2026:Q2), F51.1.t, FA893064105.Q",media de los cuatro trimestres a tasa anual ajustada
acciones_eeuu_emision_neta_total_musd,2019,,-193658,millones de USD,dato,,"Z.1, publicación del 11 de septiembre de 2026 (2026:Q2), F51.1.t, FA893064105.Q",media de los cuatro trimestres a tasa anual ajustada
acciones_eeuu_emision_neta_total_musd,2020,,780512,millones de USD,dato,,"Z.1, publicación del 11 de septiembre de 2026 (2026:Q2), F51.1.t, FA893064105.Q",media de los cuatro trimestres a tasa anual ajustada
acciones_eeuu_emision_neta_total_musd,2021,,920256,millones de USD,dato,,"Z.1, publicación del 11 de septiembre de 2026 (2026:Q2), F51.1.t, FA893064105.Q",media de los cuatro trimestres a tasa anual ajustada
acciones_eeuu_emision_neta_total_musd,2022,,235983,millones de USD,dato,,"Z.1, publicación del 11 de septiembre de 2026 (2026:Q2), F51.1.t, FA893064105.Q",media de los cuatro trimestres a tasa anual ajustada
acciones_eeuu_emision_neta_total_musd,2023,,33509,millones de USD,dato,,"Z.1, publicación del 11 de septiembre de 2026 (2026:Q2), F51.1.t, FA893064105.Q",media de los cuatro trimestres a tasa anual ajustada
acciones_eeuu_emision_neta_total_musd,2024,,904995,millones de USD,dato,,"Z.1, publicación del 11 de septiembre de 2026 (2026:Q2), F51.1.t, FA893064105.Q",media de los cuatro trimestres a tasa anual ajustada
acciones_eeuu_emision_neta_total_musd,2025,,1163821.5,millones de USD,dato,,"Z.1, publicación del 11 de septiembre de 2026 (2026:Q2), F51.1.t, FA893064105.Q",media de los cuatro trimestres a tasa anual ajustada
acciones_eeuu_emision_neta_total_pct_vm,1946,,0.745165257897,% del valor de mercado previo,dato,,"Z.1, publicación del 11 de septiembre de 2026 (2026:Q2), FA893064105.Q sobre LM893064105.Q de 1945:Q4 (cálculo propio)",
acciones_eeuu_emision_neta_total_pct_vm,1947,,0.95393301331,% del valor de mercado previo,dato,,"Z.1, publicación del 11 de septiembre de 2026 (2026:Q2), FA893064105.Q sobre LM893064105.Q de 1946:Q4 (cálculo propio)",
acciones_eeuu_emision_neta_total_pct_vm,1948,,0.714635880935,% del valor de mercado previo,dato,,"Z.1, publicación del 11 de septiembre de 2026 (2026:Q2), FA893064105.Q sobre LM893064105.Q de 1947:Q4 (cálculo propio)",
acciones_eeuu_emision_neta_total_pct_vm,1949,,1.04369201711,% del valor de mercado previo,dato,,"Z.1, publicación del 11 de septiembre de 2026 (2026:Q2), FA893064105.Q sobre LM893064105.Q de 1948:Q4 (cálculo propio)",
acciones_eeuu_emision_neta_total_pct_vm,1950,,0.885007543047,% del valor de mercado previo,dato,,"Z.1, publicación del 11 de septiembre de 2026 (2026:Q2), FA893064105.Q sobre LM893064105.Q de 1949:Q4 (cálculo propio)",
acciones_eeuu_emision_neta_total_pct_vm,1951,,1.18629173989,% del valor de mercado previo,dato,,"Z.1, publicación del 11 de septiembre de 2026 (2026:Q2), FA893064105.Q sobre LM893064105.Q de 1950:Q4 (cálculo propio)",
acciones_eeuu_emision_neta_total_pct_vm,1952,,1.22964406626,% del valor de mercado previo,dato,,"Z.1, publicación del 11 de septiembre de 2026 (2026:Q2), FA893064105.Q sobre LM893064105.Q de 1951:Q4 (cálculo propio)",
acciones_eeuu_emision_neta_total_pct_vm,1953,,1.13751900059,% del valor de mercado previo,dato,,"Z.1, publicación del 11 de septiembre de 2026 (2026:Q2), FA893064105.Q sobre LM893064105.Q de 1952:Q4 (cálculo propio)",
acciones_eeuu_emision_neta_total_pct_vm,1954,,0.662922664114,% del valor de mercado previo,dato,,"Z.1, publicación del 11 de septiembre de 2026 (2026:Q2), FA893064105.Q sobre LM893064105.Q de 1953:Q4 (cálculo propio)",
acciones_eeuu_emision_neta_total_pct_vm,1955,,0.74167428339,% del valor de mercado previo,dato,,"Z.1, publicación del 11 de septiembre de 2026 (2026:Q2), FA893064105.Q sobre LM893064105.Q de 1954:Q4 (cálculo propio)",
acciones_eeuu_emision_neta_total_pct_vm,1956,,0.792505516066,% del valor de mercado previo,dato,,"Z.1, publicación del 11 de septiembre de 2026 (2026:Q2), FA893064105.Q sobre LM893064105.Q de 1955:Q4 (cálculo propio)",
acciones_eeuu_emision_neta_total_pct_vm,1957,,0.925782867455,% del valor de mercado previo,dato,,"Z.1, publicación del 11 de septiembre de 2026 (2026:Q2), FA893064105.Q sobre LM893064105.Q de 1956:Q4 (cálculo propio)",
acciones_eeuu_emision_neta_total_pct_vm,1958,,0.244214019079,% del valor de mercado previo,dato,,"Z.1, publicación del 11 de septiembre de 2026 (2026:Q2), FA893064105.Q sobre LM893064105.Q de 1957:Q4 (cálculo propio)",
acciones_eeuu_emision_neta_total_pct_vm,1959,,0.533960125742,% del valor de mercado previo,dato,,"Z.1, publicación del 11 de septiembre de 2026 (2026:Q2), FA893064105.Q sobre LM893064105.Q de 1958:Q4 (cálculo propio)",
acciones_eeuu_emision_neta_total_pct_vm,1960,,0.552492752246,% del valor de mercado previo,dato,,"Z.1, publicación del 11 de septiembre de 2026 (2026:Q2), FA893064105.Q sobre LM893064105.Q de 1959:Q4 (cálculo propio)",
acciones_eeuu_emision_neta_total_pct_vm,1961,,0.256200330308,% del valor de mercado previo,dato,,"Z.1, publicación del 11 de septiembre de 2026 (2026:Q2), FA893064105.Q sobre LM893064105.Q de 1960:Q4 (cálculo propio)",
acciones_eeuu_emision_neta_total_pct_vm,1962,,0.0915381869682,% del valor de mercado previo,dato,,"Z.1, publicación del 11 de septiembre de 2026 (2026:Q2), FA893064105.Q sobre LM893064105.Q de 1961:Q4 (cálculo propio)",
acciones_eeuu_emision_neta_total_pct_vm,1963,,0.150846626692,% del valor de mercado previo,dato,,"Z.1, publicación del 11 de septiembre de 2026 (2026:Q2), FA893064105.Q sobre LM893064105.Q de 1962:Q4 (cálculo propio)",
acciones_eeuu_emision_neta_total_pct_vm,1964,,0.23635793903,% del valor de mercado previo,dato,,"Z.1, publicación del 11 de septiembre de 2026 (2026:Q2), FA893064105.Q sobre LM893064105.Q de 1963:Q4 (cálculo propio)",
acciones_eeuu_emision_neta_total_pct_vm,1965,,-0.0576287841099,% del valor de mercado previo,dato,,"Z.1, publicación del 11 de septiembre de 2026 (2026:Q2), FA893064105.Q sobre LM893064105.Q de 1964:Q4 (cálculo propio)",
acciones_eeuu_emision_neta_total_pct_vm,1966,,0.221928011506,% del valor de mercado previo,dato,,"Z.1, publicación del 11 de septiembre de 2026 (2026:Q2), FA893064105.Q sobre LM893064105.Q de 1965:Q4 (cálculo propio)",
acciones_eeuu_emision_neta_total_pct_vm,1967,,0.266344045643,% del valor de mercado previo,dato,,"Z.1, publicación del 11 de septiembre de 2026 (2026:Q2), FA893064105.Q sobre LM893064105.Q de 1966:Q4 (cálculo propio)",
acciones_eeuu_emision_neta_total_pct_vm,1968,,0.157345106675,% del valor de mercado previo,dato,,"Z.1, publicación del 11 de septiembre de 2026 (2026:Q2), FA893064105.Q sobre LM893064105.Q de 1967:Q4 (cálculo propio)",
acciones_eeuu_emision_neta_total_pct_vm,1969,,0.909761717123,% del valor de mercado previo,dato,,"Z.1, publicación del 11 de septiembre de 2026 (2026:Q2), FA893064105.Q sobre LM893064105.Q de 1968:Q4 (cálculo propio)",
acciones_eeuu_emision_neta_total_pct_vm,1970,,1.16867651905,% del valor de mercado previo,dato,,"Z.1, publicación del 11 de septiembre de 2026 (2026:Q2), FA893064105.Q sobre LM893064105.Q de 1969:Q4 (cálculo propio)",
acciones_eeuu_emision_neta_total_pct_vm,1971,,1.78313421147,% del valor de mercado previo,dato,,"Z.1, publicación del 11 de septiembre de 2026 (2026:Q2), FA893064105.Q sobre LM893064105.Q de 1970:Q4 (cálculo propio)",
acciones_eeuu_emision_neta_total_pct_vm,1972,,1.88240290254,% del valor de mercado previo,dato,,"Z.1, publicación del 11 de septiembre de 2026 (2026:Q2), FA893064105.Q sobre LM893064105.Q de 1971:Q4 (cálculo propio)",
acciones_eeuu_emision_neta_total_pct_vm,1973,,1.86415309475,% del valor de mercado previo,dato,,"Z.1, publicación del 11 de septiembre de 2026 (2026:Q2), FA893064105.Q sobre LM893064105.Q de 1972:Q4 (cálculo propio)",
acciones_eeuu_emision_neta_total_pct_vm,1974,,1.14223232993,% del valor de mercado previo,dato,,"Z.1, publicación del 11 de septiembre de 2026 (2026:Q2), FA893064105.Q sobre LM893064105.Q de 1973:Q4 (cálculo propio)",
acciones_eeuu_emision_neta_total_pct_vm,1975,,2.64793863005,% del valor de mercado previo,dato,,"Z.1, publicación del 11 de septiembre de 2026 (2026:Q2), FA893064105.Q sobre LM893064105.Q de 1974:Q4 (cálculo propio)",
acciones_eeuu_emision_neta_total_pct_vm,1976,,2.10417714069,% del valor de mercado previo,dato,,"Z.1, publicación del 11 de septiembre de 2026 (2026:Q2), FA893064105.Q sobre LM893064105.Q de 1975:Q4 (cálculo propio)",
acciones_eeuu_emision_neta_total_pct_vm,1977,,0.865766542774,% del valor de mercado previo,dato,,"Z.1, publicación del 11 de septiembre de 2026 (2026:Q2), FA893064105.Q sobre LM893064105.Q de 1976:Q4 (cálculo propio)",
acciones_eeuu_emision_neta_total_pct_vm,1978,,0.278024971303,% del valor de mercado previo,dato,,"Z.1, publicación del 11 de septiembre de 2026 (2026:Q2), FA893064105.Q sobre LM893064105.Q de 1977:Q4 (cálculo propio)",
acciones_eeuu_emision_neta_total_pct_vm,1979,,-0.398094509287,% del valor de mercado previo,dato,,"Z.1, publicación del 11 de septiembre de 2026 (2026:Q2), FA893064105.Q sobre LM893064105.Q de 1978:Q4 (cálculo propio)",
acciones_eeuu_emision_neta_total_pct_vm,1980,,1.37554663182,% del valor de mercado previo,dato,,"Z.1, publicación del 11 de septiembre de 2026 (2026:Q2), FA893064105.Q sobre LM893064105.Q de 1979:Q4 (cálculo propio)",
acciones_eeuu_emision_neta_total_pct_vm,1981,,-0.232653967693,% del valor de mercado previo,dato,,"Z.1, publicación del 11 de septiembre de 2026 (2026:Q2), FA893064105.Q sobre LM893064105.Q de 1980:Q4 (cálculo propio)",
acciones_eeuu_emision_neta_total_pct_vm,1982,,1.20598135494,% del valor de mercado previo,dato,,"Z.1, publicación del 11 de septiembre de 2026 (2026:Q2), FA893064105.Q sobre LM893064105.Q de 1981:Q4 (cálculo propio)",
acciones_eeuu_emision_neta_total_pct_vm,1983,,2.34901455054,% del valor de mercado previo,dato,,"Z.1, publicación del 11 de septiembre de 2026 (2026:Q2), FA893064105.Q sobre LM893064105.Q de 1982:Q4 (cálculo propio)",
acciones_eeuu_emision_neta_total_pct_vm,1984,,-3.5916067428,% del valor de mercado previo,dato,,"Z.1, publicación del 11 de septiembre de 2026 (2026:Q2), FA893064105.Q sobre LM893064105.Q de 1983:Q4 (cálculo propio)",
acciones_eeuu_emision_neta_total_pct_vm,1985,,-3.81893229523,% del valor de mercado previo,dato,,"Z.1, publicación del 11 de septiembre de 2026 (2026:Q2), FA893064105.Q sobre LM893064105.Q de 1984:Q4 (cálculo propio)",
acciones_eeuu_emision_neta_total_pct_vm,1986,,-3.26831556484,% del valor de mercado previo,dato,,"Z.1, publicación del 11 de septiembre de 2026 (2026:Q2), FA893064105.Q sobre LM893064105.Q de 1985:Q4 (cálculo propio)",
acciones_eeuu_emision_neta_total_pct_vm,1987,,-2.43542705071,% del valor de mercado previo,dato,,"Z.1, publicación del 11 de septiembre de 2026 (2026:Q2), FA893064105.Q sobre LM893064105.Q de 1986:Q4 (cálculo propio)",
acciones_eeuu_emision_neta_total_pct_vm,1988,,-3.93019222964,% del valor de mercado previo,dato,,"Z.1, publicación del 11 de septiembre de 2026 (2026:Q2), FA893064105.Q sobre LM893064105.Q de 1987:Q4 (cálculo propio)",
acciones_eeuu_emision_neta_total_pct_vm,1989,,-3.25820590912,% del valor de mercado previo,dato,,"Z.1, publicación del 11 de septiembre de 2026 (2026:Q2), FA893064105.Q sobre LM893064105.Q de 1988:Q4 (cálculo propio)",
acciones_eeuu_emision_neta_total_pct_vm,1990,,-1.34766867167,% del valor de mercado previo,dato,,"Z.1, publicación del 11 de septiembre de 2026 (2026:Q2), FA893064105.Q sobre LM893064105.Q de 1989:Q4 (cálculo propio)",
acciones_eeuu_emision_neta_total_pct_vm,1991,,2.21892410343,% del valor de mercado previo,dato,,"Z.1, publicación del 11 de septiembre de 2026 (2026:Q2), FA893064105.Q sobre LM893064105.Q de 1990:Q4 (cálculo propio)",
acciones_eeuu_emision_neta_total_pct_vm,1992,,2.11290833956,% del valor de mercado previo,dato,,"Z.1, publicación del 11 de septiembre de 2026 (2026:Q2), FA893064105.Q sobre LM893064105.Q de 1991:Q4 (cálculo propio)",
acciones_eeuu_emision_neta_total_pct_vm,1993,,2.47994778281,% del valor de mercado previo,dato,,"Z.1, publicación del 11 de septiembre de 2026 (2026:Q2), FA893064105.Q sobre LM893064105.Q de 1992:Q4 (cálculo propio)",
acciones_eeuu_emision_neta_total_pct_vm,1994,,0.150201703514,% del valor de mercado previo,dato,,"Z.1, publicación del 11 de septiembre de 2026 (2026:Q2), FA893064105.Q sobre LM893064105.Q de 1993:Q4 (cálculo propio)",
acciones_eeuu_emision_neta_total_pct_vm,1995,,0.18789098777,% del valor de mercado previo,dato,,"Z.1, publicación del 11 de septiembre de 2026 (2026:Q2), FA893064105.Q sobre LM893064105.Q de 1994:Q4 (cálculo propio)",
acciones_eeuu_emision_neta_total_pct_vm,1996,,0.116880308574,% del valor de mercado previo,dato,,"Z.1, publicación del 11 de septiembre de 2026 (2026:Q2), FA893064105.Q sobre LM893064105.Q de 1995:Q4 (cálculo propio)",
acciones_eeuu_emision_neta_total_pct_vm,1997,,-0.682493445763,% del valor de mercado previo,dato,,"Z.1, publicación del 11 de septiembre de 2026 (2026:Q2), FA893064105.Q sobre LM893064105.Q de 1996:Q4 (cálculo propio)",
acciones_eeuu_emision_neta_total_pct_vm,1998,,-0.954600731659,% del valor de mercado previo,dato,,"Z.1, publicación del 11 de septiembre de 2026 (2026:Q2), FA893064105.Q sobre LM893064105.Q de 1997:Q4 (cálculo propio)",
acciones_eeuu_emision_neta_total_pct_vm,1999,,0.0593438955497,% del valor de mercado previo,dato,,"Z.1, publicación del 11 de septiembre de 2026 (2026:Q2), FA893064105.Q sobre LM893064105.Q de 1998:Q4 (cálculo propio)",
acciones_eeuu_emision_neta_total_pct_vm,2000,,0.479867255231,% del valor de mercado previo,dato,,"Z.1, publicación del 11 de septiembre de 2026 (2026:Q2), FA893064105.Q sobre LM893064105.Q de 1999:Q4 (cálculo propio)",
acciones_eeuu_emision_neta_total_pct_vm,2001,,0.742113065181,% del valor de mercado previo,dato,,"Z.1, publicación del 11 de septiembre de 2026 (2026:Q2), FA893064105.Q sobre LM893064105.Q de 2000:Q4 (cálculo propio)",
acciones_eeuu_emision_neta_total_pct_vm,2002,,0.412627532651,% del valor de mercado previo,dato,,"Z.1, publicación del 11 de septiembre de 2026 (2026:Q2), FA893064105.Q sobre LM893064105.Q de 2001:Q4 (cálculo propio)",
acciones_eeuu_emision_neta_total_pct_vm,2003,,1.39536508944,% del valor de mercado previo,dato,,"Z.1, publicación del 11 de septiembre de 2026 (2026:Q2), FA893064105.Q sobre LM893064105.Q de 2002:Q4 (cálculo propio)",
acciones_eeuu_emision_neta_total_pct_vm,2004,,0.654585610797,% del valor de mercado previo,dato,,"Z.1, publicación del 11 de septiembre de 2026 (2026:Q2), FA893064105.Q sobre LM893064105.Q de 2003:Q4 (cálculo propio)",
acciones_eeuu_emision_neta_total_pct_vm,2005,,0.173312439749,% del valor de mercado previo,dato,,"Z.1, publicación del 11 de septiembre de 2026 (2026:Q2), FA893064105.Q sobre LM893064105.Q de 2004:Q4 (cálculo propio)",
acciones_eeuu_emision_neta_total_pct_vm,2006,,-1.00999205484,% del valor de mercado previo,dato,,"Z.1, publicación del 11 de septiembre de 2026 (2026:Q2), FA893064105.Q sobre LM893064105.Q de 2005:Q4 (cálculo propio)",
acciones_eeuu_emision_neta_total_pct_vm,2007,,-1.01928567359,% del valor de mercado previo,dato,,"Z.1, publicación del 11 de septiembre de 2026 (2026:Q2), FA893064105.Q sobre LM893064105.Q de 2006:Q4 (cálculo propio)",
acciones_eeuu_emision_neta_total_pct_vm,2008,,0.625242313798,% del valor de mercado previo,dato,,"Z.1, publicación del 11 de septiembre de 2026 (2026:Q2), FA893064105.Q sobre LM893064105.Q de 2007:Q4 (cálculo propio)",
acciones_eeuu_emision_neta_total_pct_vm,2009,,1.81473074192,% del valor de mercado previo,dato,,"Z.1, publicación del 11 de septiembre de 2026 (2026:Q2), FA893064105.Q sobre LM893064105.Q de 2008:Q4 (cálculo propio)",
acciones_eeuu_emision_neta_total_pct_vm,2010,,0.468942190886,% del valor de mercado previo,dato,,"Z.1, publicación del 11 de septiembre de 2026 (2026:Q2), FA893064105.Q sobre LM893064105.Q de 2009:Q4 (cálculo propio)",
acciones_eeuu_emision_neta_total_pct_vm,2011,,-0.918068960164,% del valor de mercado previo,dato,,"Z.1, publicación del 11 de septiembre de 2026 (2026:Q2), FA893064105.Q sobre LM893064105.Q de 2010:Q4 (cálculo propio)",
acciones_eeuu_emision_neta_total_pct_vm,2012,,-0.239609757979,% del valor de mercado previo,dato,,"Z.1, publicación del 11 de septiembre de 2026 (2026:Q2), FA893064105.Q sobre LM893064105.Q de 2011:Q4 (cálculo propio)",
acciones_eeuu_emision_neta_total_pct_vm,2013,,0.382822443589,% del valor de mercado previo,dato,,"Z.1, publicación del 11 de septiembre de 2026 (2026:Q2), FA893064105.Q sobre LM893064105.Q de 2012:Q4 (cálculo propio)",
acciones_eeuu_emision_neta_total_pct_vm,2014,,0.90056397672,% del valor de mercado previo,dato,,"Z.1, publicación del 11 de septiembre de 2026 (2026:Q2), FA893064105.Q sobre LM893064105.Q de 2013:Q4 (cálculo propio)",
acciones_eeuu_emision_neta_total_pct_vm,2015,,-0.255755185145,% del valor de mercado previo,dato,,"Z.1, publicación del 11 de septiembre de 2026 (2026:Q2), FA893064105.Q sobre LM893064105.Q de 2014:Q4 (cálculo propio)",
acciones_eeuu_emision_neta_total_pct_vm,2016,,-0.298629899212,% del valor de mercado previo,dato,,"Z.1, publicación del 11 de septiembre de 2026 (2026:Q2), FA893064105.Q sobre LM893064105.Q de 2015:Q4 (cálculo propio)",
acciones_eeuu_emision_neta_total_pct_vm,2017,,0.554278815296,% del valor de mercado previo,dato,,"Z.1, publicación del 11 de septiembre de 2026 (2026:Q2), FA893064105.Q sobre LM893064105.Q de 2016:Q4 (cálculo propio)",
acciones_eeuu_emision_neta_total_pct_vm,2018,,-0.462702102222,% del valor de mercado previo,dato,,"Z.1, publicación del 11 de septiembre de 2026 (2026:Q2), FA893064105.Q sobre LM893064105.Q de 2017:Q4 (cálculo propio)",
acciones_eeuu_emision_neta_total_pct_vm,2019,,-0.452886099443,% del valor de mercado previo,dato,,"Z.1, publicación del 11 de septiembre de 2026 (2026:Q2), FA893064105.Q sobre LM893064105.Q de 2018:Q4 (cálculo propio)",
acciones_eeuu_emision_neta_total_pct_vm,2020,,1.4636744832,% del valor de mercado previo,dato,,"Z.1, publicación del 11 de septiembre de 2026 (2026:Q2), FA893064105.Q sobre LM893064105.Q de 2019:Q4 (cálculo propio)",
acciones_eeuu_emision_neta_total_pct_vm,2021,,1.43934474229,% del valor de mercado previo,dato,,"Z.1, publicación del 11 de septiembre de 2026 (2026:Q2), FA893064105.Q sobre LM893064105.Q de 2020:Q4 (cálculo propio)",
acciones_eeuu_emision_neta_total_pct_vm,2022,,0.296444758263,% del valor de mercado previo,dato,,"Z.1, publicación del 11 de septiembre de 2026 (2026:Q2), FA893064105.Q sobre LM893064105.Q de 2021:Q4 (cálculo propio)",
acciones_eeuu_emision_neta_total_pct_vm,2023,,0.0524568378957,% del valor de mercado previo,dato,,"Z.1, publicación del 11 de septiembre de 2026 (2026:Q2), FA893064105.Q sobre LM893064105.Q de 2022:Q4 (cálculo propio)",
acciones_eeuu_emision_neta_total_pct_vm,2024,,1.17887315803,% del valor de mercado previo,dato,,"Z.1, publicación del 11 de septiembre de 2026 (2026:Q2), FA893064105.Q sobre LM893064105.Q de 2023:Q4 (cálculo propio)",
acciones_eeuu_emision_neta_total_pct_vm,2025,,1.26008807028,% del valor de mercado previo,dato,,"Z.1, publicación del 11 de septiembre de 2026 (2026:Q2), FA893064105.Q sobre LM893064105.Q de 2024:Q4 (cálculo propio)",
acciones_eeuu_valor_de_mercado_financieras_musd,1945,1945-12-31,48216,millones de USD,dato,,"Z.1, publicación del 11 de septiembre de 2026 (2026:Q2), F51.1.s, LM793164105.Q",
acciones_eeuu_valor_de_mercado_financieras_musd,1946,1946-12-31,48353,millones de USD,dato,,"Z.1, publicación del 11 de septiembre de 2026 (2026:Q2), F51.1.s, LM793164105.Q",
acciones_eeuu_valor_de_mercado_financieras_musd,1947,1947-12-31,48741,millones de USD,dato,,"Z.1, publicación del 11 de septiembre de 2026 (2026:Q2), F51.1.s, LM793164105.Q",
acciones_eeuu_valor_de_mercado_financieras_musd,1948,1948-12-31,48923,millones de USD,dato,,"Z.1, publicación del 11 de septiembre de 2026 (2026:Q2), F51.1.s, LM793164105.Q",
acciones_eeuu_valor_de_mercado_financieras_musd,1949,1949-12-31,49254,millones de USD,dato,,"Z.1, publicación del 11 de septiembre de 2026 (2026:Q2), F51.1.s, LM793164105.Q",
acciones_eeuu_valor_de_mercado_financieras_musd,1950,1950-12-31,49672,millones de USD,dato,,"Z.1, publicación del 11 de septiembre de 2026 (2026:Q2), F51.1.s, LM793164105.Q",
acciones_eeuu_valor_de_mercado_financieras_musd,1951,1951-12-31,50063,millones de USD,dato,,"Z.1, publicación del 11 de septiembre de 2026 (2026:Q2), F51.1.s, LM793164105.Q",
acciones_eeuu_valor_de_mercado_financieras_musd,1952,1952-12-31,50591,millones de USD,dato,,"Z.1, publicación del 11 de septiembre de 2026 (2026:Q2), F51.1.s, LM793164105.Q",
acciones_eeuu_valor_de_mercado_financieras_musd,1953,1953-12-31,50992,millones de USD,dato,,"Z.1, publicación del 11 de septiembre de 2026 (2026:Q2), F51.1.s, LM793164105.Q",
acciones_eeuu_valor_de_mercado_financieras_musd,1954,1954-12-31,51649,millones de USD,dato,,"Z.1, publicación del 11 de septiembre de 2026 (2026:Q2), F51.1.s, LM793164105.Q",
acciones_eeuu_valor_de_mercado_financieras_musd,1955,1955-12-31,52012,millones de USD,dato,,"Z.1, publicación del 11 de septiembre de 2026 (2026:Q2), F51.1.s, LM793164105.Q",
acciones_eeuu_valor_de_mercado_financieras_musd,1956,1956-12-31,52620,millones de USD,dato,,"Z.1, publicación del 11 de septiembre de 2026 (2026:Q2), F51.1.s, LM793164105.Q",
acciones_eeuu_valor_de_mercado_financieras_musd,1957,1957-12-31,53395,millones de USD,dato,,"Z.1, publicación del 11 de septiembre de 2026 (2026:Q2), F51.1.s, LM793164105.Q",
acciones_eeuu_valor_de_mercado_financieras_musd,1958,1958-12-31,54286,millones de USD,dato,,"Z.1, publicación del 11 de septiembre de 2026 (2026:Q2), F51.1.s, LM793164105.Q",
acciones_eeuu_valor_de_mercado_financieras_musd,1959,1959-12-31,54974,millones de USD,dato,,"Z.1, publicación del 11 de septiembre de 2026 (2026:Q2), F51.1.s, LM793164105.Q",
acciones_eeuu_valor_de_mercado_financieras_musd,1960,1960-12-31,55908,millones de USD,dato,,"Z.1, publicación del 11 de septiembre de 2026 (2026:Q2), F51.1.s, LM793164105.Q",
acciones_eeuu_valor_de_mercado_financieras_musd,1961,1961-12-31,78518,millones de USD,dato,,"Z.1, publicación del 11 de septiembre de 2026 (2026:Q2), F51.1.s, LM793164105.Q",
acciones_eeuu_valor_de_mercado_financieras_musd,1962,1962-12-31,74795,millones de USD,dato,,"Z.1, publicación del 11 de septiembre de 2026 (2026:Q2), F51.1.s, LM793164105.Q",
acciones_eeuu_valor_de_mercado_financieras_musd,1963,1963-12-31,87551,millones de USD,dato,,"Z.1, publicación del 11 de septiembre de 2026 (2026:Q2), F51.1.s, LM793164105.Q",
acciones_eeuu_valor_de_mercado_financieras_musd,1964,1964-12-31,96021,millones de USD,dato,,"Z.1, publicación del 11 de septiembre de 2026 (2026:Q2), F51.1.s, LM793164105.Q",
acciones_eeuu_valor_de_mercado_financieras_musd,1965,1965-12-31,106063,millones de USD,dato,,"Z.1, publicación del 11 de septiembre de 2026 (2026:Q2), F51.1.s, LM793164105.Q",
acciones_eeuu_valor_de_mercado_financieras_musd,1966,1966-12-31,108209,millones de USD,dato,,"Z.1, publicación del 11 de septiembre de 2026 (2026:Q2), F51.1.s, LM793164105.Q",
acciones_eeuu_valor_de_mercado_financieras_musd,1967,1967-12-31,117648,millones de USD,dato,,"Z.1, publicación del 11 de septiembre de 2026 (2026:Q2), F51.1.s, LM793164105.Q",
acciones_eeuu_valor_de_mercado_financieras_musd,1968,1968-12-31,146483,millones de USD,dato,,"Z.1, publicación del 11 de septiembre de 2026 (2026:Q2), F51.1.s, LM793164105.Q",
acciones_eeuu_valor_de_mercado_financieras_musd,1969,1969-12-31,128581,millones de USD,dato,,"Z.1, publicación del 11 de septiembre de 2026 (2026:Q2), F51.1.s, LM793164105.Q",
acciones_eeuu_valor_de_mercado_financieras_musd,1970,1970-12-31,122178,millones de USD,dato,,"Z.1, publicación del 11 de septiembre de 2026 (2026:Q2), F51.1.s, LM793164105.Q",
acciones_eeuu_valor_de_mercado_financieras_musd,1971,1971-12-31,143192,millones de USD,dato,,"Z.1, publicación del 11 de septiembre de 2026 (2026:Q2), F51.1.s, LM793164105.Q",
acciones_eeuu_valor_de_mercado_financieras_musd,1972,1972-12-31,159796,millones de USD,dato,,"Z.1, publicación del 11 de septiembre de 2026 (2026:Q2), F51.1.s, LM793164105.Q",
acciones_eeuu_valor_de_mercado_financieras_musd,1973,1973-12-31,118746,millones de USD,dato,,"Z.1, publicación del 11 de septiembre de 2026 (2026:Q2), F51.1.s, LM793164105.Q",
acciones_eeuu_valor_de_mercado_financieras_musd,1974,1974-12-31,65825,millones de USD,dato,,"Z.1, publicación del 11 de septiembre de 2026 (2026:Q2), F51.1.s, LM793164105.Q",
acciones_eeuu_valor_de_mercado_financieras_musd,1975,1975-12-31,74896,millones de USD,dato,,"Z.1, publicación del 11 de septiembre de 2026 (2026:Q2), F51.1.s, LM793164105.Q",
acciones_eeuu_valor_de_mercado_financieras_musd,1976,1976-12-31,97363,millones de USD,dato,,"Z.1, publicación del 11 de septiembre de 2026 (2026:Q2), F51.1.s, LM793164105.Q",
acciones_eeuu_valor_de_mercado_financieras_musd,1977,1977-12-31,93293,millones de USD,dato,,"Z.1, publicación del 11 de septiembre de 2026 (2026:Q2), F51.1.s, LM793164105.Q",
acciones_eeuu_valor_de_mercado_financieras_musd,1978,1978-12-31,102048,millones de USD,dato,,"Z.1, publicación del 11 de septiembre de 2026 (2026:Q2), F51.1.s, LM793164105.Q",
acciones_eeuu_valor_de_mercado_financieras_musd,1979,1979-12-31,117667,millones de USD,dato,,"Z.1, publicación del 11 de septiembre de 2026 (2026:Q2), F51.1.s, LM793164105.Q",
acciones_eeuu_valor_de_mercado_financieras_musd,1980,1980-12-31,129471,millones de USD,dato,,"Z.1, publicación del 11 de septiembre de 2026 (2026:Q2), F51.1.s, LM793164105.Q",
acciones_eeuu_valor_de_mercado_financieras_musd,1981,1981-12-31,139924,millones de USD,dato,,"Z.1, publicación del 11 de septiembre de 2026 (2026:Q2), F51.1.s, LM793164105.Q",
acciones_eeuu_valor_de_mercado_financieras_musd,1982,1982-12-31,158564,millones de USD,dato,,"Z.1, publicación del 11 de septiembre de 2026 (2026:Q2), F51.1.s, LM793164105.Q",
acciones_eeuu_valor_de_mercado_financieras_musd,1983,1983-12-31,199298,millones de USD,dato,,"Z.1, publicación del 11 de septiembre de 2026 (2026:Q2), F51.1.s, LM793164105.Q",
acciones_eeuu_valor_de_mercado_financieras_musd,1984,1984-12-31,209518,millones de USD,dato,,"Z.1, publicación del 11 de septiembre de 2026 (2026:Q2), F51.1.s, LM793164105.Q",
acciones_eeuu_valor_de_mercado_financieras_musd,1985,1985-12-31,308391,millones de USD,dato,,"Z.1, publicación del 11 de septiembre de 2026 (2026:Q2), F51.1.s, LM793164105.Q",
acciones_eeuu_valor_de_mercado_financieras_musd,1986,1986-12-31,367904,millones de USD,dato,,"Z.1, publicación del 11 de septiembre de 2026 (2026:Q2), F51.1.s, LM793164105.Q",
acciones_eeuu_valor_de_mercado_financieras_musd,1987,1987-12-31,327922,millones de USD,dato,,"Z.1, publicación del 11 de septiembre de 2026 (2026:Q2), F51.1.s, LM793164105.Q",
acciones_eeuu_valor_de_mercado_financieras_musd,1988,1988-12-31,387624,millones de USD,dato,,"Z.1, publicación del 11 de septiembre de 2026 (2026:Q2), F51.1.s, LM793164105.Q",
acciones_eeuu_valor_de_mercado_financieras_musd,1989,1989-12-31,475602,millones de USD,dato,,"Z.1, publicación del 11 de septiembre de 2026 (2026:Q2), F51.1.s, LM793164105.Q",
acciones_eeuu_valor_de_mercado_financieras_musd,1990,1990-12-31,376718,millones de USD,dato,,"Z.1, publicación del 11 de septiembre de 2026 (2026:Q2), F51.1.s, LM793164105.Q",
acciones_eeuu_valor_de_mercado_financieras_musd,1991,1991-12-31,568380,millones de USD,dato,,"Z.1, publicación del 11 de septiembre de 2026 (2026:Q2), F51.1.s, LM793164105.Q",
acciones_eeuu_valor_de_mercado_financieras_musd,1992,1992-12-31,738442,millones de USD,dato,,"Z.1, publicación del 11 de septiembre de 2026 (2026:Q2), F51.1.s, LM793164105.Q",
acciones_eeuu_valor_de_mercado_financieras_musd,1993,1993-12-31,887665,millones de USD,dato,,"Z.1, publicación del 11 de septiembre de 2026 (2026:Q2), F51.1.s, LM793164105.Q",
acciones_eeuu_valor_de_mercado_financieras_musd,1994,1994-12-31,859154,millones de USD,dato,,"Z.1, publicación del 11 de septiembre de 2026 (2026:Q2), F51.1.s, LM793164105.Q",
acciones_eeuu_valor_de_mercado_financieras_musd,1995,1995-12-31,1240737,millones de USD,dato,,"Z.1, publicación del 11 de septiembre de 2026 (2026:Q2), F51.1.s, LM793164105.Q",
acciones_eeuu_valor_de_mercado_financieras_musd,1996,1996-12-31,1651432,millones de USD,dato,,"Z.1, publicación del 11 de septiembre de 2026 (2026:Q2), F51.1.s, LM793164105.Q",
acciones_eeuu_valor_de_mercado_financieras_musd,1997,1997-12-31,2357018,millones de USD,dato,,"Z.1, publicación del 11 de septiembre de 2026 (2026:Q2), F51.1.s, LM793164105.Q",
acciones_eeuu_valor_de_mercado_financieras_musd,1998,1998-12-31,2556783,millones de USD,dato,,"Z.1, publicación del 11 de septiembre de 2026 (2026:Q2), F51.1.s, LM793164105.Q",
acciones_eeuu_valor_de_mercado_financieras_musd,1999,1999-12-31,2587736,millones de USD,dato,,"Z.1, publicación del 11 de septiembre de 2026 (2026:Q2), F51.1.s, LM793164105.Q",
acciones_eeuu_valor_de_mercado_financieras_musd,2000,2000-12-31,3030494,millones de USD,dato,,"Z.1, publicación del 11 de septiembre de 2026 (2026:Q2), F51.1.s, LM793164105.Q",
acciones_eeuu_valor_de_mercado_financieras_musd,2001,2001-12-31,2831295,millones de USD,dato,,"Z.1, publicación del 11 de septiembre de 2026 (2026:Q2), F51.1.s, LM793164105.Q",
acciones_eeuu_valor_de_mercado_financieras_musd,2002,2002-12-31,2550342,millones de USD,dato,,"Z.1, publicación del 11 de septiembre de 2026 (2026:Q2), F51.1.s, LM793164105.Q",
acciones_eeuu_valor_de_mercado_financieras_musd,2003,2003-12-31,3318960,millones de USD,dato,,"Z.1, publicación del 11 de septiembre de 2026 (2026:Q2), F51.1.s, LM793164105.Q",
acciones_eeuu_valor_de_mercado_financieras_musd,2004,2004-12-31,3723667,millones de USD,dato,,"Z.1, publicación del 11 de septiembre de 2026 (2026:Q2), F51.1.s, LM793164105.Q",
acciones_eeuu_valor_de_mercado_financieras_musd,2005,2005-12-31,3982020,millones de USD,dato,,"Z.1, publicación del 11 de septiembre de 2026 (2026:Q2), F51.1.s, LM793164105.Q",
acciones_eeuu_valor_de_mercado_financieras_musd,2006,2006-12-31,4622536,millones de USD,dato,,"Z.1, publicación del 11 de septiembre de 2026 (2026:Q2), F51.1.s, LM793164105.Q",
acciones_eeuu_valor_de_mercado_financieras_musd,2007,2007-12-31,4138736,millones de USD,dato,,"Z.1, publicación del 11 de septiembre de 2026 (2026:Q2), F51.1.s, LM793164105.Q",
acciones_eeuu_valor_de_mercado_financieras_musd,2008,2008-12-31,2694743,millones de USD,dato,,"Z.1, publicación del 11 de septiembre de 2026 (2026:Q2), F51.1.s, LM793164105.Q",
acciones_eeuu_valor_de_mercado_financieras_musd,2009,2009-12-31,3338425,millones de USD,dato,,"Z.1, publicación del 11 de septiembre de 2026 (2026:Q2), F51.1.s, LM793164105.Q",
acciones_eeuu_valor_de_mercado_financieras_musd,2010,2010-12-31,3962429,millones de USD,dato,,"Z.1, publicación del 11 de septiembre de 2026 (2026:Q2), F51.1.s, LM793164105.Q",
acciones_eeuu_valor_de_mercado_financieras_musd,2011,2011-12-31,3555408,millones de USD,dato,,"Z.1, publicación del 11 de septiembre de 2026 (2026:Q2), F51.1.s, LM793164105.Q",
acciones_eeuu_valor_de_mercado_financieras_musd,2012,2012-12-31,4256948,millones de USD,dato,,"Z.1, publicación del 11 de septiembre de 2026 (2026:Q2), F51.1.s, LM793164105.Q",
acciones_eeuu_valor_de_mercado_financieras_musd,2013,2013-12-31,5611403,millones de USD,dato,,"Z.1, publicación del 11 de septiembre de 2026 (2026:Q2), F51.1.s, LM793164105.Q",
acciones_eeuu_valor_de_mercado_financieras_musd,2014,2014-12-31,6337905,millones de USD,dato,,"Z.1, publicación del 11 de septiembre de 2026 (2026:Q2), F51.1.s, LM793164105.Q",
acciones_eeuu_valor_de_mercado_financieras_musd,2015,2015-12-31,6275201,millones de USD,dato,,"Z.1, publicación del 11 de septiembre de 2026 (2026:Q2), F51.1.s, LM793164105.Q",
acciones_eeuu_valor_de_mercado_financieras_musd,2016,2016-12-31,7336620,millones de USD,dato,,"Z.1, publicación del 11 de septiembre de 2026 (2026:Q2), F51.1.s, LM793164105.Q",
acciones_eeuu_valor_de_mercado_financieras_musd,2017,2017-12-31,9005255,millones de USD,dato,,"Z.1, publicación del 11 de septiembre de 2026 (2026:Q2), F51.1.s, LM793164105.Q",
acciones_eeuu_valor_de_mercado_financieras_musd,2018,2018-12-31,8205904,millones de USD,dato,,"Z.1, publicación del 11 de septiembre de 2026 (2026:Q2), F51.1.s, LM793164105.Q",
acciones_eeuu_valor_de_mercado_financieras_musd,2019,2019-12-31,10179294,millones de USD,dato,,"Z.1, publicación del 11 de septiembre de 2026 (2026:Q2), F51.1.s, LM793164105.Q",
acciones_eeuu_valor_de_mercado_financieras_musd,2020,2020-12-31,11131446,millones de USD,dato,,"Z.1, publicación del 11 de septiembre de 2026 (2026:Q2), F51.1.s, LM793164105.Q",
acciones_eeuu_valor_de_mercado_financieras_musd,2021,2021-12-31,15053863,millones de USD,dato,,"Z.1, publicación del 11 de septiembre de 2026 (2026:Q2), F51.1.s, LM793164105.Q",
acciones_eeuu_valor_de_mercado_financieras_musd,2022,2022-12-31,13290593,millones de USD,dato,,"Z.1, publicación del 11 de septiembre de 2026 (2026:Q2), F51.1.s, LM793164105.Q",
acciones_eeuu_valor_de_mercado_financieras_musd,2023,2023-12-31,15434636,millones de USD,dato,,"Z.1, publicación del 11 de septiembre de 2026 (2026:Q2), F51.1.s, LM793164105.Q",
acciones_eeuu_valor_de_mercado_financieras_musd,2024,2024-12-31,19417151,millones de USD,dato,,"Z.1, publicación del 11 de septiembre de 2026 (2026:Q2), F51.1.s, LM793164105.Q",
acciones_eeuu_valor_de_mercado_financieras_musd,2025,2025-12-31,23648820,millones de USD,dato,,"Z.1, publicación del 11 de septiembre de 2026 (2026:Q2), F51.1.s, LM793164105.Q",
acciones_eeuu_valor_de_mercado_no_financieras_musd,1945,1945-12-31,103694,millones de USD,dato,,"Z.1, publicación del 11 de septiembre de 2026 (2026:Q2), F51.1.s, LM103164105.Q",
acciones_eeuu_valor_de_mercado_no_financieras_musd,1946,1946-12-31,97302,millones de USD,dato,,"Z.1, publicación del 11 de septiembre de 2026 (2026:Q2), F51.1.s, LM103164105.Q",
acciones_eeuu_valor_de_mercado_no_financieras_musd,1947,1947-12-31,95116,millones de USD,dato,,"Z.1, publicación del 11 de septiembre de 2026 (2026:Q2), F51.1.s, LM103164105.Q",
acciones_eeuu_valor_de_mercado_no_financieras_musd,1948,1948-12-31,94141,millones de USD,dato,,"Z.1, publicación del 11 de septiembre de 2026 (2026:Q2), F51.1.s, LM103164105.Q",
acciones_eeuu_valor_de_mercado_no_financieras_musd,1949,1949-12-31,103822,millones de USD,dato,,"Z.1, publicación del 11 de septiembre de 2026 (2026:Q2), F51.1.s, LM103164105.Q",
acciones_eeuu_valor_de_mercado_no_financieras_musd,1950,1950-12-31,126681,millones de USD,dato,,"Z.1, publicación del 11 de septiembre de 2026 (2026:Q2), F51.1.s, LM103164105.Q",
acciones_eeuu_valor_de_mercado_no_financieras_musd,1951,1951-12-31,147629,millones de USD,dato,,"Z.1, publicación del 11 de septiembre de 2026 (2026:Q2), F51.1.s, LM103164105.Q",
acciones_eeuu_valor_de_mercado_no_financieras_musd,1952,1952-12-31,146628,millones de USD,dato,,"Z.1, publicación del 11 de septiembre de 2026 (2026:Q2), F51.1.s, LM103164105.Q",
acciones_eeuu_valor_de_mercado_no_financieras_musd,1953,1953-12-31,144082,millones de USD,dato,,"Z.1, publicación del 11 de septiembre de 2026 (2026:Q2), F51.1.s, LM103164105.Q",
acciones_eeuu_valor_de_mercado_no_financieras_musd,1954,1954-12-31,194840,millones de USD,dato,,"Z.1, publicación del 11 de septiembre de 2026 (2026:Q2), F51.1.s, LM103164105.Q",
acciones_eeuu_valor_de_mercado_no_financieras_musd,1955,1955-12-31,244222,millones de USD,dato,,"Z.1, publicación del 11 de septiembre de 2026 (2026:Q2), F51.1.s, LM103164105.Q",
acciones_eeuu_valor_de_mercado_no_financieras_musd,1956,1956-12-31,268373,millones de USD,dato,,"Z.1, publicación del 11 de septiembre de 2026 (2026:Q2), F51.1.s, LM103164105.Q",
acciones_eeuu_valor_de_mercado_no_financieras_musd,1957,1957-12-31,245747,millones de USD,dato,,"Z.1, publicación del 11 de septiembre de 2026 (2026:Q2), F51.1.s, LM103164105.Q",
acciones_eeuu_valor_de_mercado_no_financieras_musd,1958,1958-12-31,324670,millones de USD,dato,,"Z.1, publicación del 11 de septiembre de 2026 (2026:Q2), F51.1.s, LM103164105.Q",
acciones_eeuu_valor_de_mercado_no_financieras_musd,1959,1959-12-31,362157,millones de USD,dato,,"Z.1, publicación del 11 de septiembre de 2026 (2026:Q2), F51.1.s, LM103164105.Q",
acciones_eeuu_valor_de_mercado_no_financieras_musd,1960,1960-12-31,365166,millones de USD,dato,,"Z.1, publicación del 11 de septiembre de 2026 (2026:Q2), F51.1.s, LM103164105.Q",
acciones_eeuu_valor_de_mercado_no_financieras_musd,1961,1961-12-31,437674,millones de USD,dato,,"Z.1, publicación del 11 de septiembre de 2026 (2026:Q2), F51.1.s, LM103164105.Q",
acciones_eeuu_valor_de_mercado_no_financieras_musd,1962,1962-12-31,424314,millones de USD,dato,,"Z.1, publicación del 11 de septiembre de 2026 (2026:Q2), F51.1.s, LM103164105.Q",
acciones_eeuu_valor_de_mercado_no_financieras_musd,1963,1963-12-31,465779,millones de USD,dato,,"Z.1, publicación del 11 de septiembre de 2026 (2026:Q2), F51.1.s, LM103164105.Q",
acciones_eeuu_valor_de_mercado_no_financieras_musd,1964,1964-12-31,545955,millones de USD,dato,,"Z.1, publicación del 11 de septiembre de 2026 (2026:Q2), F51.1.s, LM103164105.Q",
acciones_eeuu_valor_de_mercado_no_financieras_musd,1965,1965-12-31,623812,millones de USD,dato,,"Z.1, publicación del 11 de septiembre de 2026 (2026:Q2), F51.1.s, LM103164105.Q",
acciones_eeuu_valor_de_mercado_no_financieras_musd,1966,1966-12-31,547891,millones de USD,dato,,"Z.1, publicación del 11 de septiembre de 2026 (2026:Q2), F51.1.s, LM103164105.Q",
acciones_eeuu_valor_de_mercado_no_financieras_musd,1967,1967-12-31,712221,millones de USD,dato,,"Z.1, publicación del 11 de septiembre de 2026 (2026:Q2), F51.1.s, LM103164105.Q",
acciones_eeuu_valor_de_mercado_no_financieras_musd,1968,1968-12-31,843150,millones de USD,dato,,"Z.1, publicación del 11 de septiembre de 2026 (2026:Q2), F51.1.s, LM103164105.Q",
acciones_eeuu_valor_de_mercado_no_financieras_musd,1969,1969-12-31,705075,millones de USD,dato,,"Z.1, publicación del 11 de septiembre de 2026 (2026:Q2), F51.1.s, LM103164105.Q",
acciones_eeuu_valor_de_mercado_no_financieras_musd,1970,1970-12-31,702482,millones de USD,dato,,"Z.1, publicación del 11 de septiembre de 2026 (2026:Q2), F51.1.s, LM103164105.Q",
acciones_eeuu_valor_de_mercado_no_financieras_musd,1971,1971-12-31,824038,millones de USD,dato,,"Z.1, publicación del 11 de septiembre de 2026 (2026:Q2), F51.1.s, LM103164105.Q",
acciones_eeuu_valor_de_mercado_no_financieras_musd,1972,1972-12-31,1032948,millones de USD,dato,,"Z.1, publicación del 11 de septiembre de 2026 (2026:Q2), F51.1.s, LM103164105.Q",
acciones_eeuu_valor_de_mercado_no_financieras_musd,1973,1973-12-31,809566,millones de USD,dato,,"Z.1, publicación del 11 de septiembre de 2026 (2026:Q2), F51.1.s, LM103164105.Q",
acciones_eeuu_valor_de_mercado_no_financieras_musd,1974,1974-12-31,557656,millones de USD,dato,,"Z.1, publicación del 11 de septiembre de 2026 (2026:Q2), F51.1.s, LM103164105.Q",
acciones_eeuu_valor_de_mercado_no_financieras_musd,1975,1975-12-31,754897,millones de USD,dato,,"Z.1, publicación del 11 de septiembre de 2026 (2026:Q2), F51.1.s, LM103164105.Q",
acciones_eeuu_valor_de_mercado_no_financieras_musd,1976,1976-12-31,927412,millones de USD,dato,,"Z.1, publicación del 11 de septiembre de 2026 (2026:Q2), F51.1.s, LM103164105.Q",
acciones_eeuu_valor_de_mercado_no_financieras_musd,1977,1977-12-31,819176,millones de USD,dato,,"Z.1, publicación del 11 de septiembre de 2026 (2026:Q2), F51.1.s, LM103164105.Q",
acciones_eeuu_valor_de_mercado_no_financieras_musd,1978,1978-12-31,856335,millones de USD,dato,,"Z.1, publicación del 11 de septiembre de 2026 (2026:Q2), F51.1.s, LM103164105.Q",
acciones_eeuu_valor_de_mercado_no_financieras_musd,1979,1979-12-31,1014783,millones de USD,dato,,"Z.1, publicación del 11 de septiembre de 2026 (2026:Q2), F51.1.s, LM103164105.Q",
acciones_eeuu_valor_de_mercado_no_financieras_musd,1980,1980-12-31,1346523,millones de USD,dato,,"Z.1, publicación del 11 de septiembre de 2026 (2026:Q2), F51.1.s, LM103164105.Q",
acciones_eeuu_valor_de_mercado_no_financieras_musd,1981,1981-12-31,1225637,millones de USD,dato,,"Z.1, publicación del 11 de septiembre de 2026 (2026:Q2), F51.1.s, LM103164105.Q",
acciones_eeuu_valor_de_mercado_no_financieras_musd,1982,1982-12-31,1386479,millones de USD,dato,,"Z.1, publicación del 11 de septiembre de 2026 (2026:Q2), F51.1.s, LM103164105.Q",
acciones_eeuu_valor_de_mercado_no_financieras_musd,1983,1983-12-31,1630514,millones de USD,dato,,"Z.1, publicación del 11 de septiembre de 2026 (2026:Q2), F51.1.s, LM103164105.Q",
acciones_eeuu_valor_de_mercado_no_financieras_musd,1984,1984-12-31,1553653,millones de USD,dato,,"Z.1, publicación del 11 de septiembre de 2026 (2026:Q2), F51.1.s, LM103164105.Q",
acciones_eeuu_valor_de_mercado_no_financieras_musd,1985,1985-12-31,1917631,millones de USD,dato,,"Z.1, publicación del 11 de septiembre de 2026 (2026:Q2), F51.1.s, LM103164105.Q",
acciones_eeuu_valor_de_mercado_no_financieras_musd,1986,1986-12-31,2241896,millones de USD,dato,,"Z.1, publicación del 11 de septiembre de 2026 (2026:Q2), F51.1.s, LM103164105.Q",
acciones_eeuu_valor_de_mercado_no_financieras_musd,1987,1987-12-31,2287678,millones de USD,dato,,"Z.1, publicación del 11 de septiembre de 2026 (2026:Q2), F51.1.s, LM103164105.Q",
acciones_eeuu_valor_de_mercado_no_financieras_musd,1988,1988-12-31,2559333,millones de USD,dato,,"Z.1, publicación del 11 de septiembre de 2026 (2026:Q2), F51.1.s, LM103164105.Q",
acciones_eeuu_valor_de_mercado_no_financieras_musd,1989,1989-12-31,3140008,millones de USD,dato,,"Z.1, publicación del 11 de septiembre de 2026 (2026:Q2), F51.1.s, LM103164105.Q",
acciones_eeuu_valor_de_mercado_no_financieras_musd,1990,1990-12-31,2956992,millones de USD,dato,,"Z.1, publicación del 11 de septiembre de 2026 (2026:Q2), F51.1.s, LM103164105.Q",
acciones_eeuu_valor_de_mercado_no_financieras_musd,1991,1991-12-31,4000417,millones de USD,dato,,"Z.1, publicación del 11 de septiembre de 2026 (2026:Q2), F51.1.s, LM103164105.Q",
acciones_eeuu_valor_de_mercado_no_financieras_musd,1992,1992-12-31,4369261,millones de USD,dato,,"Z.1, publicación del 11 de septiembre de 2026 (2026:Q2), F51.1.s, LM103164105.Q",
acciones_eeuu_valor_de_mercado_no_financieras_musd,1993,1993-12-31,4865339,millones de USD,dato,,"Z.1, publicación del 11 de septiembre de 2026 (2026:Q2), F51.1.s, LM103164105.Q",
acciones_eeuu_valor_de_mercado_no_financieras_musd,1994,1994-12-31,4831577,millones de USD,dato,,"Z.1, publicación del 11 de septiembre de 2026 (2026:Q2), F51.1.s, LM103164105.Q",
acciones_eeuu_valor_de_mercado_no_financieras_musd,1995,1995-12-31,6449974,millones de USD,dato,,"Z.1, publicación del 11 de septiembre de 2026 (2026:Q2), F51.1.s, LM103164105.Q",
acciones_eeuu_valor_de_mercado_no_financieras_musd,1996,1996-12-31,7403482,millones de USD,dato,,"Z.1, publicación del 11 de septiembre de 2026 (2026:Q2), F51.1.s, LM103164105.Q",
acciones_eeuu_valor_de_mercado_no_financieras_musd,1997,1997-12-31,9430052,millones de USD,dato,,"Z.1, publicación del 11 de septiembre de 2026 (2026:Q2), F51.1.s, LM103164105.Q",
acciones_eeuu_valor_de_mercado_no_financieras_musd,1998,1998-12-31,11882255,millones de USD,dato,,"Z.1, publicación del 11 de septiembre de 2026 (2026:Q2), F51.1.s, LM103164105.Q",
acciones_eeuu_valor_de_mercado_no_financieras_musd,1999,1999-12-31,15385531,millones de USD,dato,,"Z.1, publicación del 11 de septiembre de 2026 (2026:Q2), F51.1.s, LM103164105.Q",
acciones_eeuu_valor_de_mercado_no_financieras_musd,2000,2000-12-31,13360919,millones de USD,dato,,"Z.1, publicación del 11 de septiembre de 2026 (2026:Q2), F51.1.s, LM103164105.Q",
acciones_eeuu_valor_de_mercado_no_financieras_musd,2001,2001-12-31,11943208,millones de USD,dato,,"Z.1, publicación del 11 de septiembre de 2026 (2026:Q2), F51.1.s, LM103164105.Q",
acciones_eeuu_valor_de_mercado_no_financieras_musd,2002,2002-12-31,9268856,millones de USD,dato,,"Z.1, publicación del 11 de septiembre de 2026 (2026:Q2), F51.1.s, LM103164105.Q",
acciones_eeuu_valor_de_mercado_no_financieras_musd,2003,2003-12-31,11930291,millones de USD,dato,,"Z.1, publicación del 11 de septiembre de 2026 (2026:Q2), F51.1.s, LM103164105.Q",
acciones_eeuu_valor_de_mercado_no_financieras_musd,2004,2004-12-31,13516571,millones de USD,dato,,"Z.1, publicación del 11 de septiembre de 2026 (2026:Q2), F51.1.s, LM103164105.Q",
acciones_eeuu_valor_de_mercado_no_financieras_musd,2005,2005-12-31,14217771,millones de USD,dato,,"Z.1, publicación del 11 de septiembre de 2026 (2026:Q2), F51.1.s, LM103164105.Q",
acciones_eeuu_valor_de_mercado_no_financieras_musd,2006,2006-12-31,16023053,millones de USD,dato,,"Z.1, publicación del 11 de septiembre de 2026 (2026:Q2), F51.1.s, LM103164105.Q",
acciones_eeuu_valor_de_mercado_no_financieras_musd,2007,2007-12-31,16914397,millones de USD,dato,,"Z.1, publicación del 11 de septiembre de 2026 (2026:Q2), F51.1.s, LM103164105.Q",
acciones_eeuu_valor_de_mercado_no_financieras_musd,2008,2008-12-31,11038117,millones de USD,dato,,"Z.1, publicación del 11 de septiembre de 2026 (2026:Q2), F51.1.s, LM103164105.Q",
acciones_eeuu_valor_de_mercado_no_financieras_musd,2009,2009-12-31,13674040,millones de USD,dato,,"Z.1, publicación del 11 de septiembre de 2026 (2026:Q2), F51.1.s, LM103164105.Q",
acciones_eeuu_valor_de_mercado_no_financieras_musd,2010,2010-12-31,15565283,millones de USD,dato,,"Z.1, publicación del 11 de septiembre de 2026 (2026:Q2), F51.1.s, LM103164105.Q",
acciones_eeuu_valor_de_mercado_no_financieras_musd,2011,2011-12-31,15594528,millones de USD,dato,,"Z.1, publicación del 11 de septiembre de 2026 (2026:Q2), F51.1.s, LM103164105.Q",
acciones_eeuu_valor_de_mercado_no_financieras_musd,2012,2012-12-31,17481854,millones de USD,dato,,"Z.1, publicación del 11 de septiembre de 2026 (2026:Q2), F51.1.s, LM103164105.Q",
acciones_eeuu_valor_de_mercado_no_financieras_musd,2013,2013-12-31,22681681,millones de USD,dato,,"Z.1, publicación del 11 de septiembre de 2026 (2026:Q2), F51.1.s, LM103164105.Q",
acciones_eeuu_valor_de_mercado_no_financieras_musd,2014,2014-12-31,25317731,millones de USD,dato,,"Z.1, publicación del 11 de septiembre de 2026 (2026:Q2), F51.1.s, LM103164105.Q",
acciones_eeuu_valor_de_mercado_no_financieras_musd,2015,2015-12-31,24346537,millones de USD,dato,,"Z.1, publicación del 11 de septiembre de 2026 (2026:Q2), F51.1.s, LM103164105.Q",
acciones_eeuu_valor_de_mercado_no_financieras_musd,2016,2016-12-31,25851542,millones de USD,dato,,"Z.1, publicación del 11 de septiembre de 2026 (2026:Q2), F51.1.s, LM103164105.Q",
acciones_eeuu_valor_de_mercado_no_financieras_musd,2017,2017-12-31,30021359,millones de USD,dato,,"Z.1, publicación del 11 de septiembre de 2026 (2026:Q2), F51.1.s, LM103164105.Q",
acciones_eeuu_valor_de_mercado_no_financieras_musd,2018,2018-12-31,27926917,millones de USD,dato,,"Z.1, publicación del 11 de septiembre de 2026 (2026:Q2), F51.1.s, LM103164105.Q",
acciones_eeuu_valor_de_mercado_no_financieras_musd,2019,2019-12-31,35066413,millones de USD,dato,,"Z.1, publicación del 11 de septiembre de 2026 (2026:Q2), F51.1.s, LM103164105.Q",
acciones_eeuu_valor_de_mercado_no_financieras_musd,2020,2020-12-31,43788352,millones de USD,dato,,"Z.1, publicación del 11 de septiembre de 2026 (2026:Q2), F51.1.s, LM103164105.Q",
acciones_eeuu_valor_de_mercado_no_financieras_musd,2021,2021-12-31,54276033,millones de USD,dato,,"Z.1, publicación del 11 de septiembre de 2026 (2026:Q2), F51.1.s, LM103164105.Q",
acciones_eeuu_valor_de_mercado_no_financieras_musd,2022,2022-12-31,42064546,millones de USD,dato,,"Z.1, publicación del 11 de septiembre de 2026 (2026:Q2), F51.1.s, LM103164105.Q",
acciones_eeuu_valor_de_mercado_no_financieras_musd,2023,2023-12-31,51751514,millones de USD,dato,,"Z.1, publicación del 11 de septiembre de 2026 (2026:Q2), F51.1.s, LM103164105.Q",
acciones_eeuu_valor_de_mercado_no_financieras_musd,2024,2024-12-31,62768040,millones de USD,dato,,"Z.1, publicación del 11 de septiembre de 2026 (2026:Q2), F51.1.s, LM103164105.Q",
acciones_eeuu_valor_de_mercado_no_financieras_musd,2025,2025-12-31,71994893,millones de USD,dato,,"Z.1, publicación del 11 de septiembre de 2026 (2026:Q2), F51.1.s, LM103164105.Q",
acciones_eeuu_valor_de_mercado_resto_del_mundo_musd,1945,1945-12-31,942,millones de USD,dato,,"Z.1, publicación del 11 de septiembre de 2026 (2026:Q2), F51.1.s, LM263164105.Q",
acciones_eeuu_valor_de_mercado_resto_del_mundo_musd,1946,1946-12-31,1001,millones de USD,dato,,"Z.1, publicación del 11 de septiembre de 2026 (2026:Q2), F51.1.s, LM263164105.Q",
acciones_eeuu_valor_de_mercado_resto_del_mundo_musd,1947,1947-12-31,972,millones de USD,dato,,"Z.1, publicación del 11 de septiembre de 2026 (2026:Q2), F51.1.s, LM263164105.Q",
acciones_eeuu_valor_de_mercado_resto_del_mundo_musd,1948,1948-12-31,944,millones de USD,dato,,"Z.1, publicación del 11 de septiembre de 2026 (2026:Q2), F51.1.s, LM263164105.Q",
acciones_eeuu_valor_de_mercado_resto_del_mundo_musd,1949,1949-12-31,708,millones de USD,dato,,"Z.1, publicación del 11 de septiembre de 2026 (2026:Q2), F51.1.s, LM263164105.Q",
acciones_eeuu_valor_de_mercado_resto_del_mundo_musd,1950,1950-12-31,1175,millones de USD,dato,,"Z.1, publicación del 11 de septiembre de 2026 (2026:Q2), F51.1.s, LM263164105.Q",
acciones_eeuu_valor_de_mercado_resto_del_mundo_musd,1951,1951-12-31,1390,millones de USD,dato,,"Z.1, publicación del 11 de septiembre de 2026 (2026:Q2), F51.1.s, LM263164105.Q",
acciones_eeuu_valor_de_mercado_resto_del_mundo_musd,1952,1952-12-31,1459,millones de USD,dato,,"Z.1, publicación del 11 de septiembre de 2026 (2026:Q2), F51.1.s, LM263164105.Q",
acciones_eeuu_valor_de_mercado_resto_del_mundo_musd,1953,1953-12-31,1329,millones de USD,dato,,"Z.1, publicación del 11 de septiembre de 2026 (2026:Q2), F51.1.s, LM263164105.Q",
acciones_eeuu_valor_de_mercado_resto_del_mundo_musd,1954,1954-12-31,1868,millones de USD,dato,,"Z.1, publicación del 11 de septiembre de 2026 (2026:Q2), F51.1.s, LM263164105.Q",
acciones_eeuu_valor_de_mercado_resto_del_mundo_musd,1955,1955-12-31,2439,millones de USD,dato,,"Z.1, publicación del 11 de septiembre de 2026 (2026:Q2), F51.1.s, LM263164105.Q",
acciones_eeuu_valor_de_mercado_resto_del_mundo_musd,1956,1956-12-31,2625,millones de USD,dato,,"Z.1, publicación del 11 de septiembre de 2026 (2026:Q2), F51.1.s, LM263164105.Q",
acciones_eeuu_valor_de_mercado_resto_del_mundo_musd,1957,1957-12-31,2233,millones de USD,dato,,"Z.1, publicación del 11 de septiembre de 2026 (2026:Q2), F51.1.s, LM263164105.Q",
acciones_eeuu_valor_de_mercado_resto_del_mundo_musd,1958,1958-12-31,3095,millones de USD,dato,,"Z.1, publicación del 11 de septiembre de 2026 (2026:Q2), F51.1.s, LM263164105.Q",
acciones_eeuu_valor_de_mercado_resto_del_mundo_musd,1959,1959-12-31,3689,millones de USD,dato,,"Z.1, publicación del 11 de septiembre de 2026 (2026:Q2), F51.1.s, LM263164105.Q",
acciones_eeuu_valor_de_mercado_resto_del_mundo_musd,1960,1960-12-31,3984,millones de USD,dato,,"Z.1, publicación del 11 de septiembre de 2026 (2026:Q2), F51.1.s, LM263164105.Q",
acciones_eeuu_valor_de_mercado_resto_del_mundo_musd,1961,1961-12-31,4902,millones de USD,dato,,"Z.1, publicación del 11 de septiembre de 2026 (2026:Q2), F51.1.s, LM263164105.Q",
acciones_eeuu_valor_de_mercado_resto_del_mundo_musd,1962,1962-12-31,4714,millones de USD,dato,,"Z.1, publicación del 11 de septiembre de 2026 (2026:Q2), F51.1.s, LM263164105.Q",
acciones_eeuu_valor_de_mercado_resto_del_mundo_musd,1963,1963-12-31,5145,millones de USD,dato,,"Z.1, publicación del 11 de septiembre de 2026 (2026:Q2), F51.1.s, LM263164105.Q",
acciones_eeuu_valor_de_mercado_resto_del_mundo_musd,1964,1964-12-31,5270,millones de USD,dato,,"Z.1, publicación del 11 de septiembre de 2026 (2026:Q2), F51.1.s, LM263164105.Q",
acciones_eeuu_valor_de_mercado_resto_del_mundo_musd,1965,1965-12-31,5048,millones de USD,dato,,"Z.1, publicación del 11 de septiembre de 2026 (2026:Q2), F51.1.s, LM263164105.Q",
acciones_eeuu_valor_de_mercado_resto_del_mundo_musd,1966,1966-12-31,4324,millones de USD,dato,,"Z.1, publicación del 11 de septiembre de 2026 (2026:Q2), F51.1.s, LM263164105.Q",
acciones_eeuu_valor_de_mercado_resto_del_mundo_musd,1967,1967-12-31,5238,millones de USD,dato,,"Z.1, publicación del 11 de septiembre de 2026 (2026:Q2), F51.1.s, LM263164105.Q",
acciones_eeuu_valor_de_mercado_resto_del_mundo_musd,1968,1968-12-31,6452,millones de USD,dato,,"Z.1, publicación del 11 de septiembre de 2026 (2026:Q2), F51.1.s, LM263164105.Q",
acciones_eeuu_valor_de_mercado_resto_del_mundo_musd,1969,1969-12-31,6953,millones de USD,dato,,"Z.1, publicación del 11 de septiembre de 2026 (2026:Q2), F51.1.s, LM263164105.Q",
acciones_eeuu_valor_de_mercado_resto_del_mundo_musd,1970,1970-12-31,6573,millones de USD,dato,,"Z.1, publicación del 11 de septiembre de 2026 (2026:Q2), F51.1.s, LM263164105.Q",
acciones_eeuu_valor_de_mercado_resto_del_mundo_musd,1971,1971-12-31,7641,millones de USD,dato,,"Z.1, publicación del 11 de septiembre de 2026 (2026:Q2), F51.1.s, LM263164105.Q",
acciones_eeuu_valor_de_mercado_resto_del_mundo_musd,1972,1972-12-31,10537,millones de USD,dato,,"Z.1, publicación del 11 de septiembre de 2026 (2026:Q2), F51.1.s, LM263164105.Q",
acciones_eeuu_valor_de_mercado_resto_del_mundo_musd,1973,1973-12-31,10026,millones de USD,dato,,"Z.1, publicación del 11 de septiembre de 2026 (2026:Q2), F51.1.s, LM263164105.Q",
acciones_eeuu_valor_de_mercado_resto_del_mundo_musd,1974,1974-12-31,9011,millones de USD,dato,,"Z.1, publicación del 11 de septiembre de 2026 (2026:Q2), F51.1.s, LM263164105.Q",
acciones_eeuu_valor_de_mercado_resto_del_mundo_musd,1975,1975-12-31,9585,millones de USD,dato,,"Z.1, publicación del 11 de septiembre de 2026 (2026:Q2), F51.1.s, LM263164105.Q",
acciones_eeuu_valor_de_mercado_resto_del_mundo_musd,1976,1976-12-31,9453,millones de USD,dato,,"Z.1, publicación del 11 de septiembre de 2026 (2026:Q2), F51.1.s, LM263164105.Q",
acciones_eeuu_valor_de_mercado_resto_del_mundo_musd,1977,1977-12-31,10110,millones de USD,dato,,"Z.1, publicación del 11 de septiembre de 2026 (2026:Q2), F51.1.s, LM263164105.Q",
acciones_eeuu_valor_de_mercado_resto_del_mundo_musd,1978,1978-12-31,11236,millones de USD,dato,,"Z.1, publicación del 11 de septiembre de 2026 (2026:Q2), F51.1.s, LM263164105.Q",
acciones_eeuu_valor_de_mercado_resto_del_mundo_musd,1979,1979-12-31,14803,millones de USD,dato,,"Z.1, publicación del 11 de septiembre de 2026 (2026:Q2), F51.1.s, LM263164105.Q",
acciones_eeuu_valor_de_mercado_resto_del_mundo_musd,1980,1980-12-31,18930,millones de USD,dato,,"Z.1, publicación del 11 de septiembre de 2026 (2026:Q2), F51.1.s, LM263164105.Q",
acciones_eeuu_valor_de_mercado_resto_del_mundo_musd,1981,1981-12-31,16467,millones de USD,dato,,"Z.1, publicación del 11 de septiembre de 2026 (2026:Q2), F51.1.s, LM263164105.Q",
acciones_eeuu_valor_de_mercado_resto_del_mundo_musd,1982,1982-12-31,17442,millones de USD,dato,,"Z.1, publicación del 11 de septiembre de 2026 (2026:Q2), F51.1.s, LM263164105.Q",
acciones_eeuu_valor_de_mercado_resto_del_mundo_musd,1983,1983-12-31,26154,millones de USD,dato,,"Z.1, publicación del 11 de septiembre de 2026 (2026:Q2), F51.1.s, LM263164105.Q",
acciones_eeuu_valor_de_mercado_resto_del_mundo_musd,1984,1984-12-31,25994,millones de USD,dato,,"Z.1, publicación del 11 de septiembre de 2026 (2026:Q2), F51.1.s, LM263164105.Q",
acciones_eeuu_valor_de_mercado_resto_del_mundo_musd,1985,1985-12-31,44383,millones de USD,dato,,"Z.1, publicación del 11 de septiembre de 2026 (2026:Q2), F51.1.s, LM263164105.Q",
acciones_eeuu_valor_de_mercado_resto_del_mundo_musd,1986,1986-12-31,72399,millones de USD,dato,,"Z.1, publicación del 11 de septiembre de 2026 (2026:Q2), F51.1.s, LM263164105.Q",
acciones_eeuu_valor_de_mercado_resto_del_mundo_musd,1987,1987-12-31,94700,millones de USD,dato,,"Z.1, publicación del 11 de septiembre de 2026 (2026:Q2), F51.1.s, LM263164105.Q",
acciones_eeuu_valor_de_mercado_resto_del_mundo_musd,1988,1988-12-31,128662,millones de USD,dato,,"Z.1, publicación del 11 de septiembre de 2026 (2026:Q2), F51.1.s, LM263164105.Q",
acciones_eeuu_valor_de_mercado_resto_del_mundo_musd,1989,1989-12-31,197345,millones de USD,dato,,"Z.1, publicación del 11 de septiembre de 2026 (2026:Q2), F51.1.s, LM263164105.Q",
acciones_eeuu_valor_de_mercado_resto_del_mundo_musd,1990,1990-12-31,197596,millones de USD,dato,,"Z.1, publicación del 11 de septiembre de 2026 (2026:Q2), F51.1.s, LM263164105.Q",
acciones_eeuu_valor_de_mercado_resto_del_mundo_musd,1991,1991-12-31,278976,millones de USD,dato,,"Z.1, publicación del 11 de septiembre de 2026 (2026:Q2), F51.1.s, LM263164105.Q",
acciones_eeuu_valor_de_mercado_resto_del_mundo_musd,1992,1992-12-31,314266,millones de USD,dato,,"Z.1, publicación del 11 de septiembre de 2026 (2026:Q2), F51.1.s, LM263164105.Q",
acciones_eeuu_valor_de_mercado_resto_del_mundo_musd,1993,1993-12-31,543862,millones de USD,dato,,"Z.1, publicación del 11 de septiembre de 2026 (2026:Q2), F51.1.s, LM263164105.Q",
acciones_eeuu_valor_de_mercado_resto_del_mundo_musd,1994,1994-12-31,626762,millones de USD,dato,,"Z.1, publicación del 11 de septiembre de 2026 (2026:Q2), F51.1.s, LM263164105.Q",
acciones_eeuu_valor_de_mercado_resto_del_mundo_musd,1995,1995-12-31,790615,millones de USD,dato,,"Z.1, publicación del 11 de septiembre de 2026 (2026:Q2), F51.1.s, LM263164105.Q",
acciones_eeuu_valor_de_mercado_resto_del_mundo_musd,1996,1996-12-31,1006135,millones de USD,dato,,"Z.1, publicación del 11 de septiembre de 2026 (2026:Q2), F51.1.s, LM263164105.Q",
acciones_eeuu_valor_de_mercado_resto_del_mundo_musd,1997,1997-12-31,1207787,millones de USD,dato,,"Z.1, publicación del 11 de septiembre de 2026 (2026:Q2), F51.1.s, LM263164105.Q",
acciones_eeuu_valor_de_mercado_resto_del_mundo_musd,1998,1998-12-31,1474983,millones de USD,dato,,"Z.1, publicación del 11 de septiembre de 2026 (2026:Q2), F51.1.s, LM263164105.Q",
acciones_eeuu_valor_de_mercado_resto_del_mundo_musd,1999,1999-12-31,2003716,millones de USD,dato,,"Z.1, publicación del 11 de septiembre de 2026 (2026:Q2), F51.1.s, LM263164105.Q",
acciones_eeuu_valor_de_mercado_resto_del_mundo_musd,2000,2000-12-31,1852842,millones de USD,dato,,"Z.1, publicación del 11 de septiembre de 2026 (2026:Q2), F51.1.s, LM263164105.Q",
acciones_eeuu_valor_de_mercado_resto_del_mundo_musd,2001,2001-12-31,1612673,millones de USD,dato,,"Z.1, publicación del 11 de septiembre de 2026 (2026:Q2), F51.1.s, LM263164105.Q",
acciones_eeuu_valor_de_mercado_resto_del_mundo_musd,2002,2002-12-31,1373980,millones de USD,dato,,"Z.1, publicación del 11 de septiembre de 2026 (2026:Q2), F51.1.s, LM263164105.Q",
acciones_eeuu_valor_de_mercado_resto_del_mundo_musd,2003,2003-12-31,2079422,millones de USD,dato,,"Z.1, publicación del 11 de septiembre de 2026 (2026:Q2), F51.1.s, LM263164105.Q",
acciones_eeuu_valor_de_mercado_resto_del_mundo_musd,2004,2004-12-31,2560418,millones de USD,dato,,"Z.1, publicación del 11 de septiembre de 2026 (2026:Q2), F51.1.s, LM263164105.Q",
acciones_eeuu_valor_de_mercado_resto_del_mundo_musd,2005,2005-12-31,3317705,millones de USD,dato,,"Z.1, publicación del 11 de septiembre de 2026 (2026:Q2), F51.1.s, LM263164105.Q",
acciones_eeuu_valor_de_mercado_resto_del_mundo_musd,2006,2006-12-31,4328960,millones de USD,dato,,"Z.1, publicación del 11 de septiembre de 2026 (2026:Q2), F51.1.s, LM263164105.Q",
acciones_eeuu_valor_de_mercado_resto_del_mundo_musd,2007,2007-12-31,5247990,millones de USD,dato,,"Z.1, publicación del 11 de septiembre de 2026 (2026:Q2), F51.1.s, LM263164105.Q",
acciones_eeuu_valor_de_mercado_resto_del_mundo_musd,2008,2008-12-31,2748428,millones de USD,dato,,"Z.1, publicación del 11 de septiembre de 2026 (2026:Q2), F51.1.s, LM263164105.Q",
acciones_eeuu_valor_de_mercado_resto_del_mundo_musd,2009,2009-12-31,3995295,millones de USD,dato,,"Z.1, publicación del 11 de septiembre de 2026 (2026:Q2), F51.1.s, LM263164105.Q",
acciones_eeuu_valor_de_mercado_resto_del_mundo_musd,2010,2010-12-31,4900246,millones de USD,dato,,"Z.1, publicación del 11 de septiembre de 2026 (2026:Q2), F51.1.s, LM263164105.Q",
acciones_eeuu_valor_de_mercado_resto_del_mundo_musd,2011,2011-12-31,4501438,millones de USD,dato,,"Z.1, publicación del 11 de septiembre de 2026 (2026:Q2), F51.1.s, LM263164105.Q",
acciones_eeuu_valor_de_mercado_resto_del_mundo_musd,2012,2012-12-31,4358414,millones de USD,dato,,"Z.1, publicación del 11 de septiembre de 2026 (2026:Q2), F51.1.s, LM263164105.Q",
acciones_eeuu_valor_de_mercado_resto_del_mundo_musd,2013,2013-12-31,5296423,millones de USD,dato,,"Z.1, publicación del 11 de septiembre de 2026 (2026:Q2), F51.1.s, LM263164105.Q",
acciones_eeuu_valor_de_mercado_resto_del_mundo_musd,2014,2014-12-31,5475967,millones de USD,dato,,"Z.1, publicación del 11 de septiembre de 2026 (2026:Q2), F51.1.s, LM263164105.Q",
acciones_eeuu_valor_de_mercado_resto_del_mundo_musd,2015,2015-12-31,5466410,millones de USD,dato,,"Z.1, publicación del 11 de septiembre de 2026 (2026:Q2), F51.1.s, LM263164105.Q",
acciones_eeuu_valor_de_mercado_resto_del_mundo_musd,2016,2016-12-31,5880082,millones de USD,dato,,"Z.1, publicación del 11 de septiembre de 2026 (2026:Q2), F51.1.s, LM263164105.Q",
acciones_eeuu_valor_de_mercado_resto_del_mundo_musd,2017,2017-12-31,7761157,millones de USD,dato,,"Z.1, publicación del 11 de septiembre de 2026 (2026:Q2), F51.1.s, LM263164105.Q",
acciones_eeuu_valor_de_mercado_resto_del_mundo_musd,2018,2018-12-31,6628041,millones de USD,dato,,"Z.1, publicación del 11 de septiembre de 2026 (2026:Q2), F51.1.s, LM263164105.Q",
acciones_eeuu_valor_de_mercado_resto_del_mundo_musd,2019,2019-12-31,8079811,millones de USD,dato,,"Z.1, publicación del 11 de septiembre de 2026 (2026:Q2), F51.1.s, LM263164105.Q",
acciones_eeuu_valor_de_mercado_resto_del_mundo_musd,2020,2020-12-31,9015962,millones de USD,dato,,"Z.1, publicación del 11 de septiembre de 2026 (2026:Q2), F51.1.s, LM263164105.Q",
acciones_eeuu_valor_de_mercado_resto_del_mundo_musd,2021,2021-12-31,10274480,millones de USD,dato,,"Z.1, publicación del 11 de septiembre de 2026 (2026:Q2), F51.1.s, LM263164105.Q",
acciones_eeuu_valor_de_mercado_resto_del_mundo_musd,2022,2022-12-31,8524045,millones de USD,dato,,"Z.1, publicación del 11 de septiembre de 2026 (2026:Q2), F51.1.s, LM263164105.Q",
acciones_eeuu_valor_de_mercado_resto_del_mundo_musd,2023,2023-12-31,9581651,millones de USD,dato,,"Z.1, publicación del 11 de septiembre de 2026 (2026:Q2), F51.1.s, LM263164105.Q",
acciones_eeuu_valor_de_mercado_resto_del_mundo_musd,2024,2024-12-31,10175139,millones de USD,dato,,"Z.1, publicación del 11 de septiembre de 2026 (2026:Q2), F51.1.s, LM263164105.Q",
acciones_eeuu_valor_de_mercado_resto_del_mundo_musd,2025,2025-12-31,13072038,millones de USD,dato,,"Z.1, publicación del 11 de septiembre de 2026 (2026:Q2), F51.1.s, LM263164105.Q",
acciones_eeuu_valor_de_mercado_total_musd,1945,1945-12-31,152852,millones de USD,dato,,"Z.1, publicación del 11 de septiembre de 2026 (2026:Q2), F51.1.s, LM893064105.Q",
acciones_eeuu_valor_de_mercado_total_musd,1946,1946-12-31,146656,millones de USD,dato,,"Z.1, publicación del 11 de septiembre de 2026 (2026:Q2), F51.1.s, LM893064105.Q",
acciones_eeuu_valor_de_mercado_total_musd,1947,1947-12-31,144829,millones de USD,dato,,"Z.1, publicación del 11 de septiembre de 2026 (2026:Q2), F51.1.s, LM893064105.Q",
acciones_eeuu_valor_de_mercado_total_musd,1948,1948-12-31,144008,millones de USD,dato,,"Z.1, publicación del 11 de septiembre de 2026 (2026:Q2), F51.1.s, LM893064105.Q",
acciones_eeuu_valor_de_mercado_total_musd,1949,1949-12-31,153784,millones de USD,dato,,"Z.1, publicación del 11 de septiembre de 2026 (2026:Q2), F51.1.s, LM893064105.Q",
acciones_eeuu_valor_de_mercado_total_musd,1950,1950-12-31,177528,millones de USD,dato,,"Z.1, publicación del 11 de septiembre de 2026 (2026:Q2), F51.1.s, LM893064105.Q",
acciones_eeuu_valor_de_mercado_total_musd,1951,1951-12-31,199082,millones de USD,dato,,"Z.1, publicación del 11 de septiembre de 2026 (2026:Q2), F51.1.s, LM893064105.Q",
acciones_eeuu_valor_de_mercado_total_musd,1952,1952-12-31,198678,millones de USD,dato,,"Z.1, publicación del 11 de septiembre de 2026 (2026:Q2), F51.1.s, LM893064105.Q",
acciones_eeuu_valor_de_mercado_total_musd,1953,1953-12-31,196403,millones de USD,dato,,"Z.1, publicación del 11 de septiembre de 2026 (2026:Q2), F51.1.s, LM893064105.Q",
acciones_eeuu_valor_de_mercado_total_musd,1954,1954-12-31,248357,millones de USD,dato,,"Z.1, publicación del 11 de septiembre de 2026 (2026:Q2), F51.1.s, LM893064105.Q",
acciones_eeuu_valor_de_mercado_total_musd,1955,1955-12-31,298673,millones de USD,dato,,"Z.1, publicación del 11 de septiembre de 2026 (2026:Q2), F51.1.s, LM893064105.Q",
acciones_eeuu_valor_de_mercado_total_musd,1956,1956-12-31,323618,millones de USD,dato,,"Z.1, publicación del 11 de septiembre de 2026 (2026:Q2), F51.1.s, LM893064105.Q",
acciones_eeuu_valor_de_mercado_total_musd,1957,1957-12-31,301375,millones de USD,dato,,"Z.1, publicación del 11 de septiembre de 2026 (2026:Q2), F51.1.s, LM893064105.Q",
acciones_eeuu_valor_de_mercado_total_musd,1958,1958-12-31,382051,millones de USD,dato,,"Z.1, publicación del 11 de septiembre de 2026 (2026:Q2), F51.1.s, LM893064105.Q",
acciones_eeuu_valor_de_mercado_total_musd,1959,1959-12-31,420820,millones de USD,dato,,"Z.1, publicación del 11 de septiembre de 2026 (2026:Q2), F51.1.s, LM893064105.Q",
acciones_eeuu_valor_de_mercado_total_musd,1960,1960-12-31,425058,millones de USD,dato,,"Z.1, publicación del 11 de septiembre de 2026 (2026:Q2), F51.1.s, LM893064105.Q",
acciones_eeuu_valor_de_mercado_total_musd,1961,1961-12-31,521094,millones de USD,dato,,"Z.1, publicación del 11 de septiembre de 2026 (2026:Q2), F51.1.s, LM893064105.Q",
acciones_eeuu_valor_de_mercado_total_musd,1962,1962-12-31,503823,millones de USD,dato,,"Z.1, publicación del 11 de septiembre de 2026 (2026:Q2), F51.1.s, LM893064105.Q",
acciones_eeuu_valor_de_mercado_total_musd,1963,1963-12-31,558475,millones de USD,dato,,"Z.1, publicación del 11 de septiembre de 2026 (2026:Q2), F51.1.s, LM893064105.Q",
acciones_eeuu_valor_de_mercado_total_musd,1964,1964-12-31,647246,millones de USD,dato,,"Z.1, publicación del 11 de septiembre de 2026 (2026:Q2), F51.1.s, LM893064105.Q",
acciones_eeuu_valor_de_mercado_total_musd,1965,1965-12-31,734923,millones de USD,dato,,"Z.1, publicación del 11 de septiembre de 2026 (2026:Q2), F51.1.s, LM893064105.Q",
acciones_eeuu_valor_de_mercado_total_musd,1966,1966-12-31,660424,millones de USD,dato,,"Z.1, publicación del 11 de septiembre de 2026 (2026:Q2), F51.1.s, LM893064105.Q",
acciones_eeuu_valor_de_mercado_total_musd,1967,1967-12-31,835107,millones de USD,dato,,"Z.1, publicación del 11 de septiembre de 2026 (2026:Q2), F51.1.s, LM893064105.Q",
acciones_eeuu_valor_de_mercado_total_musd,1968,1968-12-31,996085,millones de USD,dato,,"Z.1, publicación del 11 de septiembre de 2026 (2026:Q2), F51.1.s, LM893064105.Q",
acciones_eeuu_valor_de_mercado_total_musd,1969,1969-12-31,840609,millones de USD,dato,,"Z.1, publicación del 11 de septiembre de 2026 (2026:Q2), F51.1.s, LM893064105.Q",
acciones_eeuu_valor_de_mercado_total_musd,1970,1970-12-31,831233,millones de USD,dato,,"Z.1, publicación del 11 de septiembre de 2026 (2026:Q2), F51.1.s, LM893064105.Q",
acciones_eeuu_valor_de_mercado_total_musd,1971,1971-12-31,974871,millones de USD,dato,,"Z.1, publicación del 11 de septiembre de 2026 (2026:Q2), F51.1.s, LM893064105.Q",
acciones_eeuu_valor_de_mercado_total_musd,1972,1972-12-31,1203281,millones de USD,dato,,"Z.1, publicación del 11 de septiembre de 2026 (2026:Q2), F51.1.s, LM893064105.Q",
acciones_eeuu_valor_de_mercado_total_musd,1973,1973-12-31,938338,millones de USD,dato,,"Z.1, publicación del 11 de septiembre de 2026 (2026:Q2), F51.1.s, LM893064105.Q",
acciones_eeuu_valor_de_mercado_total_musd,1974,1974-12-31,632492,millones de USD,dato,,"Z.1, publicación del 11 de septiembre de 2026 (2026:Q2), F51.1.s, LM893064105.Q",
acciones_eeuu_valor_de_mercado_total_musd,1975,1975-12-31,839378,millones de USD,dato,,"Z.1, publicación del 11 de septiembre de 2026 (2026:Q2), F51.1.s, LM893064105.Q",
acciones_eeuu_valor_de_mercado_total_musd,1976,1976-12-31,1034228,millones de USD,dato,,"Z.1, publicación del 11 de septiembre de 2026 (2026:Q2), F51.1.s, LM893064105.Q",
acciones_eeuu_valor_de_mercado_total_musd,1977,1977-12-31,922579,millones de USD,dato,,"Z.1, publicación del 11 de septiembre de 2026 (2026:Q2), F51.1.s, LM893064105.Q",
acciones_eeuu_valor_de_mercado_total_musd,1978,1978-12-31,969619,millones de USD,dato,,"Z.1, publicación del 11 de septiembre de 2026 (2026:Q2), F51.1.s, LM893064105.Q",
acciones_eeuu_valor_de_mercado_total_musd,1979,1979-12-31,1147253,millones de USD,dato,,"Z.1, publicación del 11 de septiembre de 2026 (2026:Q2), F51.1.s, LM893064105.Q",
acciones_eeuu_valor_de_mercado_total_musd,1980,1980-12-31,1494924,millones de USD,dato,,"Z.1, publicación del 11 de septiembre de 2026 (2026:Q2), F51.1.s, LM893064105.Q",
acciones_eeuu_valor_de_mercado_total_musd,1981,1981-12-31,1382028,millones de USD,dato,,"Z.1, publicación del 11 de septiembre de 2026 (2026:Q2), F51.1.s, LM893064105.Q",
acciones_eeuu_valor_de_mercado_total_musd,1982,1982-12-31,1562485,millones de USD,dato,,"Z.1, publicación del 11 de septiembre de 2026 (2026:Q2), F51.1.s, LM893064105.Q",
acciones_eeuu_valor_de_mercado_total_musd,1983,1983-12-31,1855966,millones de USD,dato,,"Z.1, publicación del 11 de septiembre de 2026 (2026:Q2), F51.1.s, LM893064105.Q",
acciones_eeuu_valor_de_mercado_total_musd,1984,1984-12-31,1789165,millones de USD,dato,,"Z.1, publicación del 11 de septiembre de 2026 (2026:Q2), F51.1.s, LM893064105.Q",
acciones_eeuu_valor_de_mercado_total_musd,1985,1985-12-31,2270405,millones de USD,dato,,"Z.1, publicación del 11 de septiembre de 2026 (2026:Q2), F51.1.s, LM893064105.Q",
acciones_eeuu_valor_de_mercado_total_musd,1986,1986-12-31,2682199,millones de USD,dato,,"Z.1, publicación del 11 de septiembre de 2026 (2026:Q2), F51.1.s, LM893064105.Q",
acciones_eeuu_valor_de_mercado_total_musd,1987,1987-12-31,2710300,millones de USD,dato,,"Z.1, publicación del 11 de septiembre de 2026 (2026:Q2), F51.1.s, LM893064105.Q",
acciones_eeuu_valor_de_mercado_total_musd,1988,1988-12-31,3075619,millones de USD,dato,,"Z.1, publicación del 11 de septiembre de 2026 (2026:Q2), F51.1.s, LM893064105.Q",
acciones_eeuu_valor_de_mercado_total_musd,1989,1989-12-31,3812955,millones de USD,dato,,"Z.1, publicación del 11 de septiembre de 2026 (2026:Q2), F51.1.s, LM893064105.Q",
acciones_eeuu_valor_de_mercado_total_musd,1990,1990-12-31,3531306,millones de USD,dato,,"Z.1, publicación del 11 de septiembre de 2026 (2026:Q2), F51.1.s, LM893064105.Q",
acciones_eeuu_valor_de_mercado_total_musd,1991,1991-12-31,4847773,millones de USD,dato,,"Z.1, publicación del 11 de septiembre de 2026 (2026:Q2), F51.1.s, LM893064105.Q",
acciones_eeuu_valor_de_mercado_total_musd,1992,1992-12-31,5421969,millones de USD,dato,,"Z.1, publicación del 11 de septiembre de 2026 (2026:Q2), F51.1.s, LM893064105.Q",
acciones_eeuu_valor_de_mercado_total_musd,1993,1993-12-31,6296866,millones de USD,dato,,"Z.1, publicación del 11 de septiembre de 2026 (2026:Q2), F51.1.s, LM893064105.Q",
acciones_eeuu_valor_de_mercado_total_musd,1994,1994-12-31,6317493,millones de USD,dato,,"Z.1, publicación del 11 de septiembre de 2026 (2026:Q2), F51.1.s, LM893064105.Q",
acciones_eeuu_valor_de_mercado_total_musd,1995,1995-12-31,8481326,millones de USD,dato,,"Z.1, publicación del 11 de septiembre de 2026 (2026:Q2), F51.1.s, LM893064105.Q",
acciones_eeuu_valor_de_mercado_total_musd,1996,1996-12-31,10061049,millones de USD,dato,,"Z.1, publicación del 11 de septiembre de 2026 (2026:Q2), F51.1.s, LM893064105.Q",
acciones_eeuu_valor_de_mercado_total_musd,1997,1997-12-31,12994857,millones de USD,dato,,"Z.1, publicación del 11 de septiembre de 2026 (2026:Q2), F51.1.s, LM893064105.Q",
acciones_eeuu_valor_de_mercado_total_musd,1998,1998-12-31,15914021,millones de USD,dato,,"Z.1, publicación del 11 de septiembre de 2026 (2026:Q2), F51.1.s, LM893064105.Q",
acciones_eeuu_valor_de_mercado_total_musd,1999,1999-12-31,19976983,millones de USD,dato,,"Z.1, publicación del 11 de septiembre de 2026 (2026:Q2), F51.1.s, LM893064105.Q",
acciones_eeuu_valor_de_mercado_total_musd,2000,2000-12-31,18244255,millones de USD,dato,,"Z.1, publicación del 11 de septiembre de 2026 (2026:Q2), F51.1.s, LM893064105.Q",
acciones_eeuu_valor_de_mercado_total_musd,2001,2001-12-31,16387176,millones de USD,dato,,"Z.1, publicación del 11 de septiembre de 2026 (2026:Q2), F51.1.s, LM893064105.Q",
acciones_eeuu_valor_de_mercado_total_musd,2002,2002-12-31,13193178,millones de USD,dato,,"Z.1, publicación del 11 de septiembre de 2026 (2026:Q2), F51.1.s, LM893064105.Q",
acciones_eeuu_valor_de_mercado_total_musd,2003,2003-12-31,17328673,millones de USD,dato,,"Z.1, publicación del 11 de septiembre de 2026 (2026:Q2), F51.1.s, LM893064105.Q",
acciones_eeuu_valor_de_mercado_total_musd,2004,2004-12-31,19800656,millones de USD,dato,,"Z.1, publicación del 11 de septiembre de 2026 (2026:Q2), F51.1.s, LM893064105.Q",
acciones_eeuu_valor_de_mercado_total_musd,2005,2005-12-31,21517496,millones de USD,dato,,"Z.1, publicación del 11 de septiembre de 2026 (2026:Q2), F51.1.s, LM893064105.Q",
acciones_eeuu_valor_de_mercado_total_musd,2006,2006-12-31,24974549,millones de USD,dato,,"Z.1, publicación del 11 de septiembre de 2026 (2026:Q2), F51.1.s, LM893064105.Q",
acciones_eeuu_valor_de_mercado_total_musd,2007,2007-12-31,26301123,millones de USD,dato,,"Z.1, publicación del 11 de septiembre de 2026 (2026:Q2), F51.1.s, LM893064105.Q",
acciones_eeuu_valor_de_mercado_total_musd,2008,2008-12-31,16481288,millones de USD,dato,,"Z.1, publicación del 11 de septiembre de 2026 (2026:Q2), F51.1.s, LM893064105.Q",
acciones_eeuu_valor_de_mercado_total_musd,2009,2009-12-31,21007760,millones de USD,dato,,"Z.1, publicación del 11 de septiembre de 2026 (2026:Q2), F51.1.s, LM893064105.Q",
acciones_eeuu_valor_de_mercado_total_musd,2010,2010-12-31,24427958,millones de USD,dato,,"Z.1, publicación del 11 de septiembre de 2026 (2026:Q2), F51.1.s, LM893064105.Q",
acciones_eeuu_valor_de_mercado_total_musd,2011,2011-12-31,23651374,millones de USD,dato,,"Z.1, publicación del 11 de septiembre de 2026 (2026:Q2), F51.1.s, LM893064105.Q",
acciones_eeuu_valor_de_mercado_total_musd,2012,2012-12-31,26097216,millones de USD,dato,,"Z.1, publicación del 11 de septiembre de 2026 (2026:Q2), F51.1.s, LM893064105.Q",
acciones_eeuu_valor_de_mercado_total_musd,2013,2013-12-31,33589507,millones de USD,dato,,"Z.1, publicación del 11 de septiembre de 2026 (2026:Q2), F51.1.s, LM893064105.Q",
acciones_eeuu_valor_de_mercado_total_musd,2014,2014-12-31,37131603,millones de USD,dato,,"Z.1, publicación del 11 de septiembre de 2026 (2026:Q2), F51.1.s, LM893064105.Q",
acciones_eeuu_valor_de_mercado_total_musd,2015,2015-12-31,36088148,millones de USD,dato,,"Z.1, publicación del 11 de septiembre de 2026 (2026:Q2), F51.1.s, LM893064105.Q",
acciones_eeuu_valor_de_mercado_total_musd,2016,2016-12-31,39068244,millones de USD,dato,,"Z.1, publicación del 11 de septiembre de 2026 (2026:Q2), F51.1.s, LM893064105.Q",
acciones_eeuu_valor_de_mercado_total_musd,2017,2017-12-31,46787771,millones de USD,dato,,"Z.1, publicación del 11 de septiembre de 2026 (2026:Q2), F51.1.s, LM893064105.Q",
acciones_eeuu_valor_de_mercado_total_musd,2018,2018-12-31,42760862,millones de USD,dato,,"Z.1, publicación del 11 de septiembre de 2026 (2026:Q2), F51.1.s, LM893064105.Q",
acciones_eeuu_valor_de_mercado_total_musd,2019,2019-12-31,53325518,millones de USD,dato,,"Z.1, publicación del 11 de septiembre de 2026 (2026:Q2), F51.1.s, LM893064105.Q",
acciones_eeuu_valor_de_mercado_total_musd,2020,2020-12-31,63935760,millones de USD,dato,,"Z.1, publicación del 11 de septiembre de 2026 (2026:Q2), F51.1.s, LM893064105.Q",
acciones_eeuu_valor_de_mercado_total_musd,2021,2021-12-31,79604376,millones de USD,dato,,"Z.1, publicación del 11 de septiembre de 2026 (2026:Q2), F51.1.s, LM893064105.Q",
acciones_eeuu_valor_de_mercado_total_musd,2022,2022-12-31,63879184,millones de USD,dato,,"Z.1, publicación del 11 de septiembre de 2026 (2026:Q2), F51.1.s, LM893064105.Q",
acciones_eeuu_valor_de_mercado_total_musd,2023,2023-12-31,76767801,millones de USD,dato,,"Z.1, publicación del 11 de septiembre de 2026 (2026:Q2), F51.1.s, LM893064105.Q",
acciones_eeuu_valor_de_mercado_total_musd,2024,2024-12-31,92360330,millones de USD,dato,,"Z.1, publicación del 11 de septiembre de 2026 (2026:Q2), F51.1.s, LM893064105.Q",
acciones_eeuu_valor_de_mercado_total_musd,2025,2025-12-31,108715751,millones de USD,dato,,"Z.1, publicación del 11 de septiembre de 2026 (2026:Q2), F51.1.s, LM893064105.Q",
btc_elasticidad_oferta,2026,2026-10-07,0,d ln(oferta) / d ln(precio),dato,,"Bitcoin Core (bitcoin/bitcoin, master, commit 9dfde64cc3262329051fd05fffe40eecc786a99f, 2026-10-07): src/validation.cpp, líneas 1833-1844, GetBlockSubsidy (50 * COIN, >>= halvings); src/kernel/chainparams.cpp, línea 114, nSubsidyHalvingInterval = 210000; src/consensus/amount.h, líneas 15 y 26, COIN = 100000000 y MAX_MONEY = 21000000 * COIN. Licencia MIT.",cero por construcción: el subsidio por bloque es función de la altura y de nada más (A-N0-12)
btc_emision_calendario_btc,2009,,1624700,BTC,dato,,"calendario del protocolo (Bitcoin Core, GetBlockSubsidy; A-N0-2) por los 32494.0 bloques del año según Coin Metrics community, descarga del 2026-10-07",bloques 1 a 32494
btc_emision_calendario_btc,2010,,3396000,BTC,dato,,"calendario del protocolo (Bitcoin Core, GetBlockSubsidy; A-N0-2) por los 67920.0 bloques del año según Coin Metrics community, descarga del 2026-10-07",bloques 32495 a 100414
btc_emision_calendario_btc,2011,,2981350,BTC,dato,,"calendario del protocolo (Bitcoin Core, GetBlockSubsidy; A-N0-2) por los 59627.0 bloques del año según Coin Metrics community, descarga del 2026-10-07",bloques 100415 a 160041
btc_emision_calendario_btc,2012,,2612100,BTC,dato,,"calendario del protocolo (Bitcoin Core, GetBlockSubsidy; A-N0-2) por los 54526.0 bloques del año según Coin Metrics community, descarga del 2026-10-07",bloques 160042 a 214567
btc_emision_calendario_btc,2013,,1585825,BTC,dato,,"calendario del protocolo (Bitcoin Core, GetBlockSubsidy; A-N0-2) por los 63433.0 bloques del año según Coin Metrics community, descarga del 2026-10-07",bloques 214568 a 278000
btc_emision_calendario_btc,2014,,1471625,BTC,dato,,"calendario del protocolo (Bitcoin Core, GetBlockSubsidy; A-N0-2) por los 58865.0 bloques del año según Coin Metrics community, descarga del 2026-10-07",bloques 278001 a 336865
btc_emision_calendario_btc,2015,,1358025,BTC,dato,,"calendario del protocolo (Bitcoin Core, GetBlockSubsidy; A-N0-2) por los 54321.0 bloques del año según Coin Metrics community, descarga del 2026-10-07",bloques 336866 a 391186
btc_emision_calendario_btc,2016,,1045800,BTC,dato,,"calendario del protocolo (Bitcoin Core, GetBlockSubsidy; A-N0-2) por los 54851.0 bloques del año según Coin Metrics community, descarga del 2026-10-07",bloques 391187 a 446037
btc_emision_calendario_btc,2017,,699100,BTC,dato,,"calendario del protocolo (Bitcoin Core, GetBlockSubsidy; A-N0-2) por los 55928.0 bloques del año según Coin Metrics community, descarga del 2026-10-07",bloques 446038 a 501965
btc_emision_calendario_btc,2018,,681225,BTC,dato,,"calendario del protocolo (Bitcoin Core, GetBlockSubsidy; A-N0-2) por los 54498.0 bloques del año según Coin Metrics community, descarga del 2026-10-07",bloques 501966 a 556463
btc_emision_calendario_btc,2019,,677900,BTC,dato,,"calendario del protocolo (Bitcoin Core, GetBlockSubsidy; A-N0-2) por los 54232.0 bloques del año según Coin Metrics community, descarga del 2026-10-07",bloques 556464 a 610695
btc_emision_calendario_btc,2020,,453287.5,BTC,dato,,"calendario del protocolo (Bitcoin Core, GetBlockSubsidy; A-N0-2) por los 53222.0 bloques del año según Coin Metrics community, descarga del 2026-10-07",bloques 610696 a 663917
btc_emision_calendario_btc,2021,,329287.5,BTC,dato,,"calendario del protocolo (Bitcoin Core, GetBlockSubsidy; A-N0-2) por los 52686.0 bloques del año según Coin Metrics community, descarga del 2026-10-07",bloques 663918 a 716603
btc_emision_calendario_btc,2022,,332425,BTC,dato,,"calendario del protocolo (Bitcoin Core, GetBlockSubsidy; A-N0-2) por los 53188.0 bloques del año según Coin Metrics community, descarga del 2026-10-07",bloques 716604 a 769791
btc_emision_calendario_btc,2023,,337493.75,BTC,dato,,"calendario del protocolo (Bitcoin Core, GetBlockSubsidy; A-N0-2) por los 53999.0 bloques del año según Coin Metrics community, descarga del 2026-10-07",bloques 769792 a 823790
btc_emision_calendario_btc,2024,,217756.25,BTC,dato,,"calendario del protocolo (Bitcoin Core, GetBlockSubsidy; A-N0-2) por los 53473.0 bloques del año según Coin Metrics community, descarga del 2026-10-07",bloques 823791 a 877263
btc_emision_calendario_btc,2025,,165881.25,BTC,dato,,"calendario del protocolo (Bitcoin Core, GetBlockSubsidy; A-N0-2) por los 53082.0 bloques del año según Coin Metrics community, descarga del 2026-10-07",bloques 877264 a 930345
btc_emision_observada_btc,2009,,1624700,BTC,dato,,"Coin Metrics community, descarga del 2026-10-07",
btc_emision_observada_btc,2010,,3396000,BTC,dato,,"Coin Metrics community, descarga del 2026-10-07",
btc_emision_observada_btc,2011,,2981350,BTC,dato,,"Coin Metrics community, descarga del 2026-10-07",
btc_emision_observada_btc,2012,,2612100,BTC,dato,,"Coin Metrics community, descarga del 2026-10-07",
btc_emision_observada_btc,2013,,1585825,BTC,dato,,"Coin Metrics community, descarga del 2026-10-07",
btc_emision_observada_btc,2014,,1471625,BTC,dato,,"Coin Metrics community, descarga del 2026-10-07",
btc_emision_observada_btc,2015,,1358025,BTC,dato,,"Coin Metrics community, descarga del 2026-10-07",
btc_emision_observada_btc,2016,,1045800,BTC,dato,,"Coin Metrics community, descarga del 2026-10-07",
btc_emision_observada_btc,2017,,699100,BTC,dato,,"Coin Metrics community, descarga del 2026-10-07",
btc_emision_observada_btc,2018,,681225,BTC,dato,,"Coin Metrics community, descarga del 2026-10-07",
btc_emision_observada_btc,2019,,677900,BTC,dato,,"Coin Metrics community, descarga del 2026-10-07",
btc_emision_observada_btc,2020,,453287.5,BTC,dato,,"Coin Metrics community, descarga del 2026-10-07",
btc_emision_observada_btc,2021,,329287.5,BTC,dato,,"Coin Metrics community, descarga del 2026-10-07",
btc_emision_observada_btc,2022,,332425,BTC,dato,,"Coin Metrics community, descarga del 2026-10-07",
btc_emision_observada_btc,2023,,337493.75,BTC,dato,,"Coin Metrics community, descarga del 2026-10-07",
btc_emision_observada_btc,2024,,217756.25,BTC,dato,,"Coin Metrics community, descarga del 2026-10-07",
btc_emision_observada_btc,2025,,165881.25,BTC,dato,,"Coin Metrics community, descarga del 2026-10-07",
btc_oferta_a_la_fecha_btc,2026,2026-10-06,20094435.5008,BTC,dato,,"Coin Metrics community, descarga del 2026-10-07",último día con dato; altura 970260
btc_oferta_crecimiento_pct,2010,2010-12-31,209.023204284,% anual,dato,,"Coin Metrics community, descarga del 2026-10-07 (cálculo propio)",
btc_oferta_crecimiento_pct,2011,2011-12-31,59.3811617902,% anual,dato,,"Coin Metrics community, descarga del 2026-10-07 (cálculo propio)",
btc_oferta_crecimiento_pct,2012,2012-12-31,32.6427593901,% anual,dato,,"Coin Metrics community, descarga del 2026-10-07 (cálculo propio)",
btc_oferta_crecimiento_pct,2013,2013-12-31,14.9406818849,% anual,dato,,"Coin Metrics community, descarga del 2026-10-07 (cálculo propio)",
btc_oferta_crecimiento_pct,2014,2014-12-31,12.062534738,% anual,dato,,"Coin Metrics community, descarga del 2026-10-07 (cálculo propio)",
btc_oferta_crecimiento_pct,2015,2015-12-31,9.93316336892,% anual,dato,,"Coin Metrics community, descarga del 2026-10-07 (cálculo propio)",
btc_oferta_crecimiento_pct,2016,2016-12-31,6.95826364049,% anual,dato,,"Coin Metrics community, descarga del 2026-10-07 (cálculo propio)",
btc_oferta_crecimiento_pct,2017,2017-12-31,4.34880004771,% anual,dato,,"Coin Metrics community, descarga del 2026-10-07 (cálculo propio)",
btc_oferta_crecimiento_pct,2018,2018-12-31,4.06103787661,% anual,dato,,"Coin Metrics community, descarga del 2026-10-07 (cálculo propio)",
btc_oferta_crecimiento_pct,2019,2019-12-31,3.88354131369,% anual,dato,,"Coin Metrics community, descarga del 2026-10-07 (cálculo propio)",
btc_oferta_crecimiento_pct,2020,2020-12-31,2.49966188794,% anual,dato,,"Coin Metrics community, descarga del 2026-10-07 (cálculo propio)",
btc_oferta_crecimiento_pct,2021,2021-12-31,1.77152947493,% anual,dato,,"Coin Metrics community, descarga del 2026-10-07 (cálculo propio)",
btc_oferta_crecimiento_pct,2022,2022-12-31,1.75731332334,% anual,dato,,"Coin Metrics community, descarga del 2026-10-07 (cálculo propio)",
btc_oferta_crecimiento_pct,2023,2023-12-31,1.75331899706,% anual,dato,,"Coin Metrics community, descarga del 2026-10-07 (cálculo propio)",
btc_oferta_crecimiento_pct,2024,2024-12-31,1.11178674942,% anual,dato,,"Coin Metrics community, descarga del 2026-10-07 (cálculo propio)",
btc_oferta_crecimiento_pct,2025,2025-12-31,0.837573030169,% anual,dato,,"Coin Metrics community, descarga del 2026-10-07 (cálculo propio)",
btc_oferta_fin_de_anio_btc,2009,2009-12-31,1624700,BTC,dato,,"Coin Metrics community, descarga del 2026-10-07",calendario acumulado hasta el bloque 32494: 1624700.000
btc_oferta_fin_de_anio_btc,2010,2010-12-31,5020700,BTC,dato,,"Coin Metrics community, descarga del 2026-10-07",calendario acumulado hasta el bloque 100414: 5020700.000
btc_oferta_fin_de_anio_btc,2011,2011-12-31,8002049.99,BTC,dato,,"Coin Metrics community, descarga del 2026-10-07",calendario acumulado hasta el bloque 160041: 8002050.000
btc_oferta_fin_de_anio_btc,2012,2012-12-31,10614139.9145,BTC,dato,,"Coin Metrics community, descarga del 2026-10-07",calendario acumulado hasta el bloque 214567: 10614150.000
btc_oferta_fin_de_anio_btc,2013,2013-12-31,12199964.794,BTC,dato,,"Coin Metrics community, descarga del 2026-10-07",calendario acumulado hasta el bloque 278000: 12199975.000
btc_oferta_fin_de_anio_btc,2014,2014-12-31,13671589.7853,BTC,dato,,"Coin Metrics community, descarga del 2026-10-07",calendario acumulado hasta el bloque 336865: 13671600.000
btc_oferta_fin_de_anio_btc,2015,2015-12-31,15029611.1337,BTC,dato,,"Coin Metrics community, descarga del 2026-10-07",calendario acumulado hasta el bloque 391186: 15029625.000
btc_oferta_fin_de_anio_btc,2016,2016-12-31,16075411.1006,BTC,dato,,"Coin Metrics community, descarga del 2026-10-07",calendario acumulado hasta el bloque 446037: 16075425.000
btc_oferta_fin_de_anio_btc,2017,2017-12-31,16774498.5862,BTC,dato,,"Coin Metrics community, descarga del 2026-10-07",calendario acumulado hasta el bloque 501965: 16774525.000
btc_oferta_fin_de_anio_btc,2018,2018-12-31,17455717.3274,BTC,dato,,"Coin Metrics community, descarga del 2026-10-07",calendario acumulado hasta el bloque 556463: 17455750.000
btc_oferta_fin_de_anio_btc,2019,2019-12-31,18133617.3214,BTC,dato,,"Coin Metrics community, descarga del 2026-10-07",calendario acumulado hasta el bloque 610695: 18133650.000
btc_oferta_fin_de_anio_btc,2020,2020-12-31,18586896.4425,BTC,dato,,"Coin Metrics community, descarga del 2026-10-07",calendario acumulado hasta el bloque 663917: 18586937.500
btc_oferta_fin_de_anio_btc,2021,2021-12-31,18916168.7914,BTC,dato,,"Coin Metrics community, descarga del 2026-10-07",calendario acumulado hasta el bloque 716603: 18916225.000
btc_oferta_fin_de_anio_btc,2022,2022-12-31,19248585.1459,BTC,dato,,"Coin Metrics community, descarga del 2026-10-07",calendario acumulado hasta el bloque 769791: 19248650.000
btc_oferta_fin_de_anio_btc,2023,2023-12-31,19586074.2459,BTC,dato,,"Coin Metrics community, descarga del 2026-10-07",calendario acumulado hasta el bloque 823790: 19586143.750
btc_oferta_fin_de_anio_btc,2024,2024-12-31,19803829.6241,BTC,dato,,"Coin Metrics community, descarga del 2026-10-07",calendario acumulado hasta el bloque 877263: 19803900.000
btc_oferta_fin_de_anio_btc,2025,2025-12-31,19969701.16,BTC,dato,,"Coin Metrics community, descarga del 2026-10-07",calendario acumulado hasta el bloque 930345: 19969781.250
btc_porcentaje_minado_a_la_fecha_pct,2026,2026-10-06,95.6877880988,% de 21000000 BTC,dato,,"Coin Metrics community, descarga del 2026-10-07; MAX_MONEY de Bitcoin Core",último día con dato
btc_porcentaje_minado_pct,2009,2009-12-31,7.73666666667,% de 21000000 BTC,dato,,"Coin Metrics community, descarga del 2026-10-07; MAX_MONEY de Bitcoin Core",
btc_porcentaje_minado_pct,2010,2010-12-31,23.9080952381,% de 21000000 BTC,dato,,"Coin Metrics community, descarga del 2026-10-07; MAX_MONEY de Bitcoin Core",
btc_porcentaje_minado_pct,2011,2011-12-31,38.1049999524,% de 21000000 BTC,dato,,"Coin Metrics community, descarga del 2026-10-07; MAX_MONEY de Bitcoin Core",
btc_porcentaje_minado_pct,2012,2012-12-31,50.5435234024,% de 21000000 BTC,dato,,"Coin Metrics community, descarga del 2026-10-07; MAX_MONEY de Bitcoin Core",
btc_porcentaje_minado_pct,2013,2013-12-31,58.0950704474,% de 21000000 BTC,dato,,"Coin Metrics community, descarga del 2026-10-07; MAX_MONEY de Bitcoin Core",
btc_porcentaje_minado_pct,2014,2014-12-31,65.1028085012,% de 21000000 BTC,dato,,"Coin Metrics community, descarga del 2026-10-07; MAX_MONEY de Bitcoin Core",
btc_porcentaje_minado_pct,2015,2015-12-31,71.5695768274,% de 21000000 BTC,dato,,"Coin Metrics community, descarga del 2026-10-07; MAX_MONEY de Bitcoin Core",
btc_porcentaje_minado_pct,2016,2016-12-31,76.5495766694,% de 21000000 BTC,dato,,"Coin Metrics community, descarga del 2026-10-07; MAX_MONEY de Bitcoin Core",
btc_porcentaje_minado_pct,2017,2017-12-31,79.8785646961,% de 21000000 BTC,dato,,"Coin Metrics community, descarga del 2026-10-07; MAX_MONEY de Bitcoin Core",
btc_porcentaje_minado_pct,2018,2018-12-31,83.1224634637,% de 21000000 BTC,dato,,"Coin Metrics community, descarga del 2026-10-07; MAX_MONEY de Bitcoin Core",
btc_porcentaje_minado_pct,2019,2019-12-31,86.3505586733,% de 21000000 BTC,dato,,"Coin Metrics community, descarga del 2026-10-07; MAX_MONEY de Bitcoin Core",
btc_porcentaje_minado_pct,2020,2020-12-31,88.5090306785,% de 21000000 BTC,dato,,"Coin Metrics community, descarga del 2026-10-07; MAX_MONEY de Bitcoin Core",
btc_porcentaje_minado_pct,2021,2021-12-31,90.0769942449,% de 21000000 BTC,dato,,"Coin Metrics community, descarga del 2026-10-07; MAX_MONEY de Bitcoin Core",
btc_porcentaje_minado_pct,2022,2022-12-31,91.659929266,% de 21000000 BTC,dato,,"Coin Metrics community, descarga del 2026-10-07; MAX_MONEY de Bitcoin Core",
btc_porcentaje_minado_pct,2023,2023-12-31,93.2670202186,% de 21000000 BTC,dato,,"Coin Metrics community, descarga del 2026-10-07; MAX_MONEY de Bitcoin Core",
btc_porcentaje_minado_pct,2024,2024-12-31,94.3039505909,% de 21000000 BTC,dato,,"Coin Metrics community, descarga del 2026-10-07; MAX_MONEY de Bitcoin Core",
btc_porcentaje_minado_pct,2025,2025-12-31,95.0938150475,% de 21000000 BTC,dato,,"Coin Metrics community, descarga del 2026-10-07; MAX_MONEY de Bitcoin Core",
deuda_eeuu_no_financiera_musd,1945,1945-12-31,352402,millones de USD,dato,,"Z.1, publicación del 11 de septiembre de 2026 (2026:Q2), D3.s, LA384104005.Q",
deuda_eeuu_no_financiera_musd,1946,1946-12-31,343964,millones de USD,dato,,"Z.1, publicación del 11 de septiembre de 2026 (2026:Q2), D3.s, LA384104005.Q",
deuda_eeuu_no_financiera_musd,1947,1947-12-31,356685,millones de USD,dato,,"Z.1, publicación del 11 de septiembre de 2026 (2026:Q2), D3.s, LA384104005.Q",
deuda_eeuu_no_financiera_musd,1948,1948-12-31,369120,millones de USD,dato,,"Z.1, publicación del 11 de septiembre de 2026 (2026:Q2), D3.s, LA384104005.Q",
deuda_eeuu_no_financiera_musd,1949,1949-12-31,384453,millones de USD,dato,,"Z.1, publicación del 11 de septiembre de 2026 (2026:Q2), D3.s, LA384104005.Q",
deuda_eeuu_no_financiera_musd,1950,1950-12-31,411373,millones de USD,dato,,"Z.1, publicación del 11 de septiembre de 2026 (2026:Q2), D3.s, LA384104005.Q",
deuda_eeuu_no_financiera_musd,1951,1951-12-31,434345,millones de USD,dato,,"Z.1, publicación del 11 de septiembre de 2026 (2026:Q2), D3.s, LA384104005.Q",
deuda_eeuu_no_financiera_musd,1952,1952-12-31,468756,millones de USD,dato,,"Z.1, publicación del 11 de septiembre de 2026 (2026:Q2), D3.s, LA384104005.Q",
deuda_eeuu_no_financiera_musd,1953,1953-12-31,498932,millones de USD,dato,,"Z.1, publicación del 11 de septiembre de 2026 (2026:Q2), D3.s, LA384104005.Q",
deuda_eeuu_no_financiera_musd,1954,1954-12-31,525508,millones de USD,dato,,"Z.1, publicación del 11 de septiembre de 2026 (2026:Q2), D3.s, LA384104005.Q",
deuda_eeuu_no_financiera_musd,1955,1955-12-31,563842,millones de USD,dato,,"Z.1, publicación del 11 de septiembre de 2026 (2026:Q2), D3.s, LA384104005.Q",
deuda_eeuu_no_financiera_musd,1956,1956-12-31,590711,millones de USD,dato,,"Z.1, publicación del 11 de septiembre de 2026 (2026:Q2), D3.s, LA384104005.Q",
deuda_eeuu_no_financiera_musd,1957,1957-12-31,617864,millones de USD,dato,,"Z.1, publicación del 11 de septiembre de 2026 (2026:Q2), D3.s, LA384104005.Q",
deuda_eeuu_no_financiera_musd,1958,1958-12-31,656559,millones de USD,dato,,"Z.1, publicación del 11 de septiembre de 2026 (2026:Q2), D3.s, LA384104005.Q",
deuda_eeuu_no_financiera_musd,1959,1959-12-31,707085,millones de USD,dato,,"Z.1, publicación del 11 de septiembre de 2026 (2026:Q2), D3.s, LA384104005.Q",
deuda_eeuu_no_financiera_musd,1960,1960-12-31,742760,millones de USD,dato,,"Z.1, publicación del 11 de septiembre de 2026 (2026:Q2), D3.s, LA384104005.Q",
deuda_eeuu_no_financiera_musd,1961,1961-12-31,788596,millones de USD,dato,,"Z.1, publicación del 11 de septiembre de 2026 (2026:Q2), D3.s, LA384104005.Q",
deuda_eeuu_no_financiera_musd,1962,1962-12-31,842334,millones de USD,dato,,"Z.1, publicación del 11 de septiembre de 2026 (2026:Q2), D3.s, LA384104005.Q",
deuda_eeuu_no_financiera_musd,1963,1963-12-31,900618,millones de USD,dato,,"Z.1, publicación del 11 de septiembre de 2026 (2026:Q2), D3.s, LA384104005.Q",
deuda_eeuu_no_financiera_musd,1964,1964-12-31,965255,millones de USD,dato,,"Z.1, publicación del 11 de septiembre de 2026 (2026:Q2), D3.s, LA384104005.Q",
deuda_eeuu_no_financiera_musd,1965,1965-12-31,1034076,millones de USD,dato,,"Z.1, publicación del 11 de septiembre de 2026 (2026:Q2), D3.s, LA384104005.Q",
deuda_eeuu_no_financiera_musd,1966,1966-12-31,1102733,millones de USD,dato,,"Z.1, publicación del 11 de septiembre de 2026 (2026:Q2), D3.s, LA384104005.Q",
deuda_eeuu_no_financiera_musd,1967,1967-12-31,1190912,millones de USD,dato,,"Z.1, publicación del 11 de septiembre de 2026 (2026:Q2), D3.s, LA384104005.Q",
deuda_eeuu_no_financiera_musd,1968,1968-12-31,1280418,millones de USD,dato,,"Z.1, publicación del 11 de septiembre de 2026 (2026:Q2), D3.s, LA384104005.Q",
deuda_eeuu_no_financiera_musd,1969,1969-12-31,1366289,millones de USD,dato,,"Z.1, publicación del 11 de septiembre de 2026 (2026:Q2), D3.s, LA384104005.Q",
deuda_eeuu_no_financiera_musd,1970,1970-12-31,1458429,millones de USD,dato,,"Z.1, publicación del 11 de septiembre de 2026 (2026:Q2), D3.s, LA384104005.Q",
deuda_eeuu_no_financiera_musd,1971,1971-12-31,1599204,millones de USD,dato,,"Z.1, publicación del 11 de septiembre de 2026 (2026:Q2), D3.s, LA384104005.Q",
deuda_eeuu_no_financiera_musd,1972,1972-12-31,1764103,millones de USD,dato,,"Z.1, publicación del 11 de septiembre de 2026 (2026:Q2), D3.s, LA384104005.Q",
deuda_eeuu_no_financiera_musd,1973,1973-12-31,1949734,millones de USD,dato,,"Z.1, publicación del 11 de septiembre de 2026 (2026:Q2), D3.s, LA384104005.Q",
deuda_eeuu_no_financiera_musd,1974,1974-12-31,2128604,millones de USD,dato,,"Z.1, publicación del 11 de septiembre de 2026 (2026:Q2), D3.s, LA384104005.Q",
deuda_eeuu_no_financiera_musd,1975,1975-12-31,2320336,millones de USD,dato,,"Z.1, publicación del 11 de septiembre de 2026 (2026:Q2), D3.s, LA384104005.Q",
deuda_eeuu_no_financiera_musd,1976,1976-12-31,2571117,millones de USD,dato,,"Z.1, publicación del 11 de septiembre de 2026 (2026:Q2), D3.s, LA384104005.Q",
deuda_eeuu_no_financiera_musd,1977,1977-12-31,2899617,millones de USD,dato,,"Z.1, publicación del 11 de septiembre de 2026 (2026:Q2), D3.s, LA384104005.Q",
deuda_eeuu_no_financiera_musd,1978,1978-12-31,3293544,millones de USD,dato,,"Z.1, publicación del 11 de septiembre de 2026 (2026:Q2), D3.s, LA384104005.Q",
deuda_eeuu_no_financiera_musd,1979,1979-12-31,3692020,millones de USD,dato,,"Z.1, publicación del 11 de septiembre de 2026 (2026:Q2), D3.s, LA384104005.Q",
deuda_eeuu_no_financiera_musd,1980,1980-12-31,4054534,millones de USD,dato,,"Z.1, publicación del 11 de septiembre de 2026 (2026:Q2), D3.s, LA384104005.Q",
deuda_eeuu_no_financiera_musd,1981,1981-12-31,4467729,millones de USD,dato,,"Z.1, publicación del 11 de septiembre de 2026 (2026:Q2), D3.s, LA384104005.Q",
deuda_eeuu_no_financiera_musd,1982,1982-12-31,4903404,millones de USD,dato,,"Z.1, publicación del 11 de septiembre de 2026 (2026:Q2), D3.s, LA384104005.Q",
deuda_eeuu_no_financiera_musd,1983,1983-12-31,5500650,millones de USD,dato,,"Z.1, publicación del 11 de septiembre de 2026 (2026:Q2), D3.s, LA384104005.Q",
deuda_eeuu_no_financiera_musd,1984,1984-12-31,6346950,millones de USD,dato,,"Z.1, publicación del 11 de septiembre de 2026 (2026:Q2), D3.s, LA384104005.Q",
deuda_eeuu_no_financiera_musd,1985,1985-12-31,7389573,millones de USD,dato,,"Z.1, publicación del 11 de septiembre de 2026 (2026:Q2), D3.s, LA384104005.Q",
deuda_eeuu_no_financiera_musd,1986,1986-12-31,8267321,millones de USD,dato,,"Z.1, publicación del 11 de septiembre de 2026 (2026:Q2), D3.s, LA384104005.Q",
deuda_eeuu_no_financiera_musd,1987,1987-12-31,9015499,millones de USD,dato,,"Z.1, publicación del 11 de septiembre de 2026 (2026:Q2), D3.s, LA384104005.Q",
deuda_eeuu_no_financiera_musd,1988,1988-12-31,9834842,millones de USD,dato,,"Z.1, publicación del 11 de septiembre de 2026 (2026:Q2), D3.s, LA384104005.Q",
deuda_eeuu_no_financiera_musd,1989,1989-12-31,10584663,millones de USD,dato,,"Z.1, publicación del 11 de septiembre de 2026 (2026:Q2), D3.s, LA384104005.Q",
deuda_eeuu_no_financiera_musd,1990,1990-12-31,11299896,millones de USD,dato,,"Z.1, publicación del 11 de septiembre de 2026 (2026:Q2), D3.s, LA384104005.Q",
deuda_eeuu_no_financiera_musd,1991,1991-12-31,11827826,millones de USD,dato,,"Z.1, publicación del 11 de septiembre de 2026 (2026:Q2), D3.s, LA384104005.Q",
deuda_eeuu_no_financiera_musd,1992,1992-12-31,12377462,millones de USD,dato,,"Z.1, publicación del 11 de septiembre de 2026 (2026:Q2), D3.s, LA384104005.Q",
deuda_eeuu_no_financiera_musd,1993,1993-12-31,13103253,millones de USD,dato,,"Z.1, publicación del 11 de septiembre de 2026 (2026:Q2), D3.s, LA384104005.Q",
deuda_eeuu_no_financiera_musd,1994,1994-12-31,13798281,millones de USD,dato,,"Z.1, publicación del 11 de septiembre de 2026 (2026:Q2), D3.s, LA384104005.Q",
deuda_eeuu_no_financiera_musd,1995,1995-12-31,14491814,millones de USD,dato,,"Z.1, publicación del 11 de septiembre de 2026 (2026:Q2), D3.s, LA384104005.Q",
deuda_eeuu_no_financiera_musd,1996,1996-12-31,15259675,millones de USD,dato,,"Z.1, publicación del 11 de septiembre de 2026 (2026:Q2), D3.s, LA384104005.Q",
deuda_eeuu_no_financiera_musd,1997,1997-12-31,16139230,millones de USD,dato,,"Z.1, publicación del 11 de septiembre de 2026 (2026:Q2), D3.s, LA384104005.Q",
deuda_eeuu_no_financiera_musd,1998,1998-12-31,17278903,millones de USD,dato,,"Z.1, publicación del 11 de septiembre de 2026 (2026:Q2), D3.s, LA384104005.Q",
deuda_eeuu_no_financiera_musd,1999,1999-12-31,18460945,millones de USD,dato,,"Z.1, publicación del 11 de septiembre de 2026 (2026:Q2), D3.s, LA384104005.Q",
deuda_eeuu_no_financiera_musd,2000,2000-12-31,19317963,millones de USD,dato,,"Z.1, publicación del 11 de septiembre de 2026 (2026:Q2), D3.s, LA384104005.Q",
deuda_eeuu_no_financiera_musd,2001,2001-12-31,20428942,millones de USD,dato,,"Z.1, publicación del 11 de septiembre de 2026 (2026:Q2), D3.s, LA384104005.Q",
deuda_eeuu_no_financiera_musd,2002,2002-12-31,21805198,millones de USD,dato,,"Z.1, publicación del 11 de septiembre de 2026 (2026:Q2), D3.s, LA384104005.Q",
deuda_eeuu_no_financiera_musd,2003,2003-12-31,23540425,millones de USD,dato,,"Z.1, publicación del 11 de septiembre de 2026 (2026:Q2), D3.s, LA384104005.Q",
deuda_eeuu_no_financiera_musd,2004,2004-12-31,26479300,millones de USD,dato,,"Z.1, publicación del 11 de septiembre de 2026 (2026:Q2), D3.s, LA384104005.Q",
deuda_eeuu_no_financiera_musd,2005,2005-12-31,28774571,millones de USD,dato,,"Z.1, publicación del 11 de septiembre de 2026 (2026:Q2), D3.s, LA384104005.Q",
deuda_eeuu_no_financiera_musd,2006,2006-12-31,31237357,millones de USD,dato,,"Z.1, publicación del 11 de septiembre de 2026 (2026:Q2), D3.s, LA384104005.Q",
deuda_eeuu_no_financiera_musd,2007,2007-12-31,33741732,millones de USD,dato,,"Z.1, publicación del 11 de septiembre de 2026 (2026:Q2), D3.s, LA384104005.Q",
deuda_eeuu_no_financiera_musd,2008,2008-12-31,35609207,millones de USD,dato,,"Z.1, publicación del 11 de septiembre de 2026 (2026:Q2), D3.s, LA384104005.Q",
deuda_eeuu_no_financiera_musd,2009,2009-12-31,36547552,millones de USD,dato,,"Z.1, publicación del 11 de septiembre de 2026 (2026:Q2), D3.s, LA384104005.Q",
deuda_eeuu_no_financiera_musd,2010,2010-12-31,37928948,millones de USD,dato,,"Z.1, publicación del 11 de septiembre de 2026 (2026:Q2), D3.s, LA384104005.Q",
deuda_eeuu_no_financiera_musd,2011,2011-12-31,39209398,millones de USD,dato,,"Z.1, publicación del 11 de septiembre de 2026 (2026:Q2), D3.s, LA384104005.Q",
deuda_eeuu_no_financiera_musd,2012,2012-12-31,40807014,millones de USD,dato,,"Z.1, publicación del 11 de septiembre de 2026 (2026:Q2), D3.s, LA384104005.Q",
deuda_eeuu_no_financiera_musd,2013,2013-12-31,42469908,millones de USD,dato,,"Z.1, publicación del 11 de septiembre de 2026 (2026:Q2), D3.s, LA384104005.Q",
deuda_eeuu_no_financiera_musd,2014,2014-12-31,44073366,millones de USD,dato,,"Z.1, publicación del 11 de septiembre de 2026 (2026:Q2), D3.s, LA384104005.Q",
deuda_eeuu_no_financiera_musd,2015,2015-12-31,45948705,millones de USD,dato,,"Z.1, publicación del 11 de septiembre de 2026 (2026:Q2), D3.s, LA384104005.Q",
deuda_eeuu_no_financiera_musd,2016,2016-12-31,47937651,millones de USD,dato,,"Z.1, publicación del 11 de septiembre de 2026 (2026:Q2), D3.s, LA384104005.Q",
deuda_eeuu_no_financiera_musd,2017,2017-12-31,50113393,millones de USD,dato,,"Z.1, publicación del 11 de septiembre de 2026 (2026:Q2), D3.s, LA384104005.Q",
deuda_eeuu_no_financiera_musd,2018,2018-12-31,52854838,millones de USD,dato,,"Z.1, publicación del 11 de septiembre de 2026 (2026:Q2), D3.s, LA384104005.Q",
deuda_eeuu_no_financiera_musd,2019,2019-12-31,55358189,millones de USD,dato,,"Z.1, publicación del 11 de septiembre de 2026 (2026:Q2), D3.s, LA384104005.Q",
deuda_eeuu_no_financiera_musd,2020,2020-12-31,62136630,millones de USD,dato,,"Z.1, publicación del 11 de septiembre de 2026 (2026:Q2), D3.s, LA384104005.Q",
deuda_eeuu_no_financiera_musd,2021,2021-12-31,66688878,millones de USD,dato,,"Z.1, publicación del 11 de septiembre de 2026 (2026:Q2), D3.s, LA384104005.Q",
deuda_eeuu_no_financiera_musd,2022,2022-12-31,70647649,millones de USD,dato,,"Z.1, publicación del 11 de septiembre de 2026 (2026:Q2), D3.s, LA384104005.Q",
deuda_eeuu_no_financiera_musd,2023,2023-12-31,74283380,millones de USD,dato,,"Z.1, publicación del 11 de septiembre de 2026 (2026:Q2), D3.s, LA384104005.Q",
deuda_eeuu_no_financiera_musd,2024,2024-12-31,77718783,millones de USD,dato,,"Z.1, publicación del 11 de septiembre de 2026 (2026:Q2), D3.s, LA384104005.Q",
deuda_eeuu_no_financiera_musd,2025,2025-12-31,81810789,millones de USD,dato,,"Z.1, publicación del 11 de septiembre de 2026 (2026:Q2), D3.s, LA384104005.Q",
deuda_eeuu_no_financiera_variacion_pct,1946,1946-12-31,-2.39442454924,% anual,dato,,"Z.1, publicación del 11 de septiembre de 2026 (2026:Q2), LA384104005.Q (cálculo propio)",
deuda_eeuu_no_financiera_variacion_pct,1947,1947-12-31,3.69835215313,% anual,dato,,"Z.1, publicación del 11 de septiembre de 2026 (2026:Q2), LA384104005.Q (cálculo propio)",
deuda_eeuu_no_financiera_variacion_pct,1948,1948-12-31,3.48626939737,% anual,dato,,"Z.1, publicación del 11 de septiembre de 2026 (2026:Q2), LA384104005.Q (cálculo propio)",
deuda_eeuu_no_financiera_variacion_pct,1949,1949-12-31,4.1539336801,% anual,dato,,"Z.1, publicación del 11 de septiembre de 2026 (2026:Q2), LA384104005.Q (cálculo propio)",
deuda_eeuu_no_financiera_variacion_pct,1950,1950-12-31,7.00215631039,% anual,dato,,"Z.1, publicación del 11 de septiembre de 2026 (2026:Q2), LA384104005.Q (cálculo propio)",
deuda_eeuu_no_financiera_variacion_pct,1951,1951-12-31,5.58422648059,% anual,dato,,"Z.1, publicación del 11 de septiembre de 2026 (2026:Q2), LA384104005.Q (cálculo propio)",
deuda_eeuu_no_financiera_variacion_pct,1952,1952-12-31,7.92250400028,% anual,dato,,"Z.1, publicación del 11 de septiembre de 2026 (2026:Q2), LA384104005.Q (cálculo propio)",
deuda_eeuu_no_financiera_variacion_pct,1953,1953-12-31,6.43746426712,% anual,dato,,"Z.1, publicación del 11 de septiembre de 2026 (2026:Q2), LA384104005.Q (cálculo propio)",
deuda_eeuu_no_financiera_variacion_pct,1954,1954-12-31,5.32657756969,% anual,dato,,"Z.1, publicación del 11 de septiembre de 2026 (2026:Q2), LA384104005.Q (cálculo propio)",
deuda_eeuu_no_financiera_variacion_pct,1955,1955-12-31,7.29465583778,% anual,dato,,"Z.1, publicación del 11 de septiembre de 2026 (2026:Q2), LA384104005.Q (cálculo propio)",
deuda_eeuu_no_financiera_variacion_pct,1956,1956-12-31,4.76534206391,% anual,dato,,"Z.1, publicación del 11 de septiembre de 2026 (2026:Q2), LA384104005.Q (cálculo propio)",
deuda_eeuu_no_financiera_variacion_pct,1957,1957-12-31,4.59666402014,% anual,dato,,"Z.1, publicación del 11 de septiembre de 2026 (2026:Q2), LA384104005.Q (cálculo propio)",
deuda_eeuu_no_financiera_variacion_pct,1958,1958-12-31,6.26270506131,% anual,dato,,"Z.1, publicación del 11 de septiembre de 2026 (2026:Q2), LA384104005.Q (cálculo propio)",
deuda_eeuu_no_financiera_variacion_pct,1959,1959-12-31,7.69557648284,% anual,dato,,"Z.1, publicación del 11 de septiembre de 2026 (2026:Q2), LA384104005.Q (cálculo propio)",
deuda_eeuu_no_financiera_variacion_pct,1960,1960-12-31,5.04536229732,% anual,dato,,"Z.1, publicación del 11 de septiembre de 2026 (2026:Q2), LA384104005.Q (cálculo propio)",
deuda_eeuu_no_financiera_variacion_pct,1961,1961-12-31,6.17103775109,% anual,dato,,"Z.1, publicación del 11 de septiembre de 2026 (2026:Q2), LA384104005.Q (cálculo propio)",
deuda_eeuu_no_financiera_variacion_pct,1962,1962-12-31,6.81438911686,% anual,dato,,"Z.1, publicación del 11 de septiembre de 2026 (2026:Q2), LA384104005.Q (cálculo propio)",
deuda_eeuu_no_financiera_variacion_pct,1963,1963-12-31,6.91934553277,% anual,dato,,"Z.1, publicación del 11 de septiembre de 2026 (2026:Q2), LA384104005.Q (cálculo propio)",
deuda_eeuu_no_financiera_variacion_pct,1964,1964-12-31,7.1769607092,% anual,dato,,"Z.1, publicación del 11 de septiembre de 2026 (2026:Q2), LA384104005.Q (cálculo propio)",
deuda_eeuu_no_financiera_variacion_pct,1965,1965-12-31,7.12982579733,% anual,dato,,"Z.1, publicación del 11 de septiembre de 2026 (2026:Q2), LA384104005.Q (cálculo propio)",
deuda_eeuu_no_financiera_variacion_pct,1966,1966-12-31,6.63945396663,% anual,dato,,"Z.1, publicación del 11 de septiembre de 2026 (2026:Q2), LA384104005.Q (cálculo propio)",
deuda_eeuu_no_financiera_variacion_pct,1967,1967-12-31,7.99640529484,% anual,dato,,"Z.1, publicación del 11 de septiembre de 2026 (2026:Q2), LA384104005.Q (cálculo propio)",
deuda_eeuu_no_financiera_variacion_pct,1968,1968-12-31,7.51575263328,% anual,dato,,"Z.1, publicación del 11 de septiembre de 2026 (2026:Q2), LA384104005.Q (cálculo propio)",
deuda_eeuu_no_financiera_variacion_pct,1969,1969-12-31,6.70648178954,% anual,dato,,"Z.1, publicación del 11 de septiembre de 2026 (2026:Q2), LA384104005.Q (cálculo propio)",
deuda_eeuu_no_financiera_variacion_pct,1970,1970-12-31,6.74381481517,% anual,dato,,"Z.1, publicación del 11 de septiembre de 2026 (2026:Q2), LA384104005.Q (cálculo propio)",
deuda_eeuu_no_financiera_variacion_pct,1971,1971-12-31,9.65250965251,% anual,dato,,"Z.1, publicación del 11 de septiembre de 2026 (2026:Q2), LA384104005.Q (cálculo propio)",
deuda_eeuu_no_financiera_variacion_pct,1972,1972-12-31,10.3113173804,% anual,dato,,"Z.1, publicación del 11 de septiembre de 2026 (2026:Q2), LA384104005.Q (cálculo propio)",
deuda_eeuu_no_financiera_variacion_pct,1973,1973-12-31,10.5226848999,% anual,dato,,"Z.1, publicación del 11 de septiembre de 2026 (2026:Q2), LA384104005.Q (cálculo propio)",
deuda_eeuu_no_financiera_variacion_pct,1974,1974-12-31,9.17407195033,% anual,dato,,"Z.1, publicación del 11 de septiembre de 2026 (2026:Q2), LA384104005.Q (cálculo propio)",
deuda_eeuu_no_financiera_variacion_pct,1975,1975-12-31,9.00740579272,% anual,dato,,"Z.1, publicación del 11 de septiembre de 2026 (2026:Q2), LA384104005.Q (cálculo propio)",
deuda_eeuu_no_financiera_variacion_pct,1976,1976-12-31,10.8079605712,% anual,dato,,"Z.1, publicación del 11 de septiembre de 2026 (2026:Q2), LA384104005.Q (cálculo propio)",
deuda_eeuu_no_financiera_variacion_pct,1977,1977-12-31,12.7765480917,% anual,dato,,"Z.1, publicación del 11 de septiembre de 2026 (2026:Q2), LA384104005.Q (cálculo propio)",
deuda_eeuu_no_financiera_variacion_pct,1978,1978-12-31,13.585483876,% anual,dato,,"Z.1, publicación del 11 de septiembre de 2026 (2026:Q2), LA384104005.Q (cálculo propio)",
deuda_eeuu_no_financiera_variacion_pct,1979,1979-12-31,12.0986997593,% anual,dato,,"Z.1, publicación del 11 de septiembre de 2026 (2026:Q2), LA384104005.Q (cálculo propio)",
deuda_eeuu_no_financiera_variacion_pct,1980,1980-12-31,9.81885255226,% anual,dato,,"Z.1, publicación del 11 de septiembre de 2026 (2026:Q2), LA384104005.Q (cálculo propio)",
deuda_eeuu_no_financiera_variacion_pct,1981,1981-12-31,10.1909368623,% anual,dato,,"Z.1, publicación del 11 de septiembre de 2026 (2026:Q2), LA384104005.Q (cálculo propio)",
deuda_eeuu_no_financiera_variacion_pct,1982,1982-12-31,9.75159863098,% anual,dato,,"Z.1, publicación del 11 de septiembre de 2026 (2026:Q2), LA384104005.Q (cálculo propio)",
deuda_eeuu_no_financiera_variacion_pct,1983,1983-12-31,12.1802323447,% anual,dato,,"Z.1, publicación del 11 de septiembre de 2026 (2026:Q2), LA384104005.Q (cálculo propio)",
deuda_eeuu_no_financiera_variacion_pct,1984,1984-12-31,15.3854544463,% anual,dato,,"Z.1, publicación del 11 de septiembre de 2026 (2026:Q2), LA384104005.Q (cálculo propio)",
deuda_eeuu_no_financiera_variacion_pct,1985,1985-12-31,16.4271500484,% anual,dato,,"Z.1, publicación del 11 de septiembre de 2026 (2026:Q2), LA384104005.Q (cálculo propio)",
deuda_eeuu_no_financiera_variacion_pct,1986,1986-12-31,11.8781964804,% anual,dato,,"Z.1, publicación del 11 de septiembre de 2026 (2026:Q2), LA384104005.Q (cálculo propio)",
deuda_eeuu_no_financiera_variacion_pct,1987,1987-12-31,9.04982399982,% anual,dato,,"Z.1, publicación del 11 de septiembre de 2026 (2026:Q2), LA384104005.Q (cálculo propio)",
deuda_eeuu_no_financiera_variacion_pct,1988,1988-12-31,9.0881602893,% anual,dato,,"Z.1, publicación del 11 de septiembre de 2026 (2026:Q2), LA384104005.Q (cálculo propio)",
deuda_eeuu_no_financiera_variacion_pct,1989,1989-12-31,7.62412858285,% anual,dato,,"Z.1, publicación del 11 de septiembre de 2026 (2026:Q2), LA384104005.Q (cálculo propio)",
deuda_eeuu_no_financiera_variacion_pct,1990,1990-12-31,6.7572581196,% anual,dato,,"Z.1, publicación del 11 de septiembre de 2026 (2026:Q2), LA384104005.Q (cálculo propio)",
deuda_eeuu_no_financiera_variacion_pct,1991,1991-12-31,4.6719899015,% anual,dato,,"Z.1, publicación del 11 de septiembre de 2026 (2026:Q2), LA384104005.Q (cálculo propio)",
deuda_eeuu_no_financiera_variacion_pct,1992,1992-12-31,4.64697400858,% anual,dato,,"Z.1, publicación del 11 de septiembre de 2026 (2026:Q2), LA384104005.Q (cálculo propio)",
deuda_eeuu_no_financiera_variacion_pct,1993,1993-12-31,5.86381117551,% anual,dato,,"Z.1, publicación del 11 de septiembre de 2026 (2026:Q2), LA384104005.Q (cálculo propio)",
deuda_eeuu_no_financiera_variacion_pct,1994,1994-12-31,5.30424009977,% anual,dato,,"Z.1, publicación del 11 de septiembre de 2026 (2026:Q2), LA384104005.Q (cálculo propio)",
deuda_eeuu_no_financiera_variacion_pct,1995,1995-12-31,5.0262275424,% anual,dato,,"Z.1, publicación del 11 de septiembre de 2026 (2026:Q2), LA384104005.Q (cálculo propio)",
deuda_eeuu_no_financiera_variacion_pct,1996,1996-12-31,5.29858442842,% anual,dato,,"Z.1, publicación del 11 de septiembre de 2026 (2026:Q2), LA384104005.Q (cálculo propio)",
deuda_eeuu_no_financiera_variacion_pct,1997,1997-12-31,5.76391699037,% anual,dato,,"Z.1, publicación del 11 de septiembre de 2026 (2026:Q2), LA384104005.Q (cálculo propio)",
deuda_eeuu_no_financiera_variacion_pct,1998,1998-12-31,7.06150789102,% anual,dato,,"Z.1, publicación del 11 de septiembre de 2026 (2026:Q2), LA384104005.Q (cálculo propio)",
deuda_eeuu_no_financiera_variacion_pct,1999,1999-12-31,6.84095512313,% anual,dato,,"Z.1, publicación del 11 de septiembre de 2026 (2026:Q2), LA384104005.Q (cálculo propio)",
deuda_eeuu_no_financiera_variacion_pct,2000,2000-12-31,4.6423300649,% anual,dato,,"Z.1, publicación del 11 de septiembre de 2026 (2026:Q2), LA384104005.Q (cálculo propio)",
deuda_eeuu_no_financiera_variacion_pct,2001,2001-12-31,5.75101525974,% anual,dato,,"Z.1, publicación del 11 de septiembre de 2026 (2026:Q2), LA384104005.Q (cálculo propio)",
deuda_eeuu_no_financiera_variacion_pct,2002,2002-12-31,6.73679527799,% anual,dato,,"Z.1, publicación del 11 de septiembre de 2026 (2026:Q2), LA384104005.Q (cálculo propio)",
deuda_eeuu_no_financiera_variacion_pct,2003,2003-12-31,7.95785940582,% anual,dato,,"Z.1, publicación del 11 de septiembre de 2026 (2026:Q2), LA384104005.Q (cálculo propio)",
deuda_eeuu_no_financiera_variacion_pct,2004,2004-12-31,12.4843752821,% anual,dato,,"Z.1, publicación del 11 de septiembre de 2026 (2026:Q2), LA384104005.Q (cálculo propio)",
deuda_eeuu_no_financiera_variacion_pct,2005,2005-12-31,8.66817098639,% anual,dato,,"Z.1, publicación del 11 de septiembre de 2026 (2026:Q2), LA384104005.Q (cálculo propio)",
deuda_eeuu_no_financiera_variacion_pct,2006,2006-12-31,8.5588973681,% anual,dato,,"Z.1, publicación del 11 de septiembre de 2026 (2026:Q2), LA384104005.Q (cálculo propio)",
deuda_eeuu_no_financiera_variacion_pct,2007,2007-12-31,8.01724358434,% anual,dato,,"Z.1, publicación del 11 de septiembre de 2026 (2026:Q2), LA384104005.Q (cálculo propio)",
deuda_eeuu_no_financiera_variacion_pct,2008,2008-12-31,5.53461511697,% anual,dato,,"Z.1, publicación del 11 de septiembre de 2026 (2026:Q2), LA384104005.Q (cálculo propio)",
deuda_eeuu_no_financiera_variacion_pct,2009,2009-12-31,2.63511905783,% anual,dato,,"Z.1, publicación del 11 de septiembre de 2026 (2026:Q2), LA384104005.Q (cálculo propio)",
deuda_eeuu_no_financiera_variacion_pct,2010,2010-12-31,3.77972237374,% anual,dato,,"Z.1, publicación del 11 de septiembre de 2026 (2026:Q2), LA384104005.Q (cálculo propio)",
deuda_eeuu_no_financiera_variacion_pct,2011,2011-12-31,3.3759175182,% anual,dato,,"Z.1, publicación del 11 de septiembre de 2026 (2026:Q2), LA384104005.Q (cálculo propio)",
deuda_eeuu_no_financiera_variacion_pct,2012,2012-12-31,4.07457416204,% anual,dato,,"Z.1, publicación del 11 de septiembre de 2026 (2026:Q2), LA384104005.Q (cálculo propio)",
deuda_eeuu_no_financiera_variacion_pct,2013,2013-12-31,4.07502004435,% anual,dato,,"Z.1, publicación del 11 de septiembre de 2026 (2026:Q2), LA384104005.Q (cálculo propio)",
deuda_eeuu_no_financiera_variacion_pct,2014,2014-12-31,3.77551559565,% anual,dato,,"Z.1, publicación del 11 de septiembre de 2026 (2026:Q2), LA384104005.Q (cálculo propio)",
deuda_eeuu_no_financiera_variacion_pct,2015,2015-12-31,4.25503919987,% anual,dato,,"Z.1, publicación del 11 de septiembre de 2026 (2026:Q2), LA384104005.Q (cálculo propio)",
deuda_eeuu_no_financiera_variacion_pct,2016,2016-12-31,4.3286225368,% anual,dato,,"Z.1, publicación del 11 de septiembre de 2026 (2026:Q2), LA384104005.Q (cálculo propio)",
deuda_eeuu_no_financiera_variacion_pct,2017,2017-12-31,4.53869130968,% anual,dato,,"Z.1, publicación del 11 de septiembre de 2026 (2026:Q2), LA384104005.Q (cálculo propio)",
deuda_eeuu_no_financiera_variacion_pct,2018,2018-12-31,5.47048370882,% anual,dato,,"Z.1, publicación del 11 de septiembre de 2026 (2026:Q2), LA384104005.Q (cálculo propio)",
deuda_eeuu_no_financiera_variacion_pct,2019,2019-12-31,4.73627598669,% anual,dato,,"Z.1, publicación del 11 de septiembre de 2026 (2026:Q2), LA384104005.Q (cálculo propio)",
deuda_eeuu_no_financiera_variacion_pct,2020,2020-12-31,12.2446942764,% anual,dato,,"Z.1, publicación del 11 de septiembre de 2026 (2026:Q2), LA384104005.Q (cálculo propio)",
deuda_eeuu_no_financiera_variacion_pct,2021,2021-12-31,7.32619068656,% anual,dato,,"Z.1, publicación del 11 de septiembre de 2026 (2026:Q2), LA384104005.Q (cálculo propio)",
deuda_eeuu_no_financiera_variacion_pct,2022,2022-12-31,5.93617874333,% anual,dato,,"Z.1, publicación del 11 de septiembre de 2026 (2026:Q2), LA384104005.Q (cálculo propio)",
deuda_eeuu_no_financiera_variacion_pct,2023,2023-12-31,5.14628731665,% anual,dato,,"Z.1, publicación del 11 de septiembre de 2026 (2026:Q2), LA384104005.Q (cálculo propio)",
deuda_eeuu_no_financiera_variacion_pct,2024,2024-12-31,4.62472628467,% anual,dato,,"Z.1, publicación del 11 de septiembre de 2026 (2026:Q2), LA384104005.Q (cálculo propio)",
deuda_eeuu_no_financiera_variacion_pct,2025,2025-12-31,5.26514420587,% anual,dato,,"Z.1, publicación del 11 de septiembre de 2026 (2026:Q2), LA384104005.Q (cálculo propio)",
deuda_eeuu_titulos_deuda_musd,1945,1945-12-31,248814,millones de USD,dato,,"Z.1, publicación del 11 de septiembre de 2026 (2026:Q2), F3.s, FL894122005.Q",
deuda_eeuu_titulos_deuda_musd,1946,1946-12-31,225694,millones de USD,dato,,"Z.1, publicación del 11 de septiembre de 2026 (2026:Q2), F3.s, FL894122005.Q",
deuda_eeuu_titulos_deuda_musd,1947,1947-12-31,221220,millones de USD,dato,,"Z.1, publicación del 11 de septiembre de 2026 (2026:Q2), F3.s, FL894122005.Q",
deuda_eeuu_titulos_deuda_musd,1948,1948-12-31,220510,millones de USD,dato,,"Z.1, publicación del 11 de septiembre de 2026 (2026:Q2), F3.s, FL894122005.Q",
deuda_eeuu_titulos_deuda_musd,1949,1949-12-31,225879,millones de USD,dato,,"Z.1, publicación del 11 de septiembre de 2026 (2026:Q2), F3.s, FL894122005.Q",
deuda_eeuu_titulos_deuda_musd,1950,1950-12-31,231674,millones de USD,dato,,"Z.1, publicación del 11 de septiembre de 2026 (2026:Q2), F3.s, FL894122005.Q",
deuda_eeuu_titulos_deuda_musd,1951,1951-12-31,238526,millones de USD,dato,,"Z.1, publicación del 11 de septiembre de 2026 (2026:Q2), F3.s, FL894122005.Q",
deuda_eeuu_titulos_deuda_musd,1952,1952-12-31,255908,millones de USD,dato,,"Z.1, publicación del 11 de septiembre de 2026 (2026:Q2), F3.s, FL894122005.Q",
deuda_eeuu_titulos_deuda_musd,1953,1953-12-31,273245,millones de USD,dato,,"Z.1, publicación del 11 de septiembre de 2026 (2026:Q2), F3.s, FL894122005.Q",
deuda_eeuu_titulos_deuda_musd,1954,1954-12-31,284149,millones de USD,dato,,"Z.1, publicación del 11 de septiembre de 2026 (2026:Q2), F3.s, FL894122005.Q",
deuda_eeuu_titulos_deuda_musd,1955,1955-12-31,292158,millones de USD,dato,,"Z.1, publicación del 11 de septiembre de 2026 (2026:Q2), F3.s, FL894122005.Q",
deuda_eeuu_titulos_deuda_musd,1956,1956-12-31,296559,millones de USD,dato,,"Z.1, publicación del 11 de septiembre de 2026 (2026:Q2), F3.s, FL894122005.Q",
deuda_eeuu_titulos_deuda_musd,1957,1957-12-31,310562,millones de USD,dato,,"Z.1, publicación del 11 de septiembre de 2026 (2026:Q2), F3.s, FL894122005.Q",
deuda_eeuu_titulos_deuda_musd,1958,1958-12-31,331684,millones de USD,dato,,"Z.1, publicación del 11 de septiembre de 2026 (2026:Q2), F3.s, FL894122005.Q",
deuda_eeuu_titulos_deuda_musd,1959,1959-12-31,352991,millones de USD,dato,,"Z.1, publicación del 11 de septiembre de 2026 (2026:Q2), F3.s, FL894122005.Q",
deuda_eeuu_titulos_deuda_musd,1960,1960-12-31,366394,millones de USD,dato,,"Z.1, publicación del 11 de septiembre de 2026 (2026:Q2), F3.s, FL894122005.Q",
deuda_eeuu_titulos_deuda_musd,1961,1961-12-31,385044,millones de USD,dato,,"Z.1, publicación del 11 de septiembre de 2026 (2026:Q2), F3.s, FL894122005.Q",
deuda_eeuu_titulos_deuda_musd,1962,1962-12-31,404860,millones de USD,dato,,"Z.1, publicación del 11 de septiembre de 2026 (2026:Q2), F3.s, FL894122005.Q",
deuda_eeuu_titulos_deuda_musd,1963,1963-12-31,421382,millones de USD,dato,,"Z.1, publicación del 11 de septiembre de 2026 (2026:Q2), F3.s, FL894122005.Q",
deuda_eeuu_titulos_deuda_musd,1964,1964-12-31,443179,millones de USD,dato,,"Z.1, publicación del 11 de septiembre de 2026 (2026:Q2), F3.s, FL894122005.Q",
deuda_eeuu_titulos_deuda_musd,1965,1965-12-31,460658,millones de USD,dato,,"Z.1, publicación del 11 de septiembre de 2026 (2026:Q2), F3.s, FL894122005.Q",
deuda_eeuu_titulos_deuda_musd,1966,1966-12-31,491972,millones de USD,dato,,"Z.1, publicación del 11 de septiembre de 2026 (2026:Q2), F3.s, FL894122005.Q",
deuda_eeuu_titulos_deuda_musd,1967,1967-12-31,533171,millones de USD,dato,,"Z.1, publicación del 11 de septiembre de 2026 (2026:Q2), F3.s, FL894122005.Q",
deuda_eeuu_titulos_deuda_musd,1968,1968-12-31,575991,millones de USD,dato,,"Z.1, publicación del 11 de septiembre de 2026 (2026:Q2), F3.s, FL894122005.Q",
deuda_eeuu_titulos_deuda_musd,1969,1969-12-31,620360,millones de USD,dato,,"Z.1, publicación del 11 de septiembre de 2026 (2026:Q2), F3.s, FL894122005.Q",
deuda_eeuu_titulos_deuda_musd,1970,1970-12-31,679368,millones de USD,dato,,"Z.1, publicación del 11 de septiembre de 2026 (2026:Q2), F3.s, FL894122005.Q",
deuda_eeuu_titulos_deuda_musd,1971,1971-12-31,748483,millones de USD,dato,,"Z.1, publicación del 11 de septiembre de 2026 (2026:Q2), F3.s, FL894122005.Q",
deuda_eeuu_titulos_deuda_musd,1972,1972-12-31,805221,millones de USD,dato,,"Z.1, publicación del 11 de septiembre de 2026 (2026:Q2), F3.s, FL894122005.Q",
deuda_eeuu_titulos_deuda_musd,1973,1973-12-31,870254,millones de USD,dato,,"Z.1, publicación del 11 de septiembre de 2026 (2026:Q2), F3.s, FL894122005.Q",
deuda_eeuu_titulos_deuda_musd,1974,1974-12-31,938511,millones de USD,dato,,"Z.1, publicación del 11 de septiembre de 2026 (2026:Q2), F3.s, FL894122005.Q",
deuda_eeuu_titulos_deuda_musd,1975,1975-12-31,1086165,millones de USD,dato,,"Z.1, publicación del 11 de septiembre de 2026 (2026:Q2), F3.s, FL894122005.Q",
deuda_eeuu_titulos_deuda_musd,1976,1976-12-31,1227629,millones de USD,dato,,"Z.1, publicación del 11 de septiembre de 2026 (2026:Q2), F3.s, FL894122005.Q",
deuda_eeuu_titulos_deuda_musd,1977,1977-12-31,1377638,millones de USD,dato,,"Z.1, publicación del 11 de septiembre de 2026 (2026:Q2), F3.s, FL894122005.Q",
deuda_eeuu_titulos_deuda_musd,1978,1978-12-31,1548535,millones de USD,dato,,"Z.1, publicación del 11 de septiembre de 2026 (2026:Q2), F3.s, FL894122005.Q",
deuda_eeuu_titulos_deuda_musd,1979,1979-12-31,1739965,millones de USD,dato,,"Z.1, publicación del 11 de septiembre de 2026 (2026:Q2), F3.s, FL894122005.Q",
deuda_eeuu_titulos_deuda_musd,1980,1980-12-31,1969425,millones de USD,dato,,"Z.1, publicación del 11 de septiembre de 2026 (2026:Q2), F3.s, FL894122005.Q",
deuda_eeuu_titulos_deuda_musd,1981,1981-12-31,2245303,millones de USD,dato,,"Z.1, publicación del 11 de septiembre de 2026 (2026:Q2), F3.s, FL894122005.Q",
deuda_eeuu_titulos_deuda_musd,1982,1982-12-31,2605601,millones de USD,dato,,"Z.1, publicación del 11 de septiembre de 2026 (2026:Q2), F3.s, FL894122005.Q",
deuda_eeuu_titulos_deuda_musd,1983,1983-12-31,2976654,millones de USD,dato,,"Z.1, publicación del 11 de septiembre de 2026 (2026:Q2), F3.s, FL894122005.Q",
deuda_eeuu_titulos_deuda_musd,1984,1984-12-31,3455850,millones de USD,dato,,"Z.1, publicación del 11 de septiembre de 2026 (2026:Q2), F3.s, FL894122005.Q",
deuda_eeuu_titulos_deuda_musd,1985,1985-12-31,4153574,millones de USD,dato,,"Z.1, publicación del 11 de septiembre de 2026 (2026:Q2), F3.s, FL894122005.Q",
deuda_eeuu_titulos_deuda_musd,1986,1986-12-31,4837371,millones de USD,dato,,"Z.1, publicación del 11 de septiembre de 2026 (2026:Q2), F3.s, FL894122005.Q",
deuda_eeuu_titulos_deuda_musd,1987,1987-12-31,5418357,millones de USD,dato,,"Z.1, publicación del 11 de septiembre de 2026 (2026:Q2), F3.s, FL894122005.Q",
deuda_eeuu_titulos_deuda_musd,1988,1988-12-31,6010119,millones de USD,dato,,"Z.1, publicación del 11 de septiembre de 2026 (2026:Q2), F3.s, FL894122005.Q",
deuda_eeuu_titulos_deuda_musd,1989,1989-12-31,6547828,millones de USD,dato,,"Z.1, publicación del 11 de septiembre de 2026 (2026:Q2), F3.s, FL894122005.Q",
deuda_eeuu_titulos_deuda_musd,1990,1990-12-31,7096927,millones de USD,dato,,"Z.1, publicación del 11 de septiembre de 2026 (2026:Q2), F3.s, FL894122005.Q",
deuda_eeuu_titulos_deuda_musd,1991,1991-12-31,7710893,millones de USD,dato,,"Z.1, publicación del 11 de septiembre de 2026 (2026:Q2), F3.s, FL894122005.Q",
deuda_eeuu_titulos_deuda_musd,1992,1992-12-31,8378545,millones de USD,dato,,"Z.1, publicación del 11 de septiembre de 2026 (2026:Q2), F3.s, FL894122005.Q",
deuda_eeuu_titulos_deuda_musd,1993,1993-12-31,9264940,millones de USD,dato,,"Z.1, publicación del 11 de septiembre de 2026 (2026:Q2), F3.s, FL894122005.Q",
deuda_eeuu_titulos_deuda_musd,1994,1994-12-31,9956883,millones de USD,dato,,"Z.1, publicación del 11 de septiembre de 2026 (2026:Q2), F3.s, FL894122005.Q",
deuda_eeuu_titulos_deuda_musd,1995,1995-12-31,10712238,millones de USD,dato,,"Z.1, publicación del 11 de septiembre de 2026 (2026:Q2), F3.s, FL894122005.Q",
deuda_eeuu_titulos_deuda_musd,1996,1996-12-31,11486226,millones de USD,dato,,"Z.1, publicación del 11 de septiembre de 2026 (2026:Q2), F3.s, FL894122005.Q",
deuda_eeuu_titulos_deuda_musd,1997,1997-12-31,12240620,millones de USD,dato,,"Z.1, publicación del 11 de septiembre de 2026 (2026:Q2), F3.s, FL894122005.Q",
deuda_eeuu_titulos_deuda_musd,1998,1998-12-31,13402887,millones de USD,dato,,"Z.1, publicación del 11 de septiembre de 2026 (2026:Q2), F3.s, FL894122005.Q",
deuda_eeuu_titulos_deuda_musd,1999,1999-12-31,14527899,millones de USD,dato,,"Z.1, publicación del 11 de septiembre de 2026 (2026:Q2), F3.s, FL894122005.Q",
deuda_eeuu_titulos_deuda_musd,2000,2000-12-31,15239511,millones de USD,dato,,"Z.1, publicación del 11 de septiembre de 2026 (2026:Q2), F3.s, FL894122005.Q",
deuda_eeuu_titulos_deuda_musd,2001,2001-12-31,16474481,millones de USD,dato,,"Z.1, publicación del 11 de septiembre de 2026 (2026:Q2), F3.s, FL894122005.Q",
deuda_eeuu_titulos_deuda_musd,2002,2002-12-31,17873727,millones de USD,dato,,"Z.1, publicación del 11 de septiembre de 2026 (2026:Q2), F3.s, FL894122005.Q",
deuda_eeuu_titulos_deuda_musd,2003,2003-12-31,19554851,millones de USD,dato,,"Z.1, publicación del 11 de septiembre de 2026 (2026:Q2), F3.s, FL894122005.Q",
deuda_eeuu_titulos_deuda_musd,2004,2004-12-31,21868350,millones de USD,dato,,"Z.1, publicación del 11 de septiembre de 2026 (2026:Q2), F3.s, FL894122005.Q",
deuda_eeuu_titulos_deuda_musd,2005,2005-12-31,23334296,millones de USD,dato,,"Z.1, publicación del 11 de septiembre de 2026 (2026:Q2), F3.s, FL894122005.Q",
deuda_eeuu_titulos_deuda_musd,2006,2006-12-31,25396637,millones de USD,dato,,"Z.1, publicación del 11 de septiembre de 2026 (2026:Q2), F3.s, FL894122005.Q",
deuda_eeuu_titulos_deuda_musd,2007,2007-12-31,27965333,millones de USD,dato,,"Z.1, publicación del 11 de septiembre de 2026 (2026:Q2), F3.s, FL894122005.Q",
deuda_eeuu_titulos_deuda_musd,2008,2008-12-31,29356196,millones de USD,dato,,"Z.1, publicación del 11 de septiembre de 2026 (2026:Q2), F3.s, FL894122005.Q",
deuda_eeuu_titulos_deuda_musd,2009,2009-12-31,30460644,millones de USD,dato,,"Z.1, publicación del 11 de septiembre de 2026 (2026:Q2), F3.s, FL894122005.Q",
deuda_eeuu_titulos_deuda_musd,2010,2010-12-31,31779720,millones de USD,dato,,"Z.1, publicación del 11 de septiembre de 2026 (2026:Q2), F3.s, FL894122005.Q",
deuda_eeuu_titulos_deuda_musd,2011,2011-12-31,32731884,millones de USD,dato,,"Z.1, publicación del 11 de septiembre de 2026 (2026:Q2), F3.s, FL894122005.Q",
deuda_eeuu_titulos_deuda_musd,2012,2012-12-31,34282034,millones de USD,dato,,"Z.1, publicación del 11 de septiembre de 2026 (2026:Q2), F3.s, FL894122005.Q",
deuda_eeuu_titulos_deuda_musd,2013,2013-12-31,35376824,millones de USD,dato,,"Z.1, publicación del 11 de septiembre de 2026 (2026:Q2), F3.s, FL894122005.Q",
deuda_eeuu_titulos_deuda_musd,2014,2014-12-31,36650074,millones de USD,dato,,"Z.1, publicación del 11 de septiembre de 2026 (2026:Q2), F3.s, FL894122005.Q",
deuda_eeuu_titulos_deuda_musd,2015,2015-12-31,37569007,millones de USD,dato,,"Z.1, publicación del 11 de septiembre de 2026 (2026:Q2), F3.s, FL894122005.Q",
deuda_eeuu_titulos_deuda_musd,2016,2016-12-31,38841235,millones de USD,dato,,"Z.1, publicación del 11 de septiembre de 2026 (2026:Q2), F3.s, FL894122005.Q",
deuda_eeuu_titulos_deuda_musd,2017,2017-12-31,40584436,millones de USD,dato,,"Z.1, publicación del 11 de septiembre de 2026 (2026:Q2), F3.s, FL894122005.Q",
deuda_eeuu_titulos_deuda_musd,2018,2018-12-31,42175937,millones de USD,dato,,"Z.1, publicación del 11 de septiembre de 2026 (2026:Q2), F3.s, FL894122005.Q",
deuda_eeuu_titulos_deuda_musd,2019,2019-12-31,44282743,millones de USD,dato,,"Z.1, publicación del 11 de septiembre de 2026 (2026:Q2), F3.s, FL894122005.Q",
deuda_eeuu_titulos_deuda_musd,2020,2020-12-31,50509459,millones de USD,dato,,"Z.1, publicación del 11 de septiembre de 2026 (2026:Q2), F3.s, FL894122005.Q",
deuda_eeuu_titulos_deuda_musd,2021,2021-12-31,53986280,millones de USD,dato,,"Z.1, publicación del 11 de septiembre de 2026 (2026:Q2), F3.s, FL894122005.Q",
deuda_eeuu_titulos_deuda_musd,2022,2022-12-31,56049381,millones de USD,dato,,"Z.1, publicación del 11 de septiembre de 2026 (2026:Q2), F3.s, FL894122005.Q",
deuda_eeuu_titulos_deuda_musd,2023,2023-12-31,59214983,millones de USD,dato,,"Z.1, publicación del 11 de septiembre de 2026 (2026:Q2), F3.s, FL894122005.Q",
deuda_eeuu_titulos_deuda_musd,2024,2024-12-31,62105061,millones de USD,dato,,"Z.1, publicación del 11 de septiembre de 2026 (2026:Q2), F3.s, FL894122005.Q",
deuda_eeuu_titulos_deuda_musd,2025,2025-12-31,65485674,millones de USD,dato,,"Z.1, publicación del 11 de septiembre de 2026 (2026:Q2), F3.s, FL894122005.Q",
deuda_eeuu_titulos_deuda_variacion_pct,1946,1946-12-31,-9.29208163528,% anual,dato,,"Z.1, publicación del 11 de septiembre de 2026 (2026:Q2), FL894122005.Q (cálculo propio)",
deuda_eeuu_titulos_deuda_variacion_pct,1947,1947-12-31,-1.98233005751,% anual,dato,,"Z.1, publicación del 11 de septiembre de 2026 (2026:Q2), FL894122005.Q (cálculo propio)",
deuda_eeuu_titulos_deuda_variacion_pct,1948,1948-12-31,-0.320947473104,% anual,dato,,"Z.1, publicación del 11 de septiembre de 2026 (2026:Q2), FL894122005.Q (cálculo propio)",
deuda_eeuu_titulos_deuda_variacion_pct,1949,1949-12-31,2.43481021269,% anual,dato,,"Z.1, publicación del 11 de septiembre de 2026 (2026:Q2), FL894122005.Q (cálculo propio)",
deuda_eeuu_titulos_deuda_variacion_pct,1950,1950-12-31,2.5655328738,% anual,dato,,"Z.1, publicación del 11 de septiembre de 2026 (2026:Q2), FL894122005.Q (cálculo propio)",
deuda_eeuu_titulos_deuda_variacion_pct,1951,1951-12-31,2.95760421972,% anual,dato,,"Z.1, publicación del 11 de septiembre de 2026 (2026:Q2), FL894122005.Q (cálculo propio)",
deuda_eeuu_titulos_deuda_variacion_pct,1952,1952-12-31,7.28725589663,% anual,dato,,"Z.1, publicación del 11 de septiembre de 2026 (2026:Q2), FL894122005.Q (cálculo propio)",
deuda_eeuu_titulos_deuda_variacion_pct,1953,1953-12-31,6.77470028291,% anual,dato,,"Z.1, publicación del 11 de septiembre de 2026 (2026:Q2), FL894122005.Q (cálculo propio)",
deuda_eeuu_titulos_deuda_variacion_pct,1954,1954-12-31,3.99055792421,% anual,dato,,"Z.1, publicación del 11 de septiembre de 2026 (2026:Q2), FL894122005.Q (cálculo propio)",
deuda_eeuu_titulos_deuda_variacion_pct,1955,1955-12-31,2.81859165438,% anual,dato,,"Z.1, publicación del 11 de septiembre de 2026 (2026:Q2), FL894122005.Q (cálculo propio)",
deuda_eeuu_titulos_deuda_variacion_pct,1956,1956-12-31,1.50637668659,% anual,dato,,"Z.1, publicación del 11 de septiembre de 2026 (2026:Q2), FL894122005.Q (cálculo propio)",
deuda_eeuu_titulos_deuda_variacion_pct,1957,1957-12-31,4.72182601101,% anual,dato,,"Z.1, publicación del 11 de septiembre de 2026 (2026:Q2), FL894122005.Q (cálculo propio)",
deuda_eeuu_titulos_deuda_variacion_pct,1958,1958-12-31,6.80121843625,% anual,dato,,"Z.1, publicación del 11 de septiembre de 2026 (2026:Q2), FL894122005.Q (cálculo propio)",
deuda_eeuu_titulos_deuda_variacion_pct,1959,1959-12-31,6.42388538488,% anual,dato,,"Z.1, publicación del 11 de septiembre de 2026 (2026:Q2), FL894122005.Q (cálculo propio)",
deuda_eeuu_titulos_deuda_variacion_pct,1960,1960-12-31,3.79698065956,% anual,dato,,"Z.1, publicación del 11 de septiembre de 2026 (2026:Q2), FL894122005.Q (cálculo propio)",
deuda_eeuu_titulos_deuda_variacion_pct,1961,1961-12-31,5.09014885615,% anual,dato,,"Z.1, publicación del 11 de septiembre de 2026 (2026:Q2), FL894122005.Q (cálculo propio)",
deuda_eeuu_titulos_deuda_variacion_pct,1962,1962-12-31,5.14642482418,% anual,dato,,"Z.1, publicación del 11 de septiembre de 2026 (2026:Q2), FL894122005.Q (cálculo propio)",
deuda_eeuu_titulos_deuda_variacion_pct,1963,1963-12-31,4.08091686015,% anual,dato,,"Z.1, publicación del 11 de septiembre de 2026 (2026:Q2), FL894122005.Q (cálculo propio)",
deuda_eeuu_titulos_deuda_variacion_pct,1964,1964-12-31,5.17274112326,% anual,dato,,"Z.1, publicación del 11 de septiembre de 2026 (2026:Q2), FL894122005.Q (cálculo propio)",
deuda_eeuu_titulos_deuda_variacion_pct,1965,1965-12-31,3.944004567,% anual,dato,,"Z.1, publicación del 11 de septiembre de 2026 (2026:Q2), FL894122005.Q (cálculo propio)",
deuda_eeuu_titulos_deuda_variacion_pct,1966,1966-12-31,6.79766768405,% anual,dato,,"Z.1, publicación del 11 de septiembre de 2026 (2026:Q2), FL894122005.Q (cálculo propio)",
deuda_eeuu_titulos_deuda_variacion_pct,1967,1967-12-31,8.37425707154,% anual,dato,,"Z.1, publicación del 11 de septiembre de 2026 (2026:Q2), FL894122005.Q (cálculo propio)",
deuda_eeuu_titulos_deuda_variacion_pct,1968,1968-12-31,8.03119449482,% anual,dato,,"Z.1, publicación del 11 de septiembre de 2026 (2026:Q2), FL894122005.Q (cálculo propio)",
deuda_eeuu_titulos_deuda_variacion_pct,1969,1969-12-31,7.70307174938,% anual,dato,,"Z.1, publicación del 11 de septiembre de 2026 (2026:Q2), FL894122005.Q (cálculo propio)",
deuda_eeuu_titulos_deuda_variacion_pct,1970,1970-12-31,9.51189631827,% anual,dato,,"Z.1, publicación del 11 de septiembre de 2026 (2026:Q2), FL894122005.Q (cálculo propio)",
deuda_eeuu_titulos_deuda_variacion_pct,1971,1971-12-31,10.1734258899,% anual,dato,,"Z.1, publicación del 11 de septiembre de 2026 (2026:Q2), FL894122005.Q (cálculo propio)",
deuda_eeuu_titulos_deuda_variacion_pct,1972,1972-12-31,7.58039928763,% anual,dato,,"Z.1, publicación del 11 de septiembre de 2026 (2026:Q2), FL894122005.Q (cálculo propio)",
deuda_eeuu_titulos_deuda_variacion_pct,1973,1973-12-31,8.0764162882,% anual,dato,,"Z.1, publicación del 11 de septiembre de 2026 (2026:Q2), FL894122005.Q (cálculo propio)",
deuda_eeuu_titulos_deuda_variacion_pct,1974,1974-12-31,7.84334228857,% anual,dato,,"Z.1, publicación del 11 de septiembre de 2026 (2026:Q2), FL894122005.Q (cálculo propio)",
deuda_eeuu_titulos_deuda_variacion_pct,1975,1975-12-31,15.7327937552,% anual,dato,,"Z.1, publicación del 11 de septiembre de 2026 (2026:Q2), FL894122005.Q (cálculo propio)",
deuda_eeuu_titulos_deuda_variacion_pct,1976,1976-12-31,13.0241722022,% anual,dato,,"Z.1, publicación del 11 de septiembre de 2026 (2026:Q2), FL894122005.Q (cálculo propio)",
deuda_eeuu_titulos_deuda_variacion_pct,1977,1977-12-31,12.2194083066,% anual,dato,,"Z.1, publicación del 11 de septiembre de 2026 (2026:Q2), FL894122005.Q (cálculo propio)",
deuda_eeuu_titulos_deuda_variacion_pct,1978,1978-12-31,12.4050730308,% anual,dato,,"Z.1, publicación del 11 de septiembre de 2026 (2026:Q2), FL894122005.Q (cálculo propio)",
deuda_eeuu_titulos_deuda_variacion_pct,1979,1979-12-31,12.3620066708,% anual,dato,,"Z.1, publicación del 11 de septiembre de 2026 (2026:Q2), FL894122005.Q (cálculo propio)",
deuda_eeuu_titulos_deuda_variacion_pct,1980,1980-12-31,13.1876215901,% anual,dato,,"Z.1, publicación del 11 de septiembre de 2026 (2026:Q2), FL894122005.Q (cálculo propio)",
deuda_eeuu_titulos_deuda_variacion_pct,1981,1981-12-31,14.0080480343,% anual,dato,,"Z.1, publicación del 11 de septiembre de 2026 (2026:Q2), FL894122005.Q (cálculo propio)",
deuda_eeuu_titulos_deuda_variacion_pct,1982,1982-12-31,16.0467429118,% anual,dato,,"Z.1, publicación del 11 de septiembre de 2026 (2026:Q2), FL894122005.Q (cálculo propio)",
deuda_eeuu_titulos_deuda_variacion_pct,1983,1983-12-31,14.2405917099,% anual,dato,,"Z.1, publicación del 11 de septiembre de 2026 (2026:Q2), FL894122005.Q (cálculo propio)",
deuda_eeuu_titulos_deuda_variacion_pct,1984,1984-12-31,16.0984783586,% anual,dato,,"Z.1, publicación del 11 de septiembre de 2026 (2026:Q2), FL894122005.Q (cálculo propio)",
deuda_eeuu_titulos_deuda_variacion_pct,1985,1985-12-31,20.189649435,% anual,dato,,"Z.1, publicación del 11 de septiembre de 2026 (2026:Q2), FL894122005.Q (cálculo propio)",
deuda_eeuu_titulos_deuda_variacion_pct,1986,1986-12-31,16.4628582517,% anual,dato,,"Z.1, publicación del 11 de septiembre de 2026 (2026:Q2), FL894122005.Q (cálculo propio)",
deuda_eeuu_titulos_deuda_variacion_pct,1987,1987-12-31,12.0103667881,% anual,dato,,"Z.1, publicación del 11 de septiembre de 2026 (2026:Q2), FL894122005.Q (cálculo propio)",
deuda_eeuu_titulos_deuda_variacion_pct,1988,1988-12-31,10.9214287652,% anual,dato,,"Z.1, publicación del 11 de septiembre de 2026 (2026:Q2), FL894122005.Q (cálculo propio)",
deuda_eeuu_titulos_deuda_variacion_pct,1989,1989-12-31,8.94672800988,% anual,dato,,"Z.1, publicación del 11 de septiembre de 2026 (2026:Q2), FL894122005.Q (cálculo propio)",
deuda_eeuu_titulos_deuda_variacion_pct,1990,1990-12-31,8.3859716535,% anual,dato,,"Z.1, publicación del 11 de septiembre de 2026 (2026:Q2), FL894122005.Q (cálculo propio)",
deuda_eeuu_titulos_deuda_variacion_pct,1991,1991-12-31,8.65115281586,% anual,dato,,"Z.1, publicación del 11 de septiembre de 2026 (2026:Q2), FL894122005.Q (cálculo propio)",
deuda_eeuu_titulos_deuda_variacion_pct,1992,1992-12-31,8.65855614907,% anual,dato,,"Z.1, publicación del 11 de septiembre de 2026 (2026:Q2), FL894122005.Q (cálculo propio)",
deuda_eeuu_titulos_deuda_variacion_pct,1993,1993-12-31,10.5793428334,% anual,dato,,"Z.1, publicación del 11 de septiembre de 2026 (2026:Q2), FL894122005.Q (cálculo propio)",
deuda_eeuu_titulos_deuda_variacion_pct,1994,1994-12-31,7.46840238577,% anual,dato,,"Z.1, publicación del 11 de septiembre de 2026 (2026:Q2), FL894122005.Q (cálculo propio)",
deuda_eeuu_titulos_deuda_variacion_pct,1995,1995-12-31,7.58625967584,% anual,dato,,"Z.1, publicación del 11 de septiembre de 2026 (2026:Q2), FL894122005.Q (cálculo propio)",
deuda_eeuu_titulos_deuda_variacion_pct,1996,1996-12-31,7.22526889339,% anual,dato,,"Z.1, publicación del 11 de septiembre de 2026 (2026:Q2), FL894122005.Q (cálculo propio)",
deuda_eeuu_titulos_deuda_variacion_pct,1997,1997-12-31,6.56781435434,% anual,dato,,"Z.1, publicación del 11 de septiembre de 2026 (2026:Q2), FL894122005.Q (cálculo propio)",
deuda_eeuu_titulos_deuda_variacion_pct,1998,1998-12-31,9.49516446062,% anual,dato,,"Z.1, publicación del 11 de septiembre de 2026 (2026:Q2), FL894122005.Q (cálculo propio)",
deuda_eeuu_titulos_deuda_variacion_pct,1999,1999-12-31,8.39380351412,% anual,dato,,"Z.1, publicación del 11 de septiembre de 2026 (2026:Q2), FL894122005.Q (cálculo propio)",
deuda_eeuu_titulos_deuda_variacion_pct,2000,2000-12-31,4.89824440547,% anual,dato,,"Z.1, publicación del 11 de septiembre de 2026 (2026:Q2), FL894122005.Q (cálculo propio)",
deuda_eeuu_titulos_deuda_variacion_pct,2001,2001-12-31,8.10373771179,% anual,dato,,"Z.1, publicación del 11 de septiembre de 2026 (2026:Q2), FL894122005.Q (cálculo propio)",
deuda_eeuu_titulos_deuda_variacion_pct,2002,2002-12-31,8.49341475461,% anual,dato,,"Z.1, publicación del 11 de septiembre de 2026 (2026:Q2), FL894122005.Q (cálculo propio)",
deuda_eeuu_titulos_deuda_variacion_pct,2003,2003-12-31,9.40555934417,% anual,dato,,"Z.1, publicación del 11 de septiembre de 2026 (2026:Q2), FL894122005.Q (cálculo propio)",
deuda_eeuu_titulos_deuda_variacion_pct,2004,2004-12-31,11.8308188592,% anual,dato,,"Z.1, publicación del 11 de septiembre de 2026 (2026:Q2), FL894122005.Q (cálculo propio)",
deuda_eeuu_titulos_deuda_variacion_pct,2005,2005-12-31,6.70350529418,% anual,dato,,"Z.1, publicación del 11 de septiembre de 2026 (2026:Q2), FL894122005.Q (cálculo propio)",
deuda_eeuu_titulos_deuda_variacion_pct,2006,2006-12-31,8.8382396452,% anual,dato,,"Z.1, publicación del 11 de septiembre de 2026 (2026:Q2), FL894122005.Q (cálculo propio)",
deuda_eeuu_titulos_deuda_variacion_pct,2007,2007-12-31,10.1143155293,% anual,dato,,"Z.1, publicación del 11 de septiembre de 2026 (2026:Q2), FL894122005.Q (cálculo propio)",
deuda_eeuu_titulos_deuda_variacion_pct,2008,2008-12-31,4.97352561473,% anual,dato,,"Z.1, publicación del 11 de septiembre de 2026 (2026:Q2), FL894122005.Q (cálculo propio)",
deuda_eeuu_titulos_deuda_variacion_pct,2009,2009-12-31,3.76223131907,% anual,dato,,"Z.1, publicación del 11 de septiembre de 2026 (2026:Q2), FL894122005.Q (cálculo propio)",
deuda_eeuu_titulos_deuda_variacion_pct,2010,2010-12-31,4.33042715709,% anual,dato,,"Z.1, publicación del 11 de septiembre de 2026 (2026:Q2), FL894122005.Q (cálculo propio)",
deuda_eeuu_titulos_deuda_variacion_pct,2011,2011-12-31,2.99613715917,% anual,dato,,"Z.1, publicación del 11 de septiembre de 2026 (2026:Q2), FL894122005.Q (cálculo propio)",
deuda_eeuu_titulos_deuda_variacion_pct,2012,2012-12-31,4.73590215583,% anual,dato,,"Z.1, publicación del 11 de septiembre de 2026 (2026:Q2), FL894122005.Q (cálculo propio)",
deuda_eeuu_titulos_deuda_variacion_pct,2013,2013-12-31,3.1934802935,% anual,dato,,"Z.1, publicación del 11 de septiembre de 2026 (2026:Q2), FL894122005.Q (cálculo propio)",
deuda_eeuu_titulos_deuda_variacion_pct,2014,2014-12-31,3.59910770961,% anual,dato,,"Z.1, publicación del 11 de septiembre de 2026 (2026:Q2), FL894122005.Q (cálculo propio)",
deuda_eeuu_titulos_deuda_variacion_pct,2015,2015-12-31,2.50731553775,% anual,dato,,"Z.1, publicación del 11 de septiembre de 2026 (2026:Q2), FL894122005.Q (cálculo propio)",
deuda_eeuu_titulos_deuda_variacion_pct,2016,2016-12-31,3.38637643524,% anual,dato,,"Z.1, publicación del 11 de septiembre de 2026 (2026:Q2), FL894122005.Q (cálculo propio)",
deuda_eeuu_titulos_deuda_variacion_pct,2017,2017-12-31,4.48801640834,% anual,dato,,"Z.1, publicación del 11 de septiembre de 2026 (2026:Q2), FL894122005.Q (cálculo propio)",
deuda_eeuu_titulos_deuda_variacion_pct,2018,2018-12-31,3.92145649135,% anual,dato,,"Z.1, publicación del 11 de septiembre de 2026 (2026:Q2), FL894122005.Q (cálculo propio)",
deuda_eeuu_titulos_deuda_variacion_pct,2019,2019-12-31,4.99527965437,% anual,dato,,"Z.1, publicación del 11 de septiembre de 2026 (2026:Q2), FL894122005.Q (cálculo propio)",
deuda_eeuu_titulos_deuda_variacion_pct,2020,2020-12-31,14.0612698721,% anual,dato,,"Z.1, publicación del 11 de septiembre de 2026 (2026:Q2), FL894122005.Q (cálculo propio)",
deuda_eeuu_titulos_deuda_variacion_pct,2021,2021-12-31,6.88350473126,% anual,dato,,"Z.1, publicación del 11 de septiembre de 2026 (2026:Q2), FL894122005.Q (cálculo propio)",
deuda_eeuu_titulos_deuda_variacion_pct,2022,2022-12-31,3.82152835869,% anual,dato,,"Z.1, publicación del 11 de septiembre de 2026 (2026:Q2), FL894122005.Q (cálculo propio)",
deuda_eeuu_titulos_deuda_variacion_pct,2023,2023-12-31,5.64788039318,% anual,dato,,"Z.1, publicación del 11 de septiembre de 2026 (2026:Q2), FL894122005.Q (cálculo propio)",
deuda_eeuu_titulos_deuda_variacion_pct,2024,2024-12-31,4.88065326304,% anual,dato,,"Z.1, publicación del 11 de septiembre de 2026 (2026:Q2), FL894122005.Q (cálculo propio)",
deuda_eeuu_titulos_deuda_variacion_pct,2025,2025-12-31,5.44337763391,% anual,dato,,"Z.1, publicación del 11 de septiembre de 2026 (2026:Q2), FL894122005.Q (cálculo propio)",
oro_crecimiento_stock_cota_superior_pct,1901,,102.331606218,% anual,estimación,,cálculo propio sobre la producción mundial del USGS desde 1900,cota superior: el denominador excluye lo producido antes de 1900 y supone pérdidas despreciables (A-N0-5)
oro_crecimiento_stock_cota_superior_pct,1902,,57.7464788732,% anual,estimación,,cálculo propio sobre la producción mundial del USGS desde 1900,cota superior: el denominador excluye lo producido antes de 1900 y supone pérdidas despreciables (A-N0-5)
oro_crecimiento_stock_cota_superior_pct,1903,,40.2597402597,% anual,estimación,,cálculo propio sobre la producción mundial del USGS desde 1900,cota superior: el denominador excluye lo producido antes de 1900 y supone pérdidas despreciables (A-N0-5)
oro_crecimiento_stock_cota_superior_pct,1904,,30.4398148148,% anual,estimación,,cálculo propio sobre la producción mundial del USGS desde 1900,cota superior: el denominador excluye lo producido antes de 1900 y supone pérdidas despreciables (A-N0-5)
oro_crecimiento_stock_cota_superior_pct,1905,,25.5102040816,% anual,estimación,,cálculo propio sobre la producción mundial del USGS desde 1900,cota superior: el denominador excluye lo producido antes de 1900 y supone pérdidas despreciables (A-N0-5)
oro_crecimiento_stock_cota_superior_pct,1906,,21.4916931778,% anual,estimación,,cálculo propio sobre la producción mundial del USGS desde 1900,cota superior: el denominador excluye lo producido antes de 1900 y supone pérdidas despreciables (A-N0-5)
oro_crecimiento_stock_cota_superior_pct,1907,,18.1262729124,% anual,estimación,,cálculo propio sobre la producción mundial del USGS desde 1900,cota superior: el denominador excluye lo producido antes de 1900 y supone pérdidas despreciables (A-N0-5)
oro_crecimiento_stock_cota_superior_pct,1908,,16.4532019704,% anual,estimación,,cálculo propio sobre la producción mundial del USGS desde 1900,cota superior: el denominador excluye lo producido antes de 1900 y supone pérdidas despreciables (A-N0-5)
oro_crecimiento_stock_cota_superior_pct,1909,,14.5304568528,% anual,estimación,,cálculo propio sobre la producción mundial del USGS desde 1900,cota superior: el denominador excluye lo producido antes de 1900 y supone pérdidas despreciables (A-N0-5)
oro_crecimiento_stock_cota_superior_pct,1910,,12.7239150508,% anual,estimación,,cálculo propio sobre la producción mundial del USGS desde 1900,cota superior: el denominador excluye lo producido antes de 1900 y supone pérdidas despreciables (A-N0-5)
oro_crecimiento_stock_cota_superior_pct,1911,,11.4515072084,% anual,estimación,,cálculo propio sobre la producción mundial del USGS desde 1900,cota superior: el denominador excluye lo producido antes de 1900 y supone pérdidas despreciables (A-N0-5)
oro_crecimiento_stock_cota_superior_pct,1912,,10.3630751139,% anual,estimación,,cálculo propio sobre la producción mundial del USGS desde 1900,cota superior: el denominador excluye lo producido antes de 1900 y supone pérdidas despreciables (A-N0-5)
oro_crecimiento_stock_cota_superior_pct,1913,,9.24347362813,% anual,estimación,,cálculo propio sobre la producción mundial del USGS desde 1900,cota superior: el denominador excluye lo producido antes de 1900 y supone pérdidas despreciables (A-N0-5)
oro_crecimiento_stock_cota_superior_pct,1914,,8.08339429407,% anual,estimación,,cálculo propio sobre la producción mundial del USGS desde 1900,cota superior: el denominador excluye lo producido antes de 1900 y supone pérdidas despreciables (A-N0-5)
oro_crecimiento_stock_cota_superior_pct,1915,,7.94134235759,% anual,estimación,,cálculo propio sobre la producción mundial del USGS desde 1900,cota superior: el denominador excluye lo producido antes de 1900 y supone pérdidas despreciables (A-N0-5)
oro_crecimiento_stock_cota_superior_pct,1916,,7.15853276204,% anual,estimación,,cálculo propio sobre la producción mundial del USGS desde 1900,cota superior: el denominador excluye lo producido antes de 1900 y supone pérdidas despreciables (A-N0-5)
oro_crecimiento_stock_cota_superior_pct,1917,,6.15369611859,% anual,estimación,,cálculo propio sobre la producción mundial del USGS desde 1900,cota superior: el denominador excluye lo producido antes de 1900 y supone pérdidas despreciables (A-N0-5)
oro_crecimiento_stock_cota_superior_pct,1918,,5.3100597152,% anual,estimación,,cálculo propio sobre la producción mundial del USGS desde 1900,cota superior: el denominador excluye lo producido antes de 1900 y supone pérdidas despreciables (A-N0-5)
oro_crecimiento_stock_cota_superior_pct,1919,,4.79804588677,% anual,estimación,,cálculo propio sobre la producción mundial del USGS desde 1900,cota superior: el denominador excluye lo producido antes de 1900 y supone pérdidas despreciables (A-N0-5)
oro_crecimiento_stock_cota_superior_pct,1920,,4.22042786981,% anual,estimación,,cálculo propio sobre la producción mundial del USGS desde 1900,cota superior: el denominador excluye lo producido antes de 1900 y supone pérdidas despreciables (A-N0-5)
oro_crecimiento_stock_cota_superior_pct,1921,,3.97763578275,% anual,estimación,,cálculo propio sobre la producción mundial del USGS desde 1900,cota superior: el denominador excluye lo producido antes de 1900 y supone pérdidas despreciables (A-N0-5)
oro_crecimiento_stock_cota_superior_pct,1922,,3.69488400676,% anual,estimación,,cálculo propio sobre la producción mundial del USGS desde 1900,cota superior: el denominador excluye lo producido antes de 1900 y supone pérdidas despreciables (A-N0-5)
oro_crecimiento_stock_cota_superior_pct,1923,,4.10400770427,% anual,estimación,,cálculo propio sobre la producción mundial del USGS desde 1900,cota superior: el denominador excluye lo producido antes de 1900 y supone pérdidas despreciables (A-N0-5)
oro_crecimiento_stock_cota_superior_pct,1924,,4.21262363908,% anual,estimación,,cálculo propio sobre la producción mundial del USGS desde 1900,cota superior: el denominador excluye lo producido antes de 1900 y supone pérdidas despreciables (A-N0-5)
oro_crecimiento_stock_cota_superior_pct,1925,,4.03550699898,% anual,estimación,,cálculo propio sobre la producción mundial del USGS desde 1900,cota superior: el denominador excluye lo producido antes de 1900 y supone pérdidas despreciables (A-N0-5)
oro_crecimiento_stock_cota_superior_pct,1926,,3.95116828564,% anual,estimación,,cálculo propio sobre la producción mundial del USGS desde 1900,cota superior: el denominador excluye lo producido antes de 1900 y supone pérdidas despreciables (A-N0-5)
oro_crecimiento_stock_cota_superior_pct,1927,,3.76941533022,% anual,estimación,,cálculo propio sobre la producción mundial del USGS desde 1900,cota superior: el denominador excluye lo producido antes de 1900 y supone pérdidas despreciables (A-N0-5)
oro_crecimiento_stock_cota_superior_pct,1928,,3.66899908731,% anual,estimación,,cálculo propio sobre la producción mundial del USGS desde 1900,cota superior: el denominador excluye lo producido antes de 1900 y supone pérdidas despreciables (A-N0-5)
oro_crecimiento_stock_cota_superior_pct,1929,,3.57436318817,% anual,estimación,,cálculo propio sobre la producción mundial del USGS desde 1900,cota superior: el denominador excluye lo producido antes de 1900 y supone pérdidas despreciables (A-N0-5)
oro_crecimiento_stock_cota_superior_pct,1930,,3.67201224004,% anual,estimación,,cálculo propio sobre la producción mundial del USGS desde 1900,cota superior: el denominador excluye lo producido antes de 1900 y supone pérdidas despreciables (A-N0-5)
oro_crecimiento_stock_cota_superior_pct,1931,,3.79885214539,% anual,estimación,,cálculo propio sobre la producción mundial del USGS desde 1900,cota superior: el denominador excluye lo producido antes de 1900 y supone pérdidas despreciables (A-N0-5)
oro_crecimiento_stock_cota_superior_pct,1932,,3.97051079516,% anual,estimación,,cálculo propio sobre la producción mundial del USGS desde 1900,cota superior: el denominador excluye lo producido antes de 1900 y supone pérdidas despreciables (A-N0-5)
oro_crecimiento_stock_cota_superior_pct,1933,,4.01641004862,% anual,estimación,,cálculo propio sobre la producción mundial del USGS desde 1900,cota superior: el denominador excluye lo producido antes de 1900 y supone pérdidas despreciables (A-N0-5)
oro_crecimiento_stock_cota_superior_pct,1934,,4.09504796221,% anual,estimación,,cálculo propio sobre la producción mundial del USGS desde 1900,cota superior: el denominador excluye lo producido antes de 1900 y supone pérdidas despreciables (A-N0-5)
oro_crecimiento_stock_cota_superior_pct,1935,,4.32220039293,% anual,estimación,,cálculo propio sobre la producción mundial del USGS desde 1900,cota superior: el denominador excluye lo producido antes de 1900 y supone pérdidas despreciables (A-N0-5)
oro_crecimiento_stock_cota_superior_pct,1936,,4.61841987266,% anual,estimación,,cálculo propio sobre la producción mundial del USGS desde 1900,cota superior: el denominador excluye lo producido antes de 1900 y supone pérdidas despreciables (A-N0-5)
oro_crecimiento_stock_cota_superior_pct,1937,,4.71455511744,% anual,estimación,,cálculo propio sobre la producción mundial del USGS desde 1900,cota superior: el denominador excluye lo producido antes de 1900 y supone pérdidas despreciables (A-N0-5)
oro_crecimiento_stock_cota_superior_pct,1938,,4.78880157171,% anual,estimación,,cálculo propio sobre la producción mundial del USGS desde 1900,cota superior: el denominador excluye lo producido antes de 1900 y supone pérdidas despreciables (A-N0-5)
oro_crecimiento_stock_cota_superior_pct,1939,,4.80431216311,% anual,estimación,,cálculo propio sobre la producción mundial del USGS desde 1900,cota superior: el denominador excluye lo producido antes de 1900 y supone pérdidas despreciables (A-N0-5)
oro_crecimiento_stock_cota_superior_pct,1940,,4.88223017293,% anual,estimación,,cálculo propio sobre la producción mundial del USGS desde 1900,cota superior: el denominador excluye lo producido antes de 1900 y supone pérdidas despreciables (A-N0-5)
oro_crecimiento_stock_cota_superior_pct,1941,,3.83768033544,% anual,estimación,,cálculo propio sobre la producción mundial del USGS desde 1900,cota superior: el denominador excluye lo producido antes de 1900 y supone pérdidas despreciables (A-N0-5)
oro_crecimiento_stock_cota_superior_pct,1942,,3.832728766,% anual,estimación,,cálculo propio sobre la producción mundial del USGS desde 1900,cota superior: el denominador excluye lo producido antes de 1900 y supone pérdidas despreciables (A-N0-5)
oro_crecimiento_stock_cota_superior_pct,1943,,2.95300243886,% anual,estimación,,cálculo propio sobre la producción mundial del USGS desde 1900,cota superior: el denominador excluye lo producido antes de 1900 y supone pérdidas despreciables (A-N0-5)
oro_crecimiento_stock_cota_superior_pct,1944,,2.60259939817,% anual,estimación,,cálculo propio sobre la producción mundial del USGS desde 1900,cota superior: el denominador excluye lo producido antes de 1900 y supone pérdidas despreciables (A-N0-5)
oro_crecimiento_stock_cota_superior_pct,1945,,2.37746092166,% anual,estimación,,cálculo propio sobre la producción mundial del USGS desde 1900,cota superior: el denominador excluye lo producido antes de 1900 y supone pérdidas despreciables (A-N0-5)
oro_crecimiento_stock_cota_superior_pct,1946,,2.62091244324,% anual,estimación,,cálculo propio sobre la producción mundial del USGS desde 1900,cota superior: el denominador excluye lo producido antes de 1900 y supone pérdidas despreciables (A-N0-5)
oro_crecimiento_stock_cota_superior_pct,1947,,2.67276452944,% anual,estimación,,cálculo propio sobre la producción mundial del USGS desde 1900,cota superior: el denominador excluye lo producido antes de 1900 y supone pérdidas despreciables (A-N0-5)
oro_crecimiento_stock_cota_superior_pct,1948,,2.69574523472,% anual,estimación,,cálculo propio sobre la producción mundial del USGS desde 1900,cota superior: el denominador excluye lo producido antes de 1900 y supone pérdidas despreciables (A-N0-5)
oro_crecimiento_stock_cota_superior_pct,1949,,2.71511054781,% anual,estimación,,cálculo propio sobre la producción mundial del USGS desde 1900,cota superior: el denominador excluye lo producido antes de 1900 y supone pérdidas despreciables (A-N0-5)
oro_crecimiento_stock_cota_superior_pct,1950,,2.41026625353,% anual,estimación,,cálculo propio sobre la producción mundial del USGS desde 1900,cota superior: el denominador excluye lo producido antes de 1900 y supone pérdidas despreciables (A-N0-5)
oro_crecimiento_stock_cota_superior_pct,1951,,2.36424975902,% anual,estimación,,cálculo propio sobre la producción mundial del USGS desde 1900,cota superior: el denominador excluye lo producido antes de 1900 y supone pérdidas despreciables (A-N0-5)
oro_crecimiento_stock_cota_superior_pct,1952,,2.27040883053,% anual,estimación,,cálculo propio sobre la producción mundial del USGS desde 1900,cota superior: el denominador excluye lo producido antes de 1900 y supone pérdidas despreciables (A-N0-5)
oro_crecimiento_stock_cota_superior_pct,1953,,2.20977518607,% anual,estimación,,cálculo propio sobre la producción mundial del USGS desde 1900,cota superior: el denominador excluye lo producido antes de 1900 y supone pérdidas despreciables (A-N0-5)
oro_crecimiento_stock_cota_superior_pct,1954,,2.41473362861,% anual,estimación,,cálculo propio sobre la producción mundial del USGS desde 1900,cota superior: el denominador excluye lo producido antes de 1900 y supone pérdidas despreciables (A-N0-5)
oro_crecimiento_stock_cota_superior_pct,1955,,2.31381939015,% anual,estimación,,cálculo propio sobre la producción mundial del USGS desde 1900,cota superior: el denominador excluye lo producido antes de 1900 y supone pérdidas despreciables (A-N0-5)
oro_crecimiento_stock_cota_superior_pct,1956,,2.33552238806,% anual,estimación,,cálculo propio sobre la producción mundial del USGS desde 1900,cota superior: el denominador excluye lo producido antes de 1900 y supone pérdidas despreciables (A-N0-5)
oro_crecimiento_stock_cota_superior_pct,1957,,2.38023008891,% anual,estimación,,cálculo propio sobre la producción mundial del USGS desde 1900,cota superior: el denominador excluye lo producido antes de 1900 y supone pérdidas despreciables (A-N0-5)
oro_crecimiento_stock_cota_superior_pct,1958,,2.39327148816,% anual,estimación,,cálculo propio sobre la producción mundial del USGS desde 1900,cota superior: el denominador excluye lo producido antes de 1900 y supone pérdidas despreciables (A-N0-5)
oro_crecimiento_stock_cota_superior_pct,1959,,2.51541526612,% anual,estimación,,cálculo propio sobre la producción mundial del USGS desde 1900,cota superior: el denominador excluye lo producido antes de 1900 y supone pérdidas despreciables (A-N0-5)
oro_crecimiento_stock_cota_superior_pct,1960,,2.58397932817,% anual,estimación,,cálculo propio sobre la producción mundial del USGS desde 1900,cota superior: el denominador excluye lo producido antes de 1900 y supone pérdidas despreciables (A-N0-5)
oro_crecimiento_stock_cota_superior_pct,1961,,2.60356031581,% anual,estimación,,cálculo propio sobre la producción mundial del USGS desde 1900,cota superior: el denominador excluye lo producido antes de 1900 y supone pérdidas despreciables (A-N0-5)
oro_crecimiento_stock_cota_superior_pct,1962,,2.66127534916,% anual,estimación,,cálculo propio sobre la producción mundial del USGS desde 1900,cota superior: el denominador excluye lo producido antes de 1900 y supone pérdidas despreciables (A-N0-5)
oro_crecimiento_stock_cota_superior_pct,1963,,2.69276369994,% anual,estimación,,cálculo propio sobre la producción mundial del USGS desde 1900,cota superior: el denominador excluye lo producido antes de 1900 y supone pérdidas despreciables (A-N0-5)
oro_crecimiento_stock_cota_superior_pct,1964,,2.71999686907,% anual,estimación,,cálculo propio sobre la producción mundial del USGS desde 1900,cota superior: el denominador excluye lo producido antes de 1900 y supone pérdidas despreciables (A-N0-5)
oro_crecimiento_stock_cota_superior_pct,1965,,2.74322290591,% anual,estimación,,cálculo propio sobre la producción mundial del USGS desde 1900,cota superior: el denominador excluye lo producido antes de 1900 y supone pérdidas despreciables (A-N0-5)
oro_crecimiento_stock_cota_superior_pct,1966,,2.68852094265,% anual,estimación,,cálculo propio sobre la producción mundial del USGS desde 1900,cota superior: el denominador excluye lo producido antes de 1900 y supone pérdidas despreciables (A-N0-5)
oro_crecimiento_stock_cota_superior_pct,1967,,2.56396367116,% anual,estimación,,cálculo propio sobre la producción mundial del USGS desde 1900,cota superior: el denominador excluye lo producido antes de 1900 y supone pérdidas despreciables (A-N0-5)
oro_crecimiento_stock_cota_superior_pct,1968,,2.53507737267,% anual,estimación,,cálculo propio sobre la producción mundial del USGS desde 1900,cota superior: el denominador excluye lo producido antes de 1900 y supone pérdidas despreciables (A-N0-5)
oro_crecimiento_stock_cota_superior_pct,1969,,2.48956956201,% anual,estimación,,cálculo propio sobre la producción mundial del USGS desde 1900,cota superior: el denominador excluye lo producido antes de 1900 y supone pérdidas despreciables (A-N0-5)
oro_crecimiento_stock_cota_superior_pct,1970,,2.47935268792,% anual,estimación,,cálculo propio sobre la producción mundial del USGS desde 1900,cota superior: el denominador excluye lo producido antes de 1900 y supone pérdidas despreciables (A-N0-5)
oro_crecimiento_stock_cota_superior_pct,1971,,2.37032677815,% anual,estimación,,cálculo propio sobre la producción mundial del USGS desde 1900,cota superior: el denominador excluye lo producido antes de 1900 y supone pérdidas despreciables (A-N0-5)
oro_crecimiento_stock_cota_superior_pct,1972,,2.21963176469,% anual,estimación,,cálculo propio sobre la producción mundial del USGS desde 1900,cota superior: el denominador excluye lo producido antes de 1900 y supone pérdidas despreciables (A-N0-5)
oro_crecimiento_stock_cota_superior_pct,1973,,2.10894662022,% anual,estimación,,cálculo propio sobre la producción mundial del USGS desde 1900,cota superior: el denominador excluye lo producido antes de 1900 y supone pérdidas despreciables (A-N0-5)
oro_crecimiento_stock_cota_superior_pct,1974,,1.91239692181,% anual,estimación,,cálculo propio sobre la producción mundial del USGS desde 1900,cota superior: el denominador excluye lo producido antes de 1900 y supone pérdidas despreciables (A-N0-5)
oro_crecimiento_stock_cota_superior_pct,1975,,1.80145016738,% anual,estimación,,cálculo propio sobre la producción mundial del USGS desde 1900,cota superior: el denominador excluye lo producido antes de 1900 y supone pérdidas despreciables (A-N0-5)
oro_crecimiento_stock_cota_superior_pct,1976,,1.78431864097,% anual,estimación,,cálculo propio sobre la producción mundial del USGS desde 1900,cota superior: el denominador excluye lo producido antes de 1900 y supone pérdidas despreciables (A-N0-5)
oro_crecimiento_stock_cota_superior_pct,1977,,1.75303884213,% anual,estimación,,cálculo propio sobre la producción mundial del USGS desde 1900,cota superior: el denominador excluye lo producido antes de 1900 y supone pérdidas despreciables (A-N0-5)
oro_crecimiento_stock_cota_superior_pct,1978,,1.72283684308,% anual,estimación,,cálculo propio sobre la producción mundial del USGS desde 1900,cota superior: el denominador excluye lo producido antes de 1900 y supone pérdidas despreciables (A-N0-5)
oro_crecimiento_stock_cota_superior_pct,1979,,1.69365788111,% anual,estimación,,cálculo propio sobre la producción mundial del USGS desde 1900,cota superior: el denominador excluye lo producido antes de 1900 y supone pérdidas despreciables (A-N0-5)
oro_crecimiento_stock_cota_superior_pct,1980,,1.67921489821,% anual,estimación,,cálculo propio sobre la producción mundial del USGS desde 1900,cota superior: el denominador excluye lo producido antes de 1900 y supone pérdidas despreciables (A-N0-5)
oro_crecimiento_stock_cota_superior_pct,1981,,1.73270342344,% anual,estimación,,cálculo propio sobre la producción mundial del USGS desde 1900,cota superior: el denominador excluye lo producido antes de 1900 y supone pérdidas despreciables (A-N0-5)
oro_crecimiento_stock_cota_superior_pct,1982,,1.78302928692,% anual,estimación,,cálculo propio sobre la producción mundial del USGS desde 1900,cota superior: el denominador excluye lo producido antes de 1900 y supone pérdidas despreciables (A-N0-5)
oro_crecimiento_stock_cota_superior_pct,1983,,1.83023283176,% anual,estimación,,cálculo propio sobre la producción mundial del USGS desde 1900,cota superior: el denominador excluye lo producido antes de 1900 y supone pérdidas despreciables (A-N0-5)
oro_crecimiento_stock_cota_superior_pct,1984,,1.87436611762,% anual,estimación,,cálculo propio sobre la producción mundial del USGS desde 1900,cota superior: el denominador excluye lo producido antes de 1900 y supone pérdidas despreciables (A-N0-5)
oro_crecimiento_stock_cota_superior_pct,1985,,1.92809345582,% anual,estimación,,cálculo propio sobre la producción mundial del USGS desde 1900,cota superior: el denominador excluye lo producido antes de 1900 y supone pérdidas despreciables (A-N0-5)
oro_crecimiento_stock_cota_superior_pct,1986,,1.99052953031,% anual,estimación,,cálculo propio sobre la producción mundial del USGS desde 1900,cota superior: el denominador excluye lo producido antes de 1900 y supone pérdidas despreciables (A-N0-5)
oro_crecimiento_stock_cota_superior_pct,1987,,2.01229195204,% anual,estimación,,cálculo propio sobre la producción mundial del USGS desde 1900,cota superior: el denominador excluye lo producido antes de 1900 y supone pérdidas despreciables (A-N0-5)
oro_crecimiento_stock_cota_superior_pct,1988,,2.22214300144,% anual,estimación,,cálculo propio sobre la producción mundial del USGS desde 1900,cota superior: el denominador excluye lo producido antes de 1900 y supone pérdidas despreciables (A-N0-5)
oro_crecimiento_stock_cota_superior_pct,1989,,2.33658440185,% anual,estimación,,cálculo propio sobre la producción mundial del USGS desde 1900,cota superior: el denominador excluye lo producido antes de 1900 y supone pérdidas despreciables (A-N0-5)
oro_crecimiento_stock_cota_superior_pct,1990,,2.47634409824,% anual,estimación,,cálculo propio sobre la producción mundial del USGS desde 1900,cota superior: el denominador excluye lo producido antes de 1900 y supone pérdidas despreciables (A-N0-5)
oro_crecimiento_stock_cota_superior_pct,1991,,2.39433341093,% anual,estimación,,cálculo propio sobre la producción mundial del USGS desde 1900,cota superior: el denominador excluye lo producido antes de 1900 y supone pérdidas despreciables (A-N0-5)
oro_crecimiento_stock_cota_superior_pct,1992,,2.44660236216,% anual,estimación,,cálculo propio sobre la producción mundial del USGS desde 1900,cota superior: el denominador excluye lo producido antes de 1900 y supone pérdidas despreciables (A-N0-5)
oro_crecimiento_stock_cota_superior_pct,1993,,2.40930753543,% anual,estimación,,cálculo propio sobre la producción mundial del USGS desde 1900,cota superior: el denominador excluye lo producido antes de 1900 y supone pérdidas despreciables (A-N0-5)
oro_crecimiento_stock_cota_superior_pct,1994,,2.33198848452,% anual,estimación,,cálculo propio sobre la producción mundial del USGS desde 1900,cota superior: el denominador excluye lo producido antes de 1900 y supone pérdidas despreciables (A-N0-5)
oro_crecimiento_stock_cota_superior_pct,1995,,2.24859588799,% anual,estimación,,cálculo propio sobre la producción mundial del USGS desde 1900,cota superior: el denominador excluye lo producido antes de 1900 y supone pérdidas despreciables (A-N0-5)
oro_crecimiento_stock_cota_superior_pct,1996,,2.25831582892,% anual,estimación,,cálculo propio sobre la producción mundial del USGS desde 1900,cota superior: el denominador excluye lo producido antes de 1900 y supone pérdidas despreciables (A-N0-5)
oro_crecimiento_stock_cota_superior_pct,1997,,2.36274386892,% anual,estimación,,cálculo propio sobre la producción mundial del USGS desde 1900,cota superior: el denominador excluye lo producido antes de 1900 y supone pérdidas despreciables (A-N0-5)
oro_crecimiento_stock_cota_superior_pct,1998,,2.35531311533,% anual,estimación,,cálculo propio sobre la producción mundial del USGS desde 1900,cota superior: el denominador excluye lo producido antes de 1900 y supone pérdidas despreciables (A-N0-5)
oro_crecimiento_stock_cota_superior_pct,1999,,2.36554587042,% anual,estimación,,cálculo propio sobre la producción mundial del USGS desde 1900,cota superior: el denominador excluye lo producido antes de 1900 y supone pérdidas despreciables (A-N0-5)
oro_crecimiento_stock_cota_superior_pct,2000,,2.32886443132,% anual,estimación,,cálculo propio sobre la producción mundial del USGS desde 1900,cota superior: el denominador excluye lo producido antes de 1900 y supone pérdidas despreciables (A-N0-5)
oro_crecimiento_stock_cota_superior_pct,2001,,2.28464978955,% anual,estimación,,cálculo propio sobre la producción mundial del USGS desde 1900,cota superior: el denominador excluye lo producido antes de 1900 y supone pérdidas despreciables (A-N0-5)
oro_crecimiento_stock_cota_superior_pct,2002,,2.19066518904,% anual,estimación,,cálculo propio sobre la producción mundial del USGS desde 1900,cota superior: el denominador excluye lo producido antes de 1900 y supone pérdidas despreciables (A-N0-5)
oro_crecimiento_stock_cota_superior_pct,2003,,2.13529713416,% anual,estimación,,cálculo propio sobre la producción mundial del USGS desde 1900,cota superior: el denominador excluye lo producido antes de 1900 y supone pérdidas despreciables (A-N0-5)
oro_crecimiento_stock_cota_superior_pct,2004,,1.99188430609,% anual,estimación,,cálculo propio sobre la producción mundial del USGS desde 1900,cota superior: el denominador excluye lo producido antes de 1900 y supone pérdidas despreciables (A-N0-5)
oro_crecimiento_stock_cota_superior_pct,2005,,1.99333403275,% anual,estimación,,cálculo propio sobre la producción mundial del USGS desde 1900,cota superior: el denominador excluye lo producido antes de 1900 y supone pérdidas despreciables (A-N0-5)
oro_crecimiento_stock_cota_superior_pct,2006,,1.87525220955,% anual,estimación,,cálculo propio sobre la producción mundial del USGS desde 1900,cota superior: el denominador excluye lo producido antes de 1900 y supone pérdidas despreciables (A-N0-5)
oro_crecimiento_stock_cota_superior_pct,2007,,1.82520018951,% anual,estimación,,cálculo propio sobre la producción mundial del USGS desde 1900,cota superior: el denominador excluye lo producido antes de 1900 y supone pérdidas despreciables (A-N0-5)
oro_crecimiento_stock_cota_superior_pct,2008,,1.7543458197,% anual,estimación,,cálculo propio sobre la producción mundial del USGS desde 1900,cota superior: el denominador excluye lo producido antes de 1900 y supone pérdidas despreciables (A-N0-5)
oro_crecimiento_stock_cota_superior_pct,2009,,1.86652474082,% anual,estimación,,cálculo propio sobre la producción mundial del USGS desde 1900,cota superior: el denominador excluye lo producido antes de 1900 y supone pérdidas despreciables (A-N0-5)
oro_crecimiento_stock_cota_superior_pct,2010,,1.90591126842,% anual,estimación,,cálculo propio sobre la producción mundial del USGS desde 1900,cota superior: el denominador excluye lo producido antes de 1900 y supone pérdidas despreciables (A-N0-5)
oro_crecimiento_stock_cota_superior_pct,2011,,1.93525559094,% anual,estimación,,cálculo propio sobre la producción mundial del USGS desde 1900,cota superior: el denominador excluye lo producido antes de 1900 y supone pérdidas despreciables (A-N0-5)
oro_crecimiento_stock_cota_superior_pct,2012,,1.94101853885,% anual,estimación,,cálculo propio sobre la producción mundial del USGS desde 1900,cota superior: el denominador excluye lo producido antes de 1900 y supone pérdidas despreciables (A-N0-5)
oro_crecimiento_stock_cota_superior_pct,2013,,2.05694113396,% anual,estimación,,cálculo propio sobre la producción mundial del USGS desde 1900,cota superior: el denominador excluye lo producido antes de 1900 y supone pérdidas despreciables (A-N0-5)
oro_crecimiento_stock_cota_superior_pct,2014,,2.06995635388,% anual,estimación,,cálculo propio sobre la producción mundial del USGS desde 1900,cota superior: el denominador excluye lo producido antes de 1900 y supone pérdidas despreciables (A-N0-5)
oro_crecimiento_stock_cota_superior_pct,2015,,2.0680039759,% anual,estimación,,cálculo propio sobre la producción mundial del USGS desde 1900,cota superior: el denominador excluye lo producido antes de 1900 y supone pérdidas despreciables (A-N0-5)
oro_crecimiento_stock_cota_superior_pct,2016,,2.07839061979,% anual,estimación,,cálculo propio sobre la producción mundial del USGS desde 1900,cota superior: el denominador excluye lo producido antes de 1900 y supone pérdidas despreciables (A-N0-5)
oro_crecimiento_stock_cota_superior_pct,2017,,2.08729503211,% anual,estimación,,cálculo propio sobre la producción mundial del USGS desde 1900,cota superior: el denominador excluye lo producido antes de 1900 y supone pérdidas despreciables (A-N0-5)
oro_crecimiento_stock_cota_superior_pct,2018,,2.07597699491,% anual,estimación,,cálculo propio sobre la producción mundial del USGS desde 1900,cota superior: el denominador excluye lo producido antes de 1900 y supone pérdidas despreciables (A-N0-5)
oro_crecimiento_stock_cota_superior_pct,2019,,2.00303527431,% anual,estimación,,cálculo propio sobre la producción mundial del USGS desde 1900,cota superior: el denominador excluye lo producido antes de 1900 y supone pérdidas despreciables (A-N0-5)
oro_crecimiento_stock_cota_superior_pct,2020,,1.83720552005,% anual,estimación,dentro del umbral,cálculo propio sobre la producción mundial del USGS desde 1900,cota superior: el denominador excluye lo producido antes de 1900 y supone pérdidas despreciables (A-N0-5)
oro_crecimiento_stock_cota_superior_pct,2021,,1.84546589141,% anual,estimación,dentro del umbral,cálculo propio sobre la producción mundial del USGS desde 1900,cota superior: el denominador excluye lo producido antes de 1900 y supone pérdidas despreciables (A-N0-5)
oro_crecimiento_stock_cota_superior_pct,2022,,1.83525667458,% anual,estimación,dentro del umbral,cálculo propio sobre la producción mundial del USGS desde 1900,cota superior: el denominador excluye lo producido antes de 1900 y supone pérdidas despreciables (A-N0-5)
oro_crecimiento_stock_cota_superior_pct,2023,,1.85350997759,% anual,estimación,dentro del umbral,cálculo propio sobre la producción mundial del USGS desde 1900,cota superior: el denominador excluye lo producido antes de 1900 y supone pérdidas despreciables (A-N0-5)
oro_crecimiento_stock_cota_superior_pct,2024,,1.83657814136,% anual,estimación,dentro del umbral,cálculo propio sobre la producción mundial del USGS desde 1900,cota superior: el denominador excluye lo producido antes de 1900 y supone pérdidas despreciables (A-N0-5)
oro_crecimiento_stock_cota_superior_pct,2025,,1.81445294244,% anual,estimación,,cálculo propio sobre la producción mundial del USGS desde 1900,cota superior: el denominador excluye lo producido antes de 1900 y supone pérdidas despreciables (A-N0-5)
oro_produccion_mundial_t,1900,,386,toneladas,dato,,"USGS Data Series 140 (Last modification: November 20, 2023)",
oro_produccion_mundial_t,1901,,395,toneladas,dato,,"USGS Data Series 140 (Last modification: November 20, 2023)",
oro_produccion_mundial_t,1902,,451,toneladas,dato,,"USGS Data Series 140 (Last modification: November 20, 2023)",
oro_produccion_mundial_t,1903,,496,toneladas,dato,,"USGS Data Series 140 (Last modification: November 20, 2023)",
oro_produccion_mundial_t,1904,,526,toneladas,dato,,"USGS Data Series 140 (Last modification: November 20, 2023)",
oro_produccion_mundial_t,1905,,575,toneladas,dato,,"USGS Data Series 140 (Last modification: November 20, 2023)",
oro_produccion_mundial_t,1906,,608,toneladas,dato,,"USGS Data Series 140 (Last modification: November 20, 2023)",
oro_produccion_mundial_t,1907,,623,toneladas,dato,,"USGS Data Series 140 (Last modification: November 20, 2023)",
oro_produccion_mundial_t,1908,,668,toneladas,dato,,"USGS Data Series 140 (Last modification: November 20, 2023)",
oro_produccion_mundial_t,1909,,687,toneladas,dato,,"USGS Data Series 140 (Last modification: November 20, 2023)",
oro_produccion_mundial_t,1910,,689,toneladas,dato,,"USGS Data Series 140 (Last modification: November 20, 2023)",
oro_produccion_mundial_t,1911,,699,toneladas,dato,,"USGS Data Series 140 (Last modification: November 20, 2023)",
oro_produccion_mundial_t,1912,,705,toneladas,dato,,"USGS Data Series 140 (Last modification: November 20, 2023)",
oro_produccion_mundial_t,1913,,694,toneladas,dato,,"USGS Data Series 140 (Last modification: November 20, 2023)",
oro_produccion_mundial_t,1914,,663,toneladas,dato,,"USGS Data Series 140 (Last modification: November 20, 2023)",
oro_produccion_mundial_t,1915,,704,toneladas,dato,,"USGS Data Series 140 (Last modification: November 20, 2023)",
oro_produccion_mundial_t,1916,,685,toneladas,dato,,"USGS Data Series 140 (Last modification: November 20, 2023)",
oro_produccion_mundial_t,1917,,631,toneladas,dato,,"USGS Data Series 140 (Last modification: November 20, 2023)",
oro_produccion_mundial_t,1918,,578,toneladas,dato,,"USGS Data Series 140 (Last modification: November 20, 2023)",
oro_produccion_mundial_t,1919,,550,toneladas,dato,,"USGS Data Series 140 (Last modification: November 20, 2023)",
oro_produccion_mundial_t,1920,,507,toneladas,dato,,"USGS Data Series 140 (Last modification: November 20, 2023)",
oro_produccion_mundial_t,1921,,498,toneladas,dato,,"USGS Data Series 140 (Last modification: November 20, 2023)",
oro_produccion_mundial_t,1922,,481,toneladas,dato,,"USGS Data Series 140 (Last modification: November 20, 2023)",
oro_produccion_mundial_t,1923,,554,toneladas,dato,,"USGS Data Series 140 (Last modification: November 20, 2023)",
oro_produccion_mundial_t,1924,,592,toneladas,dato,,"USGS Data Series 140 (Last modification: November 20, 2023)",
oro_produccion_mundial_t,1925,,591,toneladas,dato,,"USGS Data Series 140 (Last modification: November 20, 2023)",
oro_produccion_mundial_t,1926,,602,toneladas,dato,,"USGS Data Series 140 (Last modification: November 20, 2023)",
oro_produccion_mundial_t,1927,,597,toneladas,dato,,"USGS Data Series 140 (Last modification: November 20, 2023)",
oro_produccion_mundial_t,1928,,603,toneladas,dato,,"USGS Data Series 140 (Last modification: November 20, 2023)",
oro_produccion_mundial_t,1929,,609,toneladas,dato,,"USGS Data Series 140 (Last modification: November 20, 2023)",
oro_produccion_mundial_t,1930,,648,toneladas,dato,,"USGS Data Series 140 (Last modification: November 20, 2023)",
oro_produccion_mundial_t,1931,,695,toneladas,dato,,"USGS Data Series 140 (Last modification: November 20, 2023)",
oro_produccion_mundial_t,1932,,754,toneladas,dato,,"USGS Data Series 140 (Last modification: November 20, 2023)",
oro_produccion_mundial_t,1933,,793,toneladas,dato,,"USGS Data Series 140 (Last modification: November 20, 2023)",
oro_produccion_mundial_t,1934,,841,toneladas,dato,,"USGS Data Series 140 (Last modification: November 20, 2023)",
oro_produccion_mundial_t,1935,,924,toneladas,dato,,"USGS Data Series 140 (Last modification: November 20, 2023)",
oro_produccion_mundial_t,1936,,1030,toneladas,dato,,"USGS Data Series 140 (Last modification: November 20, 2023)",
oro_produccion_mundial_t,1937,,1100,toneladas,dato,,"USGS Data Series 140 (Last modification: November 20, 2023)",
oro_produccion_mundial_t,1938,,1170,toneladas,dato,,"USGS Data Series 140 (Last modification: November 20, 2023)",
oro_produccion_mundial_t,1939,,1230,toneladas,dato,,"USGS Data Series 140 (Last modification: November 20, 2023)",
oro_produccion_mundial_t,1940,,1310,toneladas,dato,,"USGS Data Series 140 (Last modification: November 20, 2023)",
oro_produccion_mundial_t,1941,,1080,toneladas,dato,,"USGS Data Series 140 (Last modification: November 20, 2023)",
oro_produccion_mundial_t,1942,,1120,toneladas,dato,,"USGS Data Series 140 (Last modification: November 20, 2023)",
oro_produccion_mundial_t,1943,,896,toneladas,dato,,"USGS Data Series 140 (Last modification: November 20, 2023)",
oro_produccion_mundial_t,1944,,813,toneladas,dato,,"USGS Data Series 140 (Last modification: November 20, 2023)",
oro_produccion_mundial_t,1945,,762,toneladas,dato,,"USGS Data Series 140 (Last modification: November 20, 2023)",
oro_produccion_mundial_t,1946,,860,toneladas,dato,,"USGS Data Series 140 (Last modification: November 20, 2023)",
oro_produccion_mundial_t,1947,,900,toneladas,dato,,"USGS Data Series 140 (Last modification: November 20, 2023)",
oro_produccion_mundial_t,1948,,932,toneladas,dato,,"USGS Data Series 140 (Last modification: November 20, 2023)",
oro_produccion_mundial_t,1949,,964,toneladas,dato,,"USGS Data Series 140 (Last modification: November 20, 2023)",
oro_produccion_mundial_t,1950,,879,toneladas,dato,,"USGS Data Series 140 (Last modification: November 20, 2023)",
oro_produccion_mundial_t,1951,,883,toneladas,dato,,"USGS Data Series 140 (Last modification: November 20, 2023)",
oro_produccion_mundial_t,1952,,868,toneladas,dato,,"USGS Data Series 140 (Last modification: November 20, 2023)",
oro_produccion_mundial_t,1953,,864,toneladas,dato,,"USGS Data Series 140 (Last modification: November 20, 2023)",
oro_produccion_mundial_t,1954,,965,toneladas,dato,,"USGS Data Series 140 (Last modification: November 20, 2023)",
oro_produccion_mundial_t,1955,,947,toneladas,dato,,"USGS Data Series 140 (Last modification: November 20, 2023)",
oro_produccion_mundial_t,1956,,978,toneladas,dato,,"USGS Data Series 140 (Last modification: November 20, 2023)",
oro_produccion_mundial_t,1957,,1020,toneladas,dato,,"USGS Data Series 140 (Last modification: November 20, 2023)",
oro_produccion_mundial_t,1958,,1050,toneladas,dato,,"USGS Data Series 140 (Last modification: November 20, 2023)",
oro_produccion_mundial_t,1959,,1130,toneladas,dato,,"USGS Data Series 140 (Last modification: November 20, 2023)",
oro_produccion_mundial_t,1960,,1190,toneladas,dato,,"USGS Data Series 140 (Last modification: November 20, 2023)",
oro_produccion_mundial_t,1961,,1230,toneladas,dato,,"USGS Data Series 140 (Last modification: November 20, 2023)",
oro_produccion_mundial_t,1962,,1290,toneladas,dato,,"USGS Data Series 140 (Last modification: November 20, 2023)",
oro_produccion_mundial_t,1963,,1340,toneladas,dato,,"USGS Data Series 140 (Last modification: November 20, 2023)",
oro_produccion_mundial_t,1964,,1390,toneladas,dato,,"USGS Data Series 140 (Last modification: November 20, 2023)",
oro_produccion_mundial_t,1965,,1440,toneladas,dato,,"USGS Data Series 140 (Last modification: November 20, 2023)",
oro_produccion_mundial_t,1966,,1450,toneladas,dato,,"USGS Data Series 140 (Last modification: November 20, 2023)",
oro_produccion_mundial_t,1967,,1420,toneladas,dato,,"USGS Data Series 140 (Last modification: November 20, 2023)",
oro_produccion_mundial_t,1968,,1440,toneladas,dato,,"USGS Data Series 140 (Last modification: November 20, 2023)",
oro_produccion_mundial_t,1969,,1450,toneladas,dato,,"USGS Data Series 140 (Last modification: November 20, 2023)",
oro_produccion_mundial_t,1970,,1480,toneladas,dato,,"USGS Data Series 140 (Last modification: November 20, 2023)",
oro_produccion_mundial_t,1971,,1450,toneladas,dato,,"USGS Data Series 140 (Last modification: November 20, 2023)",
oro_produccion_mundial_t,1972,,1390,toneladas,dato,,"USGS Data Series 140 (Last modification: November 20, 2023)",
oro_produccion_mundial_t,1973,,1350,toneladas,dato,,"USGS Data Series 140 (Last modification: November 20, 2023)",
oro_produccion_mundial_t,1974,,1250,toneladas,dato,,"USGS Data Series 140 (Last modification: November 20, 2023)",
oro_produccion_mundial_t,1975,,1200,toneladas,dato,,"USGS Data Series 140 (Last modification: November 20, 2023)",
oro_produccion_mundial_t,1976,,1210,toneladas,dato,,"USGS Data Series 140 (Last modification: November 20, 2023)",
oro_produccion_mundial_t,1977,,1210,toneladas,dato,,"USGS Data Series 140 (Last modification: November 20, 2023)",
oro_produccion_mundial_t,1978,,1210,toneladas,dato,,"USGS Data Series 140 (Last modification: November 20, 2023)",
oro_produccion_mundial_t,1979,,1210,toneladas,dato,,"USGS Data Series 140 (Last modification: November 20, 2023)",
oro_produccion_mundial_t,1980,,1220,toneladas,dato,,"USGS Data Series 140 (Last modification: November 20, 2023)",
oro_produccion_mundial_t,1981,,1280,toneladas,dato,,"USGS Data Series 140 (Last modification: November 20, 2023)",
oro_produccion_mundial_t,1982,,1340,toneladas,dato,,"USGS Data Series 140 (Last modification: November 20, 2023)",
oro_produccion_mundial_t,1983,,1400,toneladas,dato,,"USGS Data Series 140 (Last modification: November 20, 2023)",
oro_produccion_mundial_t,1984,,1460,toneladas,dato,,"USGS Data Series 140 (Last modification: November 20, 2023)",
oro_produccion_mundial_t,1985,,1530,toneladas,dato,,"USGS Data Series 140 (Last modification: November 20, 2023)",
oro_produccion_mundial_t,1986,,1610,toneladas,dato,,"USGS Data Series 140 (Last modification: November 20, 2023)",
oro_produccion_mundial_t,1987,,1660,toneladas,dato,,"USGS Data Series 140 (Last modification: November 20, 2023)",
oro_produccion_mundial_t,1988,,1870,toneladas,dato,,"USGS Data Series 140 (Last modification: November 20, 2023)",
oro_produccion_mundial_t,1989,,2010,toneladas,dato,,"USGS Data Series 140 (Last modification: November 20, 2023)",
oro_produccion_mundial_t,1990,,2180,toneladas,dato,,"USGS Data Series 140 (Last modification: November 20, 2023)",
oro_produccion_mundial_t,1991,,2160,toneladas,dato,,"USGS Data Series 140 (Last modification: November 20, 2023)",
oro_produccion_mundial_t,1992,,2260,toneladas,dato,,"USGS Data Series 140 (Last modification: November 20, 2023)",
oro_produccion_mundial_t,1993,,2280,toneladas,dato,,"USGS Data Series 140 (Last modification: November 20, 2023)",
oro_produccion_mundial_t,1994,,2260,toneladas,dato,,"USGS Data Series 140 (Last modification: November 20, 2023)",
oro_produccion_mundial_t,1995,,2230,toneladas,dato,,"USGS Data Series 140 (Last modification: November 20, 2023)",
oro_produccion_mundial_t,1996,,2290,toneladas,dato,,"USGS Data Series 140 (Last modification: November 20, 2023)",
oro_produccion_mundial_t,1997,,2450,toneladas,dato,,"USGS Data Series 140 (Last modification: November 20, 2023)",
oro_produccion_mundial_t,1998,,2500,toneladas,dato,,"USGS Data Series 140 (Last modification: November 20, 2023)",
oro_produccion_mundial_t,1999,,2570,toneladas,dato,,"USGS Data Series 140 (Last modification: November 20, 2023)",
oro_produccion_mundial_t,2000,,2590,toneladas,dato,,"USGS Data Series 140 (Last modification: November 20, 2023)",
oro_produccion_mundial_t,2001,,2600,toneladas,dato,,"USGS Data Series 140 (Last modification: November 20, 2023)",
oro_produccion_mundial_t,2002,,2550,toneladas,dato,,"USGS Data Series 140 (Last modification: November 20, 2023)",
oro_produccion_mundial_t,2003,,2540,toneladas,dato,,"USGS Data Series 140 (Last modification: November 20, 2023)",
oro_produccion_mundial_t,2004,,2420,toneladas,dato,,"USGS Data Series 140 (Last modification: November 20, 2023)",
oro_produccion_mundial_t,2005,,2470,toneladas,dato,,"USGS Data Series 140 (Last modification: November 20, 2023)",
oro_produccion_mundial_t,2006,,2370,toneladas,dato,,"USGS Data Series 140 (Last modification: November 20, 2023)",
oro_produccion_mundial_t,2007,,2350,toneladas,dato,,"USGS Data Series 140 (Last modification: November 20, 2023)",
oro_produccion_mundial_t,2008,,2300,toneladas,dato,,"USGS Data Series 140 (Last modification: November 20, 2023)",
oro_produccion_mundial_t,2009,,2490,toneladas,dato,,"USGS Data Series 140 (Last modification: November 20, 2023)",
oro_produccion_mundial_t,2010,,2590,toneladas,dato,,"USGS Data Series 140 (Last modification: November 20, 2023)",
oro_produccion_mundial_t,2011,,2680,toneladas,dato,,"USGS Data Series 140 (Last modification: November 20, 2023)",
oro_produccion_mundial_t,2012,,2740,toneladas,dato,,"USGS Data Series 140 (Last modification: November 20, 2023)",
oro_produccion_mundial_t,2013,,2960,toneladas,dato,,"USGS Data Series 140 (Last modification: November 20, 2023)",
oro_produccion_mundial_t,2014,,3040,toneladas,dato,,"USGS Data Series 140 (Last modification: November 20, 2023)",
oro_produccion_mundial_t,2015,,3100,toneladas,dato,,"USGS Data Series 140 (Last modification: November 20, 2023)",
oro_produccion_mundial_t,2016,,3180,toneladas,dato,,"USGS Data Series 140 (Last modification: November 20, 2023)",
oro_produccion_mundial_t,2017,,3260,toneladas,dato,,"USGS Data Series 140 (Last modification: November 20, 2023)",
oro_produccion_mundial_t,2018,,3310,toneladas,dato,,"USGS Data Series 140 (Last modification: November 20, 2023)",
oro_produccion_mundial_t,2019,,3260,toneladas,dato,,"USGS Data Series 140 (Last modification: November 20, 2023)",
oro_produccion_mundial_t,2020,,3050,toneladas,dato,dentro del umbral,"USGS Data Series 140 (Last modification: November 20, 2023)",
oro_produccion_mundial_t,2021,,3120,toneladas,dato,dentro del umbral,"USGS Data Series 140 (Last modification: November 20, 2023)",
oro_produccion_mundial_t,2022,,3160,toneladas,dato,dentro del umbral,"USGS Data Series 140 (Last modification: November 20, 2023)",revisión declarada: MCS 2024: 3060 (A-N0-3)
oro_produccion_mundial_t,2023,,3250,toneladas,dato,dentro del umbral,USGS Mineral Commodity Summaries 2025,revisión declarada: MCS 2024: 3000 (estimado) (A-N0-3)
oro_produccion_mundial_t,2024,,3280,toneladas,dato,dentro del umbral,USGS Mineral Commodity Summaries 2026,revisión declarada: MCS 2025: 3300 (estimado) (A-N0-3)
oro_produccion_mundial_t,2025,,3300,toneladas,estimación,,"USGS Mineral Commodity Summaries 2026, estimado",
plata_crecimiento_stock_cota_superior_pct,1901,,99.6296296296,% anual,estimación,,cálculo propio sobre la producción mundial del USGS desde 1900,no es una cota: el consumo industrial no recuperado reduce el stock real y la cifra es solo indicativa (A-N0-5)
plata_crecimiento_stock_cota_superior_pct,1902,,46.9387755102,% anual,estimación,,cálculo propio sobre la producción mundial del USGS desde 1900,no es una cota: el consumo industrial no recuperado reduce el stock real y la cifra es solo indicativa (A-N0-5)
plata_crecimiento_stock_cota_superior_pct,1903,,32.9545454545,% anual,estimación,,cálculo propio sobre la producción mundial del USGS desde 1900,no es una cota: el consumo industrial no recuperado reduce el stock real y la cifra es solo indicativa (A-N0-5)
plata_crecimiento_stock_cota_superior_pct,1904,,24.2640075973,% anual,estimación,,cálculo propio sobre la producción mundial del USGS desde 1900,no es una cota: el consumo industrial no recuperado reduce el stock real y la cifra es solo indicativa (A-N0-5)
plata_crecimiento_stock_cota_superior_pct,1905,,20.481467329,% anual,estimación,,cálculo propio sobre la producción mundial del USGS desde 1900,no es una cota: el consumo industrial no recuperado reduce el stock real y la cifra es solo indicativa (A-N0-5)
plata_crecimiento_stock_cota_superior_pct,1906,,16.2702188392,% anual,estimación,,cálculo propio sobre la producción mundial del USGS desde 1900,no es una cota: el consumo industrial no recuperado reduce el stock real y la cifra es solo indicativa (A-N0-5)
plata_crecimiento_stock_cota_superior_pct,1907,,15.6301145663,% anual,estimación,,cálculo propio sobre la producción mundial del USGS desde 1900,no es una cota: el consumo industrial no recuperado reduce el stock real y la cifra es solo indicativa (A-N0-5)
plata_crecimiento_stock_cota_superior_pct,1908,,14.9091766926,% anual,estimación,,cálculo propio sobre la producción mundial del USGS desde 1900,no es una cota: el consumo industrial no recuperado reduce el stock real y la cifra es solo indicativa (A-N0-5)
plata_crecimiento_stock_cota_superior_pct,1909,,13.5495791419,% anual,estimación,,cálculo propio sobre la producción mundial del USGS desde 1900,no es una cota: el consumo industrial no recuperado reduce el stock real y la cifra es solo indicativa (A-N0-5)
plata_crecimiento_stock_cota_superior_pct,1910,,12.4751401193,% anual,estimación,,cálculo propio sobre la producción mundial del USGS desde 1900,no es una cota: el consumo industrial no recuperado reduce el stock real y la cifra es solo indicativa (A-N0-5)
plata_crecimiento_stock_cota_superior_pct,1911,,11.3165085999,% anual,estimación,,cálculo propio sobre la producción mundial del USGS desde 1900,no es una cota: el consumo industrial no recuperado reduce el stock real y la cifra es solo indicativa (A-N0-5)
plata_crecimiento_stock_cota_superior_pct,1912,,10.0794223827,% anual,estimación,,cálculo propio sobre la producción mundial del USGS desde 1900,no es una cota: el consumo industrial no recuperado reduce el stock real y la cifra es solo indicativa (A-N0-5)
plata_crecimiento_stock_cota_superior_pct,1913,,9.1958546504,% anual,estimación,,cálculo propio sobre la producción mundial del USGS desde 1900,no es una cota: el consumo industrial no recuperado reduce el stock real y la cifra es solo indicativa (A-N0-5)
plata_crecimiento_stock_cota_superior_pct,1914,,6.29505045651,% anual,estimación,,cálculo propio sobre la producción mundial del USGS desde 1900,no es una cota: el consumo industrial no recuperado reduce el stock real y la cifra es solo indicativa (A-N0-5)
plata_crecimiento_stock_cota_superior_pct,1915,,6.476039783,% anual,estimación,,cálculo propio sobre la producción mundial del USGS desde 1900,no es una cota: el consumo industrial no recuperado reduce el stock real y la cifra es solo indicativa (A-N0-5)
plata_crecimiento_stock_cota_superior_pct,1916,,5.57265683049,% anual,estimación,,cálculo propio sobre la producción mundial del USGS desde 1900,no es una cota: el consumo industrial no recuperado reduce el stock real y la cifra es solo indicativa (A-N0-5)
plata_crecimiento_stock_cota_superior_pct,1917,,5.44942690529,% anual,estimación,,cálculo propio sobre la producción mundial del USGS desde 1900,no es una cota: el consumo industrial no recuperado reduce el stock real y la cifra es solo indicativa (A-N0-5)
plata_crecimiento_stock_cota_superior_pct,1918,,5.85430968726,% anual,estimación,,cálculo propio sobre la producción mundial del USGS desde 1900,no es una cota: el consumo industrial no recuperado reduce el stock real y la cifra es solo indicativa (A-N0-5)
plata_crecimiento_stock_cota_superior_pct,1919,,4.94505494505,% anual,estimación,,cálculo propio sobre la producción mundial del USGS desde 1900,no es una cota: el consumo industrial no recuperado reduce el stock real y la cifra es solo indicativa (A-N0-5)
plata_crecimiento_stock_cota_superior_pct,1920,,4.62621234229,% anual,estimación,,cálculo propio sobre la producción mundial del USGS desde 1900,no es una cota: el consumo industrial no recuperado reduce el stock real y la cifra es solo indicativa (A-N0-5)
plata_crecimiento_stock_cota_superior_pct,1921,,4.3724364233,% anual,estimación,,cálculo propio sobre la producción mundial del USGS desde 1900,no es una cota: el consumo industrial no recuperado reduce el stock real y la cifra es solo indicativa (A-N0-5)
plata_crecimiento_stock_cota_superior_pct,1922,,5.13243731824,% anual,estimación,,cálculo propio sobre la producción mundial del USGS desde 1900,no es una cota: el consumo industrial no recuperado reduce el stock real y la cifra es solo indicativa (A-N0-5)
plata_crecimiento_stock_cota_superior_pct,1923,,5.71919856459,% anual,estimación,,cálculo propio sobre la producción mundial del USGS desde 1900,no es una cota: el consumo industrial no recuperado reduce el stock real y la cifra es solo indicativa (A-N0-5)
plata_crecimiento_stock_cota_superior_pct,1924,,5.26836857365,% anual,estimación,,cálculo propio sobre la producción mundial del USGS desde 1900,no es una cota: el consumo industrial no recuperado reduce el stock real y la cifra es solo indicativa (A-N0-5)
plata_crecimiento_stock_cota_superior_pct,1925,,5.13905683192,% anual,estimación,,cálculo propio sobre la producción mundial del USGS desde 1900,no es una cota: el consumo industrial no recuperado reduce el stock real y la cifra es solo indicativa (A-N0-5)
plata_crecimiento_stock_cota_superior_pct,1926,,5.04121142419,% anual,estimación,,cálculo propio sobre la producción mundial del USGS desde 1900,no es una cota: el consumo industrial no recuperado reduce el stock real y la cifra es solo indicativa (A-N0-5)
plata_crecimiento_stock_cota_superior_pct,1927,,4.80535279805,% anual,estimación,,cálculo propio sobre la producción mundial del USGS desde 1900,no es una cota: el consumo industrial no recuperado reduce el stock real y la cifra es solo indicativa (A-N0-5)
plata_crecimiento_stock_cota_superior_pct,1928,,4.65467208358,% anual,estimación,,cálculo propio sobre la producción mundial del USGS desde 1900,no es una cota: el consumo industrial no recuperado reduce el stock real y la cifra es solo indicativa (A-N0-5)
plata_crecimiento_stock_cota_superior_pct,1929,,4.50310559006,% anual,estimación,,cálculo propio sobre la producción mundial del USGS desde 1900,no es una cota: el consumo industrial no recuperado reduce el stock real y la cifra es solo indicativa (A-N0-5)
plata_crecimiento_stock_cota_superior_pct,1930,,4.10740819359,% anual,estimación,,cálculo propio sobre la producción mundial del USGS desde 1900,no es una cota: el consumo industrial no recuperado reduce el stock real y la cifra es solo indicativa (A-N0-5)
plata_crecimiento_stock_cota_superior_pct,1931,,3.09919461719,% anual,estimación,,cálculo propio sobre la producción mundial del USGS desde 1900,no es una cota: el consumo industrial no recuperado reduce el stock real y la cifra es solo indicativa (A-N0-5)
plata_crecimiento_stock_cota_superior_pct,1932,,2.53633936517,% anual,estimación,,cálculo propio sobre la producción mundial del USGS desde 1900,no es una cota: el consumo industrial no recuperado reduce el stock real y la cifra es solo indicativa (A-N0-5)
plata_crecimiento_stock_cota_superior_pct,1933,,2.57485896138,% anual,estimación,,cálculo propio sobre la producción mundial del USGS desde 1900,no es una cota: el consumo industrial no recuperado reduce el stock real y la cifra es solo indicativa (A-N0-5)
plata_crecimiento_stock_cota_superior_pct,1934,,2.81577586612,% anual,estimación,,cálculo propio sobre la producción mundial del USGS desde 1900,no es una cota: el consumo industrial no recuperado reduce el stock real y la cifra es solo indicativa (A-N0-5)
plata_crecimiento_stock_cota_superior_pct,1935,,3.15014630578,% anual,estimación,,cálculo propio sobre la producción mundial del USGS desde 1900,no es una cota: el consumo industrial no recuperado reduce el stock real y la cifra es solo indicativa (A-N0-5)
plata_crecimiento_stock_cota_superior_pct,1936,,3.51048269137,% anual,estimación,,cálculo propio sobre la producción mundial del USGS desde 1900,no es una cota: el consumo industrial no recuperado reduce el stock real y la cifra es solo indicativa (A-N0-5)
plata_crecimiento_stock_cota_superior_pct,1937,,3.69973879159,% anual,estimación,,cálculo propio sobre la producción mundial del USGS desde 1900,no es una cota: el consumo industrial no recuperado reduce el stock real y la cifra es solo indicativa (A-N0-5)
plata_crecimiento_stock_cota_superior_pct,1938,,3.43560308874,% anual,estimación,,cálculo propio sobre la producción mundial del USGS desde 1900,no es una cota: el consumo industrial no recuperado reduce el stock real y la cifra es solo indicativa (A-N0-5)
plata_crecimiento_stock_cota_superior_pct,1939,,3.31350552916,% anual,estimación,,cálculo propio sobre la producción mundial del USGS desde 1900,no es una cota: el consumo industrial no recuperado reduce el stock real y la cifra es solo indicativa (A-N0-5)
plata_crecimiento_stock_cota_superior_pct,1940,,3.31156536188,% anual,estimación,,cálculo propio sobre la producción mundial del USGS desde 1900,no es una cota: el consumo industrial no recuperado reduce el stock real y la cifra es solo indicativa (A-N0-5)
plata_crecimiento_stock_cota_superior_pct,1941,,3.04458408139,% anual,estimación,,cálculo propio sobre la producción mundial del USGS desde 1900,no es una cota: el consumo industrial no recuperado reduce el stock real y la cifra es solo indicativa (A-N0-5)
plata_crecimiento_stock_cota_superior_pct,1942,,2.82395644283,% anual,estimación,,cálculo propio sobre la producción mundial del USGS desde 1900,no es una cota: el consumo industrial no recuperado reduce el stock real y la cifra es solo indicativa (A-N0-5)
plata_crecimiento_stock_cota_superior_pct,1943,,2.25218864727,% anual,estimación,,cálculo propio sobre la producción mundial del USGS desde 1900,no es una cota: el consumo industrial no recuperado reduce el stock real y la cifra es solo indicativa (A-N0-5)
plata_crecimiento_stock_cota_superior_pct,1944,,1.98163363944,% anual,estimación,,cálculo propio sobre la producción mundial del USGS desde 1900,no es una cota: el consumo industrial no recuperado reduce el stock real y la cifra es solo indicativa (A-N0-5)
plata_crecimiento_stock_cota_superior_pct,1945,,1.70616113744,% anual,estimación,,cálculo propio sobre la producción mundial del USGS desde 1900,no es una cota: el consumo industrial no recuperado reduce el stock real y la cifra es solo indicativa (A-N0-5)
plata_crecimiento_stock_cota_superior_pct,1946,,1.32139528691,% anual,estimación,,cálculo propio sobre la producción mundial del USGS desde 1900,no es una cota: el consumo industrial no recuperado reduce el stock real y la cifra es solo indicativa (A-N0-5)
plata_crecimiento_stock_cota_superior_pct,1947,,1.71479254952,% anual,estimación,,cálculo propio sobre la producción mundial del USGS desde 1900,no es una cota: el consumo industrial no recuperado reduce el stock real y la cifra es solo indicativa (A-N0-5)
plata_crecimiento_stock_cota_superior_pct,1948,,1.75693569745,% anual,estimación,,cálculo propio sobre la producción mundial del USGS desde 1900,no es una cota: el consumo industrial no recuperado reduce el stock real y la cifra es solo indicativa (A-N0-5)
plata_crecimiento_stock_cota_superior_pct,1949,,1.76786111023,% anual,estimación,,cálculo propio sobre la producción mundial del USGS desde 1900,no es una cota: el consumo industrial no recuperado reduce el stock real y la cifra es solo indicativa (A-N0-5)
plata_crecimiento_stock_cota_superior_pct,1950,,1.97105788423,% anual,estimación,,cálculo propio sobre la producción mundial del USGS desde 1900,no es una cota: el consumo industrial no recuperado reduce el stock real y la cifra es solo indicativa (A-N0-5)
plata_crecimiento_stock_cota_superior_pct,1951,,1.89931490091,% anual,estimación,,cálculo propio sobre la producción mundial del USGS desde 1900,no es una cota: el consumo industrial no recuperado reduce el stock real y la cifra es solo indicativa (A-N0-5)
plata_crecimiento_stock_cota_superior_pct,1952,,2.01098538284,% anual,estimación,,cálculo propio sobre la producción mundial del USGS desde 1900,no es una cota: el consumo industrial no recuperado reduce el stock real y la cifra es solo indicativa (A-N0-5)
plata_crecimiento_stock_cota_superior_pct,1953,,2.03018801306,% anual,estimación,,cálculo propio sobre la producción mundial del USGS desde 1900,no es una cota: el consumo industrial no recuperado reduce el stock real y la cifra es solo indicativa (A-N0-5)
plata_crecimiento_stock_cota_superior_pct,1954,,1.92346512097,% anual,estimación,,cálculo propio sobre la producción mundial del USGS desde 1900,no es una cota: el consumo industrial no recuperado reduce el stock real y la cifra es solo indicativa (A-N0-5)
plata_crecimiento_stock_cota_superior_pct,1955,,1.98053417836,% anual,estimación,,cálculo propio sobre la producción mundial del USGS desde 1900,no es una cota: el consumo industrial no recuperado reduce el stock real y la cifra es solo indicativa (A-N0-5)
plata_crecimiento_stock_cota_superior_pct,1956,,1.94761957607,% anual,estimación,,cálculo propio sobre la producción mundial del USGS desde 1900,no es una cota: el consumo industrial no recuperado reduce el stock real y la cifra es solo indicativa (A-N0-5)
plata_crecimiento_stock_cota_superior_pct,1957,,1.95667555652,% anual,estimación,,cálculo propio sobre la producción mundial del USGS desde 1900,no es una cota: el consumo industrial no recuperado reduce el stock real y la cifra es solo indicativa (A-N0-5)
plata_crecimiento_stock_cota_superior_pct,1958,,1.98318430535,% anual,estimación,,cálculo propio sobre la producción mundial del USGS desde 1900,no es una cota: el consumo industrial no recuperado reduce el stock real y la cifra es solo indicativa (A-N0-5)
plata_crecimiento_stock_cota_superior_pct,1959,,1.80852177554,% anual,estimación,,cálculo propio sobre la producción mundial del USGS desde 1900,no es una cota: el consumo industrial no recuperado reduce el stock real y la cifra es solo indicativa (A-N0-5)
plata_crecimiento_stock_cota_superior_pct,1960,,1.88179644721,% anual,estimación,,cálculo propio sobre la producción mundial del USGS desde 1900,no es una cota: el consumo industrial no recuperado reduce el stock real y la cifra es solo indicativa (A-N0-5)
plata_crecimiento_stock_cota_superior_pct,1961,,1.85965532033,% anual,estimación,,cálculo propio sobre la producción mundial del USGS desde 1900,no es una cota: el consumo industrial no recuperado reduce el stock real y la cifra es solo indicativa (A-N0-5)
plata_crecimiento_stock_cota_superior_pct,1962,,1.89506539834,% anual,estimación,,cálculo propio sobre la producción mundial del USGS desde 1900,no es una cota: el consumo industrial no recuperado reduce el stock real y la cifra es solo indicativa (A-N0-5)
plata_crecimiento_stock_cota_superior_pct,1963,,1.89142537622,% anual,estimación,,cálculo propio sobre la producción mundial del USGS desde 1900,no es una cota: el consumo industrial no recuperado reduce el stock real y la cifra es solo indicativa (A-N0-5)
plata_crecimiento_stock_cota_superior_pct,1964,,1.84438452912,% anual,estimación,,cálculo propio sobre la producción mundial del USGS desde 1900,no es una cota: el consumo industrial no recuperado reduce el stock real y la cifra es solo indicativa (A-N0-5)
plata_crecimiento_stock_cota_superior_pct,1965,,1.87658138881,% anual,estimación,,cálculo propio sobre la producción mundial del USGS desde 1900,no es una cota: el consumo industrial no recuperado reduce el stock real y la cifra es solo indicativa (A-N0-5)
plata_crecimiento_stock_cota_superior_pct,1966,,1.90870415086,% anual,estimación,,cálculo propio sobre la producción mundial del USGS desde 1900,no es una cota: el consumo industrial no recuperado reduce el stock real y la cifra es solo indicativa (A-N0-5)
plata_crecimiento_stock_cota_superior_pct,1967,,1.81202753018,% anual,estimación,,cálculo propio sobre la producción mundial del USGS desde 1900,no es una cota: el consumo industrial no recuperado reduce el stock real y la cifra es solo indicativa (A-N0-5)
plata_crecimiento_stock_cota_superior_pct,1968,,1.89724721841,% anual,estimación,,cálculo propio sobre la producción mundial del USGS desde 1900,no es una cota: el consumo industrial no recuperado reduce el stock real y la cifra es solo indicativa (A-N0-5)
plata_crecimiento_stock_cota_superior_pct,1969,,2.00113107409,% anual,estimación,,cálculo propio sobre la producción mundial del USGS desde 1900,no es una cota: el consumo industrial no recuperado reduce el stock real y la cifra es solo indicativa (A-N0-5)
plata_crecimiento_stock_cota_superior_pct,1970,,1.99599095833,% anual,estimación,,cálculo propio sobre la producción mundial del USGS desde 1900,no es una cota: el consumo industrial no recuperado reduce el stock real y la cifra es solo indicativa (A-N0-5)
plata_crecimiento_stock_cota_superior_pct,1971,,1.91720677399,% anual,estimación,,cálculo propio sobre la producción mundial del USGS desde 1900,no es una cota: el consumo industrial no recuperado reduce el stock real y la cifra es solo indicativa (A-N0-5)
plata_crecimiento_stock_cota_superior_pct,1972,,1.9242209777,% anual,estimación,,cálculo propio sobre la producción mundial del USGS desde 1900,no es una cota: el consumo industrial no recuperado reduce el stock real y la cifra es solo indicativa (A-N0-5)
plata_crecimiento_stock_cota_superior_pct,1973,,1.95229948677,% anual,estimación,,cálculo propio sobre la producción mundial del USGS desde 1900,no es una cota: el consumo industrial no recuperado reduce el stock real y la cifra es solo indicativa (A-N0-5)
plata_crecimiento_stock_cota_superior_pct,1974,,1.82805251209,% anual,estimación,,cálculo propio sobre la producción mundial del USGS desde 1900,no es una cota: el consumo industrial no recuperado reduce el stock real y la cifra es solo indicativa (A-N0-5)
plata_crecimiento_stock_cota_superior_pct,1975,,1.82819255152,% anual,estimación,,cálculo propio sobre la producción mundial del USGS desde 1900,no es una cota: el consumo industrial no recuperado reduce el stock real y la cifra es solo indicativa (A-N0-5)
plata_crecimiento_stock_cota_superior_pct,1976,,1.87342928947,% anual,estimación,,cálculo propio sobre la producción mundial del USGS desde 1900,no es una cota: el consumo industrial no recuperado reduce el stock real y la cifra es solo indicativa (A-N0-5)
plata_crecimiento_stock_cota_superior_pct,1977,,1.9249458025,% anual,estimación,,cálculo propio sobre la producción mundial del USGS desde 1900,no es una cota: el consumo industrial no recuperado reduce el stock real y la cifra es solo indicativa (A-N0-5)
plata_crecimiento_stock_cota_superior_pct,1978,,1.96193479776,% anual,estimación,,cálculo propio sobre la producción mundial del USGS desde 1900,no es una cota: el consumo industrial no recuperado reduce el stock real y la cifra es solo indicativa (A-N0-5)
plata_crecimiento_stock_cota_superior_pct,1979,,1.94216659473,% anual,estimación,,cálculo propio sobre la producción mundial del USGS desde 1900,no es una cota: el consumo industrial no recuperado reduce el stock real y la cifra es solo indicativa (A-N0-5)
plata_crecimiento_stock_cota_superior_pct,1980,,1.88752469658,% anual,estimación,,cálculo propio sobre la producción mundial del USGS desde 1900,no es una cota: el consumo industrial no recuperado reduce el stock real y la cifra es solo indicativa (A-N0-5)
plata_crecimiento_stock_cota_superior_pct,1981,,1.93912531597,% anual,estimación,,cálculo propio sobre la producción mundial del USGS desde 1900,no es una cota: el consumo industrial no recuperado reduce el stock real y la cifra es solo indicativa (A-N0-5)
plata_crecimiento_stock_cota_superior_pct,1982,,1.95319134481,% anual,estimación,,cálculo propio sobre la producción mundial del USGS desde 1900,no es una cota: el consumo industrial no recuperado reduce el stock real y la cifra es solo indicativa (A-N0-5)
plata_crecimiento_stock_cota_superior_pct,1983,,2.01572599454,% anual,estimación,,cálculo propio sobre la producción mundial del USGS desde 1900,no es una cota: el consumo industrial no recuperado reduce el stock real y la cifra es solo indicativa (A-N0-5)
plata_crecimiento_stock_cota_superior_pct,1984,,2.13919461772,% anual,estimación,,cálculo propio sobre la producción mundial del USGS desde 1900,no es una cota: el consumo industrial no recuperado reduce el stock real y la cifra es solo indicativa (A-N0-5)
plata_crecimiento_stock_cota_superior_pct,1985,,2.09439150732,% anual,estimación,,cálculo propio sobre la producción mundial del USGS desde 1900,no es una cota: el consumo industrial no recuperado reduce el stock real y la cifra es solo indicativa (A-N0-5)
plata_crecimiento_stock_cota_superior_pct,1986,,2.03576685772,% anual,estimación,,cálculo propio sobre la producción mundial del USGS desde 1900,no es una cota: el consumo industrial no recuperado reduce el stock real y la cifra es solo indicativa (A-N0-5)
plata_crecimiento_stock_cota_superior_pct,1987,,2.14862334633,% anual,estimación,,cálculo propio sobre la producción mundial del USGS desde 1900,no es una cota: el consumo industrial no recuperado reduce el stock real y la cifra es solo indicativa (A-N0-5)
plata_crecimiento_stock_cota_superior_pct,1988,,2.32879593738,% anual,estimación,,cálculo propio sobre la producción mundial del USGS desde 1900,no es una cota: el consumo industrial no recuperado reduce el stock real y la cifra es solo indicativa (A-N0-5)
plata_crecimiento_stock_cota_superior_pct,1989,,2.40794033006,% anual,estimación,,cálculo propio sobre la producción mundial del USGS desde 1900,no es una cota: el consumo industrial no recuperado reduce el stock real y la cifra es solo indicativa (A-N0-5)
plata_crecimiento_stock_cota_superior_pct,1990,,2.37999655904,% anual,estimación,,cálculo propio sobre la producción mundial del USGS desde 1900,no es una cota: el consumo industrial no recuperado reduce el stock real y la cifra es solo indicativa (A-N0-5)
plata_crecimiento_stock_cota_superior_pct,1991,,2.1846291732,% anual,estimación,,cálculo propio sobre la producción mundial del USGS desde 1900,no es una cota: el consumo industrial no recuperado reduce el stock real y la cifra es solo indicativa (A-N0-5)
plata_crecimiento_stock_cota_superior_pct,1992,,2.04199100976,% anual,estimación,,cálculo propio sobre la producción mundial del USGS desde 1900,no es una cota: el consumo industrial no recuperado reduce el stock real y la cifra es solo indicativa (A-N0-5)
plata_crecimiento_stock_cota_superior_pct,1993,,1.89368503049,% anual,estimación,,cálculo propio sobre la producción mundial del USGS desde 1900,no es una cota: el consumo industrial no recuperado reduce el stock real y la cifra es solo indicativa (A-N0-5)
plata_crecimiento_stock_cota_superior_pct,1994,,1.84531027574,% anual,estimación,,cálculo propio sobre la producción mundial del USGS desde 1900,no es una cota: el consumo industrial no recuperado reduce el stock real y la cifra es solo indicativa (A-N0-5)
plata_crecimiento_stock_cota_superior_pct,1995,,1.92835326396,% anual,estimación,,cálculo propio sobre la producción mundial del USGS desde 1900,no es una cota: el consumo industrial no recuperado reduce el stock real y la cifra es solo indicativa (A-N0-5)
plata_crecimiento_stock_cota_superior_pct,1996,,1.91726554763,% anual,estimación,,cálculo propio sobre la producción mundial del USGS desde 1900,no es una cota: el consumo industrial no recuperado reduce el stock real y la cifra es solo indicativa (A-N0-5)
plata_crecimiento_stock_cota_superior_pct,1997,,2.05561369412,% anual,estimación,,cálculo propio sobre la producción mundial del USGS desde 1900,no es una cota: el consumo industrial no recuperado reduce el stock real y la cifra es solo indicativa (A-N0-5)
plata_crecimiento_stock_cota_superior_pct,1998,,2.09966063625,% anual,estimación,,cálculo propio sobre la producción mundial del USGS desde 1900,no es una cota: el consumo industrial no recuperado reduce el stock real y la cifra es solo indicativa (A-N0-5)
plata_crecimiento_stock_cota_superior_pct,1999,,2.10430665487,% anual,estimación,,cálculo propio sobre la producción mundial del USGS desde 1900,no es una cota: el consumo industrial no recuperado reduce el stock real y la cifra es solo indicativa (A-N0-5)
plata_crecimiento_stock_cota_superior_pct,2000,,2.11948757582,% anual,estimación,,cálculo propio sobre la producción mundial del USGS desde 1900,no es una cota: el consumo industrial no recuperado reduce el stock real y la cifra es solo indicativa (A-N0-5)
plata_crecimiento_stock_cota_superior_pct,2001,,2.14429868819,% anual,estimación,,cálculo propio sobre la producción mundial del USGS desde 1900,no es una cota: el consumo industrial no recuperado reduce el stock real y la cifra es solo indicativa (A-N0-5)
plata_crecimiento_stock_cota_superior_pct,2002,,2.11050989021,% anual,estimación,,cálculo propio sobre la producción mundial del USGS desde 1900,no es una cota: el consumo industrial no recuperado reduce el stock real y la cifra es solo indicativa (A-N0-5)
plata_crecimiento_stock_cota_superior_pct,2003,,2.06688801425,% anual,estimación,,cálculo propio sobre la producción mundial del USGS desde 1900,no es una cota: el consumo industrial no recuperado reduce el stock real y la cifra es solo indicativa (A-N0-5)
plata_crecimiento_stock_cota_superior_pct,2004,,2.15429026907,% anual,estimación,,cálculo propio sobre la producción mundial del USGS desde 1900,no es una cota: el consumo industrial no recuperado reduce el stock real y la cifra es solo indicativa (A-N0-5)
plata_crecimiento_stock_cota_superior_pct,2005,,2.19321369071,% anual,estimación,,cálculo propio sobre la producción mundial del USGS desde 1900,no es una cota: el consumo industrial no recuperado reduce el stock real y la cifra es solo indicativa (A-N0-5)
plata_crecimiento_stock_cota_superior_pct,2006,,2.07391815762,% anual,estimación,,cálculo propio sobre la producción mundial del USGS desde 1900,no es una cota: el consumo industrial no recuperado reduce el stock real y la cifra es solo indicativa (A-N0-5)
plata_crecimiento_stock_cota_superior_pct,2007,,2.10253922044,% anual,estimación,,cálculo propio sobre la producción mundial del USGS desde 1900,no es una cota: el consumo industrial no recuperado reduce el stock real y la cifra es solo indicativa (A-N0-5)
plata_crecimiento_stock_cota_superior_pct,2008,,2.10874386187,% anual,estimación,,cálculo propio sobre la producción mundial del USGS desde 1900,no es una cota: el consumo industrial no recuperado reduce el stock real y la cifra es solo indicativa (A-N0-5)
plata_crecimiento_stock_cota_superior_pct,2009,,2.16215168027,% anual,estimación,,cálculo propio sobre la producción mundial del USGS desde 1900,no es una cota: el consumo industrial no recuperado reduce el stock real y la cifra es solo indicativa (A-N0-5)
plata_crecimiento_stock_cota_superior_pct,2010,,2.21129754764,% anual,estimación,,cálculo propio sobre la producción mundial del USGS desde 1900,no es una cota: el consumo industrial no recuperado reduce el stock real y la cifra es solo indicativa (A-N0-5)
plata_crecimiento_stock_cota_superior_pct,2011,,2.16345707441,% anual,estimación,,cálculo propio sobre la producción mundial del USGS desde 1900,no es una cota: el consumo industrial no recuperado reduce el stock real y la cifra es solo indicativa (A-N0-5)
plata_crecimiento_stock_cota_superior_pct,2012,,2.20852873814,% anual,estimación,,cálculo propio sobre la producción mundial del USGS desde 1900,no es una cota: el consumo industrial no recuperado reduce el stock real y la cifra es solo indicativa (A-N0-5)
plata_crecimiento_stock_cota_superior_pct,2013,,2.37421970869,% anual,estimación,,cálculo propio sobre la producción mundial del USGS desde 1900,no es una cota: el consumo industrial no recuperado reduce el stock real y la cifra es solo indicativa (A-N0-5)
plata_crecimiento_stock_cota_superior_pct,2014,,2.43207560281,% anual,estimación,,cálculo propio sobre la producción mundial del USGS desde 1900,no es una cota: el consumo industrial no recuperado reduce el stock real y la cifra es solo indicativa (A-N0-5)
plata_crecimiento_stock_cota_superior_pct,2015,,2.3404110983,% anual,estimación,,cálculo propio sobre la producción mundial del USGS desde 1900,no es una cota: el consumo industrial no recuperado reduce el stock real y la cifra es solo indicativa (A-N0-5)
plata_crecimiento_stock_cota_superior_pct,2016,,2.3697467851,% anual,estimación,,cálculo propio sobre la producción mundial del USGS desde 1900,no es una cota: el consumo industrial no recuperado reduce el stock real y la cifra es solo indicativa (A-N0-5)
plata_crecimiento_stock_cota_superior_pct,2017,,2.14491533655,% anual,estimación,,cálculo propio sobre la producción mundial del USGS desde 1900,no es una cota: el consumo industrial no recuperado reduce el stock real y la cifra es solo indicativa (A-N0-5)
plata_crecimiento_stock_cota_superior_pct,2018,,2.05233046483,% anual,estimación,,cálculo propio sobre la producción mundial del USGS desde 1900,no es una cota: el consumo industrial no recuperado reduce el stock real y la cifra es solo indicativa (A-N0-5)
plata_crecimiento_stock_cota_superior_pct,2019,,2.0032922322,% anual,estimación,,cálculo propio sobre la producción mundial del USGS desde 1900,no es una cota: el consumo industrial no recuperado reduce el stock real y la cifra es solo indicativa (A-N0-5)
plata_crecimiento_stock_cota_superior_pct,2020,,1.83454113635,% anual,estimación,valor en disputa,cálculo propio sobre la producción mundial del USGS desde 1900,no es una cota: el consumo industrial no recuperado reduce el stock real y la cifra es solo indicativa (A-N0-5)
plata_crecimiento_stock_cota_superior_pct,2021,,1.86876765985,% anual,estimación,valor en disputa,cálculo propio sobre la producción mundial del USGS desde 1900,no es una cota: el consumo industrial no recuperado reduce el stock real y la cifra es solo indicativa (A-N0-5)
plata_crecimiento_stock_cota_superior_pct,2022,,1.87851303952,% anual,estimación,valor en disputa,cálculo propio sobre la producción mundial del USGS desde 1900,no es una cota: el consumo industrial no recuperado reduce el stock real y la cifra es solo indicativa (A-N0-5)
plata_crecimiento_stock_cota_superior_pct,2023,,1.83667295697,% anual,estimación,dentro del umbral,cálculo propio sobre la producción mundial del USGS desde 1900,no es una cota: el consumo industrial no recuperado reduce el stock real y la cifra es solo indicativa (A-N0-5)
plata_crecimiento_stock_cota_superior_pct,2024,,1.78940221235,% anual,estimación,valor en disputa,cálculo propio sobre la producción mundial del USGS desde 1900,no es una cota: el consumo industrial no recuperado reduce el stock real y la cifra es solo indicativa (A-N0-5)
plata_crecimiento_stock_cota_superior_pct,2025,,1.80658430495,% anual,estimación,,cálculo propio sobre la producción mundial del USGS desde 1900,no es una cota: el consumo industrial no recuperado reduce el stock real y la cifra es solo indicativa (A-N0-5)
plata_produccion_mundial_t,1900,,5400,toneladas,dato,,"USGS Data Series 140 (Last modification: September 1, 2023)",
plata_produccion_mundial_t,1901,,5380,toneladas,dato,,"USGS Data Series 140 (Last modification: September 1, 2023)",
plata_produccion_mundial_t,1902,,5060,toneladas,dato,,"USGS Data Series 140 (Last modification: September 1, 2023)",
plata_produccion_mundial_t,1903,,5220,toneladas,dato,,"USGS Data Series 140 (Last modification: September 1, 2023)",
plata_produccion_mundial_t,1904,,5110,toneladas,dato,,"USGS Data Series 140 (Last modification: September 1, 2023)",
plata_produccion_mundial_t,1905,,5360,toneladas,dato,,"USGS Data Series 140 (Last modification: September 1, 2023)",
plata_produccion_mundial_t,1906,,5130,toneladas,dato,,"USGS Data Series 140 (Last modification: September 1, 2023)",
plata_produccion_mundial_t,1907,,5730,toneladas,dato,,"USGS Data Series 140 (Last modification: September 1, 2023)",
plata_produccion_mundial_t,1908,,6320,toneladas,dato,,"USGS Data Series 140 (Last modification: September 1, 2023)",
plata_produccion_mundial_t,1909,,6600,toneladas,dato,,"USGS Data Series 140 (Last modification: September 1, 2023)",
plata_produccion_mundial_t,1910,,6900,toneladas,dato,,"USGS Data Series 140 (Last modification: September 1, 2023)",
plata_produccion_mundial_t,1911,,7040,toneladas,dato,,"USGS Data Series 140 (Last modification: September 1, 2023)",
plata_produccion_mundial_t,1912,,6980,toneladas,dato,,"USGS Data Series 140 (Last modification: September 1, 2023)",
plata_produccion_mundial_t,1913,,7010,toneladas,dato,,"USGS Data Series 140 (Last modification: September 1, 2023)",
plata_produccion_mundial_t,1914,,5240,toneladas,dato,,"USGS Data Series 140 (Last modification: September 1, 2023)",
plata_produccion_mundial_t,1915,,5730,toneladas,dato,,"USGS Data Series 140 (Last modification: September 1, 2023)",
plata_produccion_mundial_t,1916,,5250,toneladas,dato,,"USGS Data Series 140 (Last modification: September 1, 2023)",
plata_produccion_mundial_t,1917,,5420,toneladas,dato,,"USGS Data Series 140 (Last modification: September 1, 2023)",
plata_produccion_mundial_t,1918,,6140,toneladas,dato,,"USGS Data Series 140 (Last modification: September 1, 2023)",
plata_produccion_mundial_t,1919,,5490,toneladas,dato,,"USGS Data Series 140 (Last modification: September 1, 2023)",
plata_produccion_mundial_t,1920,,5390,toneladas,dato,,"USGS Data Series 140 (Last modification: September 1, 2023)",
plata_produccion_mundial_t,1921,,5330,toneladas,dato,,"USGS Data Series 140 (Last modification: September 1, 2023)",
plata_produccion_mundial_t,1922,,6530,toneladas,dato,,"USGS Data Series 140 (Last modification: September 1, 2023)",
plata_produccion_mundial_t,1923,,7650,toneladas,dato,,"USGS Data Series 140 (Last modification: September 1, 2023)",
plata_produccion_mundial_t,1924,,7450,toneladas,dato,,"USGS Data Series 140 (Last modification: September 1, 2023)",
plata_produccion_mundial_t,1925,,7650,toneladas,dato,,"USGS Data Series 140 (Last modification: September 1, 2023)",
plata_produccion_mundial_t,1926,,7890,toneladas,dato,,"USGS Data Series 140 (Last modification: September 1, 2023)",
plata_produccion_mundial_t,1927,,7900,toneladas,dato,,"USGS Data Series 140 (Last modification: September 1, 2023)",
plata_produccion_mundial_t,1928,,8020,toneladas,dato,,"USGS Data Series 140 (Last modification: September 1, 2023)",
plata_produccion_mundial_t,1929,,8120,toneladas,dato,,"USGS Data Series 140 (Last modification: September 1, 2023)",
plata_produccion_mundial_t,1930,,7740,toneladas,dato,,"USGS Data Series 140 (Last modification: September 1, 2023)",
plata_produccion_mundial_t,1931,,6080,toneladas,dato,,"USGS Data Series 140 (Last modification: September 1, 2023)",
plata_produccion_mundial_t,1932,,5130,toneladas,dato,,"USGS Data Series 140 (Last modification: September 1, 2023)",
plata_produccion_mundial_t,1933,,5340,toneladas,dato,,"USGS Data Series 140 (Last modification: September 1, 2023)",
plata_produccion_mundial_t,1934,,5990,toneladas,dato,,"USGS Data Series 140 (Last modification: September 1, 2023)",
plata_produccion_mundial_t,1935,,6890,toneladas,dato,,"USGS Data Series 140 (Last modification: September 1, 2023)",
plata_produccion_mundial_t,1936,,7920,toneladas,dato,,"USGS Data Series 140 (Last modification: September 1, 2023)",
plata_produccion_mundial_t,1937,,8640,toneladas,dato,,"USGS Data Series 140 (Last modification: September 1, 2023)",
plata_produccion_mundial_t,1938,,8320,toneladas,dato,,"USGS Data Series 140 (Last modification: September 1, 2023)",
plata_produccion_mundial_t,1939,,8300,toneladas,dato,,"USGS Data Series 140 (Last modification: September 1, 2023)",
plata_produccion_mundial_t,1940,,8570,toneladas,dato,,"USGS Data Series 140 (Last modification: September 1, 2023)",
plata_produccion_mundial_t,1941,,8140,toneladas,dato,,"USGS Data Series 140 (Last modification: September 1, 2023)",
plata_produccion_mundial_t,1942,,7780,toneladas,dato,,"USGS Data Series 140 (Last modification: September 1, 2023)",
plata_produccion_mundial_t,1943,,6380,toneladas,dato,,"USGS Data Series 140 (Last modification: September 1, 2023)",
plata_produccion_mundial_t,1944,,5740,toneladas,dato,,"USGS Data Series 140 (Last modification: September 1, 2023)",
plata_produccion_mundial_t,1945,,5040,toneladas,dato,,"USGS Data Series 140 (Last modification: September 1, 2023)",
plata_produccion_mundial_t,1946,,3970,toneladas,dato,,"USGS Data Series 140 (Last modification: September 1, 2023)",
plata_produccion_mundial_t,1947,,5220,toneladas,dato,,"USGS Data Series 140 (Last modification: September 1, 2023)",
plata_produccion_mundial_t,1948,,5440,toneladas,dato,,"USGS Data Series 140 (Last modification: September 1, 2023)",
plata_produccion_mundial_t,1949,,5570,toneladas,dato,,"USGS Data Series 140 (Last modification: September 1, 2023)",
plata_produccion_mundial_t,1950,,6320,toneladas,dato,,"USGS Data Series 140 (Last modification: September 1, 2023)",
plata_produccion_mundial_t,1951,,6210,toneladas,dato,,"USGS Data Series 140 (Last modification: September 1, 2023)",
plata_produccion_mundial_t,1952,,6700,toneladas,dato,,"USGS Data Series 140 (Last modification: September 1, 2023)",
plata_produccion_mundial_t,1953,,6900,toneladas,dato,,"USGS Data Series 140 (Last modification: September 1, 2023)",
plata_produccion_mundial_t,1954,,6670,toneladas,dato,,"USGS Data Series 140 (Last modification: September 1, 2023)",
plata_produccion_mundial_t,1955,,7000,toneladas,dato,,"USGS Data Series 140 (Last modification: September 1, 2023)",
plata_produccion_mundial_t,1956,,7020,toneladas,dato,,"USGS Data Series 140 (Last modification: September 1, 2023)",
plata_produccion_mundial_t,1957,,7190,toneladas,dato,,"USGS Data Series 140 (Last modification: September 1, 2023)",
plata_produccion_mundial_t,1958,,7430,toneladas,dato,,"USGS Data Series 140 (Last modification: September 1, 2023)",
plata_produccion_mundial_t,1959,,6910,toneladas,dato,,"USGS Data Series 140 (Last modification: September 1, 2023)",
plata_produccion_mundial_t,1960,,7320,toneladas,dato,,"USGS Data Series 140 (Last modification: September 1, 2023)",
plata_produccion_mundial_t,1961,,7370,toneladas,dato,,"USGS Data Series 140 (Last modification: September 1, 2023)",
plata_produccion_mundial_t,1962,,7650,toneladas,dato,,"USGS Data Series 140 (Last modification: September 1, 2023)",
plata_produccion_mundial_t,1963,,7780,toneladas,dato,,"USGS Data Series 140 (Last modification: September 1, 2023)",
plata_produccion_mundial_t,1964,,7730,toneladas,dato,,"USGS Data Series 140 (Last modification: September 1, 2023)",
plata_produccion_mundial_t,1965,,8010,toneladas,dato,,"USGS Data Series 140 (Last modification: September 1, 2023)",
plata_produccion_mundial_t,1966,,8300,toneladas,dato,,"USGS Data Series 140 (Last modification: September 1, 2023)",
plata_produccion_mundial_t,1967,,8030,toneladas,dato,,"USGS Data Series 140 (Last modification: September 1, 2023)",
plata_produccion_mundial_t,1968,,8560,toneladas,dato,,"USGS Data Series 140 (Last modification: September 1, 2023)",
plata_produccion_mundial_t,1969,,9200,toneladas,dato,,"USGS Data Series 140 (Last modification: September 1, 2023)",
plata_produccion_mundial_t,1970,,9360,toneladas,dato,,"USGS Data Series 140 (Last modification: September 1, 2023)",
plata_produccion_mundial_t,1971,,9170,toneladas,dato,,"USGS Data Series 140 (Last modification: September 1, 2023)",
plata_produccion_mundial_t,1972,,9380,toneladas,dato,,"USGS Data Series 140 (Last modification: September 1, 2023)",
plata_produccion_mundial_t,1973,,9700,toneladas,dato,,"USGS Data Series 140 (Last modification: September 1, 2023)",
plata_produccion_mundial_t,1974,,9260,toneladas,dato,,"USGS Data Series 140 (Last modification: September 1, 2023)",
plata_produccion_mundial_t,1975,,9430,toneladas,dato,,"USGS Data Series 140 (Last modification: September 1, 2023)",
plata_produccion_mundial_t,1976,,9840,toneladas,dato,,"USGS Data Series 140 (Last modification: September 1, 2023)",
plata_produccion_mundial_t,1977,,10300,toneladas,dato,,"USGS Data Series 140 (Last modification: September 1, 2023)",
plata_produccion_mundial_t,1978,,10700,toneladas,dato,,"USGS Data Series 140 (Last modification: September 1, 2023)",
plata_produccion_mundial_t,1979,,10800,toneladas,dato,,"USGS Data Series 140 (Last modification: September 1, 2023)",
plata_produccion_mundial_t,1980,,10700,toneladas,dato,,"USGS Data Series 140 (Last modification: September 1, 2023)",
plata_produccion_mundial_t,1981,,11200,toneladas,dato,,"USGS Data Series 140 (Last modification: September 1, 2023)",
plata_produccion_mundial_t,1982,,11500,toneladas,dato,,"USGS Data Series 140 (Last modification: September 1, 2023)",
plata_produccion_mundial_t,1983,,12100,toneladas,dato,,"USGS Data Series 140 (Last modification: September 1, 2023)",
plata_produccion_mundial_t,1984,,13100,toneladas,dato,,"USGS Data Series 140 (Last modification: September 1, 2023)",
plata_produccion_mundial_t,1985,,13100,toneladas,dato,,"USGS Data Series 140 (Last modification: September 1, 2023)",
plata_produccion_mundial_t,1986,,13000,toneladas,dato,,"USGS Data Series 140 (Last modification: September 1, 2023)",
plata_produccion_mundial_t,1987,,14000,toneladas,dato,,"USGS Data Series 140 (Last modification: September 1, 2023)",
plata_produccion_mundial_t,1988,,15500,toneladas,dato,,"USGS Data Series 140 (Last modification: September 1, 2023)",
plata_produccion_mundial_t,1989,,16400,toneladas,dato,,"USGS Data Series 140 (Last modification: September 1, 2023)",
plata_produccion_mundial_t,1990,,16600,toneladas,dato,,"USGS Data Series 140 (Last modification: September 1, 2023)",
plata_produccion_mundial_t,1991,,15600,toneladas,dato,,"USGS Data Series 140 (Last modification: September 1, 2023)",
plata_produccion_mundial_t,1992,,14900,toneladas,dato,,"USGS Data Series 140 (Last modification: September 1, 2023)",
plata_produccion_mundial_t,1993,,14100,toneladas,dato,,"USGS Data Series 140 (Last modification: September 1, 2023)",
plata_produccion_mundial_t,1994,,14000,toneladas,dato,,"USGS Data Series 140 (Last modification: September 1, 2023)",
plata_produccion_mundial_t,1995,,14900,toneladas,dato,,"USGS Data Series 140 (Last modification: September 1, 2023)",
plata_produccion_mundial_t,1996,,15100,toneladas,dato,,"USGS Data Series 140 (Last modification: September 1, 2023)",
plata_produccion_mundial_t,1997,,16500,toneladas,dato,,"USGS Data Series 140 (Last modification: September 1, 2023)",
plata_produccion_mundial_t,1998,,17200,toneladas,dato,,"USGS Data Series 140 (Last modification: September 1, 2023)",
plata_produccion_mundial_t,1999,,17600,toneladas,dato,,"USGS Data Series 140 (Last modification: September 1, 2023)",
plata_produccion_mundial_t,2000,,18100,toneladas,dato,,"USGS Data Series 140 (Last modification: September 1, 2023)",
plata_produccion_mundial_t,2001,,18700,toneladas,dato,,"USGS Data Series 140 (Last modification: September 1, 2023)",
plata_produccion_mundial_t,2002,,18800,toneladas,dato,,"USGS Data Series 140 (Last modification: September 1, 2023)",
plata_produccion_mundial_t,2003,,18800,toneladas,dato,,"USGS Data Series 140 (Last modification: September 1, 2023)",
plata_produccion_mundial_t,2004,,20000,toneladas,dato,,"USGS Data Series 140 (Last modification: September 1, 2023)",
plata_produccion_mundial_t,2005,,20800,toneladas,dato,,"USGS Data Series 140 (Last modification: September 1, 2023)",
plata_produccion_mundial_t,2006,,20100,toneladas,dato,,"USGS Data Series 140 (Last modification: September 1, 2023)",
plata_produccion_mundial_t,2007,,20800,toneladas,dato,,"USGS Data Series 140 (Last modification: September 1, 2023)",
plata_produccion_mundial_t,2008,,21300,toneladas,dato,,"USGS Data Series 140 (Last modification: September 1, 2023)",
plata_produccion_mundial_t,2009,,22300,toneladas,dato,,"USGS Data Series 140 (Last modification: September 1, 2023)",
plata_produccion_mundial_t,2010,,23300,toneladas,dato,,"USGS Data Series 140 (Last modification: September 1, 2023)",
plata_produccion_mundial_t,2011,,23300,toneladas,dato,,"USGS Data Series 140 (Last modification: September 1, 2023)",
plata_produccion_mundial_t,2012,,24300,toneladas,dato,,"USGS Data Series 140 (Last modification: September 1, 2023)",
plata_produccion_mundial_t,2013,,26700,toneladas,dato,,"USGS Data Series 140 (Last modification: September 1, 2023)",
plata_produccion_mundial_t,2014,,28000,toneladas,dato,,"USGS Data Series 140 (Last modification: September 1, 2023)",
plata_produccion_mundial_t,2015,,27600,toneladas,dato,,"USGS Data Series 140 (Last modification: September 1, 2023)",
plata_produccion_mundial_t,2016,,28600,toneladas,dato,,"USGS Data Series 140 (Last modification: September 1, 2023)",
plata_produccion_mundial_t,2017,,26500,toneladas,dato,,"USGS Data Series 140 (Last modification: September 1, 2023)",
plata_produccion_mundial_t,2018,,25900,toneladas,dato,,"USGS Data Series 140 (Last modification: September 1, 2023)",
plata_produccion_mundial_t,2019,,25800,toneladas,dato,,"USGS Data Series 140 (Last modification: September 1, 2023)",
plata_produccion_mundial_t,2020,,24100,toneladas,dato,valor en disputa,"USGS Data Series 140 (Last modification: September 1, 2023)",
plata_produccion_mundial_t,2021,,25000,toneladas,dato,valor en disputa,"USGS Data Series 140 (Last modification: September 1, 2023)",
plata_produccion_mundial_t,2022,,25600,toneladas,dato,valor en disputa,USGS Mineral Commodity Summaries 2024,
plata_produccion_mundial_t,2023,,25500,toneladas,dato,dentro del umbral,USGS Mineral Commodity Summaries 2025,revisión declarada: MCS 2024: 26000 (estimado) (A-N0-3)
plata_produccion_mundial_t,2024,,25300,toneladas,dato,valor en disputa,USGS Mineral Commodity Summaries 2026,revisión declarada: MCS 2025: 25000 (estimado) (A-N0-3)
plata_produccion_mundial_t,2025,,26000,toneladas,estimación,,"USGS Mineral Commodity Summaries 2026, estimado",
viviendas_eeuu_parque_hvs_crecimiento_pct,1966,,1.55575973712,% anual,dato,,"Censo, HVS Tabla 7 (U.S. Census Bureau, Current Population Survey/Housing Vacancy Survey, March 24, 2026.) (cálculo propio)",
viviendas_eeuu_parque_hvs_crecimiento_pct,1967,,1.22983499969,% anual,dato,,"Censo, HVS Tabla 7 (U.S. Census Bureau, Current Population Survey/Housing Vacancy Survey, March 24, 2026.) (cálculo propio)",
viviendas_eeuu_parque_hvs_crecimiento_pct,1968,,1.75265852698,% anual,dato,,"Censo, HVS Tabla 7 (U.S. Census Bureau, Current Population Survey/Housing Vacancy Survey, March 24, 2026.) (cálculo propio)",
viviendas_eeuu_parque_hvs_crecimiento_pct,1969,,1.94726891069,% anual,dato,,"Censo, HVS Tabla 7 (U.S. Census Bureau, Current Population Survey/Housing Vacancy Survey, March 24, 2026.) (cálculo propio)",
viviendas_eeuu_parque_hvs_crecimiento_pct,1970,,1.89693190613,% anual,dato,,"Censo, HVS Tabla 7 (U.S. Census Bureau, Current Population Survey/Housing Vacancy Survey, March 24, 2026.) (cálculo propio)",
viviendas_eeuu_parque_hvs_crecimiento_pct,1971,,2.20986557368,% anual,dato,,"Censo, HVS Tabla 7 (U.S. Census Bureau, Current Population Survey/Housing Vacancy Survey, March 24, 2026.) (cálculo propio)",
viviendas_eeuu_parque_hvs_crecimiento_pct,1972,,2.79444756029,% anual,dato,,"Censo, HVS Tabla 7 (U.S. Census Bureau, Current Population Survey/Housing Vacancy Survey, March 24, 2026.) (cálculo propio)",
viviendas_eeuu_parque_hvs_crecimiento_pct,1973,,2.85624650471,% anual,dato,,"Censo, HVS Tabla 7 (U.S. Census Bureau, Current Population Survey/Housing Vacancy Survey, March 24, 2026.) (cálculo propio)",
viviendas_eeuu_parque_hvs_crecimiento_pct,1974,,2.72521118729,% anual,dato,,"Censo, HVS Tabla 7 (U.S. Census Bureau, Current Population Survey/Housing Vacancy Survey, March 24, 2026.) (cálculo propio)",
viviendas_eeuu_parque_hvs_crecimiento_pct,1975,,1.75440861326,% anual,dato,,"Censo, HVS Tabla 7 (U.S. Census Bureau, Current Population Survey/Housing Vacancy Survey, March 24, 2026.) (cálculo propio)",
viviendas_eeuu_parque_hvs_crecimiento_pct,1976,,1.73557808198,% anual,dato,,"Censo, HVS Tabla 7 (U.S. Census Bureau, Current Population Survey/Housing Vacancy Survey, March 24, 2026.) (cálculo propio)",
viviendas_eeuu_parque_hvs_crecimiento_pct,1977,,1.81571038422,% anual,dato,,"Censo, HVS Tabla 7 (U.S. Census Bureau, Current Population Survey/Housing Vacancy Survey, March 24, 2026.) (cálculo propio)",
viviendas_eeuu_parque_hvs_crecimiento_pct,1978,,2.26713209627,% anual,dato,,"Censo, HVS Tabla 7 (U.S. Census Bureau, Current Population Survey/Housing Vacancy Survey, March 24, 2026.) (cálculo propio)",
viviendas_eeuu_parque_hvs_crecimiento_pct,1979,,1.87434128581,% anual,dato,,"Censo, HVS Tabla 7 (U.S. Census Bureau, Current Population Survey/Housing Vacancy Survey, March 24, 2026.) (cálculo propio)",
viviendas_eeuu_parque_hvs_crecimiento_pct,1980,,2.33743511985,% anual,dato,,"Censo, HVS Tabla 7 (U.S. Census Bureau, Current Population Survey/Housing Vacancy Survey, March 24, 2026.) (cálculo propio)",sobre la base revisada de 1979: 85735
viviendas_eeuu_parque_hvs_crecimiento_pct,1981,,1.42354027285,% anual,dato,,"Censo, HVS Tabla 7 (U.S. Census Bureau, Current Population Survey/Housing Vacancy Survey, March 24, 2026.) (cálculo propio)",
viviendas_eeuu_parque_hvs_crecimiento_pct,1982,,1.11597807664,% anual,dato,,"Censo, HVS Tabla 7 (U.S. Census Bureau, Current Population Survey/Housing Vacancy Survey, March 24, 2026.) (cálculo propio)",sobre la base revisada de 1981: 90862
viviendas_eeuu_parque_hvs_crecimiento_pct,1983,,1.27127867996,% anual,dato,,"Censo, HVS Tabla 7 (U.S. Census Bureau, Current Population Survey/Housing Vacancy Survey, March 24, 2026.) (cálculo propio)",
viviendas_eeuu_parque_hvs_crecimiento_pct,1984,,2.37736984652,% anual,dato,,"Censo, HVS Tabla 7 (U.S. Census Bureau, Current Population Survey/Housing Vacancy Survey, March 24, 2026.) (cálculo propio)",
viviendas_eeuu_parque_hvs_crecimiento_pct,1985,,2.18044007727,% anual,dato,,"Censo, HVS Tabla 7 (U.S. Census Bureau, Current Population Survey/Housing Vacancy Survey, March 24, 2026.) (cálculo propio)",
viviendas_eeuu_parque_hvs_crecimiento_pct,1986,,2.03939054586,% anual,dato,,"Censo, HVS Tabla 7 (U.S. Census Bureau, Current Population Survey/Housing Vacancy Survey, March 24, 2026.) (cálculo propio)",
viviendas_eeuu_parque_hvs_crecimiento_pct,1987,,2.51011901166,% anual,dato,,"Censo, HVS Tabla 7 (U.S. Census Bureau, Current Population Survey/Housing Vacancy Survey, March 24, 2026.) (cálculo propio)",
viviendas_eeuu_parque_hvs_crecimiento_pct,1988,,1.80923475852,% anual,dato,,"Censo, HVS Tabla 7 (U.S. Census Bureau, Current Population Survey/Housing Vacancy Survey, March 24, 2026.) (cálculo propio)",
viviendas_eeuu_parque_hvs_crecimiento_pct,1989,,1.27058551127,% anual,dato,,"Censo, HVS Tabla 7 (U.S. Census Bureau, Current Population Survey/Housing Vacancy Survey, March 24, 2026.) (cálculo propio)",
viviendas_eeuu_parque_hvs_crecimiento_pct,1990,,0.523981121547,% anual,dato,,"Censo, HVS Tabla 7 (U.S. Census Bureau, Current Population Survey/Housing Vacancy Survey, March 24, 2026.) (cálculo propio)",sobre la base revisada de 1989: 105729
viviendas_eeuu_parque_hvs_crecimiento_pct,1991,,0.934298053311,% anual,dato,,"Censo, HVS Tabla 7 (U.S. Census Bureau, Current Population Survey/Housing Vacancy Survey, March 24, 2026.) (cálculo propio)",
viviendas_eeuu_parque_hvs_crecimiento_pct,1992,,0.969461948619,% anual,dato,,"Censo, HVS Tabla 7 (U.S. Census Bureau, Current Population Survey/Housing Vacancy Survey, March 24, 2026.) (cálculo propio)",
viviendas_eeuu_parque_hvs_crecimiento_pct,1993,,1.29251449463,% anual,dato,,"Censo, HVS Tabla 7 (U.S. Census Bureau, Current Population Survey/Housing Vacancy Survey, March 24, 2026.) (cálculo propio)",
viviendas_eeuu_parque_hvs_crecimiento_pct,1994,,1.22341735775,% anual,dato,,"Censo, HVS Tabla 7 (U.S. Census Bureau, Current Population Survey/Housing Vacancy Survey, March 24, 2026.) (cálculo propio)",sobre la base revisada de 1993: 109611
viviendas_eeuu_parque_hvs_crecimiento_pct,1995,,1.5348979739,% anual,dato,,"Censo, HVS Tabla 7 (U.S. Census Bureau, Current Population Survey/Housing Vacancy Survey, March 24, 2026.) (cálculo propio)",
viviendas_eeuu_parque_hvs_crecimiento_pct,1996,,1.31729616972,% anual,dato,,"Censo, HVS Tabla 7 (U.S. Census Bureau, Current Population Survey/Housing Vacancy Survey, March 24, 2026.) (cálculo propio)",
viviendas_eeuu_parque_hvs_crecimiento_pct,1997,,1.29841684262,% anual,dato,,"Censo, HVS Tabla 7 (U.S. Census Bureau, Current Population Survey/Housing Vacancy Survey, March 24, 2026.) (cálculo propio)",
viviendas_eeuu_parque_hvs_crecimiento_pct,1998,,1.4365902388,% anual,dato,,"Censo, HVS Tabla 7 (U.S. Census Bureau, Current Population Survey/Housing Vacancy Survey, March 24, 2026.) (cálculo propio)",
viviendas_eeuu_parque_hvs_crecimiento_pct,1999,,1.50236182875,% anual,dato,,"Censo, HVS Tabla 7 (U.S. Census Bureau, Current Population Survey/Housing Vacancy Survey, March 24, 2026.) (cálculo propio)",
viviendas_eeuu_parque_hvs_crecimiento_pct,2000,,0.490574913477,% anual,dato,,"Censo, HVS Tabla 7 (U.S. Census Bureau, Current Population Survey/Housing Vacancy Survey, March 24, 2026.) (cálculo propio)",
viviendas_eeuu_parque_hvs_crecimiento_pct,2001,,1.54813254422,% anual,dato,,"Censo, HVS Tabla 7 (U.S. Census Bureau, Current Population Survey/Housing Vacancy Survey, March 24, 2026.) (cálculo propio)",
viviendas_eeuu_parque_hvs_crecimiento_pct,2002,,1.51300625617,% anual,dato,,"Censo, HVS Tabla 7 (U.S. Census Bureau, Current Population Survey/Housing Vacancy Survey, March 24, 2026.) (cálculo propio)",
viviendas_eeuu_parque_hvs_crecimiento_pct,2003,,1.28838109927,% anual,dato,,"Censo, HVS Tabla 7 (U.S. Census Bureau, Current Population Survey/Housing Vacancy Survey, March 24, 2026.) (cálculo propio)",sobre la base revisada de 2002: 119297
viviendas_eeuu_parque_hvs_crecimiento_pct,2004,,1.11971796018,% anual,dato,,"Censo, HVS Tabla 7 (U.S. Census Bureau, Current Population Survey/Housing Vacancy Survey, March 24, 2026.) (cálculo propio)",
viviendas_eeuu_parque_hvs_crecimiento_pct,2005,,1.42240991267,% anual,dato,,"Censo, HVS Tabla 7 (U.S. Census Bureau, Current Population Survey/Housing Vacancy Survey, March 24, 2026.) (cálculo propio)",
viviendas_eeuu_parque_hvs_crecimiento_pct,2006,,1.68408311479,% anual,dato,,"Censo, HVS Tabla 7 (U.S. Census Bureau, Current Population Survey/Housing Vacancy Survey, March 24, 2026.) (cálculo propio)",
viviendas_eeuu_parque_hvs_crecimiento_pct,2007,,1.5442973685,% anual,dato,,"Censo, HVS Tabla 7 (U.S. Census Bureau, Current Population Survey/Housing Vacancy Survey, March 24, 2026.) (cálculo propio)",
viviendas_eeuu_parque_hvs_crecimiento_pct,2008,,1.68414636052,% anual,dato,,"Censo, HVS Tabla 7 (U.S. Census Bureau, Current Population Survey/Housing Vacancy Survey, March 24, 2026.) (cálculo propio)",
viviendas_eeuu_parque_hvs_crecimiento_pct,2009,,0.0353538847002,% anual,dato,,"Censo, HVS Tabla 7 (U.S. Census Bureau, Current Population Survey/Housing Vacancy Survey, March 24, 2026.) (cálculo propio)",
viviendas_eeuu_parque_hvs_crecimiento_pct,2010,,0.338048079656,% anual,dato,,"Censo, HVS Tabla 7 (U.S. Census Bureau, Current Population Survey/Housing Vacancy Survey, March 24, 2026.) (cálculo propio)",
viviendas_eeuu_parque_hvs_crecimiento_pct,2011,,1.29633458143,% anual,dato,,"Censo, HVS Tabla 7 (U.S. Census Bureau, Current Population Survey/Housing Vacancy Survey, March 24, 2026.) (cálculo propio)",
viviendas_eeuu_parque_hvs_crecimiento_pct,2012,,0.367369153086,% anual,dato,,"Censo, HVS Tabla 7 (U.S. Census Bureau, Current Population Survey/Housing Vacancy Survey, March 24, 2026.) (cálculo propio)",
viviendas_eeuu_parque_hvs_crecimiento_pct,2013,,0.0158158731115,% anual,dato,,"Censo, HVS Tabla 7 (U.S. Census Bureau, Current Population Survey/Housing Vacancy Survey, March 24, 2026.) (cálculo propio)",
viviendas_eeuu_parque_hvs_crecimiento_pct,2014,,0.354671345417,% anual,dato,,"Censo, HVS Tabla 7 (U.S. Census Bureau, Current Population Survey/Housing Vacancy Survey, March 24, 2026.) (cálculo propio)",
viviendas_eeuu_parque_hvs_crecimiento_pct,2015,,1.0730096796,% anual,dato,,"Censo, HVS Tabla 7 (U.S. Census Bureau, Current Population Survey/Housing Vacancy Survey, March 24, 2026.) (cálculo propio)",
viviendas_eeuu_parque_hvs_crecimiento_pct,2016,,0.651076466221,% anual,dato,,"Censo, HVS Tabla 7 (U.S. Census Bureau, Current Population Survey/Housing Vacancy Survey, March 24, 2026.) (cálculo propio)",
viviendas_eeuu_parque_hvs_crecimiento_pct,2017,,0.732425116355,% anual,dato,,"Censo, HVS Tabla 7 (U.S. Census Bureau, Current Population Survey/Housing Vacancy Survey, March 24, 2026.) (cálculo propio)",
viviendas_eeuu_parque_hvs_crecimiento_pct,2018,,1.37585121183,% anual,dato,,"Censo, HVS Tabla 7 (U.S. Census Bureau, Current Population Survey/Housing Vacancy Survey, March 24, 2026.) (cálculo propio)",
viviendas_eeuu_parque_hvs_crecimiento_pct,2019,,0.860966854221,% anual,dato,,"Censo, HVS Tabla 7 (U.S. Census Bureau, Current Population Survey/Housing Vacancy Survey, March 24, 2026.) (cálculo propio)",
viviendas_eeuu_parque_hvs_crecimiento_pct,2020,,0.83213382889,% anual,dato,,"Censo, HVS Tabla 7 (U.S. Census Bureau, Current Population Survey/Housing Vacancy Survey, March 24, 2026.) (cálculo propio)",
viviendas_eeuu_parque_hvs_crecimiento_pct,2021,,0.812482688579,% anual,dato,,"Censo, HVS Tabla 7 (U.S. Census Bureau, Current Population Survey/Housing Vacancy Survey, March 24, 2026.) (cálculo propio)",
viviendas_eeuu_parque_hvs_crecimiento_pct,2022,,1.0553234658,% anual,dato,,"Censo, HVS Tabla 7 (U.S. Census Bureau, Current Population Survey/Housing Vacancy Survey, March 24, 2026.) (cálculo propio)",
viviendas_eeuu_parque_hvs_crecimiento_pct,2023,,1.33012652933,% anual,dato,,"Censo, HVS Tabla 7 (U.S. Census Bureau, Current Population Survey/Housing Vacancy Survey, March 24, 2026.) (cálculo propio)",
viviendas_eeuu_parque_hvs_crecimiento_pct,2024,,1.01958679903,% anual,dato,,"Censo, HVS Tabla 7 (U.S. Census Bureau, Current Population Survey/Housing Vacancy Survey, March 24, 2026.) (cálculo propio)",
viviendas_eeuu_parque_hvs_crecimiento_pct,2025,,0.85197670855,% anual,dato,,"Censo, HVS Tabla 7 (U.S. Census Bureau, Current Population Survey/Housing Vacancy Survey, March 24, 2026.) (cálculo propio)",
viviendas_eeuu_parque_hvs_miles,1965,,64213,miles de viviendas,dato,,"Censo, HVS Tabla 7 (U.S. Census Bureau, Current Population Survey/Housing Vacancy Survey, March 24, 2026.)",
viviendas_eeuu_parque_hvs_miles,1966,,65212,miles de viviendas,dato,,"Censo, HVS Tabla 7 (U.S. Census Bureau, Current Population Survey/Housing Vacancy Survey, March 24, 2026.)",
viviendas_eeuu_parque_hvs_miles,1967,,66014,miles de viviendas,dato,,"Censo, HVS Tabla 7 (U.S. Census Bureau, Current Population Survey/Housing Vacancy Survey, March 24, 2026.)",
viviendas_eeuu_parque_hvs_miles,1968,,67171,miles de viviendas,dato,,"Censo, HVS Tabla 7 (U.S. Census Bureau, Current Population Survey/Housing Vacancy Survey, March 24, 2026.)",
viviendas_eeuu_parque_hvs_miles,1969,,68479,miles de viviendas,dato,,"Censo, HVS Tabla 7 (U.S. Census Bureau, Current Population Survey/Housing Vacancy Survey, March 24, 2026.)",
viviendas_eeuu_parque_hvs_miles,1970,,69778,miles de viviendas,dato,,"Censo, HVS Tabla 7 (U.S. Census Bureau, Current Population Survey/Housing Vacancy Survey, March 24, 2026.)",
viviendas_eeuu_parque_hvs_miles,1971,,71320,miles de viviendas,dato,,"Censo, HVS Tabla 7 (U.S. Census Bureau, Current Population Survey/Housing Vacancy Survey, March 24, 2026.)",
viviendas_eeuu_parque_hvs_miles,1972,,73313,miles de viviendas,dato,,"Censo, HVS Tabla 7 (U.S. Census Bureau, Current Population Survey/Housing Vacancy Survey, March 24, 2026.)",
viviendas_eeuu_parque_hvs_miles,1973,,75407,miles de viviendas,dato,,"Censo, HVS Tabla 7 (U.S. Census Bureau, Current Population Survey/Housing Vacancy Survey, March 24, 2026.)",
viviendas_eeuu_parque_hvs_miles,1974,,77462,miles de viviendas,dato,,"Censo, HVS Tabla 7 (U.S. Census Bureau, Current Population Survey/Housing Vacancy Survey, March 24, 2026.)",
viviendas_eeuu_parque_hvs_miles,1975,,78821,miles de viviendas,dato,,"Censo, HVS Tabla 7 (U.S. Census Bureau, Current Population Survey/Housing Vacancy Survey, March 24, 2026.)",
viviendas_eeuu_parque_hvs_miles,1976,,80189,miles de viviendas,dato,,"Censo, HVS Tabla 7 (U.S. Census Bureau, Current Population Survey/Housing Vacancy Survey, March 24, 2026.)",
viviendas_eeuu_parque_hvs_miles,1977,,81645,miles de viviendas,dato,,"Censo, HVS Tabla 7 (U.S. Census Bureau, Current Population Survey/Housing Vacancy Survey, March 24, 2026.)",
viviendas_eeuu_parque_hvs_miles,1978,,83496,miles de viviendas,dato,,"Censo, HVS Tabla 7 (U.S. Census Bureau, Current Population Survey/Housing Vacancy Survey, March 24, 2026.)",
viviendas_eeuu_parque_hvs_miles,1979,,85061,miles de viviendas,dato,,"Censo, HVS Tabla 7 (U.S. Census Bureau, Current Population Survey/Housing Vacancy Survey, March 24, 2026.)","la fuente trae además 85735 en la base revisada, que es el denominador de la tasa de 1980 (A-N0-10)"
viviendas_eeuu_parque_hvs_miles,1980,,87739,miles de viviendas,dato,,"Censo, HVS Tabla 7 (U.S. Census Bureau, Current Population Survey/Housing Vacancy Survey, March 24, 2026.)",
viviendas_eeuu_parque_hvs_miles,1981,,88988,miles de viviendas,dato,,"Censo, HVS Tabla 7 (U.S. Census Bureau, Current Population Survey/Housing Vacancy Survey, March 24, 2026.)","la fuente trae además 90862 en la base revisada, que es el denominador de la tasa de 1982 (A-N0-10)"
viviendas_eeuu_parque_hvs_miles,1982,,91876,miles de viviendas,dato,,"Censo, HVS Tabla 7 (U.S. Census Bureau, Current Population Survey/Housing Vacancy Survey, March 24, 2026.)",
viviendas_eeuu_parque_hvs_miles,1983,,93044,miles de viviendas,dato,,"Censo, HVS Tabla 7 (U.S. Census Bureau, Current Population Survey/Housing Vacancy Survey, March 24, 2026.)",
viviendas_eeuu_parque_hvs_miles,1984,,95256,miles de viviendas,dato,,"Censo, HVS Tabla 7 (U.S. Census Bureau, Current Population Survey/Housing Vacancy Survey, March 24, 2026.)",
viviendas_eeuu_parque_hvs_miles,1985,,97333,miles de viviendas,dato,,"Censo, HVS Tabla 7 (U.S. Census Bureau, Current Population Survey/Housing Vacancy Survey, March 24, 2026.)",
viviendas_eeuu_parque_hvs_miles,1986,,99318,miles de viviendas,dato,,"Censo, HVS Tabla 7 (U.S. Census Bureau, Current Population Survey/Housing Vacancy Survey, March 24, 2026.)",nota 1 de la fuente
viviendas_eeuu_parque_hvs_miles,1987,,101811,miles de viviendas,dato,,"Censo, HVS Tabla 7 (U.S. Census Bureau, Current Population Survey/Housing Vacancy Survey, March 24, 2026.)",nota 2 de la fuente
viviendas_eeuu_parque_hvs_miles,1988,,103653,miles de viviendas,dato,,"Censo, HVS Tabla 7 (U.S. Census Bureau, Current Population Survey/Housing Vacancy Survey, March 24, 2026.)",
viviendas_eeuu_parque_hvs_miles,1989,,104970,miles de viviendas,dato,,"Censo, HVS Tabla 7 (U.S. Census Bureau, Current Population Survey/Housing Vacancy Survey, March 24, 2026.)","la fuente trae además 105729 en la base revisada, que es el denominador de la tasa de 1990 (A-N0-10)"
viviendas_eeuu_parque_hvs_miles,1990,,106283,miles de viviendas,dato,,"Censo, HVS Tabla 7 (U.S. Census Bureau, Current Population Survey/Housing Vacancy Survey, March 24, 2026.)",
viviendas_eeuu_parque_hvs_miles,1991,,107276,miles de viviendas,dato,,"Censo, HVS Tabla 7 (U.S. Census Bureau, Current Population Survey/Housing Vacancy Survey, March 24, 2026.)",
viviendas_eeuu_parque_hvs_miles,1992,,108316,miles de viviendas,dato,,"Censo, HVS Tabla 7 (U.S. Census Bureau, Current Population Survey/Housing Vacancy Survey, March 24, 2026.)",
viviendas_eeuu_parque_hvs_miles,1993,,109716,miles de viviendas,dato,,"Censo, HVS Tabla 7 (U.S. Census Bureau, Current Population Survey/Housing Vacancy Survey, March 24, 2026.)","la fuente trae además 109611 en la base revisada, que es el denominador de la tasa de 1994 (A-N0-10)"
viviendas_eeuu_parque_hvs_miles,1994,,110952,miles de viviendas,dato,,"Censo, HVS Tabla 7 (U.S. Census Bureau, Current Population Survey/Housing Vacancy Survey, March 24, 2026.)",
viviendas_eeuu_parque_hvs_miles,1995,,112655,miles de viviendas,dato,,"Censo, HVS Tabla 7 (U.S. Census Bureau, Current Population Survey/Housing Vacancy Survey, March 24, 2026.)",
viviendas_eeuu_parque_hvs_miles,1996,,114139,miles de viviendas,dato,,"Censo, HVS Tabla 7 (U.S. Census Bureau, Current Population Survey/Housing Vacancy Survey, March 24, 2026.)",
viviendas_eeuu_parque_hvs_miles,1997,,115621,miles de viviendas,dato,,"Censo, HVS Tabla 7 (U.S. Census Bureau, Current Population Survey/Housing Vacancy Survey, March 24, 2026.)",
viviendas_eeuu_parque_hvs_miles,1998,,117282,miles de viviendas,dato,,"Censo, HVS Tabla 7 (U.S. Census Bureau, Current Population Survey/Housing Vacancy Survey, March 24, 2026.)",
viviendas_eeuu_parque_hvs_miles,1999,,119044,miles de viviendas,dato,,"Censo, HVS Tabla 7 (U.S. Census Bureau, Current Population Survey/Housing Vacancy Survey, March 24, 2026.)",
viviendas_eeuu_parque_hvs_miles,2000,,119628,miles de viviendas,dato,,"Censo, HVS Tabla 7 (U.S. Census Bureau, Current Population Survey/Housing Vacancy Survey, March 24, 2026.)",
viviendas_eeuu_parque_hvs_miles,2001,,121480,miles de viviendas,dato,,"Censo, HVS Tabla 7 (U.S. Census Bureau, Current Population Survey/Housing Vacancy Survey, March 24, 2026.)",
viviendas_eeuu_parque_hvs_miles,2002,,123318,miles de viviendas,dato,,"Censo, HVS Tabla 7 (U.S. Census Bureau, Current Population Survey/Housing Vacancy Survey, March 24, 2026.)","la fuente trae además 119297 en la base revisada, que es el denominador de la tasa de 2003 (A-N0-10)"
viviendas_eeuu_parque_hvs_miles,2003,,120834,miles de viviendas,dato,,"Censo, HVS Tabla 7 (U.S. Census Bureau, Current Population Survey/Housing Vacancy Survey, March 24, 2026.)",
viviendas_eeuu_parque_hvs_miles,2004,,122187,miles de viviendas,dato,,"Censo, HVS Tabla 7 (U.S. Census Bureau, Current Population Survey/Housing Vacancy Survey, March 24, 2026.)",
viviendas_eeuu_parque_hvs_miles,2005,,123925,miles de viviendas,dato,,"Censo, HVS Tabla 7 (U.S. Census Bureau, Current Population Survey/Housing Vacancy Survey, March 24, 2026.)",
viviendas_eeuu_parque_hvs_miles,2006,,126012,miles de viviendas,dato,,"Censo, HVS Tabla 7 (U.S. Census Bureau, Current Population Survey/Housing Vacancy Survey, March 24, 2026.)",
viviendas_eeuu_parque_hvs_miles,2007,,127958,miles de viviendas,dato,,"Censo, HVS Tabla 7 (U.S. Census Bureau, Current Population Survey/Housing Vacancy Survey, March 24, 2026.)",
viviendas_eeuu_parque_hvs_miles,2008,,130113,miles de viviendas,dato,,"Censo, HVS Tabla 7 (U.S. Census Bureau, Current Population Survey/Housing Vacancy Survey, March 24, 2026.)",
viviendas_eeuu_parque_hvs_miles,2009,,130159,miles de viviendas,dato,,"Censo, HVS Tabla 7 (U.S. Census Bureau, Current Population Survey/Housing Vacancy Survey, March 24, 2026.)",
viviendas_eeuu_parque_hvs_miles,2010,,130599,miles de viviendas,dato,,"Censo, HVS Tabla 7 (U.S. Census Bureau, Current Population Survey/Housing Vacancy Survey, March 24, 2026.)",
viviendas_eeuu_parque_hvs_miles,2011,,132292,miles de viviendas,dato,,"Censo, HVS Tabla 7 (U.S. Census Bureau, Current Population Survey/Housing Vacancy Survey, March 24, 2026.)",
viviendas_eeuu_parque_hvs_miles,2012,,132778,miles de viviendas,dato,,"Censo, HVS Tabla 7 (U.S. Census Bureau, Current Population Survey/Housing Vacancy Survey, March 24, 2026.)",
viviendas_eeuu_parque_hvs_miles,2013,,132799,miles de viviendas,dato,,"Censo, HVS Tabla 7 (U.S. Census Bureau, Current Population Survey/Housing Vacancy Survey, March 24, 2026.)",
viviendas_eeuu_parque_hvs_miles,2014,,133270,miles de viviendas,dato,,"Censo, HVS Tabla 7 (U.S. Census Bureau, Current Population Survey/Housing Vacancy Survey, March 24, 2026.)",
viviendas_eeuu_parque_hvs_miles,2015,,134700,miles de viviendas,dato,,"Censo, HVS Tabla 7 (U.S. Census Bureau, Current Population Survey/Housing Vacancy Survey, March 24, 2026.)",
viviendas_eeuu_parque_hvs_miles,2016,,135577,miles de viviendas,dato,,"Censo, HVS Tabla 7 (U.S. Census Bureau, Current Population Survey/Housing Vacancy Survey, March 24, 2026.)",
viviendas_eeuu_parque_hvs_miles,2017,,136570,miles de viviendas,dato,,"Censo, HVS Tabla 7 (U.S. Census Bureau, Current Population Survey/Housing Vacancy Survey, March 24, 2026.)",
viviendas_eeuu_parque_hvs_miles,2018,,138449,miles de viviendas,dato,,"Censo, HVS Tabla 7 (U.S. Census Bureau, Current Population Survey/Housing Vacancy Survey, March 24, 2026.)",
viviendas_eeuu_parque_hvs_miles,2019,,139641,miles de viviendas,dato,,"Censo, HVS Tabla 7 (U.S. Census Bureau, Current Population Survey/Housing Vacancy Survey, March 24, 2026.)",
viviendas_eeuu_parque_hvs_miles,2020,,140803,miles de viviendas,dato,,"Censo, HVS Tabla 7 (U.S. Census Bureau, Current Population Survey/Housing Vacancy Survey, March 24, 2026.)",
viviendas_eeuu_parque_hvs_miles,2021,,141947,miles de viviendas,dato,,"Censo, HVS Tabla 7 (U.S. Census Bureau, Current Population Survey/Housing Vacancy Survey, March 24, 2026.)",
viviendas_eeuu_parque_hvs_miles,2022,,143445,miles de viviendas,dato,,"Censo, HVS Tabla 7 (U.S. Census Bureau, Current Population Survey/Housing Vacancy Survey, March 24, 2026.)",
viviendas_eeuu_parque_hvs_miles,2023,,145353,miles de viviendas,dato,,"Censo, HVS Tabla 7 (U.S. Census Bureau, Current Population Survey/Housing Vacancy Survey, March 24, 2026.)",
viviendas_eeuu_parque_hvs_miles,2024,,146835,miles de viviendas,dato,,"Censo, HVS Tabla 7 (U.S. Census Bureau, Current Population Survey/Housing Vacancy Survey, March 24, 2026.)",
viviendas_eeuu_parque_hvs_miles,2025,,148086,miles de viviendas,dato,,"Censo, HVS Tabla 7 (U.S. Census Bureau, Current Population Survey/Housing Vacancy Survey, March 24, 2026.)",promedio de 11 meses: el HVS no relevó octubre de 2025 (cierre del gobierno federal)
viviendas_eeuu_parque_popest_crecimiento_pct,2021,2021-07-01,0.976699021266,% anual,dato,,"Censo, Population Estimates NST-EST2025-HU (Release Date: May 2026) (cálculo propio)",
viviendas_eeuu_parque_popest_crecimiento_pct,2022,2022-07-01,1.15220395258,% anual,dato,,"Censo, Population Estimates NST-EST2025-HU (Release Date: May 2026) (cálculo propio)",
viviendas_eeuu_parque_popest_crecimiento_pct,2023,2023-07-01,1.08949499341,% anual,dato,,"Censo, Population Estimates NST-EST2025-HU (Release Date: May 2026) (cálculo propio)",
viviendas_eeuu_parque_popest_crecimiento_pct,2024,2024-07-01,0.984073798038,% anual,dato,,"Censo, Population Estimates NST-EST2025-HU (Release Date: May 2026) (cálculo propio)",
viviendas_eeuu_parque_popest_crecimiento_pct,2025,2025-07-01,0.975016065087,% anual,dato,,"Censo, Population Estimates NST-EST2025-HU (Release Date: May 2026) (cálculo propio)",
viviendas_eeuu_parque_popest_unidades,2020,2020-07-01,140817690,viviendas,dato,dentro del umbral,"Censo, Population Estimates NST-EST2025-HU (Release Date: May 2026)",base del 1 de abril de 2020: 1.40499e+08
viviendas_eeuu_parque_popest_unidades,2021,2021-07-01,142193055,viviendas,dato,dentro del umbral,"Censo, Population Estimates NST-EST2025-HU (Release Date: May 2026)",
viviendas_eeuu_parque_popest_unidades,2022,2022-07-01,143831409,viviendas,dato,dentro del umbral,"Censo, Population Estimates NST-EST2025-HU (Release Date: May 2026)",
viviendas_eeuu_parque_popest_unidades,2023,2023-07-01,145398445,viviendas,dato,dentro del umbral,"Censo, Population Estimates NST-EST2025-HU (Release Date: May 2026)",
viviendas_eeuu_parque_popest_unidades,2024,2024-07-01,146829273,viviendas,dato,dentro del umbral,"Censo, Population Estimates NST-EST2025-HU (Release Date: May 2026)",
viviendas_eeuu_parque_popest_unidades,2025,2025-07-01,148260882,viviendas,dato,dentro del umbral,"Censo, Population Estimates NST-EST2025-HU (Release Date: May 2026)",
