mes,oro_oficial_usd_oz,etiqueta,norma,vigente_desde,convertibilidad,estado,apto_metricas,cita,nota
1900-03,20.6718,"precio oficial fijado por ley, no precio de mercado","Gold Standard Act, ley del 14 de marzo de 1900, sección 1 (dólar de 25,8 granos de oro de 9/10 de fino)",1900-03-14,sí,dato,no,"Annual Report of the Secretary of the Treasury, 1900, informe del Director de la Casa de Moneda, 'The gold-standard law', p. 345; texto literal de la sección 1",
1900-04,20.6718,"precio oficial fijado por ley, no precio de mercado","Gold Standard Act, ley del 14 de marzo de 1900, sección 1 (dólar de 25,8 granos de oro de 9/10 de fino)",1900-03-14,sí,dato,no,"Annual Report of the Secretary of the Treasury, 1900, informe del Director de la Casa de Moneda, 'The gold-standard law', p. 345; texto literal de la sección 1",
1900-05,20.6718,"precio oficial fijado por ley, no precio de mercado","Gold Standard Act, ley del 14 de marzo de 1900, sección 1 (dólar de 25,8 granos de oro de 9/10 de fino)",1900-03-14,sí,dato,no,"Annual Report of the Secretary of the Treasury, 1900, informe del Director de la Casa de Moneda, 'The gold-standard law', p. 345; texto literal de la sección 1",
1900-06,20.6718,"precio oficial fijado por ley, no precio de mercado","Gold Standard Act, ley del 14 de marzo de 1900, sección 1 (dólar de 25,8 granos de oro de 9/10 de fino)",1900-03-14,sí,dato,no,"Annual Report of the Secretary of the Treasury, 1900, informe del Director de la Casa de Moneda, 'The gold-standard law', p. 345; texto literal de la sección 1",
1900-07,20.6718,"precio oficial fijado por ley, no precio de mercado","Gold Standard Act, ley del 14 de marzo de 1900, sección 1 (dólar de 25,8 granos de oro de 9/10 de fino)",1900-03-14,sí,dato,no,"Annual Report of the Secretary of the Treasury, 1900, informe del Director de la Casa de Moneda, 'The gold-standard law', p. 345; texto literal de la sección 1",
1900-08,20.6718,"precio oficial fijado por ley, no precio de mercado","Gold Standard Act, ley del 14 de marzo de 1900, sección 1 (dólar de 25,8 granos de oro de 9/10 de fino)",1900-03-14,sí,dato,no,"Annual Report of the Secretary of the Treasury, 1900, informe del Director de la Casa de Moneda, 'The gold-standard law', p. 345; texto literal de la sección 1",
1900-09,20.6718,"precio oficial fijado por ley, no precio de mercado","Gold Standard Act, ley del 14 de marzo de 1900, sección 1 (dólar de 25,8 granos de oro de 9/10 de fino)",1900-03-14,sí,dato,no,"Annual Report of the Secretary of the Treasury, 1900, informe del Director de la Casa de Moneda, 'The gold-standard law', p. 345; texto literal de la sección 1",
1900-10,20.6718,"precio oficial fijado por ley, no precio de mercado","Gold Standard Act, ley del 14 de marzo de 1900, sección 1 (dólar de 25,8 granos de oro de 9/10 de fino)",1900-03-14,sí,dato,no,"Annual Report of the Secretary of the Treasury, 1900, informe del Director de la Casa de Moneda, 'The gold-standard law', p. 345; texto literal de la sección 1",
1900-11,20.6718,"precio oficial fijado por ley, no precio de mercado","Gold Standard Act, ley del 14 de marzo de 1900, sección 1 (dólar de 25,8 granos de oro de 9/10 de fino)",1900-03-14,sí,dato,no,"Annual Report of the Secretary of the Treasury, 1900, informe del Director de la Casa de Moneda, 'The gold-standard law', p. 345; texto literal de la sección 1",
1900-12,20.6718,"precio oficial fijado por ley, no precio de mercado","Gold Standard Act, ley del 14 de marzo de 1900, sección 1 (dólar de 25,8 granos de oro de 9/10 de fino)",1900-03-14,sí,dato,no,"Annual Report of the Secretary of the Treasury, 1900, informe del Director de la Casa de Moneda, 'The gold-standard law', p. 345; texto literal de la sección 1",
1901-01,20.6718,"precio oficial fijado por ley, no precio de mercado","Gold Standard Act, ley del 14 de marzo de 1900, sección 1 (dólar de 25,8 granos de oro de 9/10 de fino)",1900-03-14,sí,dato,no,"Annual Report of the Secretary of the Treasury, 1900, informe del Director de la Casa de Moneda, 'The gold-standard law', p. 345; texto literal de la sección 1",
1901-02,20.6718,"precio oficial fijado por ley, no precio de mercado","Gold Standard Act, ley del 14 de marzo de 1900, sección 1 (dólar de 25,8 granos de oro de 9/10 de fino)",1900-03-14,sí,dato,no,"Annual Report of the Secretary of the Treasury, 1900, informe del Director de la Casa de Moneda, 'The gold-standard law', p. 345; texto literal de la sección 1",
1901-03,20.6718,"precio oficial fijado por ley, no precio de mercado","Gold Standard Act, ley del 14 de marzo de 1900, sección 1 (dólar de 25,8 granos de oro de 9/10 de fino)",1900-03-14,sí,dato,no,"Annual Report of the Secretary of the Treasury, 1900, informe del Director de la Casa de Moneda, 'The gold-standard law', p. 345; texto literal de la sección 1",
1901-04,20.6718,"precio oficial fijado por ley, no precio de mercado","Gold Standard Act, ley del 14 de marzo de 1900, sección 1 (dólar de 25,8 granos de oro de 9/10 de fino)",1900-03-14,sí,dato,no,"Annual Report of the Secretary of the Treasury, 1900, informe del Director de la Casa de Moneda, 'The gold-standard law', p. 345; texto literal de la sección 1",
1901-05,20.6718,"precio oficial fijado por ley, no precio de mercado","Gold Standard Act, ley del 14 de marzo de 1900, sección 1 (dólar de 25,8 granos de oro de 9/10 de fino)",1900-03-14,sí,dato,no,"Annual Report of the Secretary of the Treasury, 1900, informe del Director de la Casa de Moneda, 'The gold-standard law', p. 345; texto literal de la sección 1",
1901-06,20.6718,"precio oficial fijado por ley, no precio de mercado","Gold Standard Act, ley del 14 de marzo de 1900, sección 1 (dólar de 25,8 granos de oro de 9/10 de fino)",1900-03-14,sí,dato,no,"Annual Report of the Secretary of the Treasury, 1900, informe del Director de la Casa de Moneda, 'The gold-standard law', p. 345; texto literal de la sección 1",
1901-07,20.6718,"precio oficial fijado por ley, no precio de mercado","Gold Standard Act, ley del 14 de marzo de 1900, sección 1 (dólar de 25,8 granos de oro de 9/10 de fino)",1900-03-14,sí,dato,no,"Annual Report of the Secretary of the Treasury, 1900, informe del Director de la Casa de Moneda, 'The gold-standard law', p. 345; texto literal de la sección 1",
1901-08,20.6718,"precio oficial fijado por ley, no precio de mercado","Gold Standard Act, ley del 14 de marzo de 1900, sección 1 (dólar de 25,8 granos de oro de 9/10 de fino)",1900-03-14,sí,dato,no,"Annual Report of the Secretary of the Treasury, 1900, informe del Director de la Casa de Moneda, 'The gold-standard law', p. 345; texto literal de la sección 1",
1901-09,20.6718,"precio oficial fijado por ley, no precio de mercado","Gold Standard Act, ley del 14 de marzo de 1900, sección 1 (dólar de 25,8 granos de oro de 9/10 de fino)",1900-03-14,sí,dato,no,"Annual Report of the Secretary of the Treasury, 1900, informe del Director de la Casa de Moneda, 'The gold-standard law', p. 345; texto literal de la sección 1",
1901-10,20.6718,"precio oficial fijado por ley, no precio de mercado","Gold Standard Act, ley del 14 de marzo de 1900, sección 1 (dólar de 25,8 granos de oro de 9/10 de fino)",1900-03-14,sí,dato,no,"Annual Report of the Secretary of the Treasury, 1900, informe del Director de la Casa de Moneda, 'The gold-standard law', p. 345; texto literal de la sección 1",
1901-11,20.6718,"precio oficial fijado por ley, no precio de mercado","Gold Standard Act, ley del 14 de marzo de 1900, sección 1 (dólar de 25,8 granos de oro de 9/10 de fino)",1900-03-14,sí,dato,no,"Annual Report of the Secretary of the Treasury, 1900, informe del Director de la Casa de Moneda, 'The gold-standard law', p. 345; texto literal de la sección 1",
1901-12,20.6718,"precio oficial fijado por ley, no precio de mercado","Gold Standard Act, ley del 14 de marzo de 1900, sección 1 (dólar de 25,8 granos de oro de 9/10 de fino)",1900-03-14,sí,dato,no,"Annual Report of the Secretary of the Treasury, 1900, informe del Director de la Casa de Moneda, 'The gold-standard law', p. 345; texto literal de la sección 1",
1902-01,20.6718,"precio oficial fijado por ley, no precio de mercado","Gold Standard Act, ley del 14 de marzo de 1900, sección 1 (dólar de 25,8 granos de oro de 9/10 de fino)",1900-03-14,sí,dato,no,"Annual Report of the Secretary of the Treasury, 1900, informe del Director de la Casa de Moneda, 'The gold-standard law', p. 345; texto literal de la sección 1",
1902-02,20.6718,"precio oficial fijado por ley, no precio de mercado","Gold Standard Act, ley del 14 de marzo de 1900, sección 1 (dólar de 25,8 granos de oro de 9/10 de fino)",1900-03-14,sí,dato,no,"Annual Report of the Secretary of the Treasury, 1900, informe del Director de la Casa de Moneda, 'The gold-standard law', p. 345; texto literal de la sección 1",
1902-03,20.6718,"precio oficial fijado por ley, no precio de mercado","Gold Standard Act, ley del 14 de marzo de 1900, sección 1 (dólar de 25,8 granos de oro de 9/10 de fino)",1900-03-14,sí,dato,no,"Annual Report of the Secretary of the Treasury, 1900, informe del Director de la Casa de Moneda, 'The gold-standard law', p. 345; texto literal de la sección 1",
1902-04,20.6718,"precio oficial fijado por ley, no precio de mercado","Gold Standard Act, ley del 14 de marzo de 1900, sección 1 (dólar de 25,8 granos de oro de 9/10 de fino)",1900-03-14,sí,dato,no,"Annual Report of the Secretary of the Treasury, 1900, informe del Director de la Casa de Moneda, 'The gold-standard law', p. 345; texto literal de la sección 1",
1902-05,20.6718,"precio oficial fijado por ley, no precio de mercado","Gold Standard Act, ley del 14 de marzo de 1900, sección 1 (dólar de 25,8 granos de oro de 9/10 de fino)",1900-03-14,sí,dato,no,"Annual Report of the Secretary of the Treasury, 1900, informe del Director de la Casa de Moneda, 'The gold-standard law', p. 345; texto literal de la sección 1",
1902-06,20.6718,"precio oficial fijado por ley, no precio de mercado","Gold Standard Act, ley del 14 de marzo de 1900, sección 1 (dólar de 25,8 granos de oro de 9/10 de fino)",1900-03-14,sí,dato,no,"Annual Report of the Secretary of the Treasury, 1900, informe del Director de la Casa de Moneda, 'The gold-standard law', p. 345; texto literal de la sección 1",
1902-07,20.6718,"precio oficial fijado por ley, no precio de mercado","Gold Standard Act, ley del 14 de marzo de 1900, sección 1 (dólar de 25,8 granos de oro de 9/10 de fino)",1900-03-14,sí,dato,no,"Annual Report of the Secretary of the Treasury, 1900, informe del Director de la Casa de Moneda, 'The gold-standard law', p. 345; texto literal de la sección 1",
1902-08,20.6718,"precio oficial fijado por ley, no precio de mercado","Gold Standard Act, ley del 14 de marzo de 1900, sección 1 (dólar de 25,8 granos de oro de 9/10 de fino)",1900-03-14,sí,dato,no,"Annual Report of the Secretary of the Treasury, 1900, informe del Director de la Casa de Moneda, 'The gold-standard law', p. 345; texto literal de la sección 1",
1902-09,20.6718,"precio oficial fijado por ley, no precio de mercado","Gold Standard Act, ley del 14 de marzo de 1900, sección 1 (dólar de 25,8 granos de oro de 9/10 de fino)",1900-03-14,sí,dato,no,"Annual Report of the Secretary of the Treasury, 1900, informe del Director de la Casa de Moneda, 'The gold-standard law', p. 345; texto literal de la sección 1",
1902-10,20.6718,"precio oficial fijado por ley, no precio de mercado","Gold Standard Act, ley del 14 de marzo de 1900, sección 1 (dólar de 25,8 granos de oro de 9/10 de fino)",1900-03-14,sí,dato,no,"Annual Report of the Secretary of the Treasury, 1900, informe del Director de la Casa de Moneda, 'The gold-standard law', p. 345; texto literal de la sección 1",
1902-11,20.6718,"precio oficial fijado por ley, no precio de mercado","Gold Standard Act, ley del 14 de marzo de 1900, sección 1 (dólar de 25,8 granos de oro de 9/10 de fino)",1900-03-14,sí,dato,no,"Annual Report of the Secretary of the Treasury, 1900, informe del Director de la Casa de Moneda, 'The gold-standard law', p. 345; texto literal de la sección 1",
1902-12,20.6718,"precio oficial fijado por ley, no precio de mercado","Gold Standard Act, ley del 14 de marzo de 1900, sección 1 (dólar de 25,8 granos de oro de 9/10 de fino)",1900-03-14,sí,dato,no,"Annual Report of the Secretary of the Treasury, 1900, informe del Director de la Casa de Moneda, 'The gold-standard law', p. 345; texto literal de la sección 1",
1903-01,20.6718,"precio oficial fijado por ley, no precio de mercado","Gold Standard Act, ley del 14 de marzo de 1900, sección 1 (dólar de 25,8 granos de oro de 9/10 de fino)",1900-03-14,sí,dato,no,"Annual Report of the Secretary of the Treasury, 1900, informe del Director de la Casa de Moneda, 'The gold-standard law', p. 345; texto literal de la sección 1",
1903-02,20.6718,"precio oficial fijado por ley, no precio de mercado","Gold Standard Act, ley del 14 de marzo de 1900, sección 1 (dólar de 25,8 granos de oro de 9/10 de fino)",1900-03-14,sí,dato,no,"Annual Report of the Secretary of the Treasury, 1900, informe del Director de la Casa de Moneda, 'The gold-standard law', p. 345; texto literal de la sección 1",
1903-03,20.6718,"precio oficial fijado por ley, no precio de mercado","Gold Standard Act, ley del 14 de marzo de 1900, sección 1 (dólar de 25,8 granos de oro de 9/10 de fino)",1900-03-14,sí,dato,no,"Annual Report of the Secretary of the Treasury, 1900, informe del Director de la Casa de Moneda, 'The gold-standard law', p. 345; texto literal de la sección 1",
1903-04,20.6718,"precio oficial fijado por ley, no precio de mercado","Gold Standard Act, ley del 14 de marzo de 1900, sección 1 (dólar de 25,8 granos de oro de 9/10 de fino)",1900-03-14,sí,dato,no,"Annual Report of the Secretary of the Treasury, 1900, informe del Director de la Casa de Moneda, 'The gold-standard law', p. 345; texto literal de la sección 1",
1903-05,20.6718,"precio oficial fijado por ley, no precio de mercado","Gold Standard Act, ley del 14 de marzo de 1900, sección 1 (dólar de 25,8 granos de oro de 9/10 de fino)",1900-03-14,sí,dato,no,"Annual Report of the Secretary of the Treasury, 1900, informe del Director de la Casa de Moneda, 'The gold-standard law', p. 345; texto literal de la sección 1",
1903-06,20.6718,"precio oficial fijado por ley, no precio de mercado","Gold Standard Act, ley del 14 de marzo de 1900, sección 1 (dólar de 25,8 granos de oro de 9/10 de fino)",1900-03-14,sí,dato,no,"Annual Report of the Secretary of the Treasury, 1900, informe del Director de la Casa de Moneda, 'The gold-standard law', p. 345; texto literal de la sección 1",
1903-07,20.6718,"precio oficial fijado por ley, no precio de mercado","Gold Standard Act, ley del 14 de marzo de 1900, sección 1 (dólar de 25,8 granos de oro de 9/10 de fino)",1900-03-14,sí,dato,no,"Annual Report of the Secretary of the Treasury, 1900, informe del Director de la Casa de Moneda, 'The gold-standard law', p. 345; texto literal de la sección 1",
1903-08,20.6718,"precio oficial fijado por ley, no precio de mercado","Gold Standard Act, ley del 14 de marzo de 1900, sección 1 (dólar de 25,8 granos de oro de 9/10 de fino)",1900-03-14,sí,dato,no,"Annual Report of the Secretary of the Treasury, 1900, informe del Director de la Casa de Moneda, 'The gold-standard law', p. 345; texto literal de la sección 1",
1903-09,20.6718,"precio oficial fijado por ley, no precio de mercado","Gold Standard Act, ley del 14 de marzo de 1900, sección 1 (dólar de 25,8 granos de oro de 9/10 de fino)",1900-03-14,sí,dato,no,"Annual Report of the Secretary of the Treasury, 1900, informe del Director de la Casa de Moneda, 'The gold-standard law', p. 345; texto literal de la sección 1",
1903-10,20.6718,"precio oficial fijado por ley, no precio de mercado","Gold Standard Act, ley del 14 de marzo de 1900, sección 1 (dólar de 25,8 granos de oro de 9/10 de fino)",1900-03-14,sí,dato,no,"Annual Report of the Secretary of the Treasury, 1900, informe del Director de la Casa de Moneda, 'The gold-standard law', p. 345; texto literal de la sección 1",
1903-11,20.6718,"precio oficial fijado por ley, no precio de mercado","Gold Standard Act, ley del 14 de marzo de 1900, sección 1 (dólar de 25,8 granos de oro de 9/10 de fino)",1900-03-14,sí,dato,no,"Annual Report of the Secretary of the Treasury, 1900, informe del Director de la Casa de Moneda, 'The gold-standard law', p. 345; texto literal de la sección 1",
1903-12,20.6718,"precio oficial fijado por ley, no precio de mercado","Gold Standard Act, ley del 14 de marzo de 1900, sección 1 (dólar de 25,8 granos de oro de 9/10 de fino)",1900-03-14,sí,dato,no,"Annual Report of the Secretary of the Treasury, 1900, informe del Director de la Casa de Moneda, 'The gold-standard law', p. 345; texto literal de la sección 1",
1904-01,20.6718,"precio oficial fijado por ley, no precio de mercado","Gold Standard Act, ley del 14 de marzo de 1900, sección 1 (dólar de 25,8 granos de oro de 9/10 de fino)",1900-03-14,sí,dato,no,"Annual Report of the Secretary of the Treasury, 1900, informe del Director de la Casa de Moneda, 'The gold-standard law', p. 345; texto literal de la sección 1",
1904-02,20.6718,"precio oficial fijado por ley, no precio de mercado","Gold Standard Act, ley del 14 de marzo de 1900, sección 1 (dólar de 25,8 granos de oro de 9/10 de fino)",1900-03-14,sí,dato,no,"Annual Report of the Secretary of the Treasury, 1900, informe del Director de la Casa de Moneda, 'The gold-standard law', p. 345; texto literal de la sección 1",
1904-03,20.6718,"precio oficial fijado por ley, no precio de mercado","Gold Standard Act, ley del 14 de marzo de 1900, sección 1 (dólar de 25,8 granos de oro de 9/10 de fino)",1900-03-14,sí,dato,no,"Annual Report of the Secretary of the Treasury, 1900, informe del Director de la Casa de Moneda, 'The gold-standard law', p. 345; texto literal de la sección 1",
1904-04,20.6718,"precio oficial fijado por ley, no precio de mercado","Gold Standard Act, ley del 14 de marzo de 1900, sección 1 (dólar de 25,8 granos de oro de 9/10 de fino)",1900-03-14,sí,dato,no,"Annual Report of the Secretary of the Treasury, 1900, informe del Director de la Casa de Moneda, 'The gold-standard law', p. 345; texto literal de la sección 1",
1904-05,20.6718,"precio oficial fijado por ley, no precio de mercado","Gold Standard Act, ley del 14 de marzo de 1900, sección 1 (dólar de 25,8 granos de oro de 9/10 de fino)",1900-03-14,sí,dato,no,"Annual Report of the Secretary of the Treasury, 1900, informe del Director de la Casa de Moneda, 'The gold-standard law', p. 345; texto literal de la sección 1",
1904-06,20.6718,"precio oficial fijado por ley, no precio de mercado","Gold Standard Act, ley del 14 de marzo de 1900, sección 1 (dólar de 25,8 granos de oro de 9/10 de fino)",1900-03-14,sí,dato,no,"Annual Report of the Secretary of the Treasury, 1900, informe del Director de la Casa de Moneda, 'The gold-standard law', p. 345; texto literal de la sección 1",
1904-07,20.6718,"precio oficial fijado por ley, no precio de mercado","Gold Standard Act, ley del 14 de marzo de 1900, sección 1 (dólar de 25,8 granos de oro de 9/10 de fino)",1900-03-14,sí,dato,no,"Annual Report of the Secretary of the Treasury, 1900, informe del Director de la Casa de Moneda, 'The gold-standard law', p. 345; texto literal de la sección 1",
1904-08,20.6718,"precio oficial fijado por ley, no precio de mercado","Gold Standard Act, ley del 14 de marzo de 1900, sección 1 (dólar de 25,8 granos de oro de 9/10 de fino)",1900-03-14,sí,dato,no,"Annual Report of the Secretary of the Treasury, 1900, informe del Director de la Casa de Moneda, 'The gold-standard law', p. 345; texto literal de la sección 1",
1904-09,20.6718,"precio oficial fijado por ley, no precio de mercado","Gold Standard Act, ley del 14 de marzo de 1900, sección 1 (dólar de 25,8 granos de oro de 9/10 de fino)",1900-03-14,sí,dato,no,"Annual Report of the Secretary of the Treasury, 1900, informe del Director de la Casa de Moneda, 'The gold-standard law', p. 345; texto literal de la sección 1",
1904-10,20.6718,"precio oficial fijado por ley, no precio de mercado","Gold Standard Act, ley del 14 de marzo de 1900, sección 1 (dólar de 25,8 granos de oro de 9/10 de fino)",1900-03-14,sí,dato,no,"Annual Report of the Secretary of the Treasury, 1900, informe del Director de la Casa de Moneda, 'The gold-standard law', p. 345; texto literal de la sección 1",
1904-11,20.6718,"precio oficial fijado por ley, no precio de mercado","Gold Standard Act, ley del 14 de marzo de 1900, sección 1 (dólar de 25,8 granos de oro de 9/10 de fino)",1900-03-14,sí,dato,no,"Annual Report of the Secretary of the Treasury, 1900, informe del Director de la Casa de Moneda, 'The gold-standard law', p. 345; texto literal de la sección 1",
1904-12,20.6718,"precio oficial fijado por ley, no precio de mercado","Gold Standard Act, ley del 14 de marzo de 1900, sección 1 (dólar de 25,8 granos de oro de 9/10 de fino)",1900-03-14,sí,dato,no,"Annual Report of the Secretary of the Treasury, 1900, informe del Director de la Casa de Moneda, 'The gold-standard law', p. 345; texto literal de la sección 1",
1905-01,20.6718,"precio oficial fijado por ley, no precio de mercado","Gold Standard Act, ley del 14 de marzo de 1900, sección 1 (dólar de 25,8 granos de oro de 9/10 de fino)",1900-03-14,sí,dato,no,"Annual Report of the Secretary of the Treasury, 1900, informe del Director de la Casa de Moneda, 'The gold-standard law', p. 345; texto literal de la sección 1",
1905-02,20.6718,"precio oficial fijado por ley, no precio de mercado","Gold Standard Act, ley del 14 de marzo de 1900, sección 1 (dólar de 25,8 granos de oro de 9/10 de fino)",1900-03-14,sí,dato,no,"Annual Report of the Secretary of the Treasury, 1900, informe del Director de la Casa de Moneda, 'The gold-standard law', p. 345; texto literal de la sección 1",
1905-03,20.6718,"precio oficial fijado por ley, no precio de mercado","Gold Standard Act, ley del 14 de marzo de 1900, sección 1 (dólar de 25,8 granos de oro de 9/10 de fino)",1900-03-14,sí,dato,no,"Annual Report of the Secretary of the Treasury, 1900, informe del Director de la Casa de Moneda, 'The gold-standard law', p. 345; texto literal de la sección 1",
1905-04,20.6718,"precio oficial fijado por ley, no precio de mercado","Gold Standard Act, ley del 14 de marzo de 1900, sección 1 (dólar de 25,8 granos de oro de 9/10 de fino)",1900-03-14,sí,dato,no,"Annual Report of the Secretary of the Treasury, 1900, informe del Director de la Casa de Moneda, 'The gold-standard law', p. 345; texto literal de la sección 1",
1905-05,20.6718,"precio oficial fijado por ley, no precio de mercado","Gold Standard Act, ley del 14 de marzo de 1900, sección 1 (dólar de 25,8 granos de oro de 9/10 de fino)",1900-03-14,sí,dato,no,"Annual Report of the Secretary of the Treasury, 1900, informe del Director de la Casa de Moneda, 'The gold-standard law', p. 345; texto literal de la sección 1",
1905-06,20.6718,"precio oficial fijado por ley, no precio de mercado","Gold Standard Act, ley del 14 de marzo de 1900, sección 1 (dólar de 25,8 granos de oro de 9/10 de fino)",1900-03-14,sí,dato,no,"Annual Report of the Secretary of the Treasury, 1900, informe del Director de la Casa de Moneda, 'The gold-standard law', p. 345; texto literal de la sección 1",
1905-07,20.6718,"precio oficial fijado por ley, no precio de mercado","Gold Standard Act, ley del 14 de marzo de 1900, sección 1 (dólar de 25,8 granos de oro de 9/10 de fino)",1900-03-14,sí,dato,no,"Annual Report of the Secretary of the Treasury, 1900, informe del Director de la Casa de Moneda, 'The gold-standard law', p. 345; texto literal de la sección 1",
1905-08,20.6718,"precio oficial fijado por ley, no precio de mercado","Gold Standard Act, ley del 14 de marzo de 1900, sección 1 (dólar de 25,8 granos de oro de 9/10 de fino)",1900-03-14,sí,dato,no,"Annual Report of the Secretary of the Treasury, 1900, informe del Director de la Casa de Moneda, 'The gold-standard law', p. 345; texto literal de la sección 1",
1905-09,20.6718,"precio oficial fijado por ley, no precio de mercado","Gold Standard Act, ley del 14 de marzo de 1900, sección 1 (dólar de 25,8 granos de oro de 9/10 de fino)",1900-03-14,sí,dato,no,"Annual Report of the Secretary of the Treasury, 1900, informe del Director de la Casa de Moneda, 'The gold-standard law', p. 345; texto literal de la sección 1",
1905-10,20.6718,"precio oficial fijado por ley, no precio de mercado","Gold Standard Act, ley del 14 de marzo de 1900, sección 1 (dólar de 25,8 granos de oro de 9/10 de fino)",1900-03-14,sí,dato,no,"Annual Report of the Secretary of the Treasury, 1900, informe del Director de la Casa de Moneda, 'The gold-standard law', p. 345; texto literal de la sección 1",
1905-11,20.6718,"precio oficial fijado por ley, no precio de mercado","Gold Standard Act, ley del 14 de marzo de 1900, sección 1 (dólar de 25,8 granos de oro de 9/10 de fino)",1900-03-14,sí,dato,no,"Annual Report of the Secretary of the Treasury, 1900, informe del Director de la Casa de Moneda, 'The gold-standard law', p. 345; texto literal de la sección 1",
1905-12,20.6718,"precio oficial fijado por ley, no precio de mercado","Gold Standard Act, ley del 14 de marzo de 1900, sección 1 (dólar de 25,8 granos de oro de 9/10 de fino)",1900-03-14,sí,dato,no,"Annual Report of the Secretary of the Treasury, 1900, informe del Director de la Casa de Moneda, 'The gold-standard law', p. 345; texto literal de la sección 1",
1906-01,20.6718,"precio oficial fijado por ley, no precio de mercado","Gold Standard Act, ley del 14 de marzo de 1900, sección 1 (dólar de 25,8 granos de oro de 9/10 de fino)",1900-03-14,sí,dato,no,"Annual Report of the Secretary of the Treasury, 1900, informe del Director de la Casa de Moneda, 'The gold-standard law', p. 345; texto literal de la sección 1",
1906-02,20.6718,"precio oficial fijado por ley, no precio de mercado","Gold Standard Act, ley del 14 de marzo de 1900, sección 1 (dólar de 25,8 granos de oro de 9/10 de fino)",1900-03-14,sí,dato,no,"Annual Report of the Secretary of the Treasury, 1900, informe del Director de la Casa de Moneda, 'The gold-standard law', p. 345; texto literal de la sección 1",
1906-03,20.6718,"precio oficial fijado por ley, no precio de mercado","Gold Standard Act, ley del 14 de marzo de 1900, sección 1 (dólar de 25,8 granos de oro de 9/10 de fino)",1900-03-14,sí,dato,no,"Annual Report of the Secretary of the Treasury, 1900, informe del Director de la Casa de Moneda, 'The gold-standard law', p. 345; texto literal de la sección 1",
1906-04,20.6718,"precio oficial fijado por ley, no precio de mercado","Gold Standard Act, ley del 14 de marzo de 1900, sección 1 (dólar de 25,8 granos de oro de 9/10 de fino)",1900-03-14,sí,dato,no,"Annual Report of the Secretary of the Treasury, 1900, informe del Director de la Casa de Moneda, 'The gold-standard law', p. 345; texto literal de la sección 1",
1906-05,20.6718,"precio oficial fijado por ley, no precio de mercado","Gold Standard Act, ley del 14 de marzo de 1900, sección 1 (dólar de 25,8 granos de oro de 9/10 de fino)",1900-03-14,sí,dato,no,"Annual Report of the Secretary of the Treasury, 1900, informe del Director de la Casa de Moneda, 'The gold-standard law', p. 345; texto literal de la sección 1",
1906-06,20.6718,"precio oficial fijado por ley, no precio de mercado","Gold Standard Act, ley del 14 de marzo de 1900, sección 1 (dólar de 25,8 granos de oro de 9/10 de fino)",1900-03-14,sí,dato,no,"Annual Report of the Secretary of the Treasury, 1900, informe del Director de la Casa de Moneda, 'The gold-standard law', p. 345; texto literal de la sección 1",
1906-07,20.6718,"precio oficial fijado por ley, no precio de mercado","Gold Standard Act, ley del 14 de marzo de 1900, sección 1 (dólar de 25,8 granos de oro de 9/10 de fino)",1900-03-14,sí,dato,no,"Annual Report of the Secretary of the Treasury, 1900, informe del Director de la Casa de Moneda, 'The gold-standard law', p. 345; texto literal de la sección 1",
1906-08,20.6718,"precio oficial fijado por ley, no precio de mercado","Gold Standard Act, ley del 14 de marzo de 1900, sección 1 (dólar de 25,8 granos de oro de 9/10 de fino)",1900-03-14,sí,dato,no,"Annual Report of the Secretary of the Treasury, 1900, informe del Director de la Casa de Moneda, 'The gold-standard law', p. 345; texto literal de la sección 1",
1906-09,20.6718,"precio oficial fijado por ley, no precio de mercado","Gold Standard Act, ley del 14 de marzo de 1900, sección 1 (dólar de 25,8 granos de oro de 9/10 de fino)",1900-03-14,sí,dato,no,"Annual Report of the Secretary of the Treasury, 1900, informe del Director de la Casa de Moneda, 'The gold-standard law', p. 345; texto literal de la sección 1",
1906-10,20.6718,"precio oficial fijado por ley, no precio de mercado","Gold Standard Act, ley del 14 de marzo de 1900, sección 1 (dólar de 25,8 granos de oro de 9/10 de fino)",1900-03-14,sí,dato,no,"Annual Report of the Secretary of the Treasury, 1900, informe del Director de la Casa de Moneda, 'The gold-standard law', p. 345; texto literal de la sección 1",
1906-11,20.6718,"precio oficial fijado por ley, no precio de mercado","Gold Standard Act, ley del 14 de marzo de 1900, sección 1 (dólar de 25,8 granos de oro de 9/10 de fino)",1900-03-14,sí,dato,no,"Annual Report of the Secretary of the Treasury, 1900, informe del Director de la Casa de Moneda, 'The gold-standard law', p. 345; texto literal de la sección 1",
1906-12,20.6718,"precio oficial fijado por ley, no precio de mercado","Gold Standard Act, ley del 14 de marzo de 1900, sección 1 (dólar de 25,8 granos de oro de 9/10 de fino)",1900-03-14,sí,dato,no,"Annual Report of the Secretary of the Treasury, 1900, informe del Director de la Casa de Moneda, 'The gold-standard law', p. 345; texto literal de la sección 1",
1907-01,20.6718,"precio oficial fijado por ley, no precio de mercado","Gold Standard Act, ley del 14 de marzo de 1900, sección 1 (dólar de 25,8 granos de oro de 9/10 de fino)",1900-03-14,sí,dato,no,"Annual Report of the Secretary of the Treasury, 1900, informe del Director de la Casa de Moneda, 'The gold-standard law', p. 345; texto literal de la sección 1",
1907-02,20.6718,"precio oficial fijado por ley, no precio de mercado","Gold Standard Act, ley del 14 de marzo de 1900, sección 1 (dólar de 25,8 granos de oro de 9/10 de fino)",1900-03-14,sí,dato,no,"Annual Report of the Secretary of the Treasury, 1900, informe del Director de la Casa de Moneda, 'The gold-standard law', p. 345; texto literal de la sección 1",
1907-03,20.6718,"precio oficial fijado por ley, no precio de mercado","Gold Standard Act, ley del 14 de marzo de 1900, sección 1 (dólar de 25,8 granos de oro de 9/10 de fino)",1900-03-14,sí,dato,no,"Annual Report of the Secretary of the Treasury, 1900, informe del Director de la Casa de Moneda, 'The gold-standard law', p. 345; texto literal de la sección 1",
1907-04,20.6718,"precio oficial fijado por ley, no precio de mercado","Gold Standard Act, ley del 14 de marzo de 1900, sección 1 (dólar de 25,8 granos de oro de 9/10 de fino)",1900-03-14,sí,dato,no,"Annual Report of the Secretary of the Treasury, 1900, informe del Director de la Casa de Moneda, 'The gold-standard law', p. 345; texto literal de la sección 1",
1907-05,20.6718,"precio oficial fijado por ley, no precio de mercado","Gold Standard Act, ley del 14 de marzo de 1900, sección 1 (dólar de 25,8 granos de oro de 9/10 de fino)",1900-03-14,sí,dato,no,"Annual Report of the Secretary of the Treasury, 1900, informe del Director de la Casa de Moneda, 'The gold-standard law', p. 345; texto literal de la sección 1",
1907-06,20.6718,"precio oficial fijado por ley, no precio de mercado","Gold Standard Act, ley del 14 de marzo de 1900, sección 1 (dólar de 25,8 granos de oro de 9/10 de fino)",1900-03-14,sí,dato,no,"Annual Report of the Secretary of the Treasury, 1900, informe del Director de la Casa de Moneda, 'The gold-standard law', p. 345; texto literal de la sección 1",
1907-07,20.6718,"precio oficial fijado por ley, no precio de mercado","Gold Standard Act, ley del 14 de marzo de 1900, sección 1 (dólar de 25,8 granos de oro de 9/10 de fino)",1900-03-14,sí,dato,no,"Annual Report of the Secretary of the Treasury, 1900, informe del Director de la Casa de Moneda, 'The gold-standard law', p. 345; texto literal de la sección 1",
1907-08,20.6718,"precio oficial fijado por ley, no precio de mercado","Gold Standard Act, ley del 14 de marzo de 1900, sección 1 (dólar de 25,8 granos de oro de 9/10 de fino)",1900-03-14,sí,dato,no,"Annual Report of the Secretary of the Treasury, 1900, informe del Director de la Casa de Moneda, 'The gold-standard law', p. 345; texto literal de la sección 1",
1907-09,20.6718,"precio oficial fijado por ley, no precio de mercado","Gold Standard Act, ley del 14 de marzo de 1900, sección 1 (dólar de 25,8 granos de oro de 9/10 de fino)",1900-03-14,sí,dato,no,"Annual Report of the Secretary of the Treasury, 1900, informe del Director de la Casa de Moneda, 'The gold-standard law', p. 345; texto literal de la sección 1",
1907-10,20.6718,"precio oficial fijado por ley, no precio de mercado","Gold Standard Act, ley del 14 de marzo de 1900, sección 1 (dólar de 25,8 granos de oro de 9/10 de fino)",1900-03-14,sí,dato,no,"Annual Report of the Secretary of the Treasury, 1900, informe del Director de la Casa de Moneda, 'The gold-standard law', p. 345; texto literal de la sección 1",
1907-11,20.6718,"precio oficial fijado por ley, no precio de mercado","Gold Standard Act, ley del 14 de marzo de 1900, sección 1 (dólar de 25,8 granos de oro de 9/10 de fino)",1900-03-14,sí,dato,no,"Annual Report of the Secretary of the Treasury, 1900, informe del Director de la Casa de Moneda, 'The gold-standard law', p. 345; texto literal de la sección 1",
1907-12,20.6718,"precio oficial fijado por ley, no precio de mercado","Gold Standard Act, ley del 14 de marzo de 1900, sección 1 (dólar de 25,8 granos de oro de 9/10 de fino)",1900-03-14,sí,dato,no,"Annual Report of the Secretary of the Treasury, 1900, informe del Director de la Casa de Moneda, 'The gold-standard law', p. 345; texto literal de la sección 1",
1908-01,20.6718,"precio oficial fijado por ley, no precio de mercado","Gold Standard Act, ley del 14 de marzo de 1900, sección 1 (dólar de 25,8 granos de oro de 9/10 de fino)",1900-03-14,sí,dato,no,"Annual Report of the Secretary of the Treasury, 1900, informe del Director de la Casa de Moneda, 'The gold-standard law', p. 345; texto literal de la sección 1",
1908-02,20.6718,"precio oficial fijado por ley, no precio de mercado","Gold Standard Act, ley del 14 de marzo de 1900, sección 1 (dólar de 25,8 granos de oro de 9/10 de fino)",1900-03-14,sí,dato,no,"Annual Report of the Secretary of the Treasury, 1900, informe del Director de la Casa de Moneda, 'The gold-standard law', p. 345; texto literal de la sección 1",
1908-03,20.6718,"precio oficial fijado por ley, no precio de mercado","Gold Standard Act, ley del 14 de marzo de 1900, sección 1 (dólar de 25,8 granos de oro de 9/10 de fino)",1900-03-14,sí,dato,no,"Annual Report of the Secretary of the Treasury, 1900, informe del Director de la Casa de Moneda, 'The gold-standard law', p. 345; texto literal de la sección 1",
1908-04,20.6718,"precio oficial fijado por ley, no precio de mercado","Gold Standard Act, ley del 14 de marzo de 1900, sección 1 (dólar de 25,8 granos de oro de 9/10 de fino)",1900-03-14,sí,dato,no,"Annual Report of the Secretary of the Treasury, 1900, informe del Director de la Casa de Moneda, 'The gold-standard law', p. 345; texto literal de la sección 1",
1908-05,20.6718,"precio oficial fijado por ley, no precio de mercado","Gold Standard Act, ley del 14 de marzo de 1900, sección 1 (dólar de 25,8 granos de oro de 9/10 de fino)",1900-03-14,sí,dato,no,"Annual Report of the Secretary of the Treasury, 1900, informe del Director de la Casa de Moneda, 'The gold-standard law', p. 345; texto literal de la sección 1",
1908-06,20.6718,"precio oficial fijado por ley, no precio de mercado","Gold Standard Act, ley del 14 de marzo de 1900, sección 1 (dólar de 25,8 granos de oro de 9/10 de fino)",1900-03-14,sí,dato,no,"Annual Report of the Secretary of the Treasury, 1900, informe del Director de la Casa de Moneda, 'The gold-standard law', p. 345; texto literal de la sección 1",
1908-07,20.6718,"precio oficial fijado por ley, no precio de mercado","Gold Standard Act, ley del 14 de marzo de 1900, sección 1 (dólar de 25,8 granos de oro de 9/10 de fino)",1900-03-14,sí,dato,no,"Annual Report of the Secretary of the Treasury, 1900, informe del Director de la Casa de Moneda, 'The gold-standard law', p. 345; texto literal de la sección 1",
1908-08,20.6718,"precio oficial fijado por ley, no precio de mercado","Gold Standard Act, ley del 14 de marzo de 1900, sección 1 (dólar de 25,8 granos de oro de 9/10 de fino)",1900-03-14,sí,dato,no,"Annual Report of the Secretary of the Treasury, 1900, informe del Director de la Casa de Moneda, 'The gold-standard law', p. 345; texto literal de la sección 1",
1908-09,20.6718,"precio oficial fijado por ley, no precio de mercado","Gold Standard Act, ley del 14 de marzo de 1900, sección 1 (dólar de 25,8 granos de oro de 9/10 de fino)",1900-03-14,sí,dato,no,"Annual Report of the Secretary of the Treasury, 1900, informe del Director de la Casa de Moneda, 'The gold-standard law', p. 345; texto literal de la sección 1",
1908-10,20.6718,"precio oficial fijado por ley, no precio de mercado","Gold Standard Act, ley del 14 de marzo de 1900, sección 1 (dólar de 25,8 granos de oro de 9/10 de fino)",1900-03-14,sí,dato,no,"Annual Report of the Secretary of the Treasury, 1900, informe del Director de la Casa de Moneda, 'The gold-standard law', p. 345; texto literal de la sección 1",
1908-11,20.6718,"precio oficial fijado por ley, no precio de mercado","Gold Standard Act, ley del 14 de marzo de 1900, sección 1 (dólar de 25,8 granos de oro de 9/10 de fino)",1900-03-14,sí,dato,no,"Annual Report of the Secretary of the Treasury, 1900, informe del Director de la Casa de Moneda, 'The gold-standard law', p. 345; texto literal de la sección 1",
1908-12,20.6718,"precio oficial fijado por ley, no precio de mercado","Gold Standard Act, ley del 14 de marzo de 1900, sección 1 (dólar de 25,8 granos de oro de 9/10 de fino)",1900-03-14,sí,dato,no,"Annual Report of the Secretary of the Treasury, 1900, informe del Director de la Casa de Moneda, 'The gold-standard law', p. 345; texto literal de la sección 1",
1909-01,20.6718,"precio oficial fijado por ley, no precio de mercado","Gold Standard Act, ley del 14 de marzo de 1900, sección 1 (dólar de 25,8 granos de oro de 9/10 de fino)",1900-03-14,sí,dato,no,"Annual Report of the Secretary of the Treasury, 1900, informe del Director de la Casa de Moneda, 'The gold-standard law', p. 345; texto literal de la sección 1",
1909-02,20.6718,"precio oficial fijado por ley, no precio de mercado","Gold Standard Act, ley del 14 de marzo de 1900, sección 1 (dólar de 25,8 granos de oro de 9/10 de fino)",1900-03-14,sí,dato,no,"Annual Report of the Secretary of the Treasury, 1900, informe del Director de la Casa de Moneda, 'The gold-standard law', p. 345; texto literal de la sección 1",
1909-03,20.6718,"precio oficial fijado por ley, no precio de mercado","Gold Standard Act, ley del 14 de marzo de 1900, sección 1 (dólar de 25,8 granos de oro de 9/10 de fino)",1900-03-14,sí,dato,no,"Annual Report of the Secretary of the Treasury, 1900, informe del Director de la Casa de Moneda, 'The gold-standard law', p. 345; texto literal de la sección 1",
1909-04,20.6718,"precio oficial fijado por ley, no precio de mercado","Gold Standard Act, ley del 14 de marzo de 1900, sección 1 (dólar de 25,8 granos de oro de 9/10 de fino)",1900-03-14,sí,dato,no,"Annual Report of the Secretary of the Treasury, 1900, informe del Director de la Casa de Moneda, 'The gold-standard law', p. 345; texto literal de la sección 1",
1909-05,20.6718,"precio oficial fijado por ley, no precio de mercado","Gold Standard Act, ley del 14 de marzo de 1900, sección 1 (dólar de 25,8 granos de oro de 9/10 de fino)",1900-03-14,sí,dato,no,"Annual Report of the Secretary of the Treasury, 1900, informe del Director de la Casa de Moneda, 'The gold-standard law', p. 345; texto literal de la sección 1",
1909-06,20.6718,"precio oficial fijado por ley, no precio de mercado","Gold Standard Act, ley del 14 de marzo de 1900, sección 1 (dólar de 25,8 granos de oro de 9/10 de fino)",1900-03-14,sí,dato,no,"Annual Report of the Secretary of the Treasury, 1900, informe del Director de la Casa de Moneda, 'The gold-standard law', p. 345; texto literal de la sección 1",
1909-07,20.6718,"precio oficial fijado por ley, no precio de mercado","Gold Standard Act, ley del 14 de marzo de 1900, sección 1 (dólar de 25,8 granos de oro de 9/10 de fino)",1900-03-14,sí,dato,no,"Annual Report of the Secretary of the Treasury, 1900, informe del Director de la Casa de Moneda, 'The gold-standard law', p. 345; texto literal de la sección 1",
1909-08,20.6718,"precio oficial fijado por ley, no precio de mercado","Gold Standard Act, ley del 14 de marzo de 1900, sección 1 (dólar de 25,8 granos de oro de 9/10 de fino)",1900-03-14,sí,dato,no,"Annual Report of the Secretary of the Treasury, 1900, informe del Director de la Casa de Moneda, 'The gold-standard law', p. 345; texto literal de la sección 1",
1909-09,20.6718,"precio oficial fijado por ley, no precio de mercado","Gold Standard Act, ley del 14 de marzo de 1900, sección 1 (dólar de 25,8 granos de oro de 9/10 de fino)",1900-03-14,sí,dato,no,"Annual Report of the Secretary of the Treasury, 1900, informe del Director de la Casa de Moneda, 'The gold-standard law', p. 345; texto literal de la sección 1",
1909-10,20.6718,"precio oficial fijado por ley, no precio de mercado","Gold Standard Act, ley del 14 de marzo de 1900, sección 1 (dólar de 25,8 granos de oro de 9/10 de fino)",1900-03-14,sí,dato,no,"Annual Report of the Secretary of the Treasury, 1900, informe del Director de la Casa de Moneda, 'The gold-standard law', p. 345; texto literal de la sección 1",
1909-11,20.6718,"precio oficial fijado por ley, no precio de mercado","Gold Standard Act, ley del 14 de marzo de 1900, sección 1 (dólar de 25,8 granos de oro de 9/10 de fino)",1900-03-14,sí,dato,no,"Annual Report of the Secretary of the Treasury, 1900, informe del Director de la Casa de Moneda, 'The gold-standard law', p. 345; texto literal de la sección 1",
1909-12,20.6718,"precio oficial fijado por ley, no precio de mercado","Gold Standard Act, ley del 14 de marzo de 1900, sección 1 (dólar de 25,8 granos de oro de 9/10 de fino)",1900-03-14,sí,dato,no,"Annual Report of the Secretary of the Treasury, 1900, informe del Director de la Casa de Moneda, 'The gold-standard law', p. 345; texto literal de la sección 1",
1910-01,20.6718,"precio oficial fijado por ley, no precio de mercado","Gold Standard Act, ley del 14 de marzo de 1900, sección 1 (dólar de 25,8 granos de oro de 9/10 de fino)",1900-03-14,sí,dato,no,"Annual Report of the Secretary of the Treasury, 1900, informe del Director de la Casa de Moneda, 'The gold-standard law', p. 345; texto literal de la sección 1",
1910-02,20.6718,"precio oficial fijado por ley, no precio de mercado","Gold Standard Act, ley del 14 de marzo de 1900, sección 1 (dólar de 25,8 granos de oro de 9/10 de fino)",1900-03-14,sí,dato,no,"Annual Report of the Secretary of the Treasury, 1900, informe del Director de la Casa de Moneda, 'The gold-standard law', p. 345; texto literal de la sección 1",
1910-03,20.6718,"precio oficial fijado por ley, no precio de mercado","Gold Standard Act, ley del 14 de marzo de 1900, sección 1 (dólar de 25,8 granos de oro de 9/10 de fino)",1900-03-14,sí,dato,no,"Annual Report of the Secretary of the Treasury, 1900, informe del Director de la Casa de Moneda, 'The gold-standard law', p. 345; texto literal de la sección 1",
1910-04,20.6718,"precio oficial fijado por ley, no precio de mercado","Gold Standard Act, ley del 14 de marzo de 1900, sección 1 (dólar de 25,8 granos de oro de 9/10 de fino)",1900-03-14,sí,dato,no,"Annual Report of the Secretary of the Treasury, 1900, informe del Director de la Casa de Moneda, 'The gold-standard law', p. 345; texto literal de la sección 1",
1910-05,20.6718,"precio oficial fijado por ley, no precio de mercado","Gold Standard Act, ley del 14 de marzo de 1900, sección 1 (dólar de 25,8 granos de oro de 9/10 de fino)",1900-03-14,sí,dato,no,"Annual Report of the Secretary of the Treasury, 1900, informe del Director de la Casa de Moneda, 'The gold-standard law', p. 345; texto literal de la sección 1",
1910-06,20.6718,"precio oficial fijado por ley, no precio de mercado","Gold Standard Act, ley del 14 de marzo de 1900, sección 1 (dólar de 25,8 granos de oro de 9/10 de fino)",1900-03-14,sí,dato,no,"Annual Report of the Secretary of the Treasury, 1900, informe del Director de la Casa de Moneda, 'The gold-standard law', p. 345; texto literal de la sección 1",
1910-07,20.6718,"precio oficial fijado por ley, no precio de mercado","Gold Standard Act, ley del 14 de marzo de 1900, sección 1 (dólar de 25,8 granos de oro de 9/10 de fino)",1900-03-14,sí,dato,no,"Annual Report of the Secretary of the Treasury, 1900, informe del Director de la Casa de Moneda, 'The gold-standard law', p. 345; texto literal de la sección 1",
1910-08,20.6718,"precio oficial fijado por ley, no precio de mercado","Gold Standard Act, ley del 14 de marzo de 1900, sección 1 (dólar de 25,8 granos de oro de 9/10 de fino)",1900-03-14,sí,dato,no,"Annual Report of the Secretary of the Treasury, 1900, informe del Director de la Casa de Moneda, 'The gold-standard law', p. 345; texto literal de la sección 1",
1910-09,20.6718,"precio oficial fijado por ley, no precio de mercado","Gold Standard Act, ley del 14 de marzo de 1900, sección 1 (dólar de 25,8 granos de oro de 9/10 de fino)",1900-03-14,sí,dato,no,"Annual Report of the Secretary of the Treasury, 1900, informe del Director de la Casa de Moneda, 'The gold-standard law', p. 345; texto literal de la sección 1",
1910-10,20.6718,"precio oficial fijado por ley, no precio de mercado","Gold Standard Act, ley del 14 de marzo de 1900, sección 1 (dólar de 25,8 granos de oro de 9/10 de fino)",1900-03-14,sí,dato,no,"Annual Report of the Secretary of the Treasury, 1900, informe del Director de la Casa de Moneda, 'The gold-standard law', p. 345; texto literal de la sección 1",
1910-11,20.6718,"precio oficial fijado por ley, no precio de mercado","Gold Standard Act, ley del 14 de marzo de 1900, sección 1 (dólar de 25,8 granos de oro de 9/10 de fino)",1900-03-14,sí,dato,no,"Annual Report of the Secretary of the Treasury, 1900, informe del Director de la Casa de Moneda, 'The gold-standard law', p. 345; texto literal de la sección 1",
1910-12,20.6718,"precio oficial fijado por ley, no precio de mercado","Gold Standard Act, ley del 14 de marzo de 1900, sección 1 (dólar de 25,8 granos de oro de 9/10 de fino)",1900-03-14,sí,dato,no,"Annual Report of the Secretary of the Treasury, 1900, informe del Director de la Casa de Moneda, 'The gold-standard law', p. 345; texto literal de la sección 1",
1911-01,20.6718,"precio oficial fijado por ley, no precio de mercado","Gold Standard Act, ley del 14 de marzo de 1900, sección 1 (dólar de 25,8 granos de oro de 9/10 de fino)",1900-03-14,sí,dato,no,"Annual Report of the Secretary of the Treasury, 1900, informe del Director de la Casa de Moneda, 'The gold-standard law', p. 345; texto literal de la sección 1",
1911-02,20.6718,"precio oficial fijado por ley, no precio de mercado","Gold Standard Act, ley del 14 de marzo de 1900, sección 1 (dólar de 25,8 granos de oro de 9/10 de fino)",1900-03-14,sí,dato,no,"Annual Report of the Secretary of the Treasury, 1900, informe del Director de la Casa de Moneda, 'The gold-standard law', p. 345; texto literal de la sección 1",
1911-03,20.6718,"precio oficial fijado por ley, no precio de mercado","Gold Standard Act, ley del 14 de marzo de 1900, sección 1 (dólar de 25,8 granos de oro de 9/10 de fino)",1900-03-14,sí,dato,no,"Annual Report of the Secretary of the Treasury, 1900, informe del Director de la Casa de Moneda, 'The gold-standard law', p. 345; texto literal de la sección 1",
1911-04,20.6718,"precio oficial fijado por ley, no precio de mercado","Gold Standard Act, ley del 14 de marzo de 1900, sección 1 (dólar de 25,8 granos de oro de 9/10 de fino)",1900-03-14,sí,dato,no,"Annual Report of the Secretary of the Treasury, 1900, informe del Director de la Casa de Moneda, 'The gold-standard law', p. 345; texto literal de la sección 1",
1911-05,20.6718,"precio oficial fijado por ley, no precio de mercado","Gold Standard Act, ley del 14 de marzo de 1900, sección 1 (dólar de 25,8 granos de oro de 9/10 de fino)",1900-03-14,sí,dato,no,"Annual Report of the Secretary of the Treasury, 1900, informe del Director de la Casa de Moneda, 'The gold-standard law', p. 345; texto literal de la sección 1",
1911-06,20.6718,"precio oficial fijado por ley, no precio de mercado","Gold Standard Act, ley del 14 de marzo de 1900, sección 1 (dólar de 25,8 granos de oro de 9/10 de fino)",1900-03-14,sí,dato,no,"Annual Report of the Secretary of the Treasury, 1900, informe del Director de la Casa de Moneda, 'The gold-standard law', p. 345; texto literal de la sección 1",
1911-07,20.6718,"precio oficial fijado por ley, no precio de mercado","Gold Standard Act, ley del 14 de marzo de 1900, sección 1 (dólar de 25,8 granos de oro de 9/10 de fino)",1900-03-14,sí,dato,no,"Annual Report of the Secretary of the Treasury, 1900, informe del Director de la Casa de Moneda, 'The gold-standard law', p. 345; texto literal de la sección 1",
1911-08,20.6718,"precio oficial fijado por ley, no precio de mercado","Gold Standard Act, ley del 14 de marzo de 1900, sección 1 (dólar de 25,8 granos de oro de 9/10 de fino)",1900-03-14,sí,dato,no,"Annual Report of the Secretary of the Treasury, 1900, informe del Director de la Casa de Moneda, 'The gold-standard law', p. 345; texto literal de la sección 1",
1911-09,20.6718,"precio oficial fijado por ley, no precio de mercado","Gold Standard Act, ley del 14 de marzo de 1900, sección 1 (dólar de 25,8 granos de oro de 9/10 de fino)",1900-03-14,sí,dato,no,"Annual Report of the Secretary of the Treasury, 1900, informe del Director de la Casa de Moneda, 'The gold-standard law', p. 345; texto literal de la sección 1",
1911-10,20.6718,"precio oficial fijado por ley, no precio de mercado","Gold Standard Act, ley del 14 de marzo de 1900, sección 1 (dólar de 25,8 granos de oro de 9/10 de fino)",1900-03-14,sí,dato,no,"Annual Report of the Secretary of the Treasury, 1900, informe del Director de la Casa de Moneda, 'The gold-standard law', p. 345; texto literal de la sección 1",
1911-11,20.6718,"precio oficial fijado por ley, no precio de mercado","Gold Standard Act, ley del 14 de marzo de 1900, sección 1 (dólar de 25,8 granos de oro de 9/10 de fino)",1900-03-14,sí,dato,no,"Annual Report of the Secretary of the Treasury, 1900, informe del Director de la Casa de Moneda, 'The gold-standard law', p. 345; texto literal de la sección 1",
1911-12,20.6718,"precio oficial fijado por ley, no precio de mercado","Gold Standard Act, ley del 14 de marzo de 1900, sección 1 (dólar de 25,8 granos de oro de 9/10 de fino)",1900-03-14,sí,dato,no,"Annual Report of the Secretary of the Treasury, 1900, informe del Director de la Casa de Moneda, 'The gold-standard law', p. 345; texto literal de la sección 1",
1912-01,20.6718,"precio oficial fijado por ley, no precio de mercado","Gold Standard Act, ley del 14 de marzo de 1900, sección 1 (dólar de 25,8 granos de oro de 9/10 de fino)",1900-03-14,sí,dato,no,"Annual Report of the Secretary of the Treasury, 1900, informe del Director de la Casa de Moneda, 'The gold-standard law', p. 345; texto literal de la sección 1",
1912-02,20.6718,"precio oficial fijado por ley, no precio de mercado","Gold Standard Act, ley del 14 de marzo de 1900, sección 1 (dólar de 25,8 granos de oro de 9/10 de fino)",1900-03-14,sí,dato,no,"Annual Report of the Secretary of the Treasury, 1900, informe del Director de la Casa de Moneda, 'The gold-standard law', p. 345; texto literal de la sección 1",
1912-03,20.6718,"precio oficial fijado por ley, no precio de mercado","Gold Standard Act, ley del 14 de marzo de 1900, sección 1 (dólar de 25,8 granos de oro de 9/10 de fino)",1900-03-14,sí,dato,no,"Annual Report of the Secretary of the Treasury, 1900, informe del Director de la Casa de Moneda, 'The gold-standard law', p. 345; texto literal de la sección 1",
1912-04,20.6718,"precio oficial fijado por ley, no precio de mercado","Gold Standard Act, ley del 14 de marzo de 1900, sección 1 (dólar de 25,8 granos de oro de 9/10 de fino)",1900-03-14,sí,dato,no,"Annual Report of the Secretary of the Treasury, 1900, informe del Director de la Casa de Moneda, 'The gold-standard law', p. 345; texto literal de la sección 1",
1912-05,20.6718,"precio oficial fijado por ley, no precio de mercado","Gold Standard Act, ley del 14 de marzo de 1900, sección 1 (dólar de 25,8 granos de oro de 9/10 de fino)",1900-03-14,sí,dato,no,"Annual Report of the Secretary of the Treasury, 1900, informe del Director de la Casa de Moneda, 'The gold-standard law', p. 345; texto literal de la sección 1",
1912-06,20.6718,"precio oficial fijado por ley, no precio de mercado","Gold Standard Act, ley del 14 de marzo de 1900, sección 1 (dólar de 25,8 granos de oro de 9/10 de fino)",1900-03-14,sí,dato,no,"Annual Report of the Secretary of the Treasury, 1900, informe del Director de la Casa de Moneda, 'The gold-standard law', p. 345; texto literal de la sección 1",
1912-07,20.6718,"precio oficial fijado por ley, no precio de mercado","Gold Standard Act, ley del 14 de marzo de 1900, sección 1 (dólar de 25,8 granos de oro de 9/10 de fino)",1900-03-14,sí,dato,no,"Annual Report of the Secretary of the Treasury, 1900, informe del Director de la Casa de Moneda, 'The gold-standard law', p. 345; texto literal de la sección 1",
1912-08,20.6718,"precio oficial fijado por ley, no precio de mercado","Gold Standard Act, ley del 14 de marzo de 1900, sección 1 (dólar de 25,8 granos de oro de 9/10 de fino)",1900-03-14,sí,dato,no,"Annual Report of the Secretary of the Treasury, 1900, informe del Director de la Casa de Moneda, 'The gold-standard law', p. 345; texto literal de la sección 1",
1912-09,20.6718,"precio oficial fijado por ley, no precio de mercado","Gold Standard Act, ley del 14 de marzo de 1900, sección 1 (dólar de 25,8 granos de oro de 9/10 de fino)",1900-03-14,sí,dato,no,"Annual Report of the Secretary of the Treasury, 1900, informe del Director de la Casa de Moneda, 'The gold-standard law', p. 345; texto literal de la sección 1",
1912-10,20.6718,"precio oficial fijado por ley, no precio de mercado","Gold Standard Act, ley del 14 de marzo de 1900, sección 1 (dólar de 25,8 granos de oro de 9/10 de fino)",1900-03-14,sí,dato,no,"Annual Report of the Secretary of the Treasury, 1900, informe del Director de la Casa de Moneda, 'The gold-standard law', p. 345; texto literal de la sección 1",
1912-11,20.6718,"precio oficial fijado por ley, no precio de mercado","Gold Standard Act, ley del 14 de marzo de 1900, sección 1 (dólar de 25,8 granos de oro de 9/10 de fino)",1900-03-14,sí,dato,no,"Annual Report of the Secretary of the Treasury, 1900, informe del Director de la Casa de Moneda, 'The gold-standard law', p. 345; texto literal de la sección 1",
1912-12,20.6718,"precio oficial fijado por ley, no precio de mercado","Gold Standard Act, ley del 14 de marzo de 1900, sección 1 (dólar de 25,8 granos de oro de 9/10 de fino)",1900-03-14,sí,dato,no,"Annual Report of the Secretary of the Treasury, 1900, informe del Director de la Casa de Moneda, 'The gold-standard law', p. 345; texto literal de la sección 1",
1913-01,20.6718,"precio oficial fijado por ley, no precio de mercado","Gold Standard Act, ley del 14 de marzo de 1900, sección 1 (dólar de 25,8 granos de oro de 9/10 de fino)",1900-03-14,sí,dato,no,"Annual Report of the Secretary of the Treasury, 1900, informe del Director de la Casa de Moneda, 'The gold-standard law', p. 345; texto literal de la sección 1",
1913-02,20.6718,"precio oficial fijado por ley, no precio de mercado","Gold Standard Act, ley del 14 de marzo de 1900, sección 1 (dólar de 25,8 granos de oro de 9/10 de fino)",1900-03-14,sí,dato,no,"Annual Report of the Secretary of the Treasury, 1900, informe del Director de la Casa de Moneda, 'The gold-standard law', p. 345; texto literal de la sección 1",
1913-03,20.6718,"precio oficial fijado por ley, no precio de mercado","Gold Standard Act, ley del 14 de marzo de 1900, sección 1 (dólar de 25,8 granos de oro de 9/10 de fino)",1900-03-14,sí,dato,no,"Annual Report of the Secretary of the Treasury, 1900, informe del Director de la Casa de Moneda, 'The gold-standard law', p. 345; texto literal de la sección 1",
1913-04,20.6718,"precio oficial fijado por ley, no precio de mercado","Gold Standard Act, ley del 14 de marzo de 1900, sección 1 (dólar de 25,8 granos de oro de 9/10 de fino)",1900-03-14,sí,dato,no,"Annual Report of the Secretary of the Treasury, 1900, informe del Director de la Casa de Moneda, 'The gold-standard law', p. 345; texto literal de la sección 1",
1913-05,20.6718,"precio oficial fijado por ley, no precio de mercado","Gold Standard Act, ley del 14 de marzo de 1900, sección 1 (dólar de 25,8 granos de oro de 9/10 de fino)",1900-03-14,sí,dato,no,"Annual Report of the Secretary of the Treasury, 1900, informe del Director de la Casa de Moneda, 'The gold-standard law', p. 345; texto literal de la sección 1",
1913-06,20.6718,"precio oficial fijado por ley, no precio de mercado","Gold Standard Act, ley del 14 de marzo de 1900, sección 1 (dólar de 25,8 granos de oro de 9/10 de fino)",1900-03-14,sí,dato,no,"Annual Report of the Secretary of the Treasury, 1900, informe del Director de la Casa de Moneda, 'The gold-standard law', p. 345; texto literal de la sección 1",
1913-07,20.6718,"precio oficial fijado por ley, no precio de mercado","Gold Standard Act, ley del 14 de marzo de 1900, sección 1 (dólar de 25,8 granos de oro de 9/10 de fino)",1900-03-14,sí,dato,no,"Annual Report of the Secretary of the Treasury, 1900, informe del Director de la Casa de Moneda, 'The gold-standard law', p. 345; texto literal de la sección 1",
1913-08,20.6718,"precio oficial fijado por ley, no precio de mercado","Gold Standard Act, ley del 14 de marzo de 1900, sección 1 (dólar de 25,8 granos de oro de 9/10 de fino)",1900-03-14,sí,dato,no,"Annual Report of the Secretary of the Treasury, 1900, informe del Director de la Casa de Moneda, 'The gold-standard law', p. 345; texto literal de la sección 1",
1913-09,20.6718,"precio oficial fijado por ley, no precio de mercado","Gold Standard Act, ley del 14 de marzo de 1900, sección 1 (dólar de 25,8 granos de oro de 9/10 de fino)",1900-03-14,sí,dato,no,"Annual Report of the Secretary of the Treasury, 1900, informe del Director de la Casa de Moneda, 'The gold-standard law', p. 345; texto literal de la sección 1",
1913-10,20.6718,"precio oficial fijado por ley, no precio de mercado","Gold Standard Act, ley del 14 de marzo de 1900, sección 1 (dólar de 25,8 granos de oro de 9/10 de fino)",1900-03-14,sí,dato,no,"Annual Report of the Secretary of the Treasury, 1900, informe del Director de la Casa de Moneda, 'The gold-standard law', p. 345; texto literal de la sección 1",
1913-11,20.6718,"precio oficial fijado por ley, no precio de mercado","Gold Standard Act, ley del 14 de marzo de 1900, sección 1 (dólar de 25,8 granos de oro de 9/10 de fino)",1900-03-14,sí,dato,no,"Annual Report of the Secretary of the Treasury, 1900, informe del Director de la Casa de Moneda, 'The gold-standard law', p. 345; texto literal de la sección 1",
1913-12,20.6718,"precio oficial fijado por ley, no precio de mercado","Gold Standard Act, ley del 14 de marzo de 1900, sección 1 (dólar de 25,8 granos de oro de 9/10 de fino)",1900-03-14,sí,dato,no,"Annual Report of the Secretary of the Treasury, 1900, informe del Director de la Casa de Moneda, 'The gold-standard law', p. 345; texto literal de la sección 1",
1914-01,20.6718,"precio oficial fijado por ley, no precio de mercado","Gold Standard Act, ley del 14 de marzo de 1900, sección 1 (dólar de 25,8 granos de oro de 9/10 de fino)",1900-03-14,sí,dato,no,"Annual Report of the Secretary of the Treasury, 1900, informe del Director de la Casa de Moneda, 'The gold-standard law', p. 345; texto literal de la sección 1",
1914-02,20.6718,"precio oficial fijado por ley, no precio de mercado","Gold Standard Act, ley del 14 de marzo de 1900, sección 1 (dólar de 25,8 granos de oro de 9/10 de fino)",1900-03-14,sí,dato,no,"Annual Report of the Secretary of the Treasury, 1900, informe del Director de la Casa de Moneda, 'The gold-standard law', p. 345; texto literal de la sección 1",
1914-03,20.6718,"precio oficial fijado por ley, no precio de mercado","Gold Standard Act, ley del 14 de marzo de 1900, sección 1 (dólar de 25,8 granos de oro de 9/10 de fino)",1900-03-14,sí,dato,no,"Annual Report of the Secretary of the Treasury, 1900, informe del Director de la Casa de Moneda, 'The gold-standard law', p. 345; texto literal de la sección 1",
1914-04,20.6718,"precio oficial fijado por ley, no precio de mercado","Gold Standard Act, ley del 14 de marzo de 1900, sección 1 (dólar de 25,8 granos de oro de 9/10 de fino)",1900-03-14,sí,dato,no,"Annual Report of the Secretary of the Treasury, 1900, informe del Director de la Casa de Moneda, 'The gold-standard law', p. 345; texto literal de la sección 1",
1914-05,20.6718,"precio oficial fijado por ley, no precio de mercado","Gold Standard Act, ley del 14 de marzo de 1900, sección 1 (dólar de 25,8 granos de oro de 9/10 de fino)",1900-03-14,sí,dato,no,"Annual Report of the Secretary of the Treasury, 1900, informe del Director de la Casa de Moneda, 'The gold-standard law', p. 345; texto literal de la sección 1",
1914-06,20.6718,"precio oficial fijado por ley, no precio de mercado","Gold Standard Act, ley del 14 de marzo de 1900, sección 1 (dólar de 25,8 granos de oro de 9/10 de fino)",1900-03-14,sí,dato,no,"Annual Report of the Secretary of the Treasury, 1900, informe del Director de la Casa de Moneda, 'The gold-standard law', p. 345; texto literal de la sección 1",
1914-07,20.6718,"precio oficial fijado por ley, no precio de mercado","Gold Standard Act, ley del 14 de marzo de 1900, sección 1 (dólar de 25,8 granos de oro de 9/10 de fino)",1900-03-14,sí,dato,no,"Annual Report of the Secretary of the Treasury, 1900, informe del Director de la Casa de Moneda, 'The gold-standard law', p. 345; texto literal de la sección 1",
1914-08,20.6718,"precio oficial fijado por ley, no precio de mercado","Gold Standard Act, ley del 14 de marzo de 1900, sección 1 (dólar de 25,8 granos de oro de 9/10 de fino)",1900-03-14,sí,dato,no,"Annual Report of the Secretary of the Treasury, 1900, informe del Director de la Casa de Moneda, 'The gold-standard law', p. 345; texto literal de la sección 1",
1914-09,20.6718,"precio oficial fijado por ley, no precio de mercado","Gold Standard Act, ley del 14 de marzo de 1900, sección 1 (dólar de 25,8 granos de oro de 9/10 de fino)",1900-03-14,sí,dato,no,"Annual Report of the Secretary of the Treasury, 1900, informe del Director de la Casa de Moneda, 'The gold-standard law', p. 345; texto literal de la sección 1",
1914-10,20.6718,"precio oficial fijado por ley, no precio de mercado","Gold Standard Act, ley del 14 de marzo de 1900, sección 1 (dólar de 25,8 granos de oro de 9/10 de fino)",1900-03-14,sí,dato,no,"Annual Report of the Secretary of the Treasury, 1900, informe del Director de la Casa de Moneda, 'The gold-standard law', p. 345; texto literal de la sección 1",
1914-11,20.6718,"precio oficial fijado por ley, no precio de mercado","Gold Standard Act, ley del 14 de marzo de 1900, sección 1 (dólar de 25,8 granos de oro de 9/10 de fino)",1900-03-14,sí,dato,no,"Annual Report of the Secretary of the Treasury, 1900, informe del Director de la Casa de Moneda, 'The gold-standard law', p. 345; texto literal de la sección 1",
1914-12,20.6718,"precio oficial fijado por ley, no precio de mercado","Gold Standard Act, ley del 14 de marzo de 1900, sección 1 (dólar de 25,8 granos de oro de 9/10 de fino)",1900-03-14,sí,dato,no,"Annual Report of the Secretary of the Treasury, 1900, informe del Director de la Casa de Moneda, 'The gold-standard law', p. 345; texto literal de la sección 1",
1915-01,20.6718,"precio oficial fijado por ley, no precio de mercado","Gold Standard Act, ley del 14 de marzo de 1900, sección 1 (dólar de 25,8 granos de oro de 9/10 de fino)",1900-03-14,sí,dato,no,"Annual Report of the Secretary of the Treasury, 1900, informe del Director de la Casa de Moneda, 'The gold-standard law', p. 345; texto literal de la sección 1",
1915-02,20.6718,"precio oficial fijado por ley, no precio de mercado","Gold Standard Act, ley del 14 de marzo de 1900, sección 1 (dólar de 25,8 granos de oro de 9/10 de fino)",1900-03-14,sí,dato,no,"Annual Report of the Secretary of the Treasury, 1900, informe del Director de la Casa de Moneda, 'The gold-standard law', p. 345; texto literal de la sección 1",
1915-03,20.6718,"precio oficial fijado por ley, no precio de mercado","Gold Standard Act, ley del 14 de marzo de 1900, sección 1 (dólar de 25,8 granos de oro de 9/10 de fino)",1900-03-14,sí,dato,no,"Annual Report of the Secretary of the Treasury, 1900, informe del Director de la Casa de Moneda, 'The gold-standard law', p. 345; texto literal de la sección 1",
1915-04,20.6718,"precio oficial fijado por ley, no precio de mercado","Gold Standard Act, ley del 14 de marzo de 1900, sección 1 (dólar de 25,8 granos de oro de 9/10 de fino)",1900-03-14,sí,dato,no,"Annual Report of the Secretary of the Treasury, 1900, informe del Director de la Casa de Moneda, 'The gold-standard law', p. 345; texto literal de la sección 1",
1915-05,20.6718,"precio oficial fijado por ley, no precio de mercado","Gold Standard Act, ley del 14 de marzo de 1900, sección 1 (dólar de 25,8 granos de oro de 9/10 de fino)",1900-03-14,sí,dato,no,"Annual Report of the Secretary of the Treasury, 1900, informe del Director de la Casa de Moneda, 'The gold-standard law', p. 345; texto literal de la sección 1",
1915-06,20.6718,"precio oficial fijado por ley, no precio de mercado","Gold Standard Act, ley del 14 de marzo de 1900, sección 1 (dólar de 25,8 granos de oro de 9/10 de fino)",1900-03-14,sí,dato,no,"Annual Report of the Secretary of the Treasury, 1900, informe del Director de la Casa de Moneda, 'The gold-standard law', p. 345; texto literal de la sección 1",
1915-07,20.6718,"precio oficial fijado por ley, no precio de mercado","Gold Standard Act, ley del 14 de marzo de 1900, sección 1 (dólar de 25,8 granos de oro de 9/10 de fino)",1900-03-14,sí,dato,no,"Annual Report of the Secretary of the Treasury, 1900, informe del Director de la Casa de Moneda, 'The gold-standard law', p. 345; texto literal de la sección 1",
1915-08,20.6718,"precio oficial fijado por ley, no precio de mercado","Gold Standard Act, ley del 14 de marzo de 1900, sección 1 (dólar de 25,8 granos de oro de 9/10 de fino)",1900-03-14,sí,dato,no,"Annual Report of the Secretary of the Treasury, 1900, informe del Director de la Casa de Moneda, 'The gold-standard law', p. 345; texto literal de la sección 1",
1915-09,20.6718,"precio oficial fijado por ley, no precio de mercado","Gold Standard Act, ley del 14 de marzo de 1900, sección 1 (dólar de 25,8 granos de oro de 9/10 de fino)",1900-03-14,sí,dato,no,"Annual Report of the Secretary of the Treasury, 1900, informe del Director de la Casa de Moneda, 'The gold-standard law', p. 345; texto literal de la sección 1",
1915-10,20.6718,"precio oficial fijado por ley, no precio de mercado","Gold Standard Act, ley del 14 de marzo de 1900, sección 1 (dólar de 25,8 granos de oro de 9/10 de fino)",1900-03-14,sí,dato,no,"Annual Report of the Secretary of the Treasury, 1900, informe del Director de la Casa de Moneda, 'The gold-standard law', p. 345; texto literal de la sección 1",
1915-11,20.6718,"precio oficial fijado por ley, no precio de mercado","Gold Standard Act, ley del 14 de marzo de 1900, sección 1 (dólar de 25,8 granos de oro de 9/10 de fino)",1900-03-14,sí,dato,no,"Annual Report of the Secretary of the Treasury, 1900, informe del Director de la Casa de Moneda, 'The gold-standard law', p. 345; texto literal de la sección 1",
1915-12,20.6718,"precio oficial fijado por ley, no precio de mercado","Gold Standard Act, ley del 14 de marzo de 1900, sección 1 (dólar de 25,8 granos de oro de 9/10 de fino)",1900-03-14,sí,dato,no,"Annual Report of the Secretary of the Treasury, 1900, informe del Director de la Casa de Moneda, 'The gold-standard law', p. 345; texto literal de la sección 1",
1916-01,20.6718,"precio oficial fijado por ley, no precio de mercado","Gold Standard Act, ley del 14 de marzo de 1900, sección 1 (dólar de 25,8 granos de oro de 9/10 de fino)",1900-03-14,sí,dato,no,"Annual Report of the Secretary of the Treasury, 1900, informe del Director de la Casa de Moneda, 'The gold-standard law', p. 345; texto literal de la sección 1",
1916-02,20.6718,"precio oficial fijado por ley, no precio de mercado","Gold Standard Act, ley del 14 de marzo de 1900, sección 1 (dólar de 25,8 granos de oro de 9/10 de fino)",1900-03-14,sí,dato,no,"Annual Report of the Secretary of the Treasury, 1900, informe del Director de la Casa de Moneda, 'The gold-standard law', p. 345; texto literal de la sección 1",
1916-03,20.6718,"precio oficial fijado por ley, no precio de mercado","Gold Standard Act, ley del 14 de marzo de 1900, sección 1 (dólar de 25,8 granos de oro de 9/10 de fino)",1900-03-14,sí,dato,no,"Annual Report of the Secretary of the Treasury, 1900, informe del Director de la Casa de Moneda, 'The gold-standard law', p. 345; texto literal de la sección 1",
1916-04,20.6718,"precio oficial fijado por ley, no precio de mercado","Gold Standard Act, ley del 14 de marzo de 1900, sección 1 (dólar de 25,8 granos de oro de 9/10 de fino)",1900-03-14,sí,dato,no,"Annual Report of the Secretary of the Treasury, 1900, informe del Director de la Casa de Moneda, 'The gold-standard law', p. 345; texto literal de la sección 1",
1916-05,20.6718,"precio oficial fijado por ley, no precio de mercado","Gold Standard Act, ley del 14 de marzo de 1900, sección 1 (dólar de 25,8 granos de oro de 9/10 de fino)",1900-03-14,sí,dato,no,"Annual Report of the Secretary of the Treasury, 1900, informe del Director de la Casa de Moneda, 'The gold-standard law', p. 345; texto literal de la sección 1",
1916-06,20.6718,"precio oficial fijado por ley, no precio de mercado","Gold Standard Act, ley del 14 de marzo de 1900, sección 1 (dólar de 25,8 granos de oro de 9/10 de fino)",1900-03-14,sí,dato,no,"Annual Report of the Secretary of the Treasury, 1900, informe del Director de la Casa de Moneda, 'The gold-standard law', p. 345; texto literal de la sección 1",
1916-07,20.6718,"precio oficial fijado por ley, no precio de mercado","Gold Standard Act, ley del 14 de marzo de 1900, sección 1 (dólar de 25,8 granos de oro de 9/10 de fino)",1900-03-14,sí,dato,no,"Annual Report of the Secretary of the Treasury, 1900, informe del Director de la Casa de Moneda, 'The gold-standard law', p. 345; texto literal de la sección 1",
1916-08,20.6718,"precio oficial fijado por ley, no precio de mercado","Gold Standard Act, ley del 14 de marzo de 1900, sección 1 (dólar de 25,8 granos de oro de 9/10 de fino)",1900-03-14,sí,dato,no,"Annual Report of the Secretary of the Treasury, 1900, informe del Director de la Casa de Moneda, 'The gold-standard law', p. 345; texto literal de la sección 1",
1916-09,20.6718,"precio oficial fijado por ley, no precio de mercado","Gold Standard Act, ley del 14 de marzo de 1900, sección 1 (dólar de 25,8 granos de oro de 9/10 de fino)",1900-03-14,sí,dato,no,"Annual Report of the Secretary of the Treasury, 1900, informe del Director de la Casa de Moneda, 'The gold-standard law', p. 345; texto literal de la sección 1",
1916-10,20.6718,"precio oficial fijado por ley, no precio de mercado","Gold Standard Act, ley del 14 de marzo de 1900, sección 1 (dólar de 25,8 granos de oro de 9/10 de fino)",1900-03-14,sí,dato,no,"Annual Report of the Secretary of the Treasury, 1900, informe del Director de la Casa de Moneda, 'The gold-standard law', p. 345; texto literal de la sección 1",
1916-11,20.6718,"precio oficial fijado por ley, no precio de mercado","Gold Standard Act, ley del 14 de marzo de 1900, sección 1 (dólar de 25,8 granos de oro de 9/10 de fino)",1900-03-14,sí,dato,no,"Annual Report of the Secretary of the Treasury, 1900, informe del Director de la Casa de Moneda, 'The gold-standard law', p. 345; texto literal de la sección 1",
1916-12,20.6718,"precio oficial fijado por ley, no precio de mercado","Gold Standard Act, ley del 14 de marzo de 1900, sección 1 (dólar de 25,8 granos de oro de 9/10 de fino)",1900-03-14,sí,dato,no,"Annual Report of the Secretary of the Treasury, 1900, informe del Director de la Casa de Moneda, 'The gold-standard law', p. 345; texto literal de la sección 1",
1917-01,20.6718,"precio oficial fijado por ley, no precio de mercado","Gold Standard Act, ley del 14 de marzo de 1900, sección 1 (dólar de 25,8 granos de oro de 9/10 de fino)",1900-03-14,sí,dato,no,"Annual Report of the Secretary of the Treasury, 1900, informe del Director de la Casa de Moneda, 'The gold-standard law', p. 345; texto literal de la sección 1",
1917-02,20.6718,"precio oficial fijado por ley, no precio de mercado","Gold Standard Act, ley del 14 de marzo de 1900, sección 1 (dólar de 25,8 granos de oro de 9/10 de fino)",1900-03-14,sí,dato,no,"Annual Report of the Secretary of the Treasury, 1900, informe del Director de la Casa de Moneda, 'The gold-standard law', p. 345; texto literal de la sección 1",
1917-03,20.6718,"precio oficial fijado por ley, no precio de mercado","Gold Standard Act, ley del 14 de marzo de 1900, sección 1 (dólar de 25,8 granos de oro de 9/10 de fino)",1900-03-14,sí,dato,no,"Annual Report of the Secretary of the Treasury, 1900, informe del Director de la Casa de Moneda, 'The gold-standard law', p. 345; texto literal de la sección 1",
1917-04,20.6718,"precio oficial fijado por ley, no precio de mercado","Gold Standard Act, ley del 14 de marzo de 1900, sección 1 (dólar de 25,8 granos de oro de 9/10 de fino)",1900-03-14,sí,dato,no,"Annual Report of the Secretary of the Treasury, 1900, informe del Director de la Casa de Moneda, 'The gold-standard law', p. 345; texto literal de la sección 1",
1917-05,20.6718,"precio oficial fijado por ley, no precio de mercado","Gold Standard Act, ley del 14 de marzo de 1900, sección 1 (dólar de 25,8 granos de oro de 9/10 de fino)",1900-03-14,sí,dato,no,"Annual Report of the Secretary of the Treasury, 1900, informe del Director de la Casa de Moneda, 'The gold-standard law', p. 345; texto literal de la sección 1",
1917-06,20.6718,"precio oficial fijado por ley, no precio de mercado","Gold Standard Act, ley del 14 de marzo de 1900, sección 1 (dólar de 25,8 granos de oro de 9/10 de fino)",1900-03-14,sí,dato,no,"Annual Report of the Secretary of the Treasury, 1900, informe del Director de la Casa de Moneda, 'The gold-standard law', p. 345; texto literal de la sección 1",
1917-07,20.6718,"precio oficial fijado por ley, no precio de mercado","Gold Standard Act, ley del 14 de marzo de 1900, sección 1 (dólar de 25,8 granos de oro de 9/10 de fino)",1900-03-14,sí,dato,no,"Annual Report of the Secretary of the Treasury, 1900, informe del Director de la Casa de Moneda, 'The gold-standard law', p. 345; texto literal de la sección 1",
1917-08,20.6718,"precio oficial fijado por ley, no precio de mercado","Gold Standard Act, ley del 14 de marzo de 1900, sección 1 (dólar de 25,8 granos de oro de 9/10 de fino)",1900-03-14,sí,dato,no,"Annual Report of the Secretary of the Treasury, 1900, informe del Director de la Casa de Moneda, 'The gold-standard law', p. 345; texto literal de la sección 1",
1917-09,20.6718,"precio oficial fijado por ley, no precio de mercado","Gold Standard Act, ley del 14 de marzo de 1900, sección 1 (dólar de 25,8 granos de oro de 9/10 de fino)",1900-03-14,sí,dato,no,"Annual Report of the Secretary of the Treasury, 1900, informe del Director de la Casa de Moneda, 'The gold-standard law', p. 345; texto literal de la sección 1",
1917-10,20.6718,"precio oficial fijado por ley, no precio de mercado","Gold Standard Act, ley del 14 de marzo de 1900, sección 1 (dólar de 25,8 granos de oro de 9/10 de fino)",1900-03-14,sí,dato,no,"Annual Report of the Secretary of the Treasury, 1900, informe del Director de la Casa de Moneda, 'The gold-standard law', p. 345; texto literal de la sección 1",
1917-11,20.6718,"precio oficial fijado por ley, no precio de mercado","Gold Standard Act, ley del 14 de marzo de 1900, sección 1 (dólar de 25,8 granos de oro de 9/10 de fino)",1900-03-14,sí,dato,no,"Annual Report of the Secretary of the Treasury, 1900, informe del Director de la Casa de Moneda, 'The gold-standard law', p. 345; texto literal de la sección 1",
1917-12,20.6718,"precio oficial fijado por ley, no precio de mercado","Gold Standard Act, ley del 14 de marzo de 1900, sección 1 (dólar de 25,8 granos de oro de 9/10 de fino)",1900-03-14,sí,dato,no,"Annual Report of the Secretary of the Treasury, 1900, informe del Director de la Casa de Moneda, 'The gold-standard law', p. 345; texto literal de la sección 1",
1918-01,20.6718,"precio oficial fijado por ley, no precio de mercado","Gold Standard Act, ley del 14 de marzo de 1900, sección 1 (dólar de 25,8 granos de oro de 9/10 de fino)",1900-03-14,sí,dato,no,"Annual Report of the Secretary of the Treasury, 1900, informe del Director de la Casa de Moneda, 'The gold-standard law', p. 345; texto literal de la sección 1",
1918-02,20.6718,"precio oficial fijado por ley, no precio de mercado","Gold Standard Act, ley del 14 de marzo de 1900, sección 1 (dólar de 25,8 granos de oro de 9/10 de fino)",1900-03-14,sí,dato,no,"Annual Report of the Secretary of the Treasury, 1900, informe del Director de la Casa de Moneda, 'The gold-standard law', p. 345; texto literal de la sección 1",
1918-03,20.6718,"precio oficial fijado por ley, no precio de mercado","Gold Standard Act, ley del 14 de marzo de 1900, sección 1 (dólar de 25,8 granos de oro de 9/10 de fino)",1900-03-14,sí,dato,no,"Annual Report of the Secretary of the Treasury, 1900, informe del Director de la Casa de Moneda, 'The gold-standard law', p. 345; texto literal de la sección 1",
1918-04,20.6718,"precio oficial fijado por ley, no precio de mercado","Gold Standard Act, ley del 14 de marzo de 1900, sección 1 (dólar de 25,8 granos de oro de 9/10 de fino)",1900-03-14,sí,dato,no,"Annual Report of the Secretary of the Treasury, 1900, informe del Director de la Casa de Moneda, 'The gold-standard law', p. 345; texto literal de la sección 1",
1918-05,20.6718,"precio oficial fijado por ley, no precio de mercado","Gold Standard Act, ley del 14 de marzo de 1900, sección 1 (dólar de 25,8 granos de oro de 9/10 de fino)",1900-03-14,sí,dato,no,"Annual Report of the Secretary of the Treasury, 1900, informe del Director de la Casa de Moneda, 'The gold-standard law', p. 345; texto literal de la sección 1",
1918-06,20.6718,"precio oficial fijado por ley, no precio de mercado","Gold Standard Act, ley del 14 de marzo de 1900, sección 1 (dólar de 25,8 granos de oro de 9/10 de fino)",1900-03-14,sí,dato,no,"Annual Report of the Secretary of the Treasury, 1900, informe del Director de la Casa de Moneda, 'The gold-standard law', p. 345; texto literal de la sección 1",
1918-07,20.6718,"precio oficial fijado por ley, no precio de mercado","Gold Standard Act, ley del 14 de marzo de 1900, sección 1 (dólar de 25,8 granos de oro de 9/10 de fino)",1900-03-14,sí,dato,no,"Annual Report of the Secretary of the Treasury, 1900, informe del Director de la Casa de Moneda, 'The gold-standard law', p. 345; texto literal de la sección 1",
1918-08,20.6718,"precio oficial fijado por ley, no precio de mercado","Gold Standard Act, ley del 14 de marzo de 1900, sección 1 (dólar de 25,8 granos de oro de 9/10 de fino)",1900-03-14,sí,dato,no,"Annual Report of the Secretary of the Treasury, 1900, informe del Director de la Casa de Moneda, 'The gold-standard law', p. 345; texto literal de la sección 1",
1918-09,20.6718,"precio oficial fijado por ley, no precio de mercado","Gold Standard Act, ley del 14 de marzo de 1900, sección 1 (dólar de 25,8 granos de oro de 9/10 de fino)",1900-03-14,sí,dato,no,"Annual Report of the Secretary of the Treasury, 1900, informe del Director de la Casa de Moneda, 'The gold-standard law', p. 345; texto literal de la sección 1",
1918-10,20.6718,"precio oficial fijado por ley, no precio de mercado","Gold Standard Act, ley del 14 de marzo de 1900, sección 1 (dólar de 25,8 granos de oro de 9/10 de fino)",1900-03-14,sí,dato,no,"Annual Report of the Secretary of the Treasury, 1900, informe del Director de la Casa de Moneda, 'The gold-standard law', p. 345; texto literal de la sección 1",
1918-11,20.6718,"precio oficial fijado por ley, no precio de mercado","Gold Standard Act, ley del 14 de marzo de 1900, sección 1 (dólar de 25,8 granos de oro de 9/10 de fino)",1900-03-14,sí,dato,no,"Annual Report of the Secretary of the Treasury, 1900, informe del Director de la Casa de Moneda, 'The gold-standard law', p. 345; texto literal de la sección 1",
1918-12,20.6718,"precio oficial fijado por ley, no precio de mercado","Gold Standard Act, ley del 14 de marzo de 1900, sección 1 (dólar de 25,8 granos de oro de 9/10 de fino)",1900-03-14,sí,dato,no,"Annual Report of the Secretary of the Treasury, 1900, informe del Director de la Casa de Moneda, 'The gold-standard law', p. 345; texto literal de la sección 1",
1919-01,20.6718,"precio oficial fijado por ley, no precio de mercado","Gold Standard Act, ley del 14 de marzo de 1900, sección 1 (dólar de 25,8 granos de oro de 9/10 de fino)",1900-03-14,sí,dato,no,"Annual Report of the Secretary of the Treasury, 1900, informe del Director de la Casa de Moneda, 'The gold-standard law', p. 345; texto literal de la sección 1",
1919-02,20.6718,"precio oficial fijado por ley, no precio de mercado","Gold Standard Act, ley del 14 de marzo de 1900, sección 1 (dólar de 25,8 granos de oro de 9/10 de fino)",1900-03-14,sí,dato,no,"Annual Report of the Secretary of the Treasury, 1900, informe del Director de la Casa de Moneda, 'The gold-standard law', p. 345; texto literal de la sección 1",
1919-03,20.6718,"precio oficial fijado por ley, no precio de mercado","Gold Standard Act, ley del 14 de marzo de 1900, sección 1 (dólar de 25,8 granos de oro de 9/10 de fino)",1900-03-14,sí,dato,no,"Annual Report of the Secretary of the Treasury, 1900, informe del Director de la Casa de Moneda, 'The gold-standard law', p. 345; texto literal de la sección 1",
1919-04,20.6718,"precio oficial fijado por ley, no precio de mercado","Gold Standard Act, ley del 14 de marzo de 1900, sección 1 (dólar de 25,8 granos de oro de 9/10 de fino)",1900-03-14,sí,dato,no,"Annual Report of the Secretary of the Treasury, 1900, informe del Director de la Casa de Moneda, 'The gold-standard law', p. 345; texto literal de la sección 1",
1919-05,20.6718,"precio oficial fijado por ley, no precio de mercado","Gold Standard Act, ley del 14 de marzo de 1900, sección 1 (dólar de 25,8 granos de oro de 9/10 de fino)",1900-03-14,sí,dato,no,"Annual Report of the Secretary of the Treasury, 1900, informe del Director de la Casa de Moneda, 'The gold-standard law', p. 345; texto literal de la sección 1",
1919-06,20.6718,"precio oficial fijado por ley, no precio de mercado","Gold Standard Act, ley del 14 de marzo de 1900, sección 1 (dólar de 25,8 granos de oro de 9/10 de fino)",1900-03-14,sí,dato,no,"Annual Report of the Secretary of the Treasury, 1900, informe del Director de la Casa de Moneda, 'The gold-standard law', p. 345; texto literal de la sección 1",
1919-07,20.6718,"precio oficial fijado por ley, no precio de mercado","Gold Standard Act, ley del 14 de marzo de 1900, sección 1 (dólar de 25,8 granos de oro de 9/10 de fino)",1900-03-14,sí,dato,no,"Annual Report of the Secretary of the Treasury, 1900, informe del Director de la Casa de Moneda, 'The gold-standard law', p. 345; texto literal de la sección 1",
1919-08,20.6718,"precio oficial fijado por ley, no precio de mercado","Gold Standard Act, ley del 14 de marzo de 1900, sección 1 (dólar de 25,8 granos de oro de 9/10 de fino)",1900-03-14,sí,dato,no,"Annual Report of the Secretary of the Treasury, 1900, informe del Director de la Casa de Moneda, 'The gold-standard law', p. 345; texto literal de la sección 1",
1919-09,20.6718,"precio oficial fijado por ley, no precio de mercado","Gold Standard Act, ley del 14 de marzo de 1900, sección 1 (dólar de 25,8 granos de oro de 9/10 de fino)",1900-03-14,sí,dato,no,"Annual Report of the Secretary of the Treasury, 1900, informe del Director de la Casa de Moneda, 'The gold-standard law', p. 345; texto literal de la sección 1",
1919-10,20.6718,"precio oficial fijado por ley, no precio de mercado","Gold Standard Act, ley del 14 de marzo de 1900, sección 1 (dólar de 25,8 granos de oro de 9/10 de fino)",1900-03-14,sí,dato,no,"Annual Report of the Secretary of the Treasury, 1900, informe del Director de la Casa de Moneda, 'The gold-standard law', p. 345; texto literal de la sección 1",
1919-11,20.6718,"precio oficial fijado por ley, no precio de mercado","Gold Standard Act, ley del 14 de marzo de 1900, sección 1 (dólar de 25,8 granos de oro de 9/10 de fino)",1900-03-14,sí,dato,no,"Annual Report of the Secretary of the Treasury, 1900, informe del Director de la Casa de Moneda, 'The gold-standard law', p. 345; texto literal de la sección 1",
1919-12,20.6718,"precio oficial fijado por ley, no precio de mercado","Gold Standard Act, ley del 14 de marzo de 1900, sección 1 (dólar de 25,8 granos de oro de 9/10 de fino)",1900-03-14,sí,dato,no,"Annual Report of the Secretary of the Treasury, 1900, informe del Director de la Casa de Moneda, 'The gold-standard law', p. 345; texto literal de la sección 1",
1920-01,20.6718,"precio oficial fijado por ley, no precio de mercado","Gold Standard Act, ley del 14 de marzo de 1900, sección 1 (dólar de 25,8 granos de oro de 9/10 de fino)",1900-03-14,sí,dato,no,"Annual Report of the Secretary of the Treasury, 1900, informe del Director de la Casa de Moneda, 'The gold-standard law', p. 345; texto literal de la sección 1",
1920-02,20.6718,"precio oficial fijado por ley, no precio de mercado","Gold Standard Act, ley del 14 de marzo de 1900, sección 1 (dólar de 25,8 granos de oro de 9/10 de fino)",1900-03-14,sí,dato,no,"Annual Report of the Secretary of the Treasury, 1900, informe del Director de la Casa de Moneda, 'The gold-standard law', p. 345; texto literal de la sección 1",
1920-03,20.6718,"precio oficial fijado por ley, no precio de mercado","Gold Standard Act, ley del 14 de marzo de 1900, sección 1 (dólar de 25,8 granos de oro de 9/10 de fino)",1900-03-14,sí,dato,no,"Annual Report of the Secretary of the Treasury, 1900, informe del Director de la Casa de Moneda, 'The gold-standard law', p. 345; texto literal de la sección 1",
1920-04,20.6718,"precio oficial fijado por ley, no precio de mercado","Gold Standard Act, ley del 14 de marzo de 1900, sección 1 (dólar de 25,8 granos de oro de 9/10 de fino)",1900-03-14,sí,dato,no,"Annual Report of the Secretary of the Treasury, 1900, informe del Director de la Casa de Moneda, 'The gold-standard law', p. 345; texto literal de la sección 1",
1920-05,20.6718,"precio oficial fijado por ley, no precio de mercado","Gold Standard Act, ley del 14 de marzo de 1900, sección 1 (dólar de 25,8 granos de oro de 9/10 de fino)",1900-03-14,sí,dato,no,"Annual Report of the Secretary of the Treasury, 1900, informe del Director de la Casa de Moneda, 'The gold-standard law', p. 345; texto literal de la sección 1",
1920-06,20.6718,"precio oficial fijado por ley, no precio de mercado","Gold Standard Act, ley del 14 de marzo de 1900, sección 1 (dólar de 25,8 granos de oro de 9/10 de fino)",1900-03-14,sí,dato,no,"Annual Report of the Secretary of the Treasury, 1900, informe del Director de la Casa de Moneda, 'The gold-standard law', p. 345; texto literal de la sección 1",
1920-07,20.6718,"precio oficial fijado por ley, no precio de mercado","Gold Standard Act, ley del 14 de marzo de 1900, sección 1 (dólar de 25,8 granos de oro de 9/10 de fino)",1900-03-14,sí,dato,no,"Annual Report of the Secretary of the Treasury, 1900, informe del Director de la Casa de Moneda, 'The gold-standard law', p. 345; texto literal de la sección 1",
1920-08,20.6718,"precio oficial fijado por ley, no precio de mercado","Gold Standard Act, ley del 14 de marzo de 1900, sección 1 (dólar de 25,8 granos de oro de 9/10 de fino)",1900-03-14,sí,dato,no,"Annual Report of the Secretary of the Treasury, 1900, informe del Director de la Casa de Moneda, 'The gold-standard law', p. 345; texto literal de la sección 1",
1920-09,20.6718,"precio oficial fijado por ley, no precio de mercado","Gold Standard Act, ley del 14 de marzo de 1900, sección 1 (dólar de 25,8 granos de oro de 9/10 de fino)",1900-03-14,sí,dato,no,"Annual Report of the Secretary of the Treasury, 1900, informe del Director de la Casa de Moneda, 'The gold-standard law', p. 345; texto literal de la sección 1",
1920-10,20.6718,"precio oficial fijado por ley, no precio de mercado","Gold Standard Act, ley del 14 de marzo de 1900, sección 1 (dólar de 25,8 granos de oro de 9/10 de fino)",1900-03-14,sí,dato,no,"Annual Report of the Secretary of the Treasury, 1900, informe del Director de la Casa de Moneda, 'The gold-standard law', p. 345; texto literal de la sección 1",
1920-11,20.6718,"precio oficial fijado por ley, no precio de mercado","Gold Standard Act, ley del 14 de marzo de 1900, sección 1 (dólar de 25,8 granos de oro de 9/10 de fino)",1900-03-14,sí,dato,no,"Annual Report of the Secretary of the Treasury, 1900, informe del Director de la Casa de Moneda, 'The gold-standard law', p. 345; texto literal de la sección 1",
1920-12,20.6718,"precio oficial fijado por ley, no precio de mercado","Gold Standard Act, ley del 14 de marzo de 1900, sección 1 (dólar de 25,8 granos de oro de 9/10 de fino)",1900-03-14,sí,dato,no,"Annual Report of the Secretary of the Treasury, 1900, informe del Director de la Casa de Moneda, 'The gold-standard law', p. 345; texto literal de la sección 1",
1921-01,20.6718,"precio oficial fijado por ley, no precio de mercado","Gold Standard Act, ley del 14 de marzo de 1900, sección 1 (dólar de 25,8 granos de oro de 9/10 de fino)",1900-03-14,sí,dato,no,"Annual Report of the Secretary of the Treasury, 1900, informe del Director de la Casa de Moneda, 'The gold-standard law', p. 345; texto literal de la sección 1",
1921-02,20.6718,"precio oficial fijado por ley, no precio de mercado","Gold Standard Act, ley del 14 de marzo de 1900, sección 1 (dólar de 25,8 granos de oro de 9/10 de fino)",1900-03-14,sí,dato,no,"Annual Report of the Secretary of the Treasury, 1900, informe del Director de la Casa de Moneda, 'The gold-standard law', p. 345; texto literal de la sección 1",
1921-03,20.6718,"precio oficial fijado por ley, no precio de mercado","Gold Standard Act, ley del 14 de marzo de 1900, sección 1 (dólar de 25,8 granos de oro de 9/10 de fino)",1900-03-14,sí,dato,no,"Annual Report of the Secretary of the Treasury, 1900, informe del Director de la Casa de Moneda, 'The gold-standard law', p. 345; texto literal de la sección 1",
1921-04,20.6718,"precio oficial fijado por ley, no precio de mercado","Gold Standard Act, ley del 14 de marzo de 1900, sección 1 (dólar de 25,8 granos de oro de 9/10 de fino)",1900-03-14,sí,dato,no,"Annual Report of the Secretary of the Treasury, 1900, informe del Director de la Casa de Moneda, 'The gold-standard law', p. 345; texto literal de la sección 1",
1921-05,20.6718,"precio oficial fijado por ley, no precio de mercado","Gold Standard Act, ley del 14 de marzo de 1900, sección 1 (dólar de 25,8 granos de oro de 9/10 de fino)",1900-03-14,sí,dato,no,"Annual Report of the Secretary of the Treasury, 1900, informe del Director de la Casa de Moneda, 'The gold-standard law', p. 345; texto literal de la sección 1",
1921-06,20.6718,"precio oficial fijado por ley, no precio de mercado","Gold Standard Act, ley del 14 de marzo de 1900, sección 1 (dólar de 25,8 granos de oro de 9/10 de fino)",1900-03-14,sí,dato,no,"Annual Report of the Secretary of the Treasury, 1900, informe del Director de la Casa de Moneda, 'The gold-standard law', p. 345; texto literal de la sección 1",
1921-07,20.6718,"precio oficial fijado por ley, no precio de mercado","Gold Standard Act, ley del 14 de marzo de 1900, sección 1 (dólar de 25,8 granos de oro de 9/10 de fino)",1900-03-14,sí,dato,no,"Annual Report of the Secretary of the Treasury, 1900, informe del Director de la Casa de Moneda, 'The gold-standard law', p. 345; texto literal de la sección 1",
1921-08,20.6718,"precio oficial fijado por ley, no precio de mercado","Gold Standard Act, ley del 14 de marzo de 1900, sección 1 (dólar de 25,8 granos de oro de 9/10 de fino)",1900-03-14,sí,dato,no,"Annual Report of the Secretary of the Treasury, 1900, informe del Director de la Casa de Moneda, 'The gold-standard law', p. 345; texto literal de la sección 1",
1921-09,20.6718,"precio oficial fijado por ley, no precio de mercado","Gold Standard Act, ley del 14 de marzo de 1900, sección 1 (dólar de 25,8 granos de oro de 9/10 de fino)",1900-03-14,sí,dato,no,"Annual Report of the Secretary of the Treasury, 1900, informe del Director de la Casa de Moneda, 'The gold-standard law', p. 345; texto literal de la sección 1",
1921-10,20.6718,"precio oficial fijado por ley, no precio de mercado","Gold Standard Act, ley del 14 de marzo de 1900, sección 1 (dólar de 25,8 granos de oro de 9/10 de fino)",1900-03-14,sí,dato,no,"Annual Report of the Secretary of the Treasury, 1900, informe del Director de la Casa de Moneda, 'The gold-standard law', p. 345; texto literal de la sección 1",
1921-11,20.6718,"precio oficial fijado por ley, no precio de mercado","Gold Standard Act, ley del 14 de marzo de 1900, sección 1 (dólar de 25,8 granos de oro de 9/10 de fino)",1900-03-14,sí,dato,no,"Annual Report of the Secretary of the Treasury, 1900, informe del Director de la Casa de Moneda, 'The gold-standard law', p. 345; texto literal de la sección 1",
1921-12,20.6718,"precio oficial fijado por ley, no precio de mercado","Gold Standard Act, ley del 14 de marzo de 1900, sección 1 (dólar de 25,8 granos de oro de 9/10 de fino)",1900-03-14,sí,dato,no,"Annual Report of the Secretary of the Treasury, 1900, informe del Director de la Casa de Moneda, 'The gold-standard law', p. 345; texto literal de la sección 1",
1922-01,20.6718,"precio oficial fijado por ley, no precio de mercado","Gold Standard Act, ley del 14 de marzo de 1900, sección 1 (dólar de 25,8 granos de oro de 9/10 de fino)",1900-03-14,sí,dato,no,"Annual Report of the Secretary of the Treasury, 1900, informe del Director de la Casa de Moneda, 'The gold-standard law', p. 345; texto literal de la sección 1",
1922-02,20.6718,"precio oficial fijado por ley, no precio de mercado","Gold Standard Act, ley del 14 de marzo de 1900, sección 1 (dólar de 25,8 granos de oro de 9/10 de fino)",1900-03-14,sí,dato,no,"Annual Report of the Secretary of the Treasury, 1900, informe del Director de la Casa de Moneda, 'The gold-standard law', p. 345; texto literal de la sección 1",
1922-03,20.6718,"precio oficial fijado por ley, no precio de mercado","Gold Standard Act, ley del 14 de marzo de 1900, sección 1 (dólar de 25,8 granos de oro de 9/10 de fino)",1900-03-14,sí,dato,no,"Annual Report of the Secretary of the Treasury, 1900, informe del Director de la Casa de Moneda, 'The gold-standard law', p. 345; texto literal de la sección 1",
1922-04,20.6718,"precio oficial fijado por ley, no precio de mercado","Gold Standard Act, ley del 14 de marzo de 1900, sección 1 (dólar de 25,8 granos de oro de 9/10 de fino)",1900-03-14,sí,dato,no,"Annual Report of the Secretary of the Treasury, 1900, informe del Director de la Casa de Moneda, 'The gold-standard law', p. 345; texto literal de la sección 1",
1922-05,20.6718,"precio oficial fijado por ley, no precio de mercado","Gold Standard Act, ley del 14 de marzo de 1900, sección 1 (dólar de 25,8 granos de oro de 9/10 de fino)",1900-03-14,sí,dato,no,"Annual Report of the Secretary of the Treasury, 1900, informe del Director de la Casa de Moneda, 'The gold-standard law', p. 345; texto literal de la sección 1",
1922-06,20.6718,"precio oficial fijado por ley, no precio de mercado","Gold Standard Act, ley del 14 de marzo de 1900, sección 1 (dólar de 25,8 granos de oro de 9/10 de fino)",1900-03-14,sí,dato,no,"Annual Report of the Secretary of the Treasury, 1900, informe del Director de la Casa de Moneda, 'The gold-standard law', p. 345; texto literal de la sección 1",
1922-07,20.6718,"precio oficial fijado por ley, no precio de mercado","Gold Standard Act, ley del 14 de marzo de 1900, sección 1 (dólar de 25,8 granos de oro de 9/10 de fino)",1900-03-14,sí,dato,no,"Annual Report of the Secretary of the Treasury, 1900, informe del Director de la Casa de Moneda, 'The gold-standard law', p. 345; texto literal de la sección 1",
1922-08,20.6718,"precio oficial fijado por ley, no precio de mercado","Gold Standard Act, ley del 14 de marzo de 1900, sección 1 (dólar de 25,8 granos de oro de 9/10 de fino)",1900-03-14,sí,dato,no,"Annual Report of the Secretary of the Treasury, 1900, informe del Director de la Casa de Moneda, 'The gold-standard law', p. 345; texto literal de la sección 1",
1922-09,20.6718,"precio oficial fijado por ley, no precio de mercado","Gold Standard Act, ley del 14 de marzo de 1900, sección 1 (dólar de 25,8 granos de oro de 9/10 de fino)",1900-03-14,sí,dato,no,"Annual Report of the Secretary of the Treasury, 1900, informe del Director de la Casa de Moneda, 'The gold-standard law', p. 345; texto literal de la sección 1",
1922-10,20.6718,"precio oficial fijado por ley, no precio de mercado","Gold Standard Act, ley del 14 de marzo de 1900, sección 1 (dólar de 25,8 granos de oro de 9/10 de fino)",1900-03-14,sí,dato,no,"Annual Report of the Secretary of the Treasury, 1900, informe del Director de la Casa de Moneda, 'The gold-standard law', p. 345; texto literal de la sección 1",
1922-11,20.6718,"precio oficial fijado por ley, no precio de mercado","Gold Standard Act, ley del 14 de marzo de 1900, sección 1 (dólar de 25,8 granos de oro de 9/10 de fino)",1900-03-14,sí,dato,no,"Annual Report of the Secretary of the Treasury, 1900, informe del Director de la Casa de Moneda, 'The gold-standard law', p. 345; texto literal de la sección 1",
1922-12,20.6718,"precio oficial fijado por ley, no precio de mercado","Gold Standard Act, ley del 14 de marzo de 1900, sección 1 (dólar de 25,8 granos de oro de 9/10 de fino)",1900-03-14,sí,dato,no,"Annual Report of the Secretary of the Treasury, 1900, informe del Director de la Casa de Moneda, 'The gold-standard law', p. 345; texto literal de la sección 1",
1923-01,20.6718,"precio oficial fijado por ley, no precio de mercado","Gold Standard Act, ley del 14 de marzo de 1900, sección 1 (dólar de 25,8 granos de oro de 9/10 de fino)",1900-03-14,sí,dato,no,"Annual Report of the Secretary of the Treasury, 1900, informe del Director de la Casa de Moneda, 'The gold-standard law', p. 345; texto literal de la sección 1",
1923-02,20.6718,"precio oficial fijado por ley, no precio de mercado","Gold Standard Act, ley del 14 de marzo de 1900, sección 1 (dólar de 25,8 granos de oro de 9/10 de fino)",1900-03-14,sí,dato,no,"Annual Report of the Secretary of the Treasury, 1900, informe del Director de la Casa de Moneda, 'The gold-standard law', p. 345; texto literal de la sección 1",
1923-03,20.6718,"precio oficial fijado por ley, no precio de mercado","Gold Standard Act, ley del 14 de marzo de 1900, sección 1 (dólar de 25,8 granos de oro de 9/10 de fino)",1900-03-14,sí,dato,no,"Annual Report of the Secretary of the Treasury, 1900, informe del Director de la Casa de Moneda, 'The gold-standard law', p. 345; texto literal de la sección 1",
1923-04,20.6718,"precio oficial fijado por ley, no precio de mercado","Gold Standard Act, ley del 14 de marzo de 1900, sección 1 (dólar de 25,8 granos de oro de 9/10 de fino)",1900-03-14,sí,dato,no,"Annual Report of the Secretary of the Treasury, 1900, informe del Director de la Casa de Moneda, 'The gold-standard law', p. 345; texto literal de la sección 1",
1923-05,20.6718,"precio oficial fijado por ley, no precio de mercado","Gold Standard Act, ley del 14 de marzo de 1900, sección 1 (dólar de 25,8 granos de oro de 9/10 de fino)",1900-03-14,sí,dato,no,"Annual Report of the Secretary of the Treasury, 1900, informe del Director de la Casa de Moneda, 'The gold-standard law', p. 345; texto literal de la sección 1",
1923-06,20.6718,"precio oficial fijado por ley, no precio de mercado","Gold Standard Act, ley del 14 de marzo de 1900, sección 1 (dólar de 25,8 granos de oro de 9/10 de fino)",1900-03-14,sí,dato,no,"Annual Report of the Secretary of the Treasury, 1900, informe del Director de la Casa de Moneda, 'The gold-standard law', p. 345; texto literal de la sección 1",
1923-07,20.6718,"precio oficial fijado por ley, no precio de mercado","Gold Standard Act, ley del 14 de marzo de 1900, sección 1 (dólar de 25,8 granos de oro de 9/10 de fino)",1900-03-14,sí,dato,no,"Annual Report of the Secretary of the Treasury, 1900, informe del Director de la Casa de Moneda, 'The gold-standard law', p. 345; texto literal de la sección 1",
1923-08,20.6718,"precio oficial fijado por ley, no precio de mercado","Gold Standard Act, ley del 14 de marzo de 1900, sección 1 (dólar de 25,8 granos de oro de 9/10 de fino)",1900-03-14,sí,dato,no,"Annual Report of the Secretary of the Treasury, 1900, informe del Director de la Casa de Moneda, 'The gold-standard law', p. 345; texto literal de la sección 1",
1923-09,20.6718,"precio oficial fijado por ley, no precio de mercado","Gold Standard Act, ley del 14 de marzo de 1900, sección 1 (dólar de 25,8 granos de oro de 9/10 de fino)",1900-03-14,sí,dato,no,"Annual Report of the Secretary of the Treasury, 1900, informe del Director de la Casa de Moneda, 'The gold-standard law', p. 345; texto literal de la sección 1",
1923-10,20.6718,"precio oficial fijado por ley, no precio de mercado","Gold Standard Act, ley del 14 de marzo de 1900, sección 1 (dólar de 25,8 granos de oro de 9/10 de fino)",1900-03-14,sí,dato,no,"Annual Report of the Secretary of the Treasury, 1900, informe del Director de la Casa de Moneda, 'The gold-standard law', p. 345; texto literal de la sección 1",
1923-11,20.6718,"precio oficial fijado por ley, no precio de mercado","Gold Standard Act, ley del 14 de marzo de 1900, sección 1 (dólar de 25,8 granos de oro de 9/10 de fino)",1900-03-14,sí,dato,no,"Annual Report of the Secretary of the Treasury, 1900, informe del Director de la Casa de Moneda, 'The gold-standard law', p. 345; texto literal de la sección 1",
1923-12,20.6718,"precio oficial fijado por ley, no precio de mercado","Gold Standard Act, ley del 14 de marzo de 1900, sección 1 (dólar de 25,8 granos de oro de 9/10 de fino)",1900-03-14,sí,dato,no,"Annual Report of the Secretary of the Treasury, 1900, informe del Director de la Casa de Moneda, 'The gold-standard law', p. 345; texto literal de la sección 1",
1924-01,20.6718,"precio oficial fijado por ley, no precio de mercado","Gold Standard Act, ley del 14 de marzo de 1900, sección 1 (dólar de 25,8 granos de oro de 9/10 de fino)",1900-03-14,sí,dato,no,"Annual Report of the Secretary of the Treasury, 1900, informe del Director de la Casa de Moneda, 'The gold-standard law', p. 345; texto literal de la sección 1",
1924-02,20.6718,"precio oficial fijado por ley, no precio de mercado","Gold Standard Act, ley del 14 de marzo de 1900, sección 1 (dólar de 25,8 granos de oro de 9/10 de fino)",1900-03-14,sí,dato,no,"Annual Report of the Secretary of the Treasury, 1900, informe del Director de la Casa de Moneda, 'The gold-standard law', p. 345; texto literal de la sección 1",
1924-03,20.6718,"precio oficial fijado por ley, no precio de mercado","Gold Standard Act, ley del 14 de marzo de 1900, sección 1 (dólar de 25,8 granos de oro de 9/10 de fino)",1900-03-14,sí,dato,no,"Annual Report of the Secretary of the Treasury, 1900, informe del Director de la Casa de Moneda, 'The gold-standard law', p. 345; texto literal de la sección 1",
1924-04,20.6718,"precio oficial fijado por ley, no precio de mercado","Gold Standard Act, ley del 14 de marzo de 1900, sección 1 (dólar de 25,8 granos de oro de 9/10 de fino)",1900-03-14,sí,dato,no,"Annual Report of the Secretary of the Treasury, 1900, informe del Director de la Casa de Moneda, 'The gold-standard law', p. 345; texto literal de la sección 1",
1924-05,20.6718,"precio oficial fijado por ley, no precio de mercado","Gold Standard Act, ley del 14 de marzo de 1900, sección 1 (dólar de 25,8 granos de oro de 9/10 de fino)",1900-03-14,sí,dato,no,"Annual Report of the Secretary of the Treasury, 1900, informe del Director de la Casa de Moneda, 'The gold-standard law', p. 345; texto literal de la sección 1",
1924-06,20.6718,"precio oficial fijado por ley, no precio de mercado","Gold Standard Act, ley del 14 de marzo de 1900, sección 1 (dólar de 25,8 granos de oro de 9/10 de fino)",1900-03-14,sí,dato,no,"Annual Report of the Secretary of the Treasury, 1900, informe del Director de la Casa de Moneda, 'The gold-standard law', p. 345; texto literal de la sección 1",
1924-07,20.6718,"precio oficial fijado por ley, no precio de mercado","Gold Standard Act, ley del 14 de marzo de 1900, sección 1 (dólar de 25,8 granos de oro de 9/10 de fino)",1900-03-14,sí,dato,no,"Annual Report of the Secretary of the Treasury, 1900, informe del Director de la Casa de Moneda, 'The gold-standard law', p. 345; texto literal de la sección 1",
1924-08,20.6718,"precio oficial fijado por ley, no precio de mercado","Gold Standard Act, ley del 14 de marzo de 1900, sección 1 (dólar de 25,8 granos de oro de 9/10 de fino)",1900-03-14,sí,dato,no,"Annual Report of the Secretary of the Treasury, 1900, informe del Director de la Casa de Moneda, 'The gold-standard law', p. 345; texto literal de la sección 1",
1924-09,20.6718,"precio oficial fijado por ley, no precio de mercado","Gold Standard Act, ley del 14 de marzo de 1900, sección 1 (dólar de 25,8 granos de oro de 9/10 de fino)",1900-03-14,sí,dato,no,"Annual Report of the Secretary of the Treasury, 1900, informe del Director de la Casa de Moneda, 'The gold-standard law', p. 345; texto literal de la sección 1",
1924-10,20.6718,"precio oficial fijado por ley, no precio de mercado","Gold Standard Act, ley del 14 de marzo de 1900, sección 1 (dólar de 25,8 granos de oro de 9/10 de fino)",1900-03-14,sí,dato,no,"Annual Report of the Secretary of the Treasury, 1900, informe del Director de la Casa de Moneda, 'The gold-standard law', p. 345; texto literal de la sección 1",
1924-11,20.6718,"precio oficial fijado por ley, no precio de mercado","Gold Standard Act, ley del 14 de marzo de 1900, sección 1 (dólar de 25,8 granos de oro de 9/10 de fino)",1900-03-14,sí,dato,no,"Annual Report of the Secretary of the Treasury, 1900, informe del Director de la Casa de Moneda, 'The gold-standard law', p. 345; texto literal de la sección 1",
1924-12,20.6718,"precio oficial fijado por ley, no precio de mercado","Gold Standard Act, ley del 14 de marzo de 1900, sección 1 (dólar de 25,8 granos de oro de 9/10 de fino)",1900-03-14,sí,dato,no,"Annual Report of the Secretary of the Treasury, 1900, informe del Director de la Casa de Moneda, 'The gold-standard law', p. 345; texto literal de la sección 1",
1925-01,20.6718,"precio oficial fijado por ley, no precio de mercado","Gold Standard Act, ley del 14 de marzo de 1900, sección 1 (dólar de 25,8 granos de oro de 9/10 de fino)",1900-03-14,sí,dato,no,"Annual Report of the Secretary of the Treasury, 1900, informe del Director de la Casa de Moneda, 'The gold-standard law', p. 345; texto literal de la sección 1",
1925-02,20.6718,"precio oficial fijado por ley, no precio de mercado","Gold Standard Act, ley del 14 de marzo de 1900, sección 1 (dólar de 25,8 granos de oro de 9/10 de fino)",1900-03-14,sí,dato,no,"Annual Report of the Secretary of the Treasury, 1900, informe del Director de la Casa de Moneda, 'The gold-standard law', p. 345; texto literal de la sección 1",
1925-03,20.6718,"precio oficial fijado por ley, no precio de mercado","Gold Standard Act, ley del 14 de marzo de 1900, sección 1 (dólar de 25,8 granos de oro de 9/10 de fino)",1900-03-14,sí,dato,no,"Annual Report of the Secretary of the Treasury, 1900, informe del Director de la Casa de Moneda, 'The gold-standard law', p. 345; texto literal de la sección 1",
1925-04,20.6718,"precio oficial fijado por ley, no precio de mercado","Gold Standard Act, ley del 14 de marzo de 1900, sección 1 (dólar de 25,8 granos de oro de 9/10 de fino)",1900-03-14,sí,dato,no,"Annual Report of the Secretary of the Treasury, 1900, informe del Director de la Casa de Moneda, 'The gold-standard law', p. 345; texto literal de la sección 1",
1925-05,20.6718,"precio oficial fijado por ley, no precio de mercado","Gold Standard Act, ley del 14 de marzo de 1900, sección 1 (dólar de 25,8 granos de oro de 9/10 de fino)",1900-03-14,sí,dato,no,"Annual Report of the Secretary of the Treasury, 1900, informe del Director de la Casa de Moneda, 'The gold-standard law', p. 345; texto literal de la sección 1",
1925-06,20.6718,"precio oficial fijado por ley, no precio de mercado","Gold Standard Act, ley del 14 de marzo de 1900, sección 1 (dólar de 25,8 granos de oro de 9/10 de fino)",1900-03-14,sí,dato,no,"Annual Report of the Secretary of the Treasury, 1900, informe del Director de la Casa de Moneda, 'The gold-standard law', p. 345; texto literal de la sección 1",
1925-07,20.6718,"precio oficial fijado por ley, no precio de mercado","Gold Standard Act, ley del 14 de marzo de 1900, sección 1 (dólar de 25,8 granos de oro de 9/10 de fino)",1900-03-14,sí,dato,no,"Annual Report of the Secretary of the Treasury, 1900, informe del Director de la Casa de Moneda, 'The gold-standard law', p. 345; texto literal de la sección 1",
1925-08,20.6718,"precio oficial fijado por ley, no precio de mercado","Gold Standard Act, ley del 14 de marzo de 1900, sección 1 (dólar de 25,8 granos de oro de 9/10 de fino)",1900-03-14,sí,dato,no,"Annual Report of the Secretary of the Treasury, 1900, informe del Director de la Casa de Moneda, 'The gold-standard law', p. 345; texto literal de la sección 1",
1925-09,20.6718,"precio oficial fijado por ley, no precio de mercado","Gold Standard Act, ley del 14 de marzo de 1900, sección 1 (dólar de 25,8 granos de oro de 9/10 de fino)",1900-03-14,sí,dato,no,"Annual Report of the Secretary of the Treasury, 1900, informe del Director de la Casa de Moneda, 'The gold-standard law', p. 345; texto literal de la sección 1",
1925-10,20.6718,"precio oficial fijado por ley, no precio de mercado","Gold Standard Act, ley del 14 de marzo de 1900, sección 1 (dólar de 25,8 granos de oro de 9/10 de fino)",1900-03-14,sí,dato,no,"Annual Report of the Secretary of the Treasury, 1900, informe del Director de la Casa de Moneda, 'The gold-standard law', p. 345; texto literal de la sección 1",
1925-11,20.6718,"precio oficial fijado por ley, no precio de mercado","Gold Standard Act, ley del 14 de marzo de 1900, sección 1 (dólar de 25,8 granos de oro de 9/10 de fino)",1900-03-14,sí,dato,no,"Annual Report of the Secretary of the Treasury, 1900, informe del Director de la Casa de Moneda, 'The gold-standard law', p. 345; texto literal de la sección 1",
1925-12,20.6718,"precio oficial fijado por ley, no precio de mercado","Gold Standard Act, ley del 14 de marzo de 1900, sección 1 (dólar de 25,8 granos de oro de 9/10 de fino)",1900-03-14,sí,dato,no,"Annual Report of the Secretary of the Treasury, 1900, informe del Director de la Casa de Moneda, 'The gold-standard law', p. 345; texto literal de la sección 1",
1926-01,20.6718,"precio oficial fijado por ley, no precio de mercado","Gold Standard Act, ley del 14 de marzo de 1900, sección 1 (dólar de 25,8 granos de oro de 9/10 de fino)",1900-03-14,sí,dato,no,"Annual Report of the Secretary of the Treasury, 1900, informe del Director de la Casa de Moneda, 'The gold-standard law', p. 345; texto literal de la sección 1",
1926-02,20.6718,"precio oficial fijado por ley, no precio de mercado","Gold Standard Act, ley del 14 de marzo de 1900, sección 1 (dólar de 25,8 granos de oro de 9/10 de fino)",1900-03-14,sí,dato,no,"Annual Report of the Secretary of the Treasury, 1900, informe del Director de la Casa de Moneda, 'The gold-standard law', p. 345; texto literal de la sección 1",
1926-03,20.6718,"precio oficial fijado por ley, no precio de mercado","Gold Standard Act, ley del 14 de marzo de 1900, sección 1 (dólar de 25,8 granos de oro de 9/10 de fino)",1900-03-14,sí,dato,no,"Annual Report of the Secretary of the Treasury, 1900, informe del Director de la Casa de Moneda, 'The gold-standard law', p. 345; texto literal de la sección 1",
1926-04,20.6718,"precio oficial fijado por ley, no precio de mercado","Gold Standard Act, ley del 14 de marzo de 1900, sección 1 (dólar de 25,8 granos de oro de 9/10 de fino)",1900-03-14,sí,dato,no,"Annual Report of the Secretary of the Treasury, 1900, informe del Director de la Casa de Moneda, 'The gold-standard law', p. 345; texto literal de la sección 1",
1926-05,20.6718,"precio oficial fijado por ley, no precio de mercado","Gold Standard Act, ley del 14 de marzo de 1900, sección 1 (dólar de 25,8 granos de oro de 9/10 de fino)",1900-03-14,sí,dato,no,"Annual Report of the Secretary of the Treasury, 1900, informe del Director de la Casa de Moneda, 'The gold-standard law', p. 345; texto literal de la sección 1",
1926-06,20.6718,"precio oficial fijado por ley, no precio de mercado","Gold Standard Act, ley del 14 de marzo de 1900, sección 1 (dólar de 25,8 granos de oro de 9/10 de fino)",1900-03-14,sí,dato,no,"Annual Report of the Secretary of the Treasury, 1900, informe del Director de la Casa de Moneda, 'The gold-standard law', p. 345; texto literal de la sección 1",
1926-07,20.6718,"precio oficial fijado por ley, no precio de mercado","Gold Standard Act, ley del 14 de marzo de 1900, sección 1 (dólar de 25,8 granos de oro de 9/10 de fino)",1900-03-14,sí,dato,no,"Annual Report of the Secretary of the Treasury, 1900, informe del Director de la Casa de Moneda, 'The gold-standard law', p. 345; texto literal de la sección 1",
1926-08,20.6718,"precio oficial fijado por ley, no precio de mercado","Gold Standard Act, ley del 14 de marzo de 1900, sección 1 (dólar de 25,8 granos de oro de 9/10 de fino)",1900-03-14,sí,dato,no,"Annual Report of the Secretary of the Treasury, 1900, informe del Director de la Casa de Moneda, 'The gold-standard law', p. 345; texto literal de la sección 1",
1926-09,20.6718,"precio oficial fijado por ley, no precio de mercado","Gold Standard Act, ley del 14 de marzo de 1900, sección 1 (dólar de 25,8 granos de oro de 9/10 de fino)",1900-03-14,sí,dato,no,"Annual Report of the Secretary of the Treasury, 1900, informe del Director de la Casa de Moneda, 'The gold-standard law', p. 345; texto literal de la sección 1",
1926-10,20.6718,"precio oficial fijado por ley, no precio de mercado","Gold Standard Act, ley del 14 de marzo de 1900, sección 1 (dólar de 25,8 granos de oro de 9/10 de fino)",1900-03-14,sí,dato,no,"Annual Report of the Secretary of the Treasury, 1900, informe del Director de la Casa de Moneda, 'The gold-standard law', p. 345; texto literal de la sección 1",
1926-11,20.6718,"precio oficial fijado por ley, no precio de mercado","Gold Standard Act, ley del 14 de marzo de 1900, sección 1 (dólar de 25,8 granos de oro de 9/10 de fino)",1900-03-14,sí,dato,no,"Annual Report of the Secretary of the Treasury, 1900, informe del Director de la Casa de Moneda, 'The gold-standard law', p. 345; texto literal de la sección 1",
1926-12,20.6718,"precio oficial fijado por ley, no precio de mercado","Gold Standard Act, ley del 14 de marzo de 1900, sección 1 (dólar de 25,8 granos de oro de 9/10 de fino)",1900-03-14,sí,dato,no,"Annual Report of the Secretary of the Treasury, 1900, informe del Director de la Casa de Moneda, 'The gold-standard law', p. 345; texto literal de la sección 1",
1927-01,20.6718,"precio oficial fijado por ley, no precio de mercado","Gold Standard Act, ley del 14 de marzo de 1900, sección 1 (dólar de 25,8 granos de oro de 9/10 de fino)",1900-03-14,sí,dato,no,"Annual Report of the Secretary of the Treasury, 1900, informe del Director de la Casa de Moneda, 'The gold-standard law', p. 345; texto literal de la sección 1",
1927-02,20.6718,"precio oficial fijado por ley, no precio de mercado","Gold Standard Act, ley del 14 de marzo de 1900, sección 1 (dólar de 25,8 granos de oro de 9/10 de fino)",1900-03-14,sí,dato,no,"Annual Report of the Secretary of the Treasury, 1900, informe del Director de la Casa de Moneda, 'The gold-standard law', p. 345; texto literal de la sección 1",
1927-03,20.6718,"precio oficial fijado por ley, no precio de mercado","Gold Standard Act, ley del 14 de marzo de 1900, sección 1 (dólar de 25,8 granos de oro de 9/10 de fino)",1900-03-14,sí,dato,no,"Annual Report of the Secretary of the Treasury, 1900, informe del Director de la Casa de Moneda, 'The gold-standard law', p. 345; texto literal de la sección 1",
1927-04,20.6718,"precio oficial fijado por ley, no precio de mercado","Gold Standard Act, ley del 14 de marzo de 1900, sección 1 (dólar de 25,8 granos de oro de 9/10 de fino)",1900-03-14,sí,dato,no,"Annual Report of the Secretary of the Treasury, 1900, informe del Director de la Casa de Moneda, 'The gold-standard law', p. 345; texto literal de la sección 1",
1927-05,20.6718,"precio oficial fijado por ley, no precio de mercado","Gold Standard Act, ley del 14 de marzo de 1900, sección 1 (dólar de 25,8 granos de oro de 9/10 de fino)",1900-03-14,sí,dato,no,"Annual Report of the Secretary of the Treasury, 1900, informe del Director de la Casa de Moneda, 'The gold-standard law', p. 345; texto literal de la sección 1",
1927-06,20.6718,"precio oficial fijado por ley, no precio de mercado","Gold Standard Act, ley del 14 de marzo de 1900, sección 1 (dólar de 25,8 granos de oro de 9/10 de fino)",1900-03-14,sí,dato,no,"Annual Report of the Secretary of the Treasury, 1900, informe del Director de la Casa de Moneda, 'The gold-standard law', p. 345; texto literal de la sección 1",
1927-07,20.6718,"precio oficial fijado por ley, no precio de mercado","Gold Standard Act, ley del 14 de marzo de 1900, sección 1 (dólar de 25,8 granos de oro de 9/10 de fino)",1900-03-14,sí,dato,no,"Annual Report of the Secretary of the Treasury, 1900, informe del Director de la Casa de Moneda, 'The gold-standard law', p. 345; texto literal de la sección 1",
1927-08,20.6718,"precio oficial fijado por ley, no precio de mercado","Gold Standard Act, ley del 14 de marzo de 1900, sección 1 (dólar de 25,8 granos de oro de 9/10 de fino)",1900-03-14,sí,dato,no,"Annual Report of the Secretary of the Treasury, 1900, informe del Director de la Casa de Moneda, 'The gold-standard law', p. 345; texto literal de la sección 1",
1927-09,20.6718,"precio oficial fijado por ley, no precio de mercado","Gold Standard Act, ley del 14 de marzo de 1900, sección 1 (dólar de 25,8 granos de oro de 9/10 de fino)",1900-03-14,sí,dato,no,"Annual Report of the Secretary of the Treasury, 1900, informe del Director de la Casa de Moneda, 'The gold-standard law', p. 345; texto literal de la sección 1",
1927-10,20.6718,"precio oficial fijado por ley, no precio de mercado","Gold Standard Act, ley del 14 de marzo de 1900, sección 1 (dólar de 25,8 granos de oro de 9/10 de fino)",1900-03-14,sí,dato,no,"Annual Report of the Secretary of the Treasury, 1900, informe del Director de la Casa de Moneda, 'The gold-standard law', p. 345; texto literal de la sección 1",
1927-11,20.6718,"precio oficial fijado por ley, no precio de mercado","Gold Standard Act, ley del 14 de marzo de 1900, sección 1 (dólar de 25,8 granos de oro de 9/10 de fino)",1900-03-14,sí,dato,no,"Annual Report of the Secretary of the Treasury, 1900, informe del Director de la Casa de Moneda, 'The gold-standard law', p. 345; texto literal de la sección 1",
1927-12,20.6718,"precio oficial fijado por ley, no precio de mercado","Gold Standard Act, ley del 14 de marzo de 1900, sección 1 (dólar de 25,8 granos de oro de 9/10 de fino)",1900-03-14,sí,dato,no,"Annual Report of the Secretary of the Treasury, 1900, informe del Director de la Casa de Moneda, 'The gold-standard law', p. 345; texto literal de la sección 1",
1928-01,20.6718,"precio oficial fijado por ley, no precio de mercado","Gold Standard Act, ley del 14 de marzo de 1900, sección 1 (dólar de 25,8 granos de oro de 9/10 de fino)",1900-03-14,sí,dato,no,"Annual Report of the Secretary of the Treasury, 1900, informe del Director de la Casa de Moneda, 'The gold-standard law', p. 345; texto literal de la sección 1",
1928-02,20.6718,"precio oficial fijado por ley, no precio de mercado","Gold Standard Act, ley del 14 de marzo de 1900, sección 1 (dólar de 25,8 granos de oro de 9/10 de fino)",1900-03-14,sí,dato,no,"Annual Report of the Secretary of the Treasury, 1900, informe del Director de la Casa de Moneda, 'The gold-standard law', p. 345; texto literal de la sección 1",
1928-03,20.6718,"precio oficial fijado por ley, no precio de mercado","Gold Standard Act, ley del 14 de marzo de 1900, sección 1 (dólar de 25,8 granos de oro de 9/10 de fino)",1900-03-14,sí,dato,no,"Annual Report of the Secretary of the Treasury, 1900, informe del Director de la Casa de Moneda, 'The gold-standard law', p. 345; texto literal de la sección 1",
1928-04,20.6718,"precio oficial fijado por ley, no precio de mercado","Gold Standard Act, ley del 14 de marzo de 1900, sección 1 (dólar de 25,8 granos de oro de 9/10 de fino)",1900-03-14,sí,dato,no,"Annual Report of the Secretary of the Treasury, 1900, informe del Director de la Casa de Moneda, 'The gold-standard law', p. 345; texto literal de la sección 1",
1928-05,20.6718,"precio oficial fijado por ley, no precio de mercado","Gold Standard Act, ley del 14 de marzo de 1900, sección 1 (dólar de 25,8 granos de oro de 9/10 de fino)",1900-03-14,sí,dato,no,"Annual Report of the Secretary of the Treasury, 1900, informe del Director de la Casa de Moneda, 'The gold-standard law', p. 345; texto literal de la sección 1",
1928-06,20.6718,"precio oficial fijado por ley, no precio de mercado","Gold Standard Act, ley del 14 de marzo de 1900, sección 1 (dólar de 25,8 granos de oro de 9/10 de fino)",1900-03-14,sí,dato,no,"Annual Report of the Secretary of the Treasury, 1900, informe del Director de la Casa de Moneda, 'The gold-standard law', p. 345; texto literal de la sección 1",
1928-07,20.6718,"precio oficial fijado por ley, no precio de mercado","Gold Standard Act, ley del 14 de marzo de 1900, sección 1 (dólar de 25,8 granos de oro de 9/10 de fino)",1900-03-14,sí,dato,no,"Annual Report of the Secretary of the Treasury, 1900, informe del Director de la Casa de Moneda, 'The gold-standard law', p. 345; texto literal de la sección 1",
1928-08,20.6718,"precio oficial fijado por ley, no precio de mercado","Gold Standard Act, ley del 14 de marzo de 1900, sección 1 (dólar de 25,8 granos de oro de 9/10 de fino)",1900-03-14,sí,dato,no,"Annual Report of the Secretary of the Treasury, 1900, informe del Director de la Casa de Moneda, 'The gold-standard law', p. 345; texto literal de la sección 1",
1928-09,20.6718,"precio oficial fijado por ley, no precio de mercado","Gold Standard Act, ley del 14 de marzo de 1900, sección 1 (dólar de 25,8 granos de oro de 9/10 de fino)",1900-03-14,sí,dato,no,"Annual Report of the Secretary of the Treasury, 1900, informe del Director de la Casa de Moneda, 'The gold-standard law', p. 345; texto literal de la sección 1",
1928-10,20.6718,"precio oficial fijado por ley, no precio de mercado","Gold Standard Act, ley del 14 de marzo de 1900, sección 1 (dólar de 25,8 granos de oro de 9/10 de fino)",1900-03-14,sí,dato,no,"Annual Report of the Secretary of the Treasury, 1900, informe del Director de la Casa de Moneda, 'The gold-standard law', p. 345; texto literal de la sección 1",
1928-11,20.6718,"precio oficial fijado por ley, no precio de mercado","Gold Standard Act, ley del 14 de marzo de 1900, sección 1 (dólar de 25,8 granos de oro de 9/10 de fino)",1900-03-14,sí,dato,no,"Annual Report of the Secretary of the Treasury, 1900, informe del Director de la Casa de Moneda, 'The gold-standard law', p. 345; texto literal de la sección 1",
1928-12,20.6718,"precio oficial fijado por ley, no precio de mercado","Gold Standard Act, ley del 14 de marzo de 1900, sección 1 (dólar de 25,8 granos de oro de 9/10 de fino)",1900-03-14,sí,dato,no,"Annual Report of the Secretary of the Treasury, 1900, informe del Director de la Casa de Moneda, 'The gold-standard law', p. 345; texto literal de la sección 1",
1929-01,20.6718,"precio oficial fijado por ley, no precio de mercado","Gold Standard Act, ley del 14 de marzo de 1900, sección 1 (dólar de 25,8 granos de oro de 9/10 de fino)",1900-03-14,sí,dato,no,"Annual Report of the Secretary of the Treasury, 1900, informe del Director de la Casa de Moneda, 'The gold-standard law', p. 345; texto literal de la sección 1",
1929-02,20.6718,"precio oficial fijado por ley, no precio de mercado","Gold Standard Act, ley del 14 de marzo de 1900, sección 1 (dólar de 25,8 granos de oro de 9/10 de fino)",1900-03-14,sí,dato,no,"Annual Report of the Secretary of the Treasury, 1900, informe del Director de la Casa de Moneda, 'The gold-standard law', p. 345; texto literal de la sección 1",
1929-03,20.6718,"precio oficial fijado por ley, no precio de mercado","Gold Standard Act, ley del 14 de marzo de 1900, sección 1 (dólar de 25,8 granos de oro de 9/10 de fino)",1900-03-14,sí,dato,no,"Annual Report of the Secretary of the Treasury, 1900, informe del Director de la Casa de Moneda, 'The gold-standard law', p. 345; texto literal de la sección 1",
1929-04,20.6718,"precio oficial fijado por ley, no precio de mercado","Gold Standard Act, ley del 14 de marzo de 1900, sección 1 (dólar de 25,8 granos de oro de 9/10 de fino)",1900-03-14,sí,dato,no,"Annual Report of the Secretary of the Treasury, 1900, informe del Director de la Casa de Moneda, 'The gold-standard law', p. 345; texto literal de la sección 1",
1929-05,20.6718,"precio oficial fijado por ley, no precio de mercado","Gold Standard Act, ley del 14 de marzo de 1900, sección 1 (dólar de 25,8 granos de oro de 9/10 de fino)",1900-03-14,sí,dato,no,"Annual Report of the Secretary of the Treasury, 1900, informe del Director de la Casa de Moneda, 'The gold-standard law', p. 345; texto literal de la sección 1",
1929-06,20.6718,"precio oficial fijado por ley, no precio de mercado","Gold Standard Act, ley del 14 de marzo de 1900, sección 1 (dólar de 25,8 granos de oro de 9/10 de fino)",1900-03-14,sí,dato,no,"Annual Report of the Secretary of the Treasury, 1900, informe del Director de la Casa de Moneda, 'The gold-standard law', p. 345; texto literal de la sección 1",
1929-07,20.6718,"precio oficial fijado por ley, no precio de mercado","Gold Standard Act, ley del 14 de marzo de 1900, sección 1 (dólar de 25,8 granos de oro de 9/10 de fino)",1900-03-14,sí,dato,no,"Annual Report of the Secretary of the Treasury, 1900, informe del Director de la Casa de Moneda, 'The gold-standard law', p. 345; texto literal de la sección 1",
1929-08,20.6718,"precio oficial fijado por ley, no precio de mercado","Gold Standard Act, ley del 14 de marzo de 1900, sección 1 (dólar de 25,8 granos de oro de 9/10 de fino)",1900-03-14,sí,dato,no,"Annual Report of the Secretary of the Treasury, 1900, informe del Director de la Casa de Moneda, 'The gold-standard law', p. 345; texto literal de la sección 1",
1929-09,20.6718,"precio oficial fijado por ley, no precio de mercado","Gold Standard Act, ley del 14 de marzo de 1900, sección 1 (dólar de 25,8 granos de oro de 9/10 de fino)",1900-03-14,sí,dato,no,"Annual Report of the Secretary of the Treasury, 1900, informe del Director de la Casa de Moneda, 'The gold-standard law', p. 345; texto literal de la sección 1",
1929-10,20.6718,"precio oficial fijado por ley, no precio de mercado","Gold Standard Act, ley del 14 de marzo de 1900, sección 1 (dólar de 25,8 granos de oro de 9/10 de fino)",1900-03-14,sí,dato,no,"Annual Report of the Secretary of the Treasury, 1900, informe del Director de la Casa de Moneda, 'The gold-standard law', p. 345; texto literal de la sección 1",
1929-11,20.6718,"precio oficial fijado por ley, no precio de mercado","Gold Standard Act, ley del 14 de marzo de 1900, sección 1 (dólar de 25,8 granos de oro de 9/10 de fino)",1900-03-14,sí,dato,no,"Annual Report of the Secretary of the Treasury, 1900, informe del Director de la Casa de Moneda, 'The gold-standard law', p. 345; texto literal de la sección 1",
1929-12,20.6718,"precio oficial fijado por ley, no precio de mercado","Gold Standard Act, ley del 14 de marzo de 1900, sección 1 (dólar de 25,8 granos de oro de 9/10 de fino)",1900-03-14,sí,dato,no,"Annual Report of the Secretary of the Treasury, 1900, informe del Director de la Casa de Moneda, 'The gold-standard law', p. 345; texto literal de la sección 1",
1930-01,20.6718,"precio oficial fijado por ley, no precio de mercado","Gold Standard Act, ley del 14 de marzo de 1900, sección 1 (dólar de 25,8 granos de oro de 9/10 de fino)",1900-03-14,sí,dato,no,"Annual Report of the Secretary of the Treasury, 1900, informe del Director de la Casa de Moneda, 'The gold-standard law', p. 345; texto literal de la sección 1",
1930-02,20.6718,"precio oficial fijado por ley, no precio de mercado","Gold Standard Act, ley del 14 de marzo de 1900, sección 1 (dólar de 25,8 granos de oro de 9/10 de fino)",1900-03-14,sí,dato,no,"Annual Report of the Secretary of the Treasury, 1900, informe del Director de la Casa de Moneda, 'The gold-standard law', p. 345; texto literal de la sección 1",
1930-03,20.6718,"precio oficial fijado por ley, no precio de mercado","Gold Standard Act, ley del 14 de marzo de 1900, sección 1 (dólar de 25,8 granos de oro de 9/10 de fino)",1900-03-14,sí,dato,no,"Annual Report of the Secretary of the Treasury, 1900, informe del Director de la Casa de Moneda, 'The gold-standard law', p. 345; texto literal de la sección 1",
1930-04,20.6718,"precio oficial fijado por ley, no precio de mercado","Gold Standard Act, ley del 14 de marzo de 1900, sección 1 (dólar de 25,8 granos de oro de 9/10 de fino)",1900-03-14,sí,dato,no,"Annual Report of the Secretary of the Treasury, 1900, informe del Director de la Casa de Moneda, 'The gold-standard law', p. 345; texto literal de la sección 1",
1930-05,20.6718,"precio oficial fijado por ley, no precio de mercado","Gold Standard Act, ley del 14 de marzo de 1900, sección 1 (dólar de 25,8 granos de oro de 9/10 de fino)",1900-03-14,sí,dato,no,"Annual Report of the Secretary of the Treasury, 1900, informe del Director de la Casa de Moneda, 'The gold-standard law', p. 345; texto literal de la sección 1",
1930-06,20.6718,"precio oficial fijado por ley, no precio de mercado","Gold Standard Act, ley del 14 de marzo de 1900, sección 1 (dólar de 25,8 granos de oro de 9/10 de fino)",1900-03-14,sí,dato,no,"Annual Report of the Secretary of the Treasury, 1900, informe del Director de la Casa de Moneda, 'The gold-standard law', p. 345; texto literal de la sección 1",
1930-07,20.6718,"precio oficial fijado por ley, no precio de mercado","Gold Standard Act, ley del 14 de marzo de 1900, sección 1 (dólar de 25,8 granos de oro de 9/10 de fino)",1900-03-14,sí,dato,no,"Annual Report of the Secretary of the Treasury, 1900, informe del Director de la Casa de Moneda, 'The gold-standard law', p. 345; texto literal de la sección 1",
1930-08,20.6718,"precio oficial fijado por ley, no precio de mercado","Gold Standard Act, ley del 14 de marzo de 1900, sección 1 (dólar de 25,8 granos de oro de 9/10 de fino)",1900-03-14,sí,dato,no,"Annual Report of the Secretary of the Treasury, 1900, informe del Director de la Casa de Moneda, 'The gold-standard law', p. 345; texto literal de la sección 1",
1930-09,20.6718,"precio oficial fijado por ley, no precio de mercado","Gold Standard Act, ley del 14 de marzo de 1900, sección 1 (dólar de 25,8 granos de oro de 9/10 de fino)",1900-03-14,sí,dato,no,"Annual Report of the Secretary of the Treasury, 1900, informe del Director de la Casa de Moneda, 'The gold-standard law', p. 345; texto literal de la sección 1",
1930-10,20.6718,"precio oficial fijado por ley, no precio de mercado","Gold Standard Act, ley del 14 de marzo de 1900, sección 1 (dólar de 25,8 granos de oro de 9/10 de fino)",1900-03-14,sí,dato,no,"Annual Report of the Secretary of the Treasury, 1900, informe del Director de la Casa de Moneda, 'The gold-standard law', p. 345; texto literal de la sección 1",
1930-11,20.6718,"precio oficial fijado por ley, no precio de mercado","Gold Standard Act, ley del 14 de marzo de 1900, sección 1 (dólar de 25,8 granos de oro de 9/10 de fino)",1900-03-14,sí,dato,no,"Annual Report of the Secretary of the Treasury, 1900, informe del Director de la Casa de Moneda, 'The gold-standard law', p. 345; texto literal de la sección 1",
1930-12,20.6718,"precio oficial fijado por ley, no precio de mercado","Gold Standard Act, ley del 14 de marzo de 1900, sección 1 (dólar de 25,8 granos de oro de 9/10 de fino)",1900-03-14,sí,dato,no,"Annual Report of the Secretary of the Treasury, 1900, informe del Director de la Casa de Moneda, 'The gold-standard law', p. 345; texto literal de la sección 1",
1931-01,20.6718,"precio oficial fijado por ley, no precio de mercado","Gold Standard Act, ley del 14 de marzo de 1900, sección 1 (dólar de 25,8 granos de oro de 9/10 de fino)",1900-03-14,sí,dato,no,"Annual Report of the Secretary of the Treasury, 1900, informe del Director de la Casa de Moneda, 'The gold-standard law', p. 345; texto literal de la sección 1",
1931-02,20.6718,"precio oficial fijado por ley, no precio de mercado","Gold Standard Act, ley del 14 de marzo de 1900, sección 1 (dólar de 25,8 granos de oro de 9/10 de fino)",1900-03-14,sí,dato,no,"Annual Report of the Secretary of the Treasury, 1900, informe del Director de la Casa de Moneda, 'The gold-standard law', p. 345; texto literal de la sección 1",
1931-03,20.6718,"precio oficial fijado por ley, no precio de mercado","Gold Standard Act, ley del 14 de marzo de 1900, sección 1 (dólar de 25,8 granos de oro de 9/10 de fino)",1900-03-14,sí,dato,no,"Annual Report of the Secretary of the Treasury, 1900, informe del Director de la Casa de Moneda, 'The gold-standard law', p. 345; texto literal de la sección 1",
1931-04,20.6718,"precio oficial fijado por ley, no precio de mercado","Gold Standard Act, ley del 14 de marzo de 1900, sección 1 (dólar de 25,8 granos de oro de 9/10 de fino)",1900-03-14,sí,dato,no,"Annual Report of the Secretary of the Treasury, 1900, informe del Director de la Casa de Moneda, 'The gold-standard law', p. 345; texto literal de la sección 1",
1931-05,20.6718,"precio oficial fijado por ley, no precio de mercado","Gold Standard Act, ley del 14 de marzo de 1900, sección 1 (dólar de 25,8 granos de oro de 9/10 de fino)",1900-03-14,sí,dato,no,"Annual Report of the Secretary of the Treasury, 1900, informe del Director de la Casa de Moneda, 'The gold-standard law', p. 345; texto literal de la sección 1",
1931-06,20.6718,"precio oficial fijado por ley, no precio de mercado","Gold Standard Act, ley del 14 de marzo de 1900, sección 1 (dólar de 25,8 granos de oro de 9/10 de fino)",1900-03-14,sí,dato,no,"Annual Report of the Secretary of the Treasury, 1900, informe del Director de la Casa de Moneda, 'The gold-standard law', p. 345; texto literal de la sección 1",
1931-07,20.6718,"precio oficial fijado por ley, no precio de mercado","Gold Standard Act, ley del 14 de marzo de 1900, sección 1 (dólar de 25,8 granos de oro de 9/10 de fino)",1900-03-14,sí,dato,no,"Annual Report of the Secretary of the Treasury, 1900, informe del Director de la Casa de Moneda, 'The gold-standard law', p. 345; texto literal de la sección 1",
1931-08,20.6718,"precio oficial fijado por ley, no precio de mercado","Gold Standard Act, ley del 14 de marzo de 1900, sección 1 (dólar de 25,8 granos de oro de 9/10 de fino)",1900-03-14,sí,dato,no,"Annual Report of the Secretary of the Treasury, 1900, informe del Director de la Casa de Moneda, 'The gold-standard law', p. 345; texto literal de la sección 1",
1931-09,20.6718,"precio oficial fijado por ley, no precio de mercado","Gold Standard Act, ley del 14 de marzo de 1900, sección 1 (dólar de 25,8 granos de oro de 9/10 de fino)",1900-03-14,sí,dato,no,"Annual Report of the Secretary of the Treasury, 1900, informe del Director de la Casa de Moneda, 'The gold-standard law', p. 345; texto literal de la sección 1",
1931-10,20.6718,"precio oficial fijado por ley, no precio de mercado","Gold Standard Act, ley del 14 de marzo de 1900, sección 1 (dólar de 25,8 granos de oro de 9/10 de fino)",1900-03-14,sí,dato,no,"Annual Report of the Secretary of the Treasury, 1900, informe del Director de la Casa de Moneda, 'The gold-standard law', p. 345; texto literal de la sección 1",
1931-11,20.6718,"precio oficial fijado por ley, no precio de mercado","Gold Standard Act, ley del 14 de marzo de 1900, sección 1 (dólar de 25,8 granos de oro de 9/10 de fino)",1900-03-14,sí,dato,no,"Annual Report of the Secretary of the Treasury, 1900, informe del Director de la Casa de Moneda, 'The gold-standard law', p. 345; texto literal de la sección 1",
1931-12,20.6718,"precio oficial fijado por ley, no precio de mercado","Gold Standard Act, ley del 14 de marzo de 1900, sección 1 (dólar de 25,8 granos de oro de 9/10 de fino)",1900-03-14,sí,dato,no,"Annual Report of the Secretary of the Treasury, 1900, informe del Director de la Casa de Moneda, 'The gold-standard law', p. 345; texto literal de la sección 1",
1932-01,20.6718,"precio oficial fijado por ley, no precio de mercado","Gold Standard Act, ley del 14 de marzo de 1900, sección 1 (dólar de 25,8 granos de oro de 9/10 de fino)",1900-03-14,sí,dato,no,"Annual Report of the Secretary of the Treasury, 1900, informe del Director de la Casa de Moneda, 'The gold-standard law', p. 345; texto literal de la sección 1",
1932-02,20.6718,"precio oficial fijado por ley, no precio de mercado","Gold Standard Act, ley del 14 de marzo de 1900, sección 1 (dólar de 25,8 granos de oro de 9/10 de fino)",1900-03-14,sí,dato,no,"Annual Report of the Secretary of the Treasury, 1900, informe del Director de la Casa de Moneda, 'The gold-standard law', p. 345; texto literal de la sección 1",
1932-03,20.6718,"precio oficial fijado por ley, no precio de mercado","Gold Standard Act, ley del 14 de marzo de 1900, sección 1 (dólar de 25,8 granos de oro de 9/10 de fino)",1900-03-14,sí,dato,no,"Annual Report of the Secretary of the Treasury, 1900, informe del Director de la Casa de Moneda, 'The gold-standard law', p. 345; texto literal de la sección 1",
1932-04,20.6718,"precio oficial fijado por ley, no precio de mercado","Gold Standard Act, ley del 14 de marzo de 1900, sección 1 (dólar de 25,8 granos de oro de 9/10 de fino)",1900-03-14,sí,dato,no,"Annual Report of the Secretary of the Treasury, 1900, informe del Director de la Casa de Moneda, 'The gold-standard law', p. 345; texto literal de la sección 1",
1932-05,20.6718,"precio oficial fijado por ley, no precio de mercado","Gold Standard Act, ley del 14 de marzo de 1900, sección 1 (dólar de 25,8 granos de oro de 9/10 de fino)",1900-03-14,sí,dato,no,"Annual Report of the Secretary of the Treasury, 1900, informe del Director de la Casa de Moneda, 'The gold-standard law', p. 345; texto literal de la sección 1",
1932-06,20.6718,"precio oficial fijado por ley, no precio de mercado","Gold Standard Act, ley del 14 de marzo de 1900, sección 1 (dólar de 25,8 granos de oro de 9/10 de fino)",1900-03-14,sí,dato,no,"Annual Report of the Secretary of the Treasury, 1900, informe del Director de la Casa de Moneda, 'The gold-standard law', p. 345; texto literal de la sección 1",
1932-07,20.6718,"precio oficial fijado por ley, no precio de mercado","Gold Standard Act, ley del 14 de marzo de 1900, sección 1 (dólar de 25,8 granos de oro de 9/10 de fino)",1900-03-14,sí,dato,no,"Annual Report of the Secretary of the Treasury, 1900, informe del Director de la Casa de Moneda, 'The gold-standard law', p. 345; texto literal de la sección 1",
1932-08,20.6718,"precio oficial fijado por ley, no precio de mercado","Gold Standard Act, ley del 14 de marzo de 1900, sección 1 (dólar de 25,8 granos de oro de 9/10 de fino)",1900-03-14,sí,dato,no,"Annual Report of the Secretary of the Treasury, 1900, informe del Director de la Casa de Moneda, 'The gold-standard law', p. 345; texto literal de la sección 1",
1932-09,20.6718,"precio oficial fijado por ley, no precio de mercado","Gold Standard Act, ley del 14 de marzo de 1900, sección 1 (dólar de 25,8 granos de oro de 9/10 de fino)",1900-03-14,sí,dato,no,"Annual Report of the Secretary of the Treasury, 1900, informe del Director de la Casa de Moneda, 'The gold-standard law', p. 345; texto literal de la sección 1",
1932-10,20.6718,"precio oficial fijado por ley, no precio de mercado","Gold Standard Act, ley del 14 de marzo de 1900, sección 1 (dólar de 25,8 granos de oro de 9/10 de fino)",1900-03-14,sí,dato,no,"Annual Report of the Secretary of the Treasury, 1900, informe del Director de la Casa de Moneda, 'The gold-standard law', p. 345; texto literal de la sección 1",
1932-11,20.6718,"precio oficial fijado por ley, no precio de mercado","Gold Standard Act, ley del 14 de marzo de 1900, sección 1 (dólar de 25,8 granos de oro de 9/10 de fino)",1900-03-14,sí,dato,no,"Annual Report of the Secretary of the Treasury, 1900, informe del Director de la Casa de Moneda, 'The gold-standard law', p. 345; texto literal de la sección 1",
1932-12,20.6718,"precio oficial fijado por ley, no precio de mercado","Gold Standard Act, ley del 14 de marzo de 1900, sección 1 (dólar de 25,8 granos de oro de 9/10 de fino)",1900-03-14,sí,dato,no,"Annual Report of the Secretary of the Treasury, 1900, informe del Director de la Casa de Moneda, 'The gold-standard law', p. 345; texto literal de la sección 1",
1933-01,20.6718,"precio oficial fijado por ley, no precio de mercado","Gold Standard Act, ley del 14 de marzo de 1900, sección 1 (dólar de 25,8 granos de oro de 9/10 de fino)",1900-03-14,sí,dato,no,"Annual Report of the Secretary of the Treasury, 1900, informe del Director de la Casa de Moneda, 'The gold-standard law', p. 345; texto literal de la sección 1",
1933-02,20.6718,"precio oficial fijado por ley, no precio de mercado","Gold Standard Act, ley del 14 de marzo de 1900, sección 1 (dólar de 25,8 granos de oro de 9/10 de fino)",1900-03-14,sí,dato,no,"Annual Report of the Secretary of the Treasury, 1900, informe del Director de la Casa de Moneda, 'The gold-standard law', p. 345; texto literal de la sección 1",
1933-03,20.6718,"precio oficial fijado por ley, no precio de mercado","Gold Standard Act, ley del 14 de marzo de 1900, sección 1 (dólar de 25,8 granos de oro de 9/10 de fino)",1900-03-14,no: paridad legal sin convertibilidad desde el 6 de marzo de 1933 (feriado bancario); exportación con licencia desde el 10 de marzo; tenencia privada prohibida desde el 5 de abril,dato,no,"Annual Report of the Secretary of the Treasury, 1900, informe del Director de la Casa de Moneda, 'The gold-standard law', p. 345; texto literal de la sección 1",
1933-04,20.6718,"precio oficial fijado por ley, no precio de mercado","Gold Standard Act, ley del 14 de marzo de 1900, sección 1 (dólar de 25,8 granos de oro de 9/10 de fino)",1900-03-14,no: paridad legal sin convertibilidad desde el 6 de marzo de 1933 (feriado bancario); exportación con licencia desde el 10 de marzo; tenencia privada prohibida desde el 5 de abril,dato,no,"Annual Report of the Secretary of the Treasury, 1900, informe del Director de la Casa de Moneda, 'The gold-standard law', p. 345; texto literal de la sección 1",
1933-05,20.6718,"precio oficial fijado por ley, no precio de mercado","Gold Standard Act, ley del 14 de marzo de 1900, sección 1 (dólar de 25,8 granos de oro de 9/10 de fino)",1900-03-14,no: paridad legal sin convertibilidad desde el 6 de marzo de 1933 (feriado bancario); exportación con licencia desde el 10 de marzo; tenencia privada prohibida desde el 5 de abril,dato,no,"Annual Report of the Secretary of the Treasury, 1900, informe del Director de la Casa de Moneda, 'The gold-standard law', p. 345; texto literal de la sección 1",
1933-06,20.6718,"precio oficial fijado por ley, no precio de mercado","Gold Standard Act, ley del 14 de marzo de 1900, sección 1 (dólar de 25,8 granos de oro de 9/10 de fino)",1900-03-14,no: paridad legal sin convertibilidad desde el 6 de marzo de 1933 (feriado bancario); exportación con licencia desde el 10 de marzo; tenencia privada prohibida desde el 5 de abril,dato,no,"Annual Report of the Secretary of the Treasury, 1900, informe del Director de la Casa de Moneda, 'The gold-standard law', p. 345; texto literal de la sección 1",
1933-07,20.6718,"precio oficial fijado por ley, no precio de mercado","Gold Standard Act, ley del 14 de marzo de 1900, sección 1 (dólar de 25,8 granos de oro de 9/10 de fino)",1900-03-14,no: paridad legal sin convertibilidad desde el 6 de marzo de 1933 (feriado bancario); exportación con licencia desde el 10 de marzo; tenencia privada prohibida desde el 5 de abril,dato,no,"Annual Report of the Secretary of the Treasury, 1900, informe del Director de la Casa de Moneda, 'The gold-standard law', p. 345; texto literal de la sección 1",
1933-08,20.6718,"precio oficial fijado por ley, no precio de mercado","Gold Standard Act, ley del 14 de marzo de 1900, sección 1 (dólar de 25,8 granos de oro de 9/10 de fino)",1900-03-14,no: paridad legal sin convertibilidad desde el 6 de marzo de 1933 (feriado bancario); exportación con licencia desde el 10 de marzo; tenencia privada prohibida desde el 5 de abril,dato,no,"Annual Report of the Secretary of the Treasury, 1900, informe del Director de la Casa de Moneda, 'The gold-standard law', p. 345; texto literal de la sección 1",
1933-09,20.6718,"precio oficial fijado por ley, no precio de mercado","Gold Standard Act, ley del 14 de marzo de 1900, sección 1 (dólar de 25,8 granos de oro de 9/10 de fino)",1900-03-14,no: paridad legal sin convertibilidad desde el 6 de marzo de 1933 (feriado bancario); exportación con licencia desde el 10 de marzo; tenencia privada prohibida desde el 5 de abril,dato,no,"Annual Report of the Secretary of the Treasury, 1900, informe del Director de la Casa de Moneda, 'The gold-standard law', p. 345; texto literal de la sección 1","del 8 de septiembre de 1933 al 31 de enero de 1934 rigió además un precio administrado, diario, para el oro recién extraído (29,00 a 34,45 USD por onza; Annual Report of the Secretary of the Treasury 1934, anexo 26, p. 205): no es el precio oficial y no está en esta serie"
1933-10,20.6718,"precio oficial fijado por ley, no precio de mercado","Gold Standard Act, ley del 14 de marzo de 1900, sección 1 (dólar de 25,8 granos de oro de 9/10 de fino)",1900-03-14,no: paridad legal sin convertibilidad desde el 6 de marzo de 1933 (feriado bancario); exportación con licencia desde el 10 de marzo; tenencia privada prohibida desde el 5 de abril,dato,no,"Annual Report of the Secretary of the Treasury, 1900, informe del Director de la Casa de Moneda, 'The gold-standard law', p. 345; texto literal de la sección 1","del 8 de septiembre de 1933 al 31 de enero de 1934 rigió además un precio administrado, diario, para el oro recién extraído (29,00 a 34,45 USD por onza; Annual Report of the Secretary of the Treasury 1934, anexo 26, p. 205): no es el precio oficial y no está en esta serie"
1933-11,20.6718,"precio oficial fijado por ley, no precio de mercado","Gold Standard Act, ley del 14 de marzo de 1900, sección 1 (dólar de 25,8 granos de oro de 9/10 de fino)",1900-03-14,no: paridad legal sin convertibilidad desde el 6 de marzo de 1933 (feriado bancario); exportación con licencia desde el 10 de marzo; tenencia privada prohibida desde el 5 de abril,dato,no,"Annual Report of the Secretary of the Treasury, 1900, informe del Director de la Casa de Moneda, 'The gold-standard law', p. 345; texto literal de la sección 1","del 8 de septiembre de 1933 al 31 de enero de 1934 rigió además un precio administrado, diario, para el oro recién extraído (29,00 a 34,45 USD por onza; Annual Report of the Secretary of the Treasury 1934, anexo 26, p. 205): no es el precio oficial y no está en esta serie"
1933-12,20.6718,"precio oficial fijado por ley, no precio de mercado","Gold Standard Act, ley del 14 de marzo de 1900, sección 1 (dólar de 25,8 granos de oro de 9/10 de fino)",1900-03-14,no: paridad legal sin convertibilidad desde el 6 de marzo de 1933 (feriado bancario); exportación con licencia desde el 10 de marzo; tenencia privada prohibida desde el 5 de abril,dato,no,"Annual Report of the Secretary of the Treasury, 1900, informe del Director de la Casa de Moneda, 'The gold-standard law', p. 345; texto literal de la sección 1","del 8 de septiembre de 1933 al 31 de enero de 1934 rigió además un precio administrado, diario, para el oro recién extraído (29,00 a 34,45 USD por onza; Annual Report of the Secretary of the Treasury 1934, anexo 26, p. 205): no es el precio oficial y no está en esta serie"
1934-01,20.6718,"precio oficial fijado por ley, no precio de mercado","Gold Standard Act, ley del 14 de marzo de 1900, sección 1 (dólar de 25,8 granos de oro de 9/10 de fino)",1900-03-14,no: paridad legal sin convertibilidad desde el 6 de marzo de 1933 (feriado bancario); exportación con licencia desde el 10 de marzo; tenencia privada prohibida desde el 5 de abril,dato,no,"Annual Report of the Secretary of the Treasury, 1900, informe del Director de la Casa de Moneda, 'The gold-standard law', p. 345; texto literal de la sección 1","del 8 de septiembre de 1933 al 31 de enero de 1934 rigió además un precio administrado, diario, para el oro recién extraído (29,00 a 34,45 USD por onza; Annual Report of the Secretary of the Treasury 1934, anexo 26, p. 205): no es el precio oficial y no está en esta serie"
1934-02,35,"precio oficial fijado por ley, no precio de mercado","Proclamación presidencial del 31 de enero de 1934 (sección 43(b)(2) del Título III de la ley del 12 de mayo de 1933, reformada por la sección 12 de la Gold Reserve Act del 30 de enero de 1934): dólar de 15 5/21 granos de oro de 9/10 de fino","1934-01-31 15:10, hora del Este","solo bancos centrales extranjeros y usos licenciados: el Tesoro compra a 35 menos 1/4 % y vende a 35 más 1/4 % (Federal Reserve Bulletin, febrero de 1934, pp. 67-69)",dato,no,"Federal Reserve Bulletin, febrero de 1934, pp. 68-69; la fracción se comprobó en la imagen",
1934-03,35,"precio oficial fijado por ley, no precio de mercado","Proclamación presidencial del 31 de enero de 1934 (sección 43(b)(2) del Título III de la ley del 12 de mayo de 1933, reformada por la sección 12 de la Gold Reserve Act del 30 de enero de 1934): dólar de 15 5/21 granos de oro de 9/10 de fino","1934-01-31 15:10, hora del Este","solo bancos centrales extranjeros y usos licenciados: el Tesoro compra a 35 menos 1/4 % y vende a 35 más 1/4 % (Federal Reserve Bulletin, febrero de 1934, pp. 67-69)",dato,no,"Federal Reserve Bulletin, febrero de 1934, pp. 68-69; la fracción se comprobó en la imagen",
1934-04,35,"precio oficial fijado por ley, no precio de mercado","Proclamación presidencial del 31 de enero de 1934 (sección 43(b)(2) del Título III de la ley del 12 de mayo de 1933, reformada por la sección 12 de la Gold Reserve Act del 30 de enero de 1934): dólar de 15 5/21 granos de oro de 9/10 de fino","1934-01-31 15:10, hora del Este","solo bancos centrales extranjeros y usos licenciados: el Tesoro compra a 35 menos 1/4 % y vende a 35 más 1/4 % (Federal Reserve Bulletin, febrero de 1934, pp. 67-69)",dato,no,"Federal Reserve Bulletin, febrero de 1934, pp. 68-69; la fracción se comprobó en la imagen",
1934-05,35,"precio oficial fijado por ley, no precio de mercado","Proclamación presidencial del 31 de enero de 1934 (sección 43(b)(2) del Título III de la ley del 12 de mayo de 1933, reformada por la sección 12 de la Gold Reserve Act del 30 de enero de 1934): dólar de 15 5/21 granos de oro de 9/10 de fino","1934-01-31 15:10, hora del Este","solo bancos centrales extranjeros y usos licenciados: el Tesoro compra a 35 menos 1/4 % y vende a 35 más 1/4 % (Federal Reserve Bulletin, febrero de 1934, pp. 67-69)",dato,no,"Federal Reserve Bulletin, febrero de 1934, pp. 68-69; la fracción se comprobó en la imagen",
1934-06,35,"precio oficial fijado por ley, no precio de mercado","Proclamación presidencial del 31 de enero de 1934 (sección 43(b)(2) del Título III de la ley del 12 de mayo de 1933, reformada por la sección 12 de la Gold Reserve Act del 30 de enero de 1934): dólar de 15 5/21 granos de oro de 9/10 de fino","1934-01-31 15:10, hora del Este","solo bancos centrales extranjeros y usos licenciados: el Tesoro compra a 35 menos 1/4 % y vende a 35 más 1/4 % (Federal Reserve Bulletin, febrero de 1934, pp. 67-69)",dato,no,"Federal Reserve Bulletin, febrero de 1934, pp. 68-69; la fracción se comprobó en la imagen",
1934-07,35,"precio oficial fijado por ley, no precio de mercado","Proclamación presidencial del 31 de enero de 1934 (sección 43(b)(2) del Título III de la ley del 12 de mayo de 1933, reformada por la sección 12 de la Gold Reserve Act del 30 de enero de 1934): dólar de 15 5/21 granos de oro de 9/10 de fino","1934-01-31 15:10, hora del Este","solo bancos centrales extranjeros y usos licenciados: el Tesoro compra a 35 menos 1/4 % y vende a 35 más 1/4 % (Federal Reserve Bulletin, febrero de 1934, pp. 67-69)",dato,no,"Federal Reserve Bulletin, febrero de 1934, pp. 68-69; la fracción se comprobó en la imagen",
1934-08,35,"precio oficial fijado por ley, no precio de mercado","Proclamación presidencial del 31 de enero de 1934 (sección 43(b)(2) del Título III de la ley del 12 de mayo de 1933, reformada por la sección 12 de la Gold Reserve Act del 30 de enero de 1934): dólar de 15 5/21 granos de oro de 9/10 de fino","1934-01-31 15:10, hora del Este","solo bancos centrales extranjeros y usos licenciados: el Tesoro compra a 35 menos 1/4 % y vende a 35 más 1/4 % (Federal Reserve Bulletin, febrero de 1934, pp. 67-69)",dato,no,"Federal Reserve Bulletin, febrero de 1934, pp. 68-69; la fracción se comprobó en la imagen",
1934-09,35,"precio oficial fijado por ley, no precio de mercado","Proclamación presidencial del 31 de enero de 1934 (sección 43(b)(2) del Título III de la ley del 12 de mayo de 1933, reformada por la sección 12 de la Gold Reserve Act del 30 de enero de 1934): dólar de 15 5/21 granos de oro de 9/10 de fino","1934-01-31 15:10, hora del Este","solo bancos centrales extranjeros y usos licenciados: el Tesoro compra a 35 menos 1/4 % y vende a 35 más 1/4 % (Federal Reserve Bulletin, febrero de 1934, pp. 67-69)",dato,no,"Federal Reserve Bulletin, febrero de 1934, pp. 68-69; la fracción se comprobó en la imagen",
1934-10,35,"precio oficial fijado por ley, no precio de mercado","Proclamación presidencial del 31 de enero de 1934 (sección 43(b)(2) del Título III de la ley del 12 de mayo de 1933, reformada por la sección 12 de la Gold Reserve Act del 30 de enero de 1934): dólar de 15 5/21 granos de oro de 9/10 de fino","1934-01-31 15:10, hora del Este","solo bancos centrales extranjeros y usos licenciados: el Tesoro compra a 35 menos 1/4 % y vende a 35 más 1/4 % (Federal Reserve Bulletin, febrero de 1934, pp. 67-69)",dato,no,"Federal Reserve Bulletin, febrero de 1934, pp. 68-69; la fracción se comprobó en la imagen",
1934-11,35,"precio oficial fijado por ley, no precio de mercado","Proclamación presidencial del 31 de enero de 1934 (sección 43(b)(2) del Título III de la ley del 12 de mayo de 1933, reformada por la sección 12 de la Gold Reserve Act del 30 de enero de 1934): dólar de 15 5/21 granos de oro de 9/10 de fino","1934-01-31 15:10, hora del Este","solo bancos centrales extranjeros y usos licenciados: el Tesoro compra a 35 menos 1/4 % y vende a 35 más 1/4 % (Federal Reserve Bulletin, febrero de 1934, pp. 67-69)",dato,no,"Federal Reserve Bulletin, febrero de 1934, pp. 68-69; la fracción se comprobó en la imagen",
1934-12,35,"precio oficial fijado por ley, no precio de mercado","Proclamación presidencial del 31 de enero de 1934 (sección 43(b)(2) del Título III de la ley del 12 de mayo de 1933, reformada por la sección 12 de la Gold Reserve Act del 30 de enero de 1934): dólar de 15 5/21 granos de oro de 9/10 de fino","1934-01-31 15:10, hora del Este","solo bancos centrales extranjeros y usos licenciados: el Tesoro compra a 35 menos 1/4 % y vende a 35 más 1/4 % (Federal Reserve Bulletin, febrero de 1934, pp. 67-69)",dato,no,"Federal Reserve Bulletin, febrero de 1934, pp. 68-69; la fracción se comprobó en la imagen",
1935-01,35,"precio oficial fijado por ley, no precio de mercado","Proclamación presidencial del 31 de enero de 1934 (sección 43(b)(2) del Título III de la ley del 12 de mayo de 1933, reformada por la sección 12 de la Gold Reserve Act del 30 de enero de 1934): dólar de 15 5/21 granos de oro de 9/10 de fino","1934-01-31 15:10, hora del Este","solo bancos centrales extranjeros y usos licenciados: el Tesoro compra a 35 menos 1/4 % y vende a 35 más 1/4 % (Federal Reserve Bulletin, febrero de 1934, pp. 67-69)",dato,no,"Federal Reserve Bulletin, febrero de 1934, pp. 68-69; la fracción se comprobó en la imagen",
1935-02,35,"precio oficial fijado por ley, no precio de mercado","Proclamación presidencial del 31 de enero de 1934 (sección 43(b)(2) del Título III de la ley del 12 de mayo de 1933, reformada por la sección 12 de la Gold Reserve Act del 30 de enero de 1934): dólar de 15 5/21 granos de oro de 9/10 de fino","1934-01-31 15:10, hora del Este","solo bancos centrales extranjeros y usos licenciados: el Tesoro compra a 35 menos 1/4 % y vende a 35 más 1/4 % (Federal Reserve Bulletin, febrero de 1934, pp. 67-69)",dato,no,"Federal Reserve Bulletin, febrero de 1934, pp. 68-69; la fracción se comprobó en la imagen",
1935-03,35,"precio oficial fijado por ley, no precio de mercado","Proclamación presidencial del 31 de enero de 1934 (sección 43(b)(2) del Título III de la ley del 12 de mayo de 1933, reformada por la sección 12 de la Gold Reserve Act del 30 de enero de 1934): dólar de 15 5/21 granos de oro de 9/10 de fino","1934-01-31 15:10, hora del Este","solo bancos centrales extranjeros y usos licenciados: el Tesoro compra a 35 menos 1/4 % y vende a 35 más 1/4 % (Federal Reserve Bulletin, febrero de 1934, pp. 67-69)",dato,no,"Federal Reserve Bulletin, febrero de 1934, pp. 68-69; la fracción se comprobó en la imagen",
1935-04,35,"precio oficial fijado por ley, no precio de mercado","Proclamación presidencial del 31 de enero de 1934 (sección 43(b)(2) del Título III de la ley del 12 de mayo de 1933, reformada por la sección 12 de la Gold Reserve Act del 30 de enero de 1934): dólar de 15 5/21 granos de oro de 9/10 de fino","1934-01-31 15:10, hora del Este","solo bancos centrales extranjeros y usos licenciados: el Tesoro compra a 35 menos 1/4 % y vende a 35 más 1/4 % (Federal Reserve Bulletin, febrero de 1934, pp. 67-69)",dato,no,"Federal Reserve Bulletin, febrero de 1934, pp. 68-69; la fracción se comprobó en la imagen",
1935-05,35,"precio oficial fijado por ley, no precio de mercado","Proclamación presidencial del 31 de enero de 1934 (sección 43(b)(2) del Título III de la ley del 12 de mayo de 1933, reformada por la sección 12 de la Gold Reserve Act del 30 de enero de 1934): dólar de 15 5/21 granos de oro de 9/10 de fino","1934-01-31 15:10, hora del Este","solo bancos centrales extranjeros y usos licenciados: el Tesoro compra a 35 menos 1/4 % y vende a 35 más 1/4 % (Federal Reserve Bulletin, febrero de 1934, pp. 67-69)",dato,no,"Federal Reserve Bulletin, febrero de 1934, pp. 68-69; la fracción se comprobó en la imagen",
1935-06,35,"precio oficial fijado por ley, no precio de mercado","Proclamación presidencial del 31 de enero de 1934 (sección 43(b)(2) del Título III de la ley del 12 de mayo de 1933, reformada por la sección 12 de la Gold Reserve Act del 30 de enero de 1934): dólar de 15 5/21 granos de oro de 9/10 de fino","1934-01-31 15:10, hora del Este","solo bancos centrales extranjeros y usos licenciados: el Tesoro compra a 35 menos 1/4 % y vende a 35 más 1/4 % (Federal Reserve Bulletin, febrero de 1934, pp. 67-69)",dato,no,"Federal Reserve Bulletin, febrero de 1934, pp. 68-69; la fracción se comprobó en la imagen",
1935-07,35,"precio oficial fijado por ley, no precio de mercado","Proclamación presidencial del 31 de enero de 1934 (sección 43(b)(2) del Título III de la ley del 12 de mayo de 1933, reformada por la sección 12 de la Gold Reserve Act del 30 de enero de 1934): dólar de 15 5/21 granos de oro de 9/10 de fino","1934-01-31 15:10, hora del Este","solo bancos centrales extranjeros y usos licenciados: el Tesoro compra a 35 menos 1/4 % y vende a 35 más 1/4 % (Federal Reserve Bulletin, febrero de 1934, pp. 67-69)",dato,no,"Federal Reserve Bulletin, febrero de 1934, pp. 68-69; la fracción se comprobó en la imagen",
1935-08,35,"precio oficial fijado por ley, no precio de mercado","Proclamación presidencial del 31 de enero de 1934 (sección 43(b)(2) del Título III de la ley del 12 de mayo de 1933, reformada por la sección 12 de la Gold Reserve Act del 30 de enero de 1934): dólar de 15 5/21 granos de oro de 9/10 de fino","1934-01-31 15:10, hora del Este","solo bancos centrales extranjeros y usos licenciados: el Tesoro compra a 35 menos 1/4 % y vende a 35 más 1/4 % (Federal Reserve Bulletin, febrero de 1934, pp. 67-69)",dato,no,"Federal Reserve Bulletin, febrero de 1934, pp. 68-69; la fracción se comprobó en la imagen",
1935-09,35,"precio oficial fijado por ley, no precio de mercado","Proclamación presidencial del 31 de enero de 1934 (sección 43(b)(2) del Título III de la ley del 12 de mayo de 1933, reformada por la sección 12 de la Gold Reserve Act del 30 de enero de 1934): dólar de 15 5/21 granos de oro de 9/10 de fino","1934-01-31 15:10, hora del Este","solo bancos centrales extranjeros y usos licenciados: el Tesoro compra a 35 menos 1/4 % y vende a 35 más 1/4 % (Federal Reserve Bulletin, febrero de 1934, pp. 67-69)",dato,no,"Federal Reserve Bulletin, febrero de 1934, pp. 68-69; la fracción se comprobó en la imagen",
1935-10,35,"precio oficial fijado por ley, no precio de mercado","Proclamación presidencial del 31 de enero de 1934 (sección 43(b)(2) del Título III de la ley del 12 de mayo de 1933, reformada por la sección 12 de la Gold Reserve Act del 30 de enero de 1934): dólar de 15 5/21 granos de oro de 9/10 de fino","1934-01-31 15:10, hora del Este","solo bancos centrales extranjeros y usos licenciados: el Tesoro compra a 35 menos 1/4 % y vende a 35 más 1/4 % (Federal Reserve Bulletin, febrero de 1934, pp. 67-69)",dato,no,"Federal Reserve Bulletin, febrero de 1934, pp. 68-69; la fracción se comprobó en la imagen",
1935-11,35,"precio oficial fijado por ley, no precio de mercado","Proclamación presidencial del 31 de enero de 1934 (sección 43(b)(2) del Título III de la ley del 12 de mayo de 1933, reformada por la sección 12 de la Gold Reserve Act del 30 de enero de 1934): dólar de 15 5/21 granos de oro de 9/10 de fino","1934-01-31 15:10, hora del Este","solo bancos centrales extranjeros y usos licenciados: el Tesoro compra a 35 menos 1/4 % y vende a 35 más 1/4 % (Federal Reserve Bulletin, febrero de 1934, pp. 67-69)",dato,no,"Federal Reserve Bulletin, febrero de 1934, pp. 68-69; la fracción se comprobó en la imagen",
1935-12,35,"precio oficial fijado por ley, no precio de mercado","Proclamación presidencial del 31 de enero de 1934 (sección 43(b)(2) del Título III de la ley del 12 de mayo de 1933, reformada por la sección 12 de la Gold Reserve Act del 30 de enero de 1934): dólar de 15 5/21 granos de oro de 9/10 de fino","1934-01-31 15:10, hora del Este","solo bancos centrales extranjeros y usos licenciados: el Tesoro compra a 35 menos 1/4 % y vende a 35 más 1/4 % (Federal Reserve Bulletin, febrero de 1934, pp. 67-69)",dato,no,"Federal Reserve Bulletin, febrero de 1934, pp. 68-69; la fracción se comprobó en la imagen",
1936-01,35,"precio oficial fijado por ley, no precio de mercado","Proclamación presidencial del 31 de enero de 1934 (sección 43(b)(2) del Título III de la ley del 12 de mayo de 1933, reformada por la sección 12 de la Gold Reserve Act del 30 de enero de 1934): dólar de 15 5/21 granos de oro de 9/10 de fino","1934-01-31 15:10, hora del Este","solo bancos centrales extranjeros y usos licenciados: el Tesoro compra a 35 menos 1/4 % y vende a 35 más 1/4 % (Federal Reserve Bulletin, febrero de 1934, pp. 67-69)",dato,no,"Federal Reserve Bulletin, febrero de 1934, pp. 68-69; la fracción se comprobó en la imagen",
1936-02,35,"precio oficial fijado por ley, no precio de mercado","Proclamación presidencial del 31 de enero de 1934 (sección 43(b)(2) del Título III de la ley del 12 de mayo de 1933, reformada por la sección 12 de la Gold Reserve Act del 30 de enero de 1934): dólar de 15 5/21 granos de oro de 9/10 de fino","1934-01-31 15:10, hora del Este","solo bancos centrales extranjeros y usos licenciados: el Tesoro compra a 35 menos 1/4 % y vende a 35 más 1/4 % (Federal Reserve Bulletin, febrero de 1934, pp. 67-69)",dato,no,"Federal Reserve Bulletin, febrero de 1934, pp. 68-69; la fracción se comprobó en la imagen",
1936-03,35,"precio oficial fijado por ley, no precio de mercado","Proclamación presidencial del 31 de enero de 1934 (sección 43(b)(2) del Título III de la ley del 12 de mayo de 1933, reformada por la sección 12 de la Gold Reserve Act del 30 de enero de 1934): dólar de 15 5/21 granos de oro de 9/10 de fino","1934-01-31 15:10, hora del Este","solo bancos centrales extranjeros y usos licenciados: el Tesoro compra a 35 menos 1/4 % y vende a 35 más 1/4 % (Federal Reserve Bulletin, febrero de 1934, pp. 67-69)",dato,no,"Federal Reserve Bulletin, febrero de 1934, pp. 68-69; la fracción se comprobó en la imagen",
1936-04,35,"precio oficial fijado por ley, no precio de mercado","Proclamación presidencial del 31 de enero de 1934 (sección 43(b)(2) del Título III de la ley del 12 de mayo de 1933, reformada por la sección 12 de la Gold Reserve Act del 30 de enero de 1934): dólar de 15 5/21 granos de oro de 9/10 de fino","1934-01-31 15:10, hora del Este","solo bancos centrales extranjeros y usos licenciados: el Tesoro compra a 35 menos 1/4 % y vende a 35 más 1/4 % (Federal Reserve Bulletin, febrero de 1934, pp. 67-69)",dato,no,"Federal Reserve Bulletin, febrero de 1934, pp. 68-69; la fracción se comprobó en la imagen",
1936-05,35,"precio oficial fijado por ley, no precio de mercado","Proclamación presidencial del 31 de enero de 1934 (sección 43(b)(2) del Título III de la ley del 12 de mayo de 1933, reformada por la sección 12 de la Gold Reserve Act del 30 de enero de 1934): dólar de 15 5/21 granos de oro de 9/10 de fino","1934-01-31 15:10, hora del Este","solo bancos centrales extranjeros y usos licenciados: el Tesoro compra a 35 menos 1/4 % y vende a 35 más 1/4 % (Federal Reserve Bulletin, febrero de 1934, pp. 67-69)",dato,no,"Federal Reserve Bulletin, febrero de 1934, pp. 68-69; la fracción se comprobó en la imagen",
1936-06,35,"precio oficial fijado por ley, no precio de mercado","Proclamación presidencial del 31 de enero de 1934 (sección 43(b)(2) del Título III de la ley del 12 de mayo de 1933, reformada por la sección 12 de la Gold Reserve Act del 30 de enero de 1934): dólar de 15 5/21 granos de oro de 9/10 de fino","1934-01-31 15:10, hora del Este","solo bancos centrales extranjeros y usos licenciados: el Tesoro compra a 35 menos 1/4 % y vende a 35 más 1/4 % (Federal Reserve Bulletin, febrero de 1934, pp. 67-69)",dato,no,"Federal Reserve Bulletin, febrero de 1934, pp. 68-69; la fracción se comprobó en la imagen",
1936-07,35,"precio oficial fijado por ley, no precio de mercado","Proclamación presidencial del 31 de enero de 1934 (sección 43(b)(2) del Título III de la ley del 12 de mayo de 1933, reformada por la sección 12 de la Gold Reserve Act del 30 de enero de 1934): dólar de 15 5/21 granos de oro de 9/10 de fino","1934-01-31 15:10, hora del Este","solo bancos centrales extranjeros y usos licenciados: el Tesoro compra a 35 menos 1/4 % y vende a 35 más 1/4 % (Federal Reserve Bulletin, febrero de 1934, pp. 67-69)",dato,no,"Federal Reserve Bulletin, febrero de 1934, pp. 68-69; la fracción se comprobó en la imagen",
1936-08,35,"precio oficial fijado por ley, no precio de mercado","Proclamación presidencial del 31 de enero de 1934 (sección 43(b)(2) del Título III de la ley del 12 de mayo de 1933, reformada por la sección 12 de la Gold Reserve Act del 30 de enero de 1934): dólar de 15 5/21 granos de oro de 9/10 de fino","1934-01-31 15:10, hora del Este","solo bancos centrales extranjeros y usos licenciados: el Tesoro compra a 35 menos 1/4 % y vende a 35 más 1/4 % (Federal Reserve Bulletin, febrero de 1934, pp. 67-69)",dato,no,"Federal Reserve Bulletin, febrero de 1934, pp. 68-69; la fracción se comprobó en la imagen",
1936-09,35,"precio oficial fijado por ley, no precio de mercado","Proclamación presidencial del 31 de enero de 1934 (sección 43(b)(2) del Título III de la ley del 12 de mayo de 1933, reformada por la sección 12 de la Gold Reserve Act del 30 de enero de 1934): dólar de 15 5/21 granos de oro de 9/10 de fino","1934-01-31 15:10, hora del Este","solo bancos centrales extranjeros y usos licenciados: el Tesoro compra a 35 menos 1/4 % y vende a 35 más 1/4 % (Federal Reserve Bulletin, febrero de 1934, pp. 67-69)",dato,no,"Federal Reserve Bulletin, febrero de 1934, pp. 68-69; la fracción se comprobó en la imagen",
1936-10,35,"precio oficial fijado por ley, no precio de mercado","Proclamación presidencial del 31 de enero de 1934 (sección 43(b)(2) del Título III de la ley del 12 de mayo de 1933, reformada por la sección 12 de la Gold Reserve Act del 30 de enero de 1934): dólar de 15 5/21 granos de oro de 9/10 de fino","1934-01-31 15:10, hora del Este","solo bancos centrales extranjeros y usos licenciados: el Tesoro compra a 35 menos 1/4 % y vende a 35 más 1/4 % (Federal Reserve Bulletin, febrero de 1934, pp. 67-69)",dato,no,"Federal Reserve Bulletin, febrero de 1934, pp. 68-69; la fracción se comprobó en la imagen",
1936-11,35,"precio oficial fijado por ley, no precio de mercado","Proclamación presidencial del 31 de enero de 1934 (sección 43(b)(2) del Título III de la ley del 12 de mayo de 1933, reformada por la sección 12 de la Gold Reserve Act del 30 de enero de 1934): dólar de 15 5/21 granos de oro de 9/10 de fino","1934-01-31 15:10, hora del Este","solo bancos centrales extranjeros y usos licenciados: el Tesoro compra a 35 menos 1/4 % y vende a 35 más 1/4 % (Federal Reserve Bulletin, febrero de 1934, pp. 67-69)",dato,no,"Federal Reserve Bulletin, febrero de 1934, pp. 68-69; la fracción se comprobó en la imagen",
1936-12,35,"precio oficial fijado por ley, no precio de mercado","Proclamación presidencial del 31 de enero de 1934 (sección 43(b)(2) del Título III de la ley del 12 de mayo de 1933, reformada por la sección 12 de la Gold Reserve Act del 30 de enero de 1934): dólar de 15 5/21 granos de oro de 9/10 de fino","1934-01-31 15:10, hora del Este","solo bancos centrales extranjeros y usos licenciados: el Tesoro compra a 35 menos 1/4 % y vende a 35 más 1/4 % (Federal Reserve Bulletin, febrero de 1934, pp. 67-69)",dato,no,"Federal Reserve Bulletin, febrero de 1934, pp. 68-69; la fracción se comprobó en la imagen",
1937-01,35,"precio oficial fijado por ley, no precio de mercado","Proclamación presidencial del 31 de enero de 1934 (sección 43(b)(2) del Título III de la ley del 12 de mayo de 1933, reformada por la sección 12 de la Gold Reserve Act del 30 de enero de 1934): dólar de 15 5/21 granos de oro de 9/10 de fino","1934-01-31 15:10, hora del Este","solo bancos centrales extranjeros y usos licenciados: el Tesoro compra a 35 menos 1/4 % y vende a 35 más 1/4 % (Federal Reserve Bulletin, febrero de 1934, pp. 67-69)",dato,no,"Federal Reserve Bulletin, febrero de 1934, pp. 68-69; la fracción se comprobó en la imagen",
1937-02,35,"precio oficial fijado por ley, no precio de mercado","Proclamación presidencial del 31 de enero de 1934 (sección 43(b)(2) del Título III de la ley del 12 de mayo de 1933, reformada por la sección 12 de la Gold Reserve Act del 30 de enero de 1934): dólar de 15 5/21 granos de oro de 9/10 de fino","1934-01-31 15:10, hora del Este","solo bancos centrales extranjeros y usos licenciados: el Tesoro compra a 35 menos 1/4 % y vende a 35 más 1/4 % (Federal Reserve Bulletin, febrero de 1934, pp. 67-69)",dato,no,"Federal Reserve Bulletin, febrero de 1934, pp. 68-69; la fracción se comprobó en la imagen",
1937-03,35,"precio oficial fijado por ley, no precio de mercado","Proclamación presidencial del 31 de enero de 1934 (sección 43(b)(2) del Título III de la ley del 12 de mayo de 1933, reformada por la sección 12 de la Gold Reserve Act del 30 de enero de 1934): dólar de 15 5/21 granos de oro de 9/10 de fino","1934-01-31 15:10, hora del Este","solo bancos centrales extranjeros y usos licenciados: el Tesoro compra a 35 menos 1/4 % y vende a 35 más 1/4 % (Federal Reserve Bulletin, febrero de 1934, pp. 67-69)",dato,no,"Federal Reserve Bulletin, febrero de 1934, pp. 68-69; la fracción se comprobó en la imagen",
1937-04,35,"precio oficial fijado por ley, no precio de mercado","Proclamación presidencial del 31 de enero de 1934 (sección 43(b)(2) del Título III de la ley del 12 de mayo de 1933, reformada por la sección 12 de la Gold Reserve Act del 30 de enero de 1934): dólar de 15 5/21 granos de oro de 9/10 de fino","1934-01-31 15:10, hora del Este","solo bancos centrales extranjeros y usos licenciados: el Tesoro compra a 35 menos 1/4 % y vende a 35 más 1/4 % (Federal Reserve Bulletin, febrero de 1934, pp. 67-69)",dato,no,"Federal Reserve Bulletin, febrero de 1934, pp. 68-69; la fracción se comprobó en la imagen",
1937-05,35,"precio oficial fijado por ley, no precio de mercado","Proclamación presidencial del 31 de enero de 1934 (sección 43(b)(2) del Título III de la ley del 12 de mayo de 1933, reformada por la sección 12 de la Gold Reserve Act del 30 de enero de 1934): dólar de 15 5/21 granos de oro de 9/10 de fino","1934-01-31 15:10, hora del Este","solo bancos centrales extranjeros y usos licenciados: el Tesoro compra a 35 menos 1/4 % y vende a 35 más 1/4 % (Federal Reserve Bulletin, febrero de 1934, pp. 67-69)",dato,no,"Federal Reserve Bulletin, febrero de 1934, pp. 68-69; la fracción se comprobó en la imagen",
1937-06,35,"precio oficial fijado por ley, no precio de mercado","Proclamación presidencial del 31 de enero de 1934 (sección 43(b)(2) del Título III de la ley del 12 de mayo de 1933, reformada por la sección 12 de la Gold Reserve Act del 30 de enero de 1934): dólar de 15 5/21 granos de oro de 9/10 de fino","1934-01-31 15:10, hora del Este","solo bancos centrales extranjeros y usos licenciados: el Tesoro compra a 35 menos 1/4 % y vende a 35 más 1/4 % (Federal Reserve Bulletin, febrero de 1934, pp. 67-69)",dato,no,"Federal Reserve Bulletin, febrero de 1934, pp. 68-69; la fracción se comprobó en la imagen",
1937-07,35,"precio oficial fijado por ley, no precio de mercado","Proclamación presidencial del 31 de enero de 1934 (sección 43(b)(2) del Título III de la ley del 12 de mayo de 1933, reformada por la sección 12 de la Gold Reserve Act del 30 de enero de 1934): dólar de 15 5/21 granos de oro de 9/10 de fino","1934-01-31 15:10, hora del Este","solo bancos centrales extranjeros y usos licenciados: el Tesoro compra a 35 menos 1/4 % y vende a 35 más 1/4 % (Federal Reserve Bulletin, febrero de 1934, pp. 67-69)",dato,no,"Federal Reserve Bulletin, febrero de 1934, pp. 68-69; la fracción se comprobó en la imagen",
1937-08,35,"precio oficial fijado por ley, no precio de mercado","Proclamación presidencial del 31 de enero de 1934 (sección 43(b)(2) del Título III de la ley del 12 de mayo de 1933, reformada por la sección 12 de la Gold Reserve Act del 30 de enero de 1934): dólar de 15 5/21 granos de oro de 9/10 de fino","1934-01-31 15:10, hora del Este","solo bancos centrales extranjeros y usos licenciados: el Tesoro compra a 35 menos 1/4 % y vende a 35 más 1/4 % (Federal Reserve Bulletin, febrero de 1934, pp. 67-69)",dato,no,"Federal Reserve Bulletin, febrero de 1934, pp. 68-69; la fracción se comprobó en la imagen",
1937-09,35,"precio oficial fijado por ley, no precio de mercado","Proclamación presidencial del 31 de enero de 1934 (sección 43(b)(2) del Título III de la ley del 12 de mayo de 1933, reformada por la sección 12 de la Gold Reserve Act del 30 de enero de 1934): dólar de 15 5/21 granos de oro de 9/10 de fino","1934-01-31 15:10, hora del Este","solo bancos centrales extranjeros y usos licenciados: el Tesoro compra a 35 menos 1/4 % y vende a 35 más 1/4 % (Federal Reserve Bulletin, febrero de 1934, pp. 67-69)",dato,no,"Federal Reserve Bulletin, febrero de 1934, pp. 68-69; la fracción se comprobó en la imagen",
1937-10,35,"precio oficial fijado por ley, no precio de mercado","Proclamación presidencial del 31 de enero de 1934 (sección 43(b)(2) del Título III de la ley del 12 de mayo de 1933, reformada por la sección 12 de la Gold Reserve Act del 30 de enero de 1934): dólar de 15 5/21 granos de oro de 9/10 de fino","1934-01-31 15:10, hora del Este","solo bancos centrales extranjeros y usos licenciados: el Tesoro compra a 35 menos 1/4 % y vende a 35 más 1/4 % (Federal Reserve Bulletin, febrero de 1934, pp. 67-69)",dato,no,"Federal Reserve Bulletin, febrero de 1934, pp. 68-69; la fracción se comprobó en la imagen",
1937-11,35,"precio oficial fijado por ley, no precio de mercado","Proclamación presidencial del 31 de enero de 1934 (sección 43(b)(2) del Título III de la ley del 12 de mayo de 1933, reformada por la sección 12 de la Gold Reserve Act del 30 de enero de 1934): dólar de 15 5/21 granos de oro de 9/10 de fino","1934-01-31 15:10, hora del Este","solo bancos centrales extranjeros y usos licenciados: el Tesoro compra a 35 menos 1/4 % y vende a 35 más 1/4 % (Federal Reserve Bulletin, febrero de 1934, pp. 67-69)",dato,no,"Federal Reserve Bulletin, febrero de 1934, pp. 68-69; la fracción se comprobó en la imagen",
1937-12,35,"precio oficial fijado por ley, no precio de mercado","Proclamación presidencial del 31 de enero de 1934 (sección 43(b)(2) del Título III de la ley del 12 de mayo de 1933, reformada por la sección 12 de la Gold Reserve Act del 30 de enero de 1934): dólar de 15 5/21 granos de oro de 9/10 de fino","1934-01-31 15:10, hora del Este","solo bancos centrales extranjeros y usos licenciados: el Tesoro compra a 35 menos 1/4 % y vende a 35 más 1/4 % (Federal Reserve Bulletin, febrero de 1934, pp. 67-69)",dato,no,"Federal Reserve Bulletin, febrero de 1934, pp. 68-69; la fracción se comprobó en la imagen",
1938-01,35,"precio oficial fijado por ley, no precio de mercado","Proclamación presidencial del 31 de enero de 1934 (sección 43(b)(2) del Título III de la ley del 12 de mayo de 1933, reformada por la sección 12 de la Gold Reserve Act del 30 de enero de 1934): dólar de 15 5/21 granos de oro de 9/10 de fino","1934-01-31 15:10, hora del Este","solo bancos centrales extranjeros y usos licenciados: el Tesoro compra a 35 menos 1/4 % y vende a 35 más 1/4 % (Federal Reserve Bulletin, febrero de 1934, pp. 67-69)",dato,no,"Federal Reserve Bulletin, febrero de 1934, pp. 68-69; la fracción se comprobó en la imagen",
1938-02,35,"precio oficial fijado por ley, no precio de mercado","Proclamación presidencial del 31 de enero de 1934 (sección 43(b)(2) del Título III de la ley del 12 de mayo de 1933, reformada por la sección 12 de la Gold Reserve Act del 30 de enero de 1934): dólar de 15 5/21 granos de oro de 9/10 de fino","1934-01-31 15:10, hora del Este","solo bancos centrales extranjeros y usos licenciados: el Tesoro compra a 35 menos 1/4 % y vende a 35 más 1/4 % (Federal Reserve Bulletin, febrero de 1934, pp. 67-69)",dato,no,"Federal Reserve Bulletin, febrero de 1934, pp. 68-69; la fracción se comprobó en la imagen",
1938-03,35,"precio oficial fijado por ley, no precio de mercado","Proclamación presidencial del 31 de enero de 1934 (sección 43(b)(2) del Título III de la ley del 12 de mayo de 1933, reformada por la sección 12 de la Gold Reserve Act del 30 de enero de 1934): dólar de 15 5/21 granos de oro de 9/10 de fino","1934-01-31 15:10, hora del Este","solo bancos centrales extranjeros y usos licenciados: el Tesoro compra a 35 menos 1/4 % y vende a 35 más 1/4 % (Federal Reserve Bulletin, febrero de 1934, pp. 67-69)",dato,no,"Federal Reserve Bulletin, febrero de 1934, pp. 68-69; la fracción se comprobó en la imagen",
1938-04,35,"precio oficial fijado por ley, no precio de mercado","Proclamación presidencial del 31 de enero de 1934 (sección 43(b)(2) del Título III de la ley del 12 de mayo de 1933, reformada por la sección 12 de la Gold Reserve Act del 30 de enero de 1934): dólar de 15 5/21 granos de oro de 9/10 de fino","1934-01-31 15:10, hora del Este","solo bancos centrales extranjeros y usos licenciados: el Tesoro compra a 35 menos 1/4 % y vende a 35 más 1/4 % (Federal Reserve Bulletin, febrero de 1934, pp. 67-69)",dato,no,"Federal Reserve Bulletin, febrero de 1934, pp. 68-69; la fracción se comprobó en la imagen",
1938-05,35,"precio oficial fijado por ley, no precio de mercado","Proclamación presidencial del 31 de enero de 1934 (sección 43(b)(2) del Título III de la ley del 12 de mayo de 1933, reformada por la sección 12 de la Gold Reserve Act del 30 de enero de 1934): dólar de 15 5/21 granos de oro de 9/10 de fino","1934-01-31 15:10, hora del Este","solo bancos centrales extranjeros y usos licenciados: el Tesoro compra a 35 menos 1/4 % y vende a 35 más 1/4 % (Federal Reserve Bulletin, febrero de 1934, pp. 67-69)",dato,no,"Federal Reserve Bulletin, febrero de 1934, pp. 68-69; la fracción se comprobó en la imagen",
1938-06,35,"precio oficial fijado por ley, no precio de mercado","Proclamación presidencial del 31 de enero de 1934 (sección 43(b)(2) del Título III de la ley del 12 de mayo de 1933, reformada por la sección 12 de la Gold Reserve Act del 30 de enero de 1934): dólar de 15 5/21 granos de oro de 9/10 de fino","1934-01-31 15:10, hora del Este","solo bancos centrales extranjeros y usos licenciados: el Tesoro compra a 35 menos 1/4 % y vende a 35 más 1/4 % (Federal Reserve Bulletin, febrero de 1934, pp. 67-69)",dato,no,"Federal Reserve Bulletin, febrero de 1934, pp. 68-69; la fracción se comprobó en la imagen",
1938-07,35,"precio oficial fijado por ley, no precio de mercado","Proclamación presidencial del 31 de enero de 1934 (sección 43(b)(2) del Título III de la ley del 12 de mayo de 1933, reformada por la sección 12 de la Gold Reserve Act del 30 de enero de 1934): dólar de 15 5/21 granos de oro de 9/10 de fino","1934-01-31 15:10, hora del Este","solo bancos centrales extranjeros y usos licenciados: el Tesoro compra a 35 menos 1/4 % y vende a 35 más 1/4 % (Federal Reserve Bulletin, febrero de 1934, pp. 67-69)",dato,no,"Federal Reserve Bulletin, febrero de 1934, pp. 68-69; la fracción se comprobó en la imagen",
1938-08,35,"precio oficial fijado por ley, no precio de mercado","Proclamación presidencial del 31 de enero de 1934 (sección 43(b)(2) del Título III de la ley del 12 de mayo de 1933, reformada por la sección 12 de la Gold Reserve Act del 30 de enero de 1934): dólar de 15 5/21 granos de oro de 9/10 de fino","1934-01-31 15:10, hora del Este","solo bancos centrales extranjeros y usos licenciados: el Tesoro compra a 35 menos 1/4 % y vende a 35 más 1/4 % (Federal Reserve Bulletin, febrero de 1934, pp. 67-69)",dato,no,"Federal Reserve Bulletin, febrero de 1934, pp. 68-69; la fracción se comprobó en la imagen",
1938-09,35,"precio oficial fijado por ley, no precio de mercado","Proclamación presidencial del 31 de enero de 1934 (sección 43(b)(2) del Título III de la ley del 12 de mayo de 1933, reformada por la sección 12 de la Gold Reserve Act del 30 de enero de 1934): dólar de 15 5/21 granos de oro de 9/10 de fino","1934-01-31 15:10, hora del Este","solo bancos centrales extranjeros y usos licenciados: el Tesoro compra a 35 menos 1/4 % y vende a 35 más 1/4 % (Federal Reserve Bulletin, febrero de 1934, pp. 67-69)",dato,no,"Federal Reserve Bulletin, febrero de 1934, pp. 68-69; la fracción se comprobó en la imagen",
1938-10,35,"precio oficial fijado por ley, no precio de mercado","Proclamación presidencial del 31 de enero de 1934 (sección 43(b)(2) del Título III de la ley del 12 de mayo de 1933, reformada por la sección 12 de la Gold Reserve Act del 30 de enero de 1934): dólar de 15 5/21 granos de oro de 9/10 de fino","1934-01-31 15:10, hora del Este","solo bancos centrales extranjeros y usos licenciados: el Tesoro compra a 35 menos 1/4 % y vende a 35 más 1/4 % (Federal Reserve Bulletin, febrero de 1934, pp. 67-69)",dato,no,"Federal Reserve Bulletin, febrero de 1934, pp. 68-69; la fracción se comprobó en la imagen",
1938-11,35,"precio oficial fijado por ley, no precio de mercado","Proclamación presidencial del 31 de enero de 1934 (sección 43(b)(2) del Título III de la ley del 12 de mayo de 1933, reformada por la sección 12 de la Gold Reserve Act del 30 de enero de 1934): dólar de 15 5/21 granos de oro de 9/10 de fino","1934-01-31 15:10, hora del Este","solo bancos centrales extranjeros y usos licenciados: el Tesoro compra a 35 menos 1/4 % y vende a 35 más 1/4 % (Federal Reserve Bulletin, febrero de 1934, pp. 67-69)",dato,no,"Federal Reserve Bulletin, febrero de 1934, pp. 68-69; la fracción se comprobó en la imagen",
1938-12,35,"precio oficial fijado por ley, no precio de mercado","Proclamación presidencial del 31 de enero de 1934 (sección 43(b)(2) del Título III de la ley del 12 de mayo de 1933, reformada por la sección 12 de la Gold Reserve Act del 30 de enero de 1934): dólar de 15 5/21 granos de oro de 9/10 de fino","1934-01-31 15:10, hora del Este","solo bancos centrales extranjeros y usos licenciados: el Tesoro compra a 35 menos 1/4 % y vende a 35 más 1/4 % (Federal Reserve Bulletin, febrero de 1934, pp. 67-69)",dato,no,"Federal Reserve Bulletin, febrero de 1934, pp. 68-69; la fracción se comprobó en la imagen",
1939-01,35,"precio oficial fijado por ley, no precio de mercado","Proclamación presidencial del 31 de enero de 1934 (sección 43(b)(2) del Título III de la ley del 12 de mayo de 1933, reformada por la sección 12 de la Gold Reserve Act del 30 de enero de 1934): dólar de 15 5/21 granos de oro de 9/10 de fino","1934-01-31 15:10, hora del Este","solo bancos centrales extranjeros y usos licenciados: el Tesoro compra a 35 menos 1/4 % y vende a 35 más 1/4 % (Federal Reserve Bulletin, febrero de 1934, pp. 67-69)",dato,no,"Federal Reserve Bulletin, febrero de 1934, pp. 68-69; la fracción se comprobó en la imagen",
1939-02,35,"precio oficial fijado por ley, no precio de mercado","Proclamación presidencial del 31 de enero de 1934 (sección 43(b)(2) del Título III de la ley del 12 de mayo de 1933, reformada por la sección 12 de la Gold Reserve Act del 30 de enero de 1934): dólar de 15 5/21 granos de oro de 9/10 de fino","1934-01-31 15:10, hora del Este","solo bancos centrales extranjeros y usos licenciados: el Tesoro compra a 35 menos 1/4 % y vende a 35 más 1/4 % (Federal Reserve Bulletin, febrero de 1934, pp. 67-69)",dato,no,"Federal Reserve Bulletin, febrero de 1934, pp. 68-69; la fracción se comprobó en la imagen",
1939-03,35,"precio oficial fijado por ley, no precio de mercado","Proclamación presidencial del 31 de enero de 1934 (sección 43(b)(2) del Título III de la ley del 12 de mayo de 1933, reformada por la sección 12 de la Gold Reserve Act del 30 de enero de 1934): dólar de 15 5/21 granos de oro de 9/10 de fino","1934-01-31 15:10, hora del Este","solo bancos centrales extranjeros y usos licenciados: el Tesoro compra a 35 menos 1/4 % y vende a 35 más 1/4 % (Federal Reserve Bulletin, febrero de 1934, pp. 67-69)",dato,no,"Federal Reserve Bulletin, febrero de 1934, pp. 68-69; la fracción se comprobó en la imagen",
1939-04,35,"precio oficial fijado por ley, no precio de mercado","Proclamación presidencial del 31 de enero de 1934 (sección 43(b)(2) del Título III de la ley del 12 de mayo de 1933, reformada por la sección 12 de la Gold Reserve Act del 30 de enero de 1934): dólar de 15 5/21 granos de oro de 9/10 de fino","1934-01-31 15:10, hora del Este","solo bancos centrales extranjeros y usos licenciados: el Tesoro compra a 35 menos 1/4 % y vende a 35 más 1/4 % (Federal Reserve Bulletin, febrero de 1934, pp. 67-69)",dato,no,"Federal Reserve Bulletin, febrero de 1934, pp. 68-69; la fracción se comprobó en la imagen",
1939-05,35,"precio oficial fijado por ley, no precio de mercado","Proclamación presidencial del 31 de enero de 1934 (sección 43(b)(2) del Título III de la ley del 12 de mayo de 1933, reformada por la sección 12 de la Gold Reserve Act del 30 de enero de 1934): dólar de 15 5/21 granos de oro de 9/10 de fino","1934-01-31 15:10, hora del Este","solo bancos centrales extranjeros y usos licenciados: el Tesoro compra a 35 menos 1/4 % y vende a 35 más 1/4 % (Federal Reserve Bulletin, febrero de 1934, pp. 67-69)",dato,no,"Federal Reserve Bulletin, febrero de 1934, pp. 68-69; la fracción se comprobó en la imagen",
1939-06,35,"precio oficial fijado por ley, no precio de mercado","Proclamación presidencial del 31 de enero de 1934 (sección 43(b)(2) del Título III de la ley del 12 de mayo de 1933, reformada por la sección 12 de la Gold Reserve Act del 30 de enero de 1934): dólar de 15 5/21 granos de oro de 9/10 de fino","1934-01-31 15:10, hora del Este","solo bancos centrales extranjeros y usos licenciados: el Tesoro compra a 35 menos 1/4 % y vende a 35 más 1/4 % (Federal Reserve Bulletin, febrero de 1934, pp. 67-69)",dato,no,"Federal Reserve Bulletin, febrero de 1934, pp. 68-69; la fracción se comprobó en la imagen",
1939-07,35,"precio oficial fijado por ley, no precio de mercado","Proclamación presidencial del 31 de enero de 1934 (sección 43(b)(2) del Título III de la ley del 12 de mayo de 1933, reformada por la sección 12 de la Gold Reserve Act del 30 de enero de 1934): dólar de 15 5/21 granos de oro de 9/10 de fino","1934-01-31 15:10, hora del Este","solo bancos centrales extranjeros y usos licenciados: el Tesoro compra a 35 menos 1/4 % y vende a 35 más 1/4 % (Federal Reserve Bulletin, febrero de 1934, pp. 67-69)",dato,no,"Federal Reserve Bulletin, febrero de 1934, pp. 68-69; la fracción se comprobó en la imagen",
1939-08,35,"precio oficial fijado por ley, no precio de mercado","Proclamación presidencial del 31 de enero de 1934 (sección 43(b)(2) del Título III de la ley del 12 de mayo de 1933, reformada por la sección 12 de la Gold Reserve Act del 30 de enero de 1934): dólar de 15 5/21 granos de oro de 9/10 de fino","1934-01-31 15:10, hora del Este","solo bancos centrales extranjeros y usos licenciados: el Tesoro compra a 35 menos 1/4 % y vende a 35 más 1/4 % (Federal Reserve Bulletin, febrero de 1934, pp. 67-69)",dato,no,"Federal Reserve Bulletin, febrero de 1934, pp. 68-69; la fracción se comprobó en la imagen",
1939-09,35,"precio oficial fijado por ley, no precio de mercado","Proclamación presidencial del 31 de enero de 1934 (sección 43(b)(2) del Título III de la ley del 12 de mayo de 1933, reformada por la sección 12 de la Gold Reserve Act del 30 de enero de 1934): dólar de 15 5/21 granos de oro de 9/10 de fino","1934-01-31 15:10, hora del Este","solo bancos centrales extranjeros y usos licenciados: el Tesoro compra a 35 menos 1/4 % y vende a 35 más 1/4 % (Federal Reserve Bulletin, febrero de 1934, pp. 67-69)",dato,no,"Federal Reserve Bulletin, febrero de 1934, pp. 68-69; la fracción se comprobó en la imagen",
1939-10,35,"precio oficial fijado por ley, no precio de mercado","Proclamación presidencial del 31 de enero de 1934 (sección 43(b)(2) del Título III de la ley del 12 de mayo de 1933, reformada por la sección 12 de la Gold Reserve Act del 30 de enero de 1934): dólar de 15 5/21 granos de oro de 9/10 de fino","1934-01-31 15:10, hora del Este","solo bancos centrales extranjeros y usos licenciados: el Tesoro compra a 35 menos 1/4 % y vende a 35 más 1/4 % (Federal Reserve Bulletin, febrero de 1934, pp. 67-69)",dato,no,"Federal Reserve Bulletin, febrero de 1934, pp. 68-69; la fracción se comprobó en la imagen",
1939-11,35,"precio oficial fijado por ley, no precio de mercado","Proclamación presidencial del 31 de enero de 1934 (sección 43(b)(2) del Título III de la ley del 12 de mayo de 1933, reformada por la sección 12 de la Gold Reserve Act del 30 de enero de 1934): dólar de 15 5/21 granos de oro de 9/10 de fino","1934-01-31 15:10, hora del Este","solo bancos centrales extranjeros y usos licenciados: el Tesoro compra a 35 menos 1/4 % y vende a 35 más 1/4 % (Federal Reserve Bulletin, febrero de 1934, pp. 67-69)",dato,no,"Federal Reserve Bulletin, febrero de 1934, pp. 68-69; la fracción se comprobó en la imagen",
1939-12,35,"precio oficial fijado por ley, no precio de mercado","Proclamación presidencial del 31 de enero de 1934 (sección 43(b)(2) del Título III de la ley del 12 de mayo de 1933, reformada por la sección 12 de la Gold Reserve Act del 30 de enero de 1934): dólar de 15 5/21 granos de oro de 9/10 de fino","1934-01-31 15:10, hora del Este","solo bancos centrales extranjeros y usos licenciados: el Tesoro compra a 35 menos 1/4 % y vende a 35 más 1/4 % (Federal Reserve Bulletin, febrero de 1934, pp. 67-69)",dato,no,"Federal Reserve Bulletin, febrero de 1934, pp. 68-69; la fracción se comprobó en la imagen",
1940-01,35,"precio oficial fijado por ley, no precio de mercado","Proclamación presidencial del 31 de enero de 1934 (sección 43(b)(2) del Título III de la ley del 12 de mayo de 1933, reformada por la sección 12 de la Gold Reserve Act del 30 de enero de 1934): dólar de 15 5/21 granos de oro de 9/10 de fino","1934-01-31 15:10, hora del Este","solo bancos centrales extranjeros y usos licenciados: el Tesoro compra a 35 menos 1/4 % y vende a 35 más 1/4 % (Federal Reserve Bulletin, febrero de 1934, pp. 67-69)",dato,no,"Federal Reserve Bulletin, febrero de 1934, pp. 68-69; la fracción se comprobó en la imagen",
1940-02,35,"precio oficial fijado por ley, no precio de mercado","Proclamación presidencial del 31 de enero de 1934 (sección 43(b)(2) del Título III de la ley del 12 de mayo de 1933, reformada por la sección 12 de la Gold Reserve Act del 30 de enero de 1934): dólar de 15 5/21 granos de oro de 9/10 de fino","1934-01-31 15:10, hora del Este","solo bancos centrales extranjeros y usos licenciados: el Tesoro compra a 35 menos 1/4 % y vende a 35 más 1/4 % (Federal Reserve Bulletin, febrero de 1934, pp. 67-69)",dato,no,"Federal Reserve Bulletin, febrero de 1934, pp. 68-69; la fracción se comprobó en la imagen",
1940-03,35,"precio oficial fijado por ley, no precio de mercado","Proclamación presidencial del 31 de enero de 1934 (sección 43(b)(2) del Título III de la ley del 12 de mayo de 1933, reformada por la sección 12 de la Gold Reserve Act del 30 de enero de 1934): dólar de 15 5/21 granos de oro de 9/10 de fino","1934-01-31 15:10, hora del Este","solo bancos centrales extranjeros y usos licenciados: el Tesoro compra a 35 menos 1/4 % y vende a 35 más 1/4 % (Federal Reserve Bulletin, febrero de 1934, pp. 67-69)",dato,no,"Federal Reserve Bulletin, febrero de 1934, pp. 68-69; la fracción se comprobó en la imagen",
1940-04,35,"precio oficial fijado por ley, no precio de mercado","Proclamación presidencial del 31 de enero de 1934 (sección 43(b)(2) del Título III de la ley del 12 de mayo de 1933, reformada por la sección 12 de la Gold Reserve Act del 30 de enero de 1934): dólar de 15 5/21 granos de oro de 9/10 de fino","1934-01-31 15:10, hora del Este","solo bancos centrales extranjeros y usos licenciados: el Tesoro compra a 35 menos 1/4 % y vende a 35 más 1/4 % (Federal Reserve Bulletin, febrero de 1934, pp. 67-69)",dato,no,"Federal Reserve Bulletin, febrero de 1934, pp. 68-69; la fracción se comprobó en la imagen",
1940-05,35,"precio oficial fijado por ley, no precio de mercado","Proclamación presidencial del 31 de enero de 1934 (sección 43(b)(2) del Título III de la ley del 12 de mayo de 1933, reformada por la sección 12 de la Gold Reserve Act del 30 de enero de 1934): dólar de 15 5/21 granos de oro de 9/10 de fino","1934-01-31 15:10, hora del Este","solo bancos centrales extranjeros y usos licenciados: el Tesoro compra a 35 menos 1/4 % y vende a 35 más 1/4 % (Federal Reserve Bulletin, febrero de 1934, pp. 67-69)",dato,no,"Federal Reserve Bulletin, febrero de 1934, pp. 68-69; la fracción se comprobó en la imagen",
1940-06,35,"precio oficial fijado por ley, no precio de mercado","Proclamación presidencial del 31 de enero de 1934 (sección 43(b)(2) del Título III de la ley del 12 de mayo de 1933, reformada por la sección 12 de la Gold Reserve Act del 30 de enero de 1934): dólar de 15 5/21 granos de oro de 9/10 de fino","1934-01-31 15:10, hora del Este","solo bancos centrales extranjeros y usos licenciados: el Tesoro compra a 35 menos 1/4 % y vende a 35 más 1/4 % (Federal Reserve Bulletin, febrero de 1934, pp. 67-69)",dato,no,"Federal Reserve Bulletin, febrero de 1934, pp. 68-69; la fracción se comprobó en la imagen",
1940-07,35,"precio oficial fijado por ley, no precio de mercado","Proclamación presidencial del 31 de enero de 1934 (sección 43(b)(2) del Título III de la ley del 12 de mayo de 1933, reformada por la sección 12 de la Gold Reserve Act del 30 de enero de 1934): dólar de 15 5/21 granos de oro de 9/10 de fino","1934-01-31 15:10, hora del Este","solo bancos centrales extranjeros y usos licenciados: el Tesoro compra a 35 menos 1/4 % y vende a 35 más 1/4 % (Federal Reserve Bulletin, febrero de 1934, pp. 67-69)",dato,no,"Federal Reserve Bulletin, febrero de 1934, pp. 68-69; la fracción se comprobó en la imagen",
1940-08,35,"precio oficial fijado por ley, no precio de mercado","Proclamación presidencial del 31 de enero de 1934 (sección 43(b)(2) del Título III de la ley del 12 de mayo de 1933, reformada por la sección 12 de la Gold Reserve Act del 30 de enero de 1934): dólar de 15 5/21 granos de oro de 9/10 de fino","1934-01-31 15:10, hora del Este","solo bancos centrales extranjeros y usos licenciados: el Tesoro compra a 35 menos 1/4 % y vende a 35 más 1/4 % (Federal Reserve Bulletin, febrero de 1934, pp. 67-69)",dato,no,"Federal Reserve Bulletin, febrero de 1934, pp. 68-69; la fracción se comprobó en la imagen",
1940-09,35,"precio oficial fijado por ley, no precio de mercado","Proclamación presidencial del 31 de enero de 1934 (sección 43(b)(2) del Título III de la ley del 12 de mayo de 1933, reformada por la sección 12 de la Gold Reserve Act del 30 de enero de 1934): dólar de 15 5/21 granos de oro de 9/10 de fino","1934-01-31 15:10, hora del Este","solo bancos centrales extranjeros y usos licenciados: el Tesoro compra a 35 menos 1/4 % y vende a 35 más 1/4 % (Federal Reserve Bulletin, febrero de 1934, pp. 67-69)",dato,no,"Federal Reserve Bulletin, febrero de 1934, pp. 68-69; la fracción se comprobó en la imagen",
1940-10,35,"precio oficial fijado por ley, no precio de mercado","Proclamación presidencial del 31 de enero de 1934 (sección 43(b)(2) del Título III de la ley del 12 de mayo de 1933, reformada por la sección 12 de la Gold Reserve Act del 30 de enero de 1934): dólar de 15 5/21 granos de oro de 9/10 de fino","1934-01-31 15:10, hora del Este","solo bancos centrales extranjeros y usos licenciados: el Tesoro compra a 35 menos 1/4 % y vende a 35 más 1/4 % (Federal Reserve Bulletin, febrero de 1934, pp. 67-69)",dato,no,"Federal Reserve Bulletin, febrero de 1934, pp. 68-69; la fracción se comprobó en la imagen",
1940-11,35,"precio oficial fijado por ley, no precio de mercado","Proclamación presidencial del 31 de enero de 1934 (sección 43(b)(2) del Título III de la ley del 12 de mayo de 1933, reformada por la sección 12 de la Gold Reserve Act del 30 de enero de 1934): dólar de 15 5/21 granos de oro de 9/10 de fino","1934-01-31 15:10, hora del Este","solo bancos centrales extranjeros y usos licenciados: el Tesoro compra a 35 menos 1/4 % y vende a 35 más 1/4 % (Federal Reserve Bulletin, febrero de 1934, pp. 67-69)",dato,no,"Federal Reserve Bulletin, febrero de 1934, pp. 68-69; la fracción se comprobó en la imagen",
1940-12,35,"precio oficial fijado por ley, no precio de mercado","Proclamación presidencial del 31 de enero de 1934 (sección 43(b)(2) del Título III de la ley del 12 de mayo de 1933, reformada por la sección 12 de la Gold Reserve Act del 30 de enero de 1934): dólar de 15 5/21 granos de oro de 9/10 de fino","1934-01-31 15:10, hora del Este","solo bancos centrales extranjeros y usos licenciados: el Tesoro compra a 35 menos 1/4 % y vende a 35 más 1/4 % (Federal Reserve Bulletin, febrero de 1934, pp. 67-69)",dato,no,"Federal Reserve Bulletin, febrero de 1934, pp. 68-69; la fracción se comprobó en la imagen",
1941-01,35,"precio oficial fijado por ley, no precio de mercado","Proclamación presidencial del 31 de enero de 1934 (sección 43(b)(2) del Título III de la ley del 12 de mayo de 1933, reformada por la sección 12 de la Gold Reserve Act del 30 de enero de 1934): dólar de 15 5/21 granos de oro de 9/10 de fino","1934-01-31 15:10, hora del Este","solo bancos centrales extranjeros y usos licenciados: el Tesoro compra a 35 menos 1/4 % y vende a 35 más 1/4 % (Federal Reserve Bulletin, febrero de 1934, pp. 67-69)",dato,no,"Federal Reserve Bulletin, febrero de 1934, pp. 68-69; la fracción se comprobó en la imagen",
1941-02,35,"precio oficial fijado por ley, no precio de mercado","Proclamación presidencial del 31 de enero de 1934 (sección 43(b)(2) del Título III de la ley del 12 de mayo de 1933, reformada por la sección 12 de la Gold Reserve Act del 30 de enero de 1934): dólar de 15 5/21 granos de oro de 9/10 de fino","1934-01-31 15:10, hora del Este","solo bancos centrales extranjeros y usos licenciados: el Tesoro compra a 35 menos 1/4 % y vende a 35 más 1/4 % (Federal Reserve Bulletin, febrero de 1934, pp. 67-69)",dato,no,"Federal Reserve Bulletin, febrero de 1934, pp. 68-69; la fracción se comprobó en la imagen",
1941-03,35,"precio oficial fijado por ley, no precio de mercado","Proclamación presidencial del 31 de enero de 1934 (sección 43(b)(2) del Título III de la ley del 12 de mayo de 1933, reformada por la sección 12 de la Gold Reserve Act del 30 de enero de 1934): dólar de 15 5/21 granos de oro de 9/10 de fino","1934-01-31 15:10, hora del Este","solo bancos centrales extranjeros y usos licenciados: el Tesoro compra a 35 menos 1/4 % y vende a 35 más 1/4 % (Federal Reserve Bulletin, febrero de 1934, pp. 67-69)",dato,no,"Federal Reserve Bulletin, febrero de 1934, pp. 68-69; la fracción se comprobó en la imagen",
1941-04,35,"precio oficial fijado por ley, no precio de mercado","Proclamación presidencial del 31 de enero de 1934 (sección 43(b)(2) del Título III de la ley del 12 de mayo de 1933, reformada por la sección 12 de la Gold Reserve Act del 30 de enero de 1934): dólar de 15 5/21 granos de oro de 9/10 de fino","1934-01-31 15:10, hora del Este","solo bancos centrales extranjeros y usos licenciados: el Tesoro compra a 35 menos 1/4 % y vende a 35 más 1/4 % (Federal Reserve Bulletin, febrero de 1934, pp. 67-69)",dato,no,"Federal Reserve Bulletin, febrero de 1934, pp. 68-69; la fracción se comprobó en la imagen",
1941-05,35,"precio oficial fijado por ley, no precio de mercado","Proclamación presidencial del 31 de enero de 1934 (sección 43(b)(2) del Título III de la ley del 12 de mayo de 1933, reformada por la sección 12 de la Gold Reserve Act del 30 de enero de 1934): dólar de 15 5/21 granos de oro de 9/10 de fino","1934-01-31 15:10, hora del Este","solo bancos centrales extranjeros y usos licenciados: el Tesoro compra a 35 menos 1/4 % y vende a 35 más 1/4 % (Federal Reserve Bulletin, febrero de 1934, pp. 67-69)",dato,no,"Federal Reserve Bulletin, febrero de 1934, pp. 68-69; la fracción se comprobó en la imagen",
1941-06,35,"precio oficial fijado por ley, no precio de mercado","Proclamación presidencial del 31 de enero de 1934 (sección 43(b)(2) del Título III de la ley del 12 de mayo de 1933, reformada por la sección 12 de la Gold Reserve Act del 30 de enero de 1934): dólar de 15 5/21 granos de oro de 9/10 de fino","1934-01-31 15:10, hora del Este","solo bancos centrales extranjeros y usos licenciados: el Tesoro compra a 35 menos 1/4 % y vende a 35 más 1/4 % (Federal Reserve Bulletin, febrero de 1934, pp. 67-69)",dato,no,"Federal Reserve Bulletin, febrero de 1934, pp. 68-69; la fracción se comprobó en la imagen",
1941-07,35,"precio oficial fijado por ley, no precio de mercado","Proclamación presidencial del 31 de enero de 1934 (sección 43(b)(2) del Título III de la ley del 12 de mayo de 1933, reformada por la sección 12 de la Gold Reserve Act del 30 de enero de 1934): dólar de 15 5/21 granos de oro de 9/10 de fino","1934-01-31 15:10, hora del Este","solo bancos centrales extranjeros y usos licenciados: el Tesoro compra a 35 menos 1/4 % y vende a 35 más 1/4 % (Federal Reserve Bulletin, febrero de 1934, pp. 67-69)",dato,no,"Federal Reserve Bulletin, febrero de 1934, pp. 68-69; la fracción se comprobó en la imagen",
1941-08,35,"precio oficial fijado por ley, no precio de mercado","Proclamación presidencial del 31 de enero de 1934 (sección 43(b)(2) del Título III de la ley del 12 de mayo de 1933, reformada por la sección 12 de la Gold Reserve Act del 30 de enero de 1934): dólar de 15 5/21 granos de oro de 9/10 de fino","1934-01-31 15:10, hora del Este","solo bancos centrales extranjeros y usos licenciados: el Tesoro compra a 35 menos 1/4 % y vende a 35 más 1/4 % (Federal Reserve Bulletin, febrero de 1934, pp. 67-69)",dato,no,"Federal Reserve Bulletin, febrero de 1934, pp. 68-69; la fracción se comprobó en la imagen",
1941-09,35,"precio oficial fijado por ley, no precio de mercado","Proclamación presidencial del 31 de enero de 1934 (sección 43(b)(2) del Título III de la ley del 12 de mayo de 1933, reformada por la sección 12 de la Gold Reserve Act del 30 de enero de 1934): dólar de 15 5/21 granos de oro de 9/10 de fino","1934-01-31 15:10, hora del Este","solo bancos centrales extranjeros y usos licenciados: el Tesoro compra a 35 menos 1/4 % y vende a 35 más 1/4 % (Federal Reserve Bulletin, febrero de 1934, pp. 67-69)",dato,no,"Federal Reserve Bulletin, febrero de 1934, pp. 68-69; la fracción se comprobó en la imagen",
1941-10,35,"precio oficial fijado por ley, no precio de mercado","Proclamación presidencial del 31 de enero de 1934 (sección 43(b)(2) del Título III de la ley del 12 de mayo de 1933, reformada por la sección 12 de la Gold Reserve Act del 30 de enero de 1934): dólar de 15 5/21 granos de oro de 9/10 de fino","1934-01-31 15:10, hora del Este","solo bancos centrales extranjeros y usos licenciados: el Tesoro compra a 35 menos 1/4 % y vende a 35 más 1/4 % (Federal Reserve Bulletin, febrero de 1934, pp. 67-69)",dato,no,"Federal Reserve Bulletin, febrero de 1934, pp. 68-69; la fracción se comprobó en la imagen",
1941-11,35,"precio oficial fijado por ley, no precio de mercado","Proclamación presidencial del 31 de enero de 1934 (sección 43(b)(2) del Título III de la ley del 12 de mayo de 1933, reformada por la sección 12 de la Gold Reserve Act del 30 de enero de 1934): dólar de 15 5/21 granos de oro de 9/10 de fino","1934-01-31 15:10, hora del Este","solo bancos centrales extranjeros y usos licenciados: el Tesoro compra a 35 menos 1/4 % y vende a 35 más 1/4 % (Federal Reserve Bulletin, febrero de 1934, pp. 67-69)",dato,no,"Federal Reserve Bulletin, febrero de 1934, pp. 68-69; la fracción se comprobó en la imagen",
1941-12,35,"precio oficial fijado por ley, no precio de mercado","Proclamación presidencial del 31 de enero de 1934 (sección 43(b)(2) del Título III de la ley del 12 de mayo de 1933, reformada por la sección 12 de la Gold Reserve Act del 30 de enero de 1934): dólar de 15 5/21 granos de oro de 9/10 de fino","1934-01-31 15:10, hora del Este","solo bancos centrales extranjeros y usos licenciados: el Tesoro compra a 35 menos 1/4 % y vende a 35 más 1/4 % (Federal Reserve Bulletin, febrero de 1934, pp. 67-69)",dato,no,"Federal Reserve Bulletin, febrero de 1934, pp. 68-69; la fracción se comprobó en la imagen",
1942-01,35,"precio oficial fijado por ley, no precio de mercado","Proclamación presidencial del 31 de enero de 1934 (sección 43(b)(2) del Título III de la ley del 12 de mayo de 1933, reformada por la sección 12 de la Gold Reserve Act del 30 de enero de 1934): dólar de 15 5/21 granos de oro de 9/10 de fino","1934-01-31 15:10, hora del Este","solo bancos centrales extranjeros y usos licenciados: el Tesoro compra a 35 menos 1/4 % y vende a 35 más 1/4 % (Federal Reserve Bulletin, febrero de 1934, pp. 67-69)",dato,no,"Federal Reserve Bulletin, febrero de 1934, pp. 68-69; la fracción se comprobó en la imagen",
1942-02,35,"precio oficial fijado por ley, no precio de mercado","Proclamación presidencial del 31 de enero de 1934 (sección 43(b)(2) del Título III de la ley del 12 de mayo de 1933, reformada por la sección 12 de la Gold Reserve Act del 30 de enero de 1934): dólar de 15 5/21 granos de oro de 9/10 de fino","1934-01-31 15:10, hora del Este","solo bancos centrales extranjeros y usos licenciados: el Tesoro compra a 35 menos 1/4 % y vende a 35 más 1/4 % (Federal Reserve Bulletin, febrero de 1934, pp. 67-69)",dato,no,"Federal Reserve Bulletin, febrero de 1934, pp. 68-69; la fracción se comprobó en la imagen",
1942-03,35,"precio oficial fijado por ley, no precio de mercado","Proclamación presidencial del 31 de enero de 1934 (sección 43(b)(2) del Título III de la ley del 12 de mayo de 1933, reformada por la sección 12 de la Gold Reserve Act del 30 de enero de 1934): dólar de 15 5/21 granos de oro de 9/10 de fino","1934-01-31 15:10, hora del Este","solo bancos centrales extranjeros y usos licenciados: el Tesoro compra a 35 menos 1/4 % y vende a 35 más 1/4 % (Federal Reserve Bulletin, febrero de 1934, pp. 67-69)",dato,no,"Federal Reserve Bulletin, febrero de 1934, pp. 68-69; la fracción se comprobó en la imagen",
1942-04,35,"precio oficial fijado por ley, no precio de mercado","Proclamación presidencial del 31 de enero de 1934 (sección 43(b)(2) del Título III de la ley del 12 de mayo de 1933, reformada por la sección 12 de la Gold Reserve Act del 30 de enero de 1934): dólar de 15 5/21 granos de oro de 9/10 de fino","1934-01-31 15:10, hora del Este","solo bancos centrales extranjeros y usos licenciados: el Tesoro compra a 35 menos 1/4 % y vende a 35 más 1/4 % (Federal Reserve Bulletin, febrero de 1934, pp. 67-69)",dato,no,"Federal Reserve Bulletin, febrero de 1934, pp. 68-69; la fracción se comprobó en la imagen",
1942-05,35,"precio oficial fijado por ley, no precio de mercado","Proclamación presidencial del 31 de enero de 1934 (sección 43(b)(2) del Título III de la ley del 12 de mayo de 1933, reformada por la sección 12 de la Gold Reserve Act del 30 de enero de 1934): dólar de 15 5/21 granos de oro de 9/10 de fino","1934-01-31 15:10, hora del Este","solo bancos centrales extranjeros y usos licenciados: el Tesoro compra a 35 menos 1/4 % y vende a 35 más 1/4 % (Federal Reserve Bulletin, febrero de 1934, pp. 67-69)",dato,no,"Federal Reserve Bulletin, febrero de 1934, pp. 68-69; la fracción se comprobó en la imagen",
1942-06,35,"precio oficial fijado por ley, no precio de mercado","Proclamación presidencial del 31 de enero de 1934 (sección 43(b)(2) del Título III de la ley del 12 de mayo de 1933, reformada por la sección 12 de la Gold Reserve Act del 30 de enero de 1934): dólar de 15 5/21 granos de oro de 9/10 de fino","1934-01-31 15:10, hora del Este","solo bancos centrales extranjeros y usos licenciados: el Tesoro compra a 35 menos 1/4 % y vende a 35 más 1/4 % (Federal Reserve Bulletin, febrero de 1934, pp. 67-69)",dato,no,"Federal Reserve Bulletin, febrero de 1934, pp. 68-69; la fracción se comprobó en la imagen",
1942-07,35,"precio oficial fijado por ley, no precio de mercado","Proclamación presidencial del 31 de enero de 1934 (sección 43(b)(2) del Título III de la ley del 12 de mayo de 1933, reformada por la sección 12 de la Gold Reserve Act del 30 de enero de 1934): dólar de 15 5/21 granos de oro de 9/10 de fino","1934-01-31 15:10, hora del Este","solo bancos centrales extranjeros y usos licenciados: el Tesoro compra a 35 menos 1/4 % y vende a 35 más 1/4 % (Federal Reserve Bulletin, febrero de 1934, pp. 67-69)",dato,no,"Federal Reserve Bulletin, febrero de 1934, pp. 68-69; la fracción se comprobó en la imagen",
1942-08,35,"precio oficial fijado por ley, no precio de mercado","Proclamación presidencial del 31 de enero de 1934 (sección 43(b)(2) del Título III de la ley del 12 de mayo de 1933, reformada por la sección 12 de la Gold Reserve Act del 30 de enero de 1934): dólar de 15 5/21 granos de oro de 9/10 de fino","1934-01-31 15:10, hora del Este","solo bancos centrales extranjeros y usos licenciados: el Tesoro compra a 35 menos 1/4 % y vende a 35 más 1/4 % (Federal Reserve Bulletin, febrero de 1934, pp. 67-69)",dato,no,"Federal Reserve Bulletin, febrero de 1934, pp. 68-69; la fracción se comprobó en la imagen",
1942-09,35,"precio oficial fijado por ley, no precio de mercado","Proclamación presidencial del 31 de enero de 1934 (sección 43(b)(2) del Título III de la ley del 12 de mayo de 1933, reformada por la sección 12 de la Gold Reserve Act del 30 de enero de 1934): dólar de 15 5/21 granos de oro de 9/10 de fino","1934-01-31 15:10, hora del Este","solo bancos centrales extranjeros y usos licenciados: el Tesoro compra a 35 menos 1/4 % y vende a 35 más 1/4 % (Federal Reserve Bulletin, febrero de 1934, pp. 67-69)",dato,no,"Federal Reserve Bulletin, febrero de 1934, pp. 68-69; la fracción se comprobó en la imagen",
1942-10,35,"precio oficial fijado por ley, no precio de mercado","Proclamación presidencial del 31 de enero de 1934 (sección 43(b)(2) del Título III de la ley del 12 de mayo de 1933, reformada por la sección 12 de la Gold Reserve Act del 30 de enero de 1934): dólar de 15 5/21 granos de oro de 9/10 de fino","1934-01-31 15:10, hora del Este","solo bancos centrales extranjeros y usos licenciados: el Tesoro compra a 35 menos 1/4 % y vende a 35 más 1/4 % (Federal Reserve Bulletin, febrero de 1934, pp. 67-69)",dato,no,"Federal Reserve Bulletin, febrero de 1934, pp. 68-69; la fracción se comprobó en la imagen",
1942-11,35,"precio oficial fijado por ley, no precio de mercado","Proclamación presidencial del 31 de enero de 1934 (sección 43(b)(2) del Título III de la ley del 12 de mayo de 1933, reformada por la sección 12 de la Gold Reserve Act del 30 de enero de 1934): dólar de 15 5/21 granos de oro de 9/10 de fino","1934-01-31 15:10, hora del Este","solo bancos centrales extranjeros y usos licenciados: el Tesoro compra a 35 menos 1/4 % y vende a 35 más 1/4 % (Federal Reserve Bulletin, febrero de 1934, pp. 67-69)",dato,no,"Federal Reserve Bulletin, febrero de 1934, pp. 68-69; la fracción se comprobó en la imagen",
1942-12,35,"precio oficial fijado por ley, no precio de mercado","Proclamación presidencial del 31 de enero de 1934 (sección 43(b)(2) del Título III de la ley del 12 de mayo de 1933, reformada por la sección 12 de la Gold Reserve Act del 30 de enero de 1934): dólar de 15 5/21 granos de oro de 9/10 de fino","1934-01-31 15:10, hora del Este","solo bancos centrales extranjeros y usos licenciados: el Tesoro compra a 35 menos 1/4 % y vende a 35 más 1/4 % (Federal Reserve Bulletin, febrero de 1934, pp. 67-69)",dato,no,"Federal Reserve Bulletin, febrero de 1934, pp. 68-69; la fracción se comprobó en la imagen",
1943-01,35,"precio oficial fijado por ley, no precio de mercado","Proclamación presidencial del 31 de enero de 1934 (sección 43(b)(2) del Título III de la ley del 12 de mayo de 1933, reformada por la sección 12 de la Gold Reserve Act del 30 de enero de 1934): dólar de 15 5/21 granos de oro de 9/10 de fino","1934-01-31 15:10, hora del Este","solo bancos centrales extranjeros y usos licenciados: el Tesoro compra a 35 menos 1/4 % y vende a 35 más 1/4 % (Federal Reserve Bulletin, febrero de 1934, pp. 67-69)",dato,no,"Federal Reserve Bulletin, febrero de 1934, pp. 68-69; la fracción se comprobó en la imagen",
1943-02,35,"precio oficial fijado por ley, no precio de mercado","Proclamación presidencial del 31 de enero de 1934 (sección 43(b)(2) del Título III de la ley del 12 de mayo de 1933, reformada por la sección 12 de la Gold Reserve Act del 30 de enero de 1934): dólar de 15 5/21 granos de oro de 9/10 de fino","1934-01-31 15:10, hora del Este","solo bancos centrales extranjeros y usos licenciados: el Tesoro compra a 35 menos 1/4 % y vende a 35 más 1/4 % (Federal Reserve Bulletin, febrero de 1934, pp. 67-69)",dato,no,"Federal Reserve Bulletin, febrero de 1934, pp. 68-69; la fracción se comprobó en la imagen",
1943-03,35,"precio oficial fijado por ley, no precio de mercado","Proclamación presidencial del 31 de enero de 1934 (sección 43(b)(2) del Título III de la ley del 12 de mayo de 1933, reformada por la sección 12 de la Gold Reserve Act del 30 de enero de 1934): dólar de 15 5/21 granos de oro de 9/10 de fino","1934-01-31 15:10, hora del Este","solo bancos centrales extranjeros y usos licenciados: el Tesoro compra a 35 menos 1/4 % y vende a 35 más 1/4 % (Federal Reserve Bulletin, febrero de 1934, pp. 67-69)",dato,no,"Federal Reserve Bulletin, febrero de 1934, pp. 68-69; la fracción se comprobó en la imagen",
1943-04,35,"precio oficial fijado por ley, no precio de mercado","Proclamación presidencial del 31 de enero de 1934 (sección 43(b)(2) del Título III de la ley del 12 de mayo de 1933, reformada por la sección 12 de la Gold Reserve Act del 30 de enero de 1934): dólar de 15 5/21 granos de oro de 9/10 de fino","1934-01-31 15:10, hora del Este","solo bancos centrales extranjeros y usos licenciados: el Tesoro compra a 35 menos 1/4 % y vende a 35 más 1/4 % (Federal Reserve Bulletin, febrero de 1934, pp. 67-69)",dato,no,"Federal Reserve Bulletin, febrero de 1934, pp. 68-69; la fracción se comprobó en la imagen",
1943-05,35,"precio oficial fijado por ley, no precio de mercado","Proclamación presidencial del 31 de enero de 1934 (sección 43(b)(2) del Título III de la ley del 12 de mayo de 1933, reformada por la sección 12 de la Gold Reserve Act del 30 de enero de 1934): dólar de 15 5/21 granos de oro de 9/10 de fino","1934-01-31 15:10, hora del Este","solo bancos centrales extranjeros y usos licenciados: el Tesoro compra a 35 menos 1/4 % y vende a 35 más 1/4 % (Federal Reserve Bulletin, febrero de 1934, pp. 67-69)",dato,no,"Federal Reserve Bulletin, febrero de 1934, pp. 68-69; la fracción se comprobó en la imagen",
1943-06,35,"precio oficial fijado por ley, no precio de mercado","Proclamación presidencial del 31 de enero de 1934 (sección 43(b)(2) del Título III de la ley del 12 de mayo de 1933, reformada por la sección 12 de la Gold Reserve Act del 30 de enero de 1934): dólar de 15 5/21 granos de oro de 9/10 de fino","1934-01-31 15:10, hora del Este","solo bancos centrales extranjeros y usos licenciados: el Tesoro compra a 35 menos 1/4 % y vende a 35 más 1/4 % (Federal Reserve Bulletin, febrero de 1934, pp. 67-69)",dato,no,"Federal Reserve Bulletin, febrero de 1934, pp. 68-69; la fracción se comprobó en la imagen",
1943-07,35,"precio oficial fijado por ley, no precio de mercado","Proclamación presidencial del 31 de enero de 1934 (sección 43(b)(2) del Título III de la ley del 12 de mayo de 1933, reformada por la sección 12 de la Gold Reserve Act del 30 de enero de 1934): dólar de 15 5/21 granos de oro de 9/10 de fino","1934-01-31 15:10, hora del Este","solo bancos centrales extranjeros y usos licenciados: el Tesoro compra a 35 menos 1/4 % y vende a 35 más 1/4 % (Federal Reserve Bulletin, febrero de 1934, pp. 67-69)",dato,no,"Federal Reserve Bulletin, febrero de 1934, pp. 68-69; la fracción se comprobó en la imagen",
1943-08,35,"precio oficial fijado por ley, no precio de mercado","Proclamación presidencial del 31 de enero de 1934 (sección 43(b)(2) del Título III de la ley del 12 de mayo de 1933, reformada por la sección 12 de la Gold Reserve Act del 30 de enero de 1934): dólar de 15 5/21 granos de oro de 9/10 de fino","1934-01-31 15:10, hora del Este","solo bancos centrales extranjeros y usos licenciados: el Tesoro compra a 35 menos 1/4 % y vende a 35 más 1/4 % (Federal Reserve Bulletin, febrero de 1934, pp. 67-69)",dato,no,"Federal Reserve Bulletin, febrero de 1934, pp. 68-69; la fracción se comprobó en la imagen",
1943-09,35,"precio oficial fijado por ley, no precio de mercado","Proclamación presidencial del 31 de enero de 1934 (sección 43(b)(2) del Título III de la ley del 12 de mayo de 1933, reformada por la sección 12 de la Gold Reserve Act del 30 de enero de 1934): dólar de 15 5/21 granos de oro de 9/10 de fino","1934-01-31 15:10, hora del Este","solo bancos centrales extranjeros y usos licenciados: el Tesoro compra a 35 menos 1/4 % y vende a 35 más 1/4 % (Federal Reserve Bulletin, febrero de 1934, pp. 67-69)",dato,no,"Federal Reserve Bulletin, febrero de 1934, pp. 68-69; la fracción se comprobó en la imagen",
1943-10,35,"precio oficial fijado por ley, no precio de mercado","Proclamación presidencial del 31 de enero de 1934 (sección 43(b)(2) del Título III de la ley del 12 de mayo de 1933, reformada por la sección 12 de la Gold Reserve Act del 30 de enero de 1934): dólar de 15 5/21 granos de oro de 9/10 de fino","1934-01-31 15:10, hora del Este","solo bancos centrales extranjeros y usos licenciados: el Tesoro compra a 35 menos 1/4 % y vende a 35 más 1/4 % (Federal Reserve Bulletin, febrero de 1934, pp. 67-69)",dato,no,"Federal Reserve Bulletin, febrero de 1934, pp. 68-69; la fracción se comprobó en la imagen",
1943-11,35,"precio oficial fijado por ley, no precio de mercado","Proclamación presidencial del 31 de enero de 1934 (sección 43(b)(2) del Título III de la ley del 12 de mayo de 1933, reformada por la sección 12 de la Gold Reserve Act del 30 de enero de 1934): dólar de 15 5/21 granos de oro de 9/10 de fino","1934-01-31 15:10, hora del Este","solo bancos centrales extranjeros y usos licenciados: el Tesoro compra a 35 menos 1/4 % y vende a 35 más 1/4 % (Federal Reserve Bulletin, febrero de 1934, pp. 67-69)",dato,no,"Federal Reserve Bulletin, febrero de 1934, pp. 68-69; la fracción se comprobó en la imagen",
1943-12,35,"precio oficial fijado por ley, no precio de mercado","Proclamación presidencial del 31 de enero de 1934 (sección 43(b)(2) del Título III de la ley del 12 de mayo de 1933, reformada por la sección 12 de la Gold Reserve Act del 30 de enero de 1934): dólar de 15 5/21 granos de oro de 9/10 de fino","1934-01-31 15:10, hora del Este","solo bancos centrales extranjeros y usos licenciados: el Tesoro compra a 35 menos 1/4 % y vende a 35 más 1/4 % (Federal Reserve Bulletin, febrero de 1934, pp. 67-69)",dato,no,"Federal Reserve Bulletin, febrero de 1934, pp. 68-69; la fracción se comprobó en la imagen",
1944-01,35,"precio oficial fijado por ley, no precio de mercado","Proclamación presidencial del 31 de enero de 1934 (sección 43(b)(2) del Título III de la ley del 12 de mayo de 1933, reformada por la sección 12 de la Gold Reserve Act del 30 de enero de 1934): dólar de 15 5/21 granos de oro de 9/10 de fino","1934-01-31 15:10, hora del Este","solo bancos centrales extranjeros y usos licenciados: el Tesoro compra a 35 menos 1/4 % y vende a 35 más 1/4 % (Federal Reserve Bulletin, febrero de 1934, pp. 67-69)",dato,no,"Federal Reserve Bulletin, febrero de 1934, pp. 68-69; la fracción se comprobó en la imagen",
1944-02,35,"precio oficial fijado por ley, no precio de mercado","Proclamación presidencial del 31 de enero de 1934 (sección 43(b)(2) del Título III de la ley del 12 de mayo de 1933, reformada por la sección 12 de la Gold Reserve Act del 30 de enero de 1934): dólar de 15 5/21 granos de oro de 9/10 de fino","1934-01-31 15:10, hora del Este","solo bancos centrales extranjeros y usos licenciados: el Tesoro compra a 35 menos 1/4 % y vende a 35 más 1/4 % (Federal Reserve Bulletin, febrero de 1934, pp. 67-69)",dato,no,"Federal Reserve Bulletin, febrero de 1934, pp. 68-69; la fracción se comprobó en la imagen",
1944-03,35,"precio oficial fijado por ley, no precio de mercado","Proclamación presidencial del 31 de enero de 1934 (sección 43(b)(2) del Título III de la ley del 12 de mayo de 1933, reformada por la sección 12 de la Gold Reserve Act del 30 de enero de 1934): dólar de 15 5/21 granos de oro de 9/10 de fino","1934-01-31 15:10, hora del Este","solo bancos centrales extranjeros y usos licenciados: el Tesoro compra a 35 menos 1/4 % y vende a 35 más 1/4 % (Federal Reserve Bulletin, febrero de 1934, pp. 67-69)",dato,no,"Federal Reserve Bulletin, febrero de 1934, pp. 68-69; la fracción se comprobó en la imagen",
1944-04,35,"precio oficial fijado por ley, no precio de mercado","Proclamación presidencial del 31 de enero de 1934 (sección 43(b)(2) del Título III de la ley del 12 de mayo de 1933, reformada por la sección 12 de la Gold Reserve Act del 30 de enero de 1934): dólar de 15 5/21 granos de oro de 9/10 de fino","1934-01-31 15:10, hora del Este","solo bancos centrales extranjeros y usos licenciados: el Tesoro compra a 35 menos 1/4 % y vende a 35 más 1/4 % (Federal Reserve Bulletin, febrero de 1934, pp. 67-69)",dato,no,"Federal Reserve Bulletin, febrero de 1934, pp. 68-69; la fracción se comprobó en la imagen",
1944-05,35,"precio oficial fijado por ley, no precio de mercado","Proclamación presidencial del 31 de enero de 1934 (sección 43(b)(2) del Título III de la ley del 12 de mayo de 1933, reformada por la sección 12 de la Gold Reserve Act del 30 de enero de 1934): dólar de 15 5/21 granos de oro de 9/10 de fino","1934-01-31 15:10, hora del Este","solo bancos centrales extranjeros y usos licenciados: el Tesoro compra a 35 menos 1/4 % y vende a 35 más 1/4 % (Federal Reserve Bulletin, febrero de 1934, pp. 67-69)",dato,no,"Federal Reserve Bulletin, febrero de 1934, pp. 68-69; la fracción se comprobó en la imagen",
1944-06,35,"precio oficial fijado por ley, no precio de mercado","Proclamación presidencial del 31 de enero de 1934 (sección 43(b)(2) del Título III de la ley del 12 de mayo de 1933, reformada por la sección 12 de la Gold Reserve Act del 30 de enero de 1934): dólar de 15 5/21 granos de oro de 9/10 de fino","1934-01-31 15:10, hora del Este","solo bancos centrales extranjeros y usos licenciados: el Tesoro compra a 35 menos 1/4 % y vende a 35 más 1/4 % (Federal Reserve Bulletin, febrero de 1934, pp. 67-69)",dato,no,"Federal Reserve Bulletin, febrero de 1934, pp. 68-69; la fracción se comprobó en la imagen",
1944-07,35,"precio oficial fijado por ley, no precio de mercado","Proclamación presidencial del 31 de enero de 1934 (sección 43(b)(2) del Título III de la ley del 12 de mayo de 1933, reformada por la sección 12 de la Gold Reserve Act del 30 de enero de 1934): dólar de 15 5/21 granos de oro de 9/10 de fino","1934-01-31 15:10, hora del Este","solo bancos centrales extranjeros y usos licenciados: el Tesoro compra a 35 menos 1/4 % y vende a 35 más 1/4 % (Federal Reserve Bulletin, febrero de 1934, pp. 67-69)",dato,no,"Federal Reserve Bulletin, febrero de 1934, pp. 68-69; la fracción se comprobó en la imagen",
1944-08,35,"precio oficial fijado por ley, no precio de mercado","Proclamación presidencial del 31 de enero de 1934 (sección 43(b)(2) del Título III de la ley del 12 de mayo de 1933, reformada por la sección 12 de la Gold Reserve Act del 30 de enero de 1934): dólar de 15 5/21 granos de oro de 9/10 de fino","1934-01-31 15:10, hora del Este","solo bancos centrales extranjeros y usos licenciados: el Tesoro compra a 35 menos 1/4 % y vende a 35 más 1/4 % (Federal Reserve Bulletin, febrero de 1934, pp. 67-69)",dato,no,"Federal Reserve Bulletin, febrero de 1934, pp. 68-69; la fracción se comprobó en la imagen",
1944-09,35,"precio oficial fijado por ley, no precio de mercado","Proclamación presidencial del 31 de enero de 1934 (sección 43(b)(2) del Título III de la ley del 12 de mayo de 1933, reformada por la sección 12 de la Gold Reserve Act del 30 de enero de 1934): dólar de 15 5/21 granos de oro de 9/10 de fino","1934-01-31 15:10, hora del Este","solo bancos centrales extranjeros y usos licenciados: el Tesoro compra a 35 menos 1/4 % y vende a 35 más 1/4 % (Federal Reserve Bulletin, febrero de 1934, pp. 67-69)",dato,no,"Federal Reserve Bulletin, febrero de 1934, pp. 68-69; la fracción se comprobó en la imagen",
1944-10,35,"precio oficial fijado por ley, no precio de mercado","Proclamación presidencial del 31 de enero de 1934 (sección 43(b)(2) del Título III de la ley del 12 de mayo de 1933, reformada por la sección 12 de la Gold Reserve Act del 30 de enero de 1934): dólar de 15 5/21 granos de oro de 9/10 de fino","1934-01-31 15:10, hora del Este","solo bancos centrales extranjeros y usos licenciados: el Tesoro compra a 35 menos 1/4 % y vende a 35 más 1/4 % (Federal Reserve Bulletin, febrero de 1934, pp. 67-69)",dato,no,"Federal Reserve Bulletin, febrero de 1934, pp. 68-69; la fracción se comprobó en la imagen",
1944-11,35,"precio oficial fijado por ley, no precio de mercado","Proclamación presidencial del 31 de enero de 1934 (sección 43(b)(2) del Título III de la ley del 12 de mayo de 1933, reformada por la sección 12 de la Gold Reserve Act del 30 de enero de 1934): dólar de 15 5/21 granos de oro de 9/10 de fino","1934-01-31 15:10, hora del Este","solo bancos centrales extranjeros y usos licenciados: el Tesoro compra a 35 menos 1/4 % y vende a 35 más 1/4 % (Federal Reserve Bulletin, febrero de 1934, pp. 67-69)",dato,no,"Federal Reserve Bulletin, febrero de 1934, pp. 68-69; la fracción se comprobó en la imagen",
1944-12,35,"precio oficial fijado por ley, no precio de mercado","Proclamación presidencial del 31 de enero de 1934 (sección 43(b)(2) del Título III de la ley del 12 de mayo de 1933, reformada por la sección 12 de la Gold Reserve Act del 30 de enero de 1934): dólar de 15 5/21 granos de oro de 9/10 de fino","1934-01-31 15:10, hora del Este","solo bancos centrales extranjeros y usos licenciados: el Tesoro compra a 35 menos 1/4 % y vende a 35 más 1/4 % (Federal Reserve Bulletin, febrero de 1934, pp. 67-69)",dato,no,"Federal Reserve Bulletin, febrero de 1934, pp. 68-69; la fracción se comprobó en la imagen",
1945-01,35,"precio oficial fijado por ley, no precio de mercado","Proclamación presidencial del 31 de enero de 1934 (sección 43(b)(2) del Título III de la ley del 12 de mayo de 1933, reformada por la sección 12 de la Gold Reserve Act del 30 de enero de 1934): dólar de 15 5/21 granos de oro de 9/10 de fino","1934-01-31 15:10, hora del Este","solo bancos centrales extranjeros y usos licenciados: el Tesoro compra a 35 menos 1/4 % y vende a 35 más 1/4 % (Federal Reserve Bulletin, febrero de 1934, pp. 67-69)",dato,no,"Federal Reserve Bulletin, febrero de 1934, pp. 68-69; la fracción se comprobó en la imagen",
1945-02,35,"precio oficial fijado por ley, no precio de mercado","Proclamación presidencial del 31 de enero de 1934 (sección 43(b)(2) del Título III de la ley del 12 de mayo de 1933, reformada por la sección 12 de la Gold Reserve Act del 30 de enero de 1934): dólar de 15 5/21 granos de oro de 9/10 de fino","1934-01-31 15:10, hora del Este","solo bancos centrales extranjeros y usos licenciados: el Tesoro compra a 35 menos 1/4 % y vende a 35 más 1/4 % (Federal Reserve Bulletin, febrero de 1934, pp. 67-69)",dato,no,"Federal Reserve Bulletin, febrero de 1934, pp. 68-69; la fracción se comprobó en la imagen",
1945-03,35,"precio oficial fijado por ley, no precio de mercado","Proclamación presidencial del 31 de enero de 1934 (sección 43(b)(2) del Título III de la ley del 12 de mayo de 1933, reformada por la sección 12 de la Gold Reserve Act del 30 de enero de 1934): dólar de 15 5/21 granos de oro de 9/10 de fino","1934-01-31 15:10, hora del Este","solo bancos centrales extranjeros y usos licenciados: el Tesoro compra a 35 menos 1/4 % y vende a 35 más 1/4 % (Federal Reserve Bulletin, febrero de 1934, pp. 67-69)",dato,no,"Federal Reserve Bulletin, febrero de 1934, pp. 68-69; la fracción se comprobó en la imagen",
1945-04,35,"precio oficial fijado por ley, no precio de mercado","Proclamación presidencial del 31 de enero de 1934 (sección 43(b)(2) del Título III de la ley del 12 de mayo de 1933, reformada por la sección 12 de la Gold Reserve Act del 30 de enero de 1934): dólar de 15 5/21 granos de oro de 9/10 de fino","1934-01-31 15:10, hora del Este","solo bancos centrales extranjeros y usos licenciados: el Tesoro compra a 35 menos 1/4 % y vende a 35 más 1/4 % (Federal Reserve Bulletin, febrero de 1934, pp. 67-69)",dato,no,"Federal Reserve Bulletin, febrero de 1934, pp. 68-69; la fracción se comprobó en la imagen",
1945-05,35,"precio oficial fijado por ley, no precio de mercado","Proclamación presidencial del 31 de enero de 1934 (sección 43(b)(2) del Título III de la ley del 12 de mayo de 1933, reformada por la sección 12 de la Gold Reserve Act del 30 de enero de 1934): dólar de 15 5/21 granos de oro de 9/10 de fino","1934-01-31 15:10, hora del Este","solo bancos centrales extranjeros y usos licenciados: el Tesoro compra a 35 menos 1/4 % y vende a 35 más 1/4 % (Federal Reserve Bulletin, febrero de 1934, pp. 67-69)",dato,no,"Federal Reserve Bulletin, febrero de 1934, pp. 68-69; la fracción se comprobó en la imagen",
1945-06,35,"precio oficial fijado por ley, no precio de mercado","Proclamación presidencial del 31 de enero de 1934 (sección 43(b)(2) del Título III de la ley del 12 de mayo de 1933, reformada por la sección 12 de la Gold Reserve Act del 30 de enero de 1934): dólar de 15 5/21 granos de oro de 9/10 de fino","1934-01-31 15:10, hora del Este","solo bancos centrales extranjeros y usos licenciados: el Tesoro compra a 35 menos 1/4 % y vende a 35 más 1/4 % (Federal Reserve Bulletin, febrero de 1934, pp. 67-69)",dato,no,"Federal Reserve Bulletin, febrero de 1934, pp. 68-69; la fracción se comprobó en la imagen",
1945-07,35,"precio oficial fijado por ley, no precio de mercado","Proclamación presidencial del 31 de enero de 1934 (sección 43(b)(2) del Título III de la ley del 12 de mayo de 1933, reformada por la sección 12 de la Gold Reserve Act del 30 de enero de 1934): dólar de 15 5/21 granos de oro de 9/10 de fino","1934-01-31 15:10, hora del Este","solo bancos centrales extranjeros y usos licenciados: el Tesoro compra a 35 menos 1/4 % y vende a 35 más 1/4 % (Federal Reserve Bulletin, febrero de 1934, pp. 67-69)",dato,no,"Federal Reserve Bulletin, febrero de 1934, pp. 68-69; la fracción se comprobó en la imagen",
1945-08,35,"precio oficial fijado por ley, no precio de mercado","Proclamación presidencial del 31 de enero de 1934 (sección 43(b)(2) del Título III de la ley del 12 de mayo de 1933, reformada por la sección 12 de la Gold Reserve Act del 30 de enero de 1934): dólar de 15 5/21 granos de oro de 9/10 de fino","1934-01-31 15:10, hora del Este","solo bancos centrales extranjeros y usos licenciados: el Tesoro compra a 35 menos 1/4 % y vende a 35 más 1/4 % (Federal Reserve Bulletin, febrero de 1934, pp. 67-69)",dato,no,"Federal Reserve Bulletin, febrero de 1934, pp. 68-69; la fracción se comprobó en la imagen",
1945-09,35,"precio oficial fijado por ley, no precio de mercado","Proclamación presidencial del 31 de enero de 1934 (sección 43(b)(2) del Título III de la ley del 12 de mayo de 1933, reformada por la sección 12 de la Gold Reserve Act del 30 de enero de 1934): dólar de 15 5/21 granos de oro de 9/10 de fino","1934-01-31 15:10, hora del Este","solo bancos centrales extranjeros y usos licenciados: el Tesoro compra a 35 menos 1/4 % y vende a 35 más 1/4 % (Federal Reserve Bulletin, febrero de 1934, pp. 67-69)",dato,no,"Federal Reserve Bulletin, febrero de 1934, pp. 68-69; la fracción se comprobó en la imagen",
1945-10,35,"precio oficial fijado por ley, no precio de mercado","Proclamación presidencial del 31 de enero de 1934 (sección 43(b)(2) del Título III de la ley del 12 de mayo de 1933, reformada por la sección 12 de la Gold Reserve Act del 30 de enero de 1934): dólar de 15 5/21 granos de oro de 9/10 de fino","1934-01-31 15:10, hora del Este","solo bancos centrales extranjeros y usos licenciados: el Tesoro compra a 35 menos 1/4 % y vende a 35 más 1/4 % (Federal Reserve Bulletin, febrero de 1934, pp. 67-69)",dato,no,"Federal Reserve Bulletin, febrero de 1934, pp. 68-69; la fracción se comprobó en la imagen",
1945-11,35,"precio oficial fijado por ley, no precio de mercado","Proclamación presidencial del 31 de enero de 1934 (sección 43(b)(2) del Título III de la ley del 12 de mayo de 1933, reformada por la sección 12 de la Gold Reserve Act del 30 de enero de 1934): dólar de 15 5/21 granos de oro de 9/10 de fino","1934-01-31 15:10, hora del Este","solo bancos centrales extranjeros y usos licenciados: el Tesoro compra a 35 menos 1/4 % y vende a 35 más 1/4 % (Federal Reserve Bulletin, febrero de 1934, pp. 67-69)",dato,no,"Federal Reserve Bulletin, febrero de 1934, pp. 68-69; la fracción se comprobó en la imagen",
1945-12,35,"precio oficial fijado por ley, no precio de mercado","Proclamación presidencial del 31 de enero de 1934 (sección 43(b)(2) del Título III de la ley del 12 de mayo de 1933, reformada por la sección 12 de la Gold Reserve Act del 30 de enero de 1934): dólar de 15 5/21 granos de oro de 9/10 de fino","1934-01-31 15:10, hora del Este","solo bancos centrales extranjeros y usos licenciados: el Tesoro compra a 35 menos 1/4 % y vende a 35 más 1/4 % (Federal Reserve Bulletin, febrero de 1934, pp. 67-69)",dato,no,"Federal Reserve Bulletin, febrero de 1934, pp. 68-69; la fracción se comprobó en la imagen",
1946-01,35,"precio oficial fijado por ley, no precio de mercado","Proclamación presidencial del 31 de enero de 1934 (sección 43(b)(2) del Título III de la ley del 12 de mayo de 1933, reformada por la sección 12 de la Gold Reserve Act del 30 de enero de 1934): dólar de 15 5/21 granos de oro de 9/10 de fino","1934-01-31 15:10, hora del Este","solo bancos centrales extranjeros y usos licenciados: el Tesoro compra a 35 menos 1/4 % y vende a 35 más 1/4 % (Federal Reserve Bulletin, febrero de 1934, pp. 67-69)",dato,no,"Federal Reserve Bulletin, febrero de 1934, pp. 68-69; la fracción se comprobó en la imagen",
1946-02,35,"precio oficial fijado por ley, no precio de mercado","Proclamación presidencial del 31 de enero de 1934 (sección 43(b)(2) del Título III de la ley del 12 de mayo de 1933, reformada por la sección 12 de la Gold Reserve Act del 30 de enero de 1934): dólar de 15 5/21 granos de oro de 9/10 de fino","1934-01-31 15:10, hora del Este","solo bancos centrales extranjeros y usos licenciados: el Tesoro compra a 35 menos 1/4 % y vende a 35 más 1/4 % (Federal Reserve Bulletin, febrero de 1934, pp. 67-69)",dato,no,"Federal Reserve Bulletin, febrero de 1934, pp. 68-69; la fracción se comprobó en la imagen",
1946-03,35,"precio oficial fijado por ley, no precio de mercado","Proclamación presidencial del 31 de enero de 1934 (sección 43(b)(2) del Título III de la ley del 12 de mayo de 1933, reformada por la sección 12 de la Gold Reserve Act del 30 de enero de 1934): dólar de 15 5/21 granos de oro de 9/10 de fino","1934-01-31 15:10, hora del Este","solo bancos centrales extranjeros y usos licenciados: el Tesoro compra a 35 menos 1/4 % y vende a 35 más 1/4 % (Federal Reserve Bulletin, febrero de 1934, pp. 67-69)",dato,no,"Federal Reserve Bulletin, febrero de 1934, pp. 68-69; la fracción se comprobó en la imagen",
1946-04,35,"precio oficial fijado por ley, no precio de mercado","Proclamación presidencial del 31 de enero de 1934 (sección 43(b)(2) del Título III de la ley del 12 de mayo de 1933, reformada por la sección 12 de la Gold Reserve Act del 30 de enero de 1934): dólar de 15 5/21 granos de oro de 9/10 de fino","1934-01-31 15:10, hora del Este","solo bancos centrales extranjeros y usos licenciados: el Tesoro compra a 35 menos 1/4 % y vende a 35 más 1/4 % (Federal Reserve Bulletin, febrero de 1934, pp. 67-69)",dato,no,"Federal Reserve Bulletin, febrero de 1934, pp. 68-69; la fracción se comprobó en la imagen",
1946-05,35,"precio oficial fijado por ley, no precio de mercado","Proclamación presidencial del 31 de enero de 1934 (sección 43(b)(2) del Título III de la ley del 12 de mayo de 1933, reformada por la sección 12 de la Gold Reserve Act del 30 de enero de 1934): dólar de 15 5/21 granos de oro de 9/10 de fino","1934-01-31 15:10, hora del Este","solo bancos centrales extranjeros y usos licenciados: el Tesoro compra a 35 menos 1/4 % y vende a 35 más 1/4 % (Federal Reserve Bulletin, febrero de 1934, pp. 67-69)",dato,no,"Federal Reserve Bulletin, febrero de 1934, pp. 68-69; la fracción se comprobó en la imagen",
1946-06,35,"precio oficial fijado por ley, no precio de mercado","Proclamación presidencial del 31 de enero de 1934 (sección 43(b)(2) del Título III de la ley del 12 de mayo de 1933, reformada por la sección 12 de la Gold Reserve Act del 30 de enero de 1934): dólar de 15 5/21 granos de oro de 9/10 de fino","1934-01-31 15:10, hora del Este","solo bancos centrales extranjeros y usos licenciados: el Tesoro compra a 35 menos 1/4 % y vende a 35 más 1/4 % (Federal Reserve Bulletin, febrero de 1934, pp. 67-69)",dato,no,"Federal Reserve Bulletin, febrero de 1934, pp. 68-69; la fracción se comprobó en la imagen",
1946-07,35,"precio oficial fijado por ley, no precio de mercado","Proclamación presidencial del 31 de enero de 1934 (sección 43(b)(2) del Título III de la ley del 12 de mayo de 1933, reformada por la sección 12 de la Gold Reserve Act del 30 de enero de 1934): dólar de 15 5/21 granos de oro de 9/10 de fino","1934-01-31 15:10, hora del Este","solo bancos centrales extranjeros y usos licenciados: el Tesoro compra a 35 menos 1/4 % y vende a 35 más 1/4 % (Federal Reserve Bulletin, febrero de 1934, pp. 67-69)",dato,no,"Federal Reserve Bulletin, febrero de 1934, pp. 68-69; la fracción se comprobó en la imagen",
1946-08,35,"precio oficial fijado por ley, no precio de mercado","Proclamación presidencial del 31 de enero de 1934 (sección 43(b)(2) del Título III de la ley del 12 de mayo de 1933, reformada por la sección 12 de la Gold Reserve Act del 30 de enero de 1934): dólar de 15 5/21 granos de oro de 9/10 de fino","1934-01-31 15:10, hora del Este","solo bancos centrales extranjeros y usos licenciados: el Tesoro compra a 35 menos 1/4 % y vende a 35 más 1/4 % (Federal Reserve Bulletin, febrero de 1934, pp. 67-69)",dato,no,"Federal Reserve Bulletin, febrero de 1934, pp. 68-69; la fracción se comprobó en la imagen",
1946-09,35,"precio oficial fijado por ley, no precio de mercado","Proclamación presidencial del 31 de enero de 1934 (sección 43(b)(2) del Título III de la ley del 12 de mayo de 1933, reformada por la sección 12 de la Gold Reserve Act del 30 de enero de 1934): dólar de 15 5/21 granos de oro de 9/10 de fino","1934-01-31 15:10, hora del Este","solo bancos centrales extranjeros y usos licenciados: el Tesoro compra a 35 menos 1/4 % y vende a 35 más 1/4 % (Federal Reserve Bulletin, febrero de 1934, pp. 67-69)",dato,no,"Federal Reserve Bulletin, febrero de 1934, pp. 68-69; la fracción se comprobó en la imagen",
1946-10,35,"precio oficial fijado por ley, no precio de mercado","Proclamación presidencial del 31 de enero de 1934 (sección 43(b)(2) del Título III de la ley del 12 de mayo de 1933, reformada por la sección 12 de la Gold Reserve Act del 30 de enero de 1934): dólar de 15 5/21 granos de oro de 9/10 de fino","1934-01-31 15:10, hora del Este","solo bancos centrales extranjeros y usos licenciados: el Tesoro compra a 35 menos 1/4 % y vende a 35 más 1/4 % (Federal Reserve Bulletin, febrero de 1934, pp. 67-69)",dato,no,"Federal Reserve Bulletin, febrero de 1934, pp. 68-69; la fracción se comprobó en la imagen",
1946-11,35,"precio oficial fijado por ley, no precio de mercado","Proclamación presidencial del 31 de enero de 1934 (sección 43(b)(2) del Título III de la ley del 12 de mayo de 1933, reformada por la sección 12 de la Gold Reserve Act del 30 de enero de 1934): dólar de 15 5/21 granos de oro de 9/10 de fino","1934-01-31 15:10, hora del Este","solo bancos centrales extranjeros y usos licenciados: el Tesoro compra a 35 menos 1/4 % y vende a 35 más 1/4 % (Federal Reserve Bulletin, febrero de 1934, pp. 67-69)",dato,no,"Federal Reserve Bulletin, febrero de 1934, pp. 68-69; la fracción se comprobó en la imagen",
1946-12,35,"precio oficial fijado por ley, no precio de mercado","Proclamación presidencial del 31 de enero de 1934 (sección 43(b)(2) del Título III de la ley del 12 de mayo de 1933, reformada por la sección 12 de la Gold Reserve Act del 30 de enero de 1934): dólar de 15 5/21 granos de oro de 9/10 de fino","1934-01-31 15:10, hora del Este","solo bancos centrales extranjeros y usos licenciados: el Tesoro compra a 35 menos 1/4 % y vende a 35 más 1/4 % (Federal Reserve Bulletin, febrero de 1934, pp. 67-69)",dato,no,"Federal Reserve Bulletin, febrero de 1934, pp. 68-69; la fracción se comprobó en la imagen",
1947-01,35,"precio oficial fijado por ley, no precio de mercado","Proclamación presidencial del 31 de enero de 1934 (sección 43(b)(2) del Título III de la ley del 12 de mayo de 1933, reformada por la sección 12 de la Gold Reserve Act del 30 de enero de 1934): dólar de 15 5/21 granos de oro de 9/10 de fino","1934-01-31 15:10, hora del Este","solo bancos centrales extranjeros y usos licenciados: el Tesoro compra a 35 menos 1/4 % y vende a 35 más 1/4 % (Federal Reserve Bulletin, febrero de 1934, pp. 67-69)",dato,no,"Federal Reserve Bulletin, febrero de 1934, pp. 68-69; la fracción se comprobó en la imagen",
1947-02,35,"precio oficial fijado por ley, no precio de mercado","Proclamación presidencial del 31 de enero de 1934 (sección 43(b)(2) del Título III de la ley del 12 de mayo de 1933, reformada por la sección 12 de la Gold Reserve Act del 30 de enero de 1934): dólar de 15 5/21 granos de oro de 9/10 de fino","1934-01-31 15:10, hora del Este","solo bancos centrales extranjeros y usos licenciados: el Tesoro compra a 35 menos 1/4 % y vende a 35 más 1/4 % (Federal Reserve Bulletin, febrero de 1934, pp. 67-69)",dato,no,"Federal Reserve Bulletin, febrero de 1934, pp. 68-69; la fracción se comprobó en la imagen",
1947-03,35,"precio oficial fijado por ley, no precio de mercado","Proclamación presidencial del 31 de enero de 1934 (sección 43(b)(2) del Título III de la ley del 12 de mayo de 1933, reformada por la sección 12 de la Gold Reserve Act del 30 de enero de 1934): dólar de 15 5/21 granos de oro de 9/10 de fino","1934-01-31 15:10, hora del Este","solo bancos centrales extranjeros y usos licenciados: el Tesoro compra a 35 menos 1/4 % y vende a 35 más 1/4 % (Federal Reserve Bulletin, febrero de 1934, pp. 67-69)",dato,no,"Federal Reserve Bulletin, febrero de 1934, pp. 68-69; la fracción se comprobó en la imagen",
1947-04,35,"precio oficial fijado por ley, no precio de mercado","Proclamación presidencial del 31 de enero de 1934 (sección 43(b)(2) del Título III de la ley del 12 de mayo de 1933, reformada por la sección 12 de la Gold Reserve Act del 30 de enero de 1934): dólar de 15 5/21 granos de oro de 9/10 de fino","1934-01-31 15:10, hora del Este","solo bancos centrales extranjeros y usos licenciados: el Tesoro compra a 35 menos 1/4 % y vende a 35 más 1/4 % (Federal Reserve Bulletin, febrero de 1934, pp. 67-69)",dato,no,"Federal Reserve Bulletin, febrero de 1934, pp. 68-69; la fracción se comprobó en la imagen",
1947-05,35,"precio oficial fijado por ley, no precio de mercado","Proclamación presidencial del 31 de enero de 1934 (sección 43(b)(2) del Título III de la ley del 12 de mayo de 1933, reformada por la sección 12 de la Gold Reserve Act del 30 de enero de 1934): dólar de 15 5/21 granos de oro de 9/10 de fino","1934-01-31 15:10, hora del Este","solo bancos centrales extranjeros y usos licenciados: el Tesoro compra a 35 menos 1/4 % y vende a 35 más 1/4 % (Federal Reserve Bulletin, febrero de 1934, pp. 67-69)",dato,no,"Federal Reserve Bulletin, febrero de 1934, pp. 68-69; la fracción se comprobó en la imagen",
1947-06,35,"precio oficial fijado por ley, no precio de mercado","Proclamación presidencial del 31 de enero de 1934 (sección 43(b)(2) del Título III de la ley del 12 de mayo de 1933, reformada por la sección 12 de la Gold Reserve Act del 30 de enero de 1934): dólar de 15 5/21 granos de oro de 9/10 de fino","1934-01-31 15:10, hora del Este","solo bancos centrales extranjeros y usos licenciados: el Tesoro compra a 35 menos 1/4 % y vende a 35 más 1/4 % (Federal Reserve Bulletin, febrero de 1934, pp. 67-69)",dato,no,"Federal Reserve Bulletin, febrero de 1934, pp. 68-69; la fracción se comprobó en la imagen",
1947-07,35,"precio oficial fijado por ley, no precio de mercado","Proclamación presidencial del 31 de enero de 1934 (sección 43(b)(2) del Título III de la ley del 12 de mayo de 1933, reformada por la sección 12 de la Gold Reserve Act del 30 de enero de 1934): dólar de 15 5/21 granos de oro de 9/10 de fino","1934-01-31 15:10, hora del Este","solo bancos centrales extranjeros y usos licenciados: el Tesoro compra a 35 menos 1/4 % y vende a 35 más 1/4 % (Federal Reserve Bulletin, febrero de 1934, pp. 67-69)",dato,no,"Federal Reserve Bulletin, febrero de 1934, pp. 68-69; la fracción se comprobó en la imagen",
1947-08,35,"precio oficial fijado por ley, no precio de mercado","Proclamación presidencial del 31 de enero de 1934 (sección 43(b)(2) del Título III de la ley del 12 de mayo de 1933, reformada por la sección 12 de la Gold Reserve Act del 30 de enero de 1934): dólar de 15 5/21 granos de oro de 9/10 de fino","1934-01-31 15:10, hora del Este","solo bancos centrales extranjeros y usos licenciados: el Tesoro compra a 35 menos 1/4 % y vende a 35 más 1/4 % (Federal Reserve Bulletin, febrero de 1934, pp. 67-69)",dato,no,"Federal Reserve Bulletin, febrero de 1934, pp. 68-69; la fracción se comprobó en la imagen",
1947-09,35,"precio oficial fijado por ley, no precio de mercado","Proclamación presidencial del 31 de enero de 1934 (sección 43(b)(2) del Título III de la ley del 12 de mayo de 1933, reformada por la sección 12 de la Gold Reserve Act del 30 de enero de 1934): dólar de 15 5/21 granos de oro de 9/10 de fino","1934-01-31 15:10, hora del Este","solo bancos centrales extranjeros y usos licenciados: el Tesoro compra a 35 menos 1/4 % y vende a 35 más 1/4 % (Federal Reserve Bulletin, febrero de 1934, pp. 67-69)",dato,no,"Federal Reserve Bulletin, febrero de 1934, pp. 68-69; la fracción se comprobó en la imagen",
1947-10,35,"precio oficial fijado por ley, no precio de mercado","Proclamación presidencial del 31 de enero de 1934 (sección 43(b)(2) del Título III de la ley del 12 de mayo de 1933, reformada por la sección 12 de la Gold Reserve Act del 30 de enero de 1934): dólar de 15 5/21 granos de oro de 9/10 de fino","1934-01-31 15:10, hora del Este","solo bancos centrales extranjeros y usos licenciados: el Tesoro compra a 35 menos 1/4 % y vende a 35 más 1/4 % (Federal Reserve Bulletin, febrero de 1934, pp. 67-69)",dato,no,"Federal Reserve Bulletin, febrero de 1934, pp. 68-69; la fracción se comprobó en la imagen",
1947-11,35,"precio oficial fijado por ley, no precio de mercado","Proclamación presidencial del 31 de enero de 1934 (sección 43(b)(2) del Título III de la ley del 12 de mayo de 1933, reformada por la sección 12 de la Gold Reserve Act del 30 de enero de 1934): dólar de 15 5/21 granos de oro de 9/10 de fino","1934-01-31 15:10, hora del Este","solo bancos centrales extranjeros y usos licenciados: el Tesoro compra a 35 menos 1/4 % y vende a 35 más 1/4 % (Federal Reserve Bulletin, febrero de 1934, pp. 67-69)",dato,no,"Federal Reserve Bulletin, febrero de 1934, pp. 68-69; la fracción se comprobó en la imagen",
1947-12,35,"precio oficial fijado por ley, no precio de mercado","Proclamación presidencial del 31 de enero de 1934 (sección 43(b)(2) del Título III de la ley del 12 de mayo de 1933, reformada por la sección 12 de la Gold Reserve Act del 30 de enero de 1934): dólar de 15 5/21 granos de oro de 9/10 de fino","1934-01-31 15:10, hora del Este","solo bancos centrales extranjeros y usos licenciados: el Tesoro compra a 35 menos 1/4 % y vende a 35 más 1/4 % (Federal Reserve Bulletin, febrero de 1934, pp. 67-69)",dato,no,"Federal Reserve Bulletin, febrero de 1934, pp. 68-69; la fracción se comprobó en la imagen",
1948-01,35,"precio oficial fijado por ley, no precio de mercado","Proclamación presidencial del 31 de enero de 1934 (sección 43(b)(2) del Título III de la ley del 12 de mayo de 1933, reformada por la sección 12 de la Gold Reserve Act del 30 de enero de 1934): dólar de 15 5/21 granos de oro de 9/10 de fino","1934-01-31 15:10, hora del Este","solo bancos centrales extranjeros y usos licenciados: el Tesoro compra a 35 menos 1/4 % y vende a 35 más 1/4 % (Federal Reserve Bulletin, febrero de 1934, pp. 67-69)",dato,no,"Federal Reserve Bulletin, febrero de 1934, pp. 68-69; la fracción se comprobó en la imagen",
1948-02,35,"precio oficial fijado por ley, no precio de mercado","Proclamación presidencial del 31 de enero de 1934 (sección 43(b)(2) del Título III de la ley del 12 de mayo de 1933, reformada por la sección 12 de la Gold Reserve Act del 30 de enero de 1934): dólar de 15 5/21 granos de oro de 9/10 de fino","1934-01-31 15:10, hora del Este","solo bancos centrales extranjeros y usos licenciados: el Tesoro compra a 35 menos 1/4 % y vende a 35 más 1/4 % (Federal Reserve Bulletin, febrero de 1934, pp. 67-69)",dato,no,"Federal Reserve Bulletin, febrero de 1934, pp. 68-69; la fracción se comprobó en la imagen",
1948-03,35,"precio oficial fijado por ley, no precio de mercado","Proclamación presidencial del 31 de enero de 1934 (sección 43(b)(2) del Título III de la ley del 12 de mayo de 1933, reformada por la sección 12 de la Gold Reserve Act del 30 de enero de 1934): dólar de 15 5/21 granos de oro de 9/10 de fino","1934-01-31 15:10, hora del Este","solo bancos centrales extranjeros y usos licenciados: el Tesoro compra a 35 menos 1/4 % y vende a 35 más 1/4 % (Federal Reserve Bulletin, febrero de 1934, pp. 67-69)",dato,no,"Federal Reserve Bulletin, febrero de 1934, pp. 68-69; la fracción se comprobó en la imagen",
1948-04,35,"precio oficial fijado por ley, no precio de mercado","Proclamación presidencial del 31 de enero de 1934 (sección 43(b)(2) del Título III de la ley del 12 de mayo de 1933, reformada por la sección 12 de la Gold Reserve Act del 30 de enero de 1934): dólar de 15 5/21 granos de oro de 9/10 de fino","1934-01-31 15:10, hora del Este","solo bancos centrales extranjeros y usos licenciados: el Tesoro compra a 35 menos 1/4 % y vende a 35 más 1/4 % (Federal Reserve Bulletin, febrero de 1934, pp. 67-69)",dato,no,"Federal Reserve Bulletin, febrero de 1934, pp. 68-69; la fracción se comprobó en la imagen",
1948-05,35,"precio oficial fijado por ley, no precio de mercado","Proclamación presidencial del 31 de enero de 1934 (sección 43(b)(2) del Título III de la ley del 12 de mayo de 1933, reformada por la sección 12 de la Gold Reserve Act del 30 de enero de 1934): dólar de 15 5/21 granos de oro de 9/10 de fino","1934-01-31 15:10, hora del Este","solo bancos centrales extranjeros y usos licenciados: el Tesoro compra a 35 menos 1/4 % y vende a 35 más 1/4 % (Federal Reserve Bulletin, febrero de 1934, pp. 67-69)",dato,no,"Federal Reserve Bulletin, febrero de 1934, pp. 68-69; la fracción se comprobó en la imagen",
1948-06,35,"precio oficial fijado por ley, no precio de mercado","Proclamación presidencial del 31 de enero de 1934 (sección 43(b)(2) del Título III de la ley del 12 de mayo de 1933, reformada por la sección 12 de la Gold Reserve Act del 30 de enero de 1934): dólar de 15 5/21 granos de oro de 9/10 de fino","1934-01-31 15:10, hora del Este","solo bancos centrales extranjeros y usos licenciados: el Tesoro compra a 35 menos 1/4 % y vende a 35 más 1/4 % (Federal Reserve Bulletin, febrero de 1934, pp. 67-69)",dato,no,"Federal Reserve Bulletin, febrero de 1934, pp. 68-69; la fracción se comprobó en la imagen",
1948-07,35,"precio oficial fijado por ley, no precio de mercado","Proclamación presidencial del 31 de enero de 1934 (sección 43(b)(2) del Título III de la ley del 12 de mayo de 1933, reformada por la sección 12 de la Gold Reserve Act del 30 de enero de 1934): dólar de 15 5/21 granos de oro de 9/10 de fino","1934-01-31 15:10, hora del Este","solo bancos centrales extranjeros y usos licenciados: el Tesoro compra a 35 menos 1/4 % y vende a 35 más 1/4 % (Federal Reserve Bulletin, febrero de 1934, pp. 67-69)",dato,no,"Federal Reserve Bulletin, febrero de 1934, pp. 68-69; la fracción se comprobó en la imagen",
1948-08,35,"precio oficial fijado por ley, no precio de mercado","Proclamación presidencial del 31 de enero de 1934 (sección 43(b)(2) del Título III de la ley del 12 de mayo de 1933, reformada por la sección 12 de la Gold Reserve Act del 30 de enero de 1934): dólar de 15 5/21 granos de oro de 9/10 de fino","1934-01-31 15:10, hora del Este","solo bancos centrales extranjeros y usos licenciados: el Tesoro compra a 35 menos 1/4 % y vende a 35 más 1/4 % (Federal Reserve Bulletin, febrero de 1934, pp. 67-69)",dato,no,"Federal Reserve Bulletin, febrero de 1934, pp. 68-69; la fracción se comprobó en la imagen",
1948-09,35,"precio oficial fijado por ley, no precio de mercado","Proclamación presidencial del 31 de enero de 1934 (sección 43(b)(2) del Título III de la ley del 12 de mayo de 1933, reformada por la sección 12 de la Gold Reserve Act del 30 de enero de 1934): dólar de 15 5/21 granos de oro de 9/10 de fino","1934-01-31 15:10, hora del Este","solo bancos centrales extranjeros y usos licenciados: el Tesoro compra a 35 menos 1/4 % y vende a 35 más 1/4 % (Federal Reserve Bulletin, febrero de 1934, pp. 67-69)",dato,no,"Federal Reserve Bulletin, febrero de 1934, pp. 68-69; la fracción se comprobó en la imagen",
1948-10,35,"precio oficial fijado por ley, no precio de mercado","Proclamación presidencial del 31 de enero de 1934 (sección 43(b)(2) del Título III de la ley del 12 de mayo de 1933, reformada por la sección 12 de la Gold Reserve Act del 30 de enero de 1934): dólar de 15 5/21 granos de oro de 9/10 de fino","1934-01-31 15:10, hora del Este","solo bancos centrales extranjeros y usos licenciados: el Tesoro compra a 35 menos 1/4 % y vende a 35 más 1/4 % (Federal Reserve Bulletin, febrero de 1934, pp. 67-69)",dato,no,"Federal Reserve Bulletin, febrero de 1934, pp. 68-69; la fracción se comprobó en la imagen",
1948-11,35,"precio oficial fijado por ley, no precio de mercado","Proclamación presidencial del 31 de enero de 1934 (sección 43(b)(2) del Título III de la ley del 12 de mayo de 1933, reformada por la sección 12 de la Gold Reserve Act del 30 de enero de 1934): dólar de 15 5/21 granos de oro de 9/10 de fino","1934-01-31 15:10, hora del Este","solo bancos centrales extranjeros y usos licenciados: el Tesoro compra a 35 menos 1/4 % y vende a 35 más 1/4 % (Federal Reserve Bulletin, febrero de 1934, pp. 67-69)",dato,no,"Federal Reserve Bulletin, febrero de 1934, pp. 68-69; la fracción se comprobó en la imagen",
1948-12,35,"precio oficial fijado por ley, no precio de mercado","Proclamación presidencial del 31 de enero de 1934 (sección 43(b)(2) del Título III de la ley del 12 de mayo de 1933, reformada por la sección 12 de la Gold Reserve Act del 30 de enero de 1934): dólar de 15 5/21 granos de oro de 9/10 de fino","1934-01-31 15:10, hora del Este","solo bancos centrales extranjeros y usos licenciados: el Tesoro compra a 35 menos 1/4 % y vende a 35 más 1/4 % (Federal Reserve Bulletin, febrero de 1934, pp. 67-69)",dato,no,"Federal Reserve Bulletin, febrero de 1934, pp. 68-69; la fracción se comprobó en la imagen",
1949-01,35,"precio oficial fijado por ley, no precio de mercado","Proclamación presidencial del 31 de enero de 1934 (sección 43(b)(2) del Título III de la ley del 12 de mayo de 1933, reformada por la sección 12 de la Gold Reserve Act del 30 de enero de 1934): dólar de 15 5/21 granos de oro de 9/10 de fino","1934-01-31 15:10, hora del Este","solo bancos centrales extranjeros y usos licenciados: el Tesoro compra a 35 menos 1/4 % y vende a 35 más 1/4 % (Federal Reserve Bulletin, febrero de 1934, pp. 67-69)",dato,no,"Federal Reserve Bulletin, febrero de 1934, pp. 68-69; la fracción se comprobó en la imagen",
1949-02,35,"precio oficial fijado por ley, no precio de mercado","Proclamación presidencial del 31 de enero de 1934 (sección 43(b)(2) del Título III de la ley del 12 de mayo de 1933, reformada por la sección 12 de la Gold Reserve Act del 30 de enero de 1934): dólar de 15 5/21 granos de oro de 9/10 de fino","1934-01-31 15:10, hora del Este","solo bancos centrales extranjeros y usos licenciados: el Tesoro compra a 35 menos 1/4 % y vende a 35 más 1/4 % (Federal Reserve Bulletin, febrero de 1934, pp. 67-69)",dato,no,"Federal Reserve Bulletin, febrero de 1934, pp. 68-69; la fracción se comprobó en la imagen",
1949-03,35,"precio oficial fijado por ley, no precio de mercado","Proclamación presidencial del 31 de enero de 1934 (sección 43(b)(2) del Título III de la ley del 12 de mayo de 1933, reformada por la sección 12 de la Gold Reserve Act del 30 de enero de 1934): dólar de 15 5/21 granos de oro de 9/10 de fino","1934-01-31 15:10, hora del Este","solo bancos centrales extranjeros y usos licenciados: el Tesoro compra a 35 menos 1/4 % y vende a 35 más 1/4 % (Federal Reserve Bulletin, febrero de 1934, pp. 67-69)",dato,no,"Federal Reserve Bulletin, febrero de 1934, pp. 68-69; la fracción se comprobó en la imagen",
1949-04,35,"precio oficial fijado por ley, no precio de mercado","Proclamación presidencial del 31 de enero de 1934 (sección 43(b)(2) del Título III de la ley del 12 de mayo de 1933, reformada por la sección 12 de la Gold Reserve Act del 30 de enero de 1934): dólar de 15 5/21 granos de oro de 9/10 de fino","1934-01-31 15:10, hora del Este","solo bancos centrales extranjeros y usos licenciados: el Tesoro compra a 35 menos 1/4 % y vende a 35 más 1/4 % (Federal Reserve Bulletin, febrero de 1934, pp. 67-69)",dato,no,"Federal Reserve Bulletin, febrero de 1934, pp. 68-69; la fracción se comprobó en la imagen",
1949-05,35,"precio oficial fijado por ley, no precio de mercado","Proclamación presidencial del 31 de enero de 1934 (sección 43(b)(2) del Título III de la ley del 12 de mayo de 1933, reformada por la sección 12 de la Gold Reserve Act del 30 de enero de 1934): dólar de 15 5/21 granos de oro de 9/10 de fino","1934-01-31 15:10, hora del Este","solo bancos centrales extranjeros y usos licenciados: el Tesoro compra a 35 menos 1/4 % y vende a 35 más 1/4 % (Federal Reserve Bulletin, febrero de 1934, pp. 67-69)",dato,no,"Federal Reserve Bulletin, febrero de 1934, pp. 68-69; la fracción se comprobó en la imagen",
1949-06,35,"precio oficial fijado por ley, no precio de mercado","Proclamación presidencial del 31 de enero de 1934 (sección 43(b)(2) del Título III de la ley del 12 de mayo de 1933, reformada por la sección 12 de la Gold Reserve Act del 30 de enero de 1934): dólar de 15 5/21 granos de oro de 9/10 de fino","1934-01-31 15:10, hora del Este","solo bancos centrales extranjeros y usos licenciados: el Tesoro compra a 35 menos 1/4 % y vende a 35 más 1/4 % (Federal Reserve Bulletin, febrero de 1934, pp. 67-69)",dato,no,"Federal Reserve Bulletin, febrero de 1934, pp. 68-69; la fracción se comprobó en la imagen",
1949-07,35,"precio oficial fijado por ley, no precio de mercado","Proclamación presidencial del 31 de enero de 1934 (sección 43(b)(2) del Título III de la ley del 12 de mayo de 1933, reformada por la sección 12 de la Gold Reserve Act del 30 de enero de 1934): dólar de 15 5/21 granos de oro de 9/10 de fino","1934-01-31 15:10, hora del Este","solo bancos centrales extranjeros y usos licenciados: el Tesoro compra a 35 menos 1/4 % y vende a 35 más 1/4 % (Federal Reserve Bulletin, febrero de 1934, pp. 67-69)",dato,no,"Federal Reserve Bulletin, febrero de 1934, pp. 68-69; la fracción se comprobó en la imagen",
1949-08,35,"precio oficial fijado por ley, no precio de mercado","Proclamación presidencial del 31 de enero de 1934 (sección 43(b)(2) del Título III de la ley del 12 de mayo de 1933, reformada por la sección 12 de la Gold Reserve Act del 30 de enero de 1934): dólar de 15 5/21 granos de oro de 9/10 de fino","1934-01-31 15:10, hora del Este","solo bancos centrales extranjeros y usos licenciados: el Tesoro compra a 35 menos 1/4 % y vende a 35 más 1/4 % (Federal Reserve Bulletin, febrero de 1934, pp. 67-69)",dato,no,"Federal Reserve Bulletin, febrero de 1934, pp. 68-69; la fracción se comprobó en la imagen",
1949-09,35,"precio oficial fijado por ley, no precio de mercado","Proclamación presidencial del 31 de enero de 1934 (sección 43(b)(2) del Título III de la ley del 12 de mayo de 1933, reformada por la sección 12 de la Gold Reserve Act del 30 de enero de 1934): dólar de 15 5/21 granos de oro de 9/10 de fino","1934-01-31 15:10, hora del Este","solo bancos centrales extranjeros y usos licenciados: el Tesoro compra a 35 menos 1/4 % y vende a 35 más 1/4 % (Federal Reserve Bulletin, febrero de 1934, pp. 67-69)",dato,no,"Federal Reserve Bulletin, febrero de 1934, pp. 68-69; la fracción se comprobó en la imagen",
1949-10,35,"precio oficial fijado por ley, no precio de mercado","Proclamación presidencial del 31 de enero de 1934 (sección 43(b)(2) del Título III de la ley del 12 de mayo de 1933, reformada por la sección 12 de la Gold Reserve Act del 30 de enero de 1934): dólar de 15 5/21 granos de oro de 9/10 de fino","1934-01-31 15:10, hora del Este","solo bancos centrales extranjeros y usos licenciados: el Tesoro compra a 35 menos 1/4 % y vende a 35 más 1/4 % (Federal Reserve Bulletin, febrero de 1934, pp. 67-69)",dato,no,"Federal Reserve Bulletin, febrero de 1934, pp. 68-69; la fracción se comprobó en la imagen",
1949-11,35,"precio oficial fijado por ley, no precio de mercado","Proclamación presidencial del 31 de enero de 1934 (sección 43(b)(2) del Título III de la ley del 12 de mayo de 1933, reformada por la sección 12 de la Gold Reserve Act del 30 de enero de 1934): dólar de 15 5/21 granos de oro de 9/10 de fino","1934-01-31 15:10, hora del Este","solo bancos centrales extranjeros y usos licenciados: el Tesoro compra a 35 menos 1/4 % y vende a 35 más 1/4 % (Federal Reserve Bulletin, febrero de 1934, pp. 67-69)",dato,no,"Federal Reserve Bulletin, febrero de 1934, pp. 68-69; la fracción se comprobó en la imagen",
1949-12,35,"precio oficial fijado por ley, no precio de mercado","Proclamación presidencial del 31 de enero de 1934 (sección 43(b)(2) del Título III de la ley del 12 de mayo de 1933, reformada por la sección 12 de la Gold Reserve Act del 30 de enero de 1934): dólar de 15 5/21 granos de oro de 9/10 de fino","1934-01-31 15:10, hora del Este","solo bancos centrales extranjeros y usos licenciados: el Tesoro compra a 35 menos 1/4 % y vende a 35 más 1/4 % (Federal Reserve Bulletin, febrero de 1934, pp. 67-69)",dato,no,"Federal Reserve Bulletin, febrero de 1934, pp. 68-69; la fracción se comprobó en la imagen",
1950-01,35,"precio oficial fijado por ley, no precio de mercado","Proclamación presidencial del 31 de enero de 1934 (sección 43(b)(2) del Título III de la ley del 12 de mayo de 1933, reformada por la sección 12 de la Gold Reserve Act del 30 de enero de 1934): dólar de 15 5/21 granos de oro de 9/10 de fino","1934-01-31 15:10, hora del Este","solo bancos centrales extranjeros y usos licenciados: el Tesoro compra a 35 menos 1/4 % y vende a 35 más 1/4 % (Federal Reserve Bulletin, febrero de 1934, pp. 67-69)",dato,no,"Federal Reserve Bulletin, febrero de 1934, pp. 68-69; la fracción se comprobó en la imagen",
1950-02,35,"precio oficial fijado por ley, no precio de mercado","Proclamación presidencial del 31 de enero de 1934 (sección 43(b)(2) del Título III de la ley del 12 de mayo de 1933, reformada por la sección 12 de la Gold Reserve Act del 30 de enero de 1934): dólar de 15 5/21 granos de oro de 9/10 de fino","1934-01-31 15:10, hora del Este","solo bancos centrales extranjeros y usos licenciados: el Tesoro compra a 35 menos 1/4 % y vende a 35 más 1/4 % (Federal Reserve Bulletin, febrero de 1934, pp. 67-69)",dato,no,"Federal Reserve Bulletin, febrero de 1934, pp. 68-69; la fracción se comprobó en la imagen",
1950-03,35,"precio oficial fijado por ley, no precio de mercado","Proclamación presidencial del 31 de enero de 1934 (sección 43(b)(2) del Título III de la ley del 12 de mayo de 1933, reformada por la sección 12 de la Gold Reserve Act del 30 de enero de 1934): dólar de 15 5/21 granos de oro de 9/10 de fino","1934-01-31 15:10, hora del Este","solo bancos centrales extranjeros y usos licenciados: el Tesoro compra a 35 menos 1/4 % y vende a 35 más 1/4 % (Federal Reserve Bulletin, febrero de 1934, pp. 67-69)",dato,no,"Federal Reserve Bulletin, febrero de 1934, pp. 68-69; la fracción se comprobó en la imagen",
1950-04,35,"precio oficial fijado por ley, no precio de mercado","Proclamación presidencial del 31 de enero de 1934 (sección 43(b)(2) del Título III de la ley del 12 de mayo de 1933, reformada por la sección 12 de la Gold Reserve Act del 30 de enero de 1934): dólar de 15 5/21 granos de oro de 9/10 de fino","1934-01-31 15:10, hora del Este","solo bancos centrales extranjeros y usos licenciados: el Tesoro compra a 35 menos 1/4 % y vende a 35 más 1/4 % (Federal Reserve Bulletin, febrero de 1934, pp. 67-69)",dato,no,"Federal Reserve Bulletin, febrero de 1934, pp. 68-69; la fracción se comprobó en la imagen",
1950-05,35,"precio oficial fijado por ley, no precio de mercado","Proclamación presidencial del 31 de enero de 1934 (sección 43(b)(2) del Título III de la ley del 12 de mayo de 1933, reformada por la sección 12 de la Gold Reserve Act del 30 de enero de 1934): dólar de 15 5/21 granos de oro de 9/10 de fino","1934-01-31 15:10, hora del Este","solo bancos centrales extranjeros y usos licenciados: el Tesoro compra a 35 menos 1/4 % y vende a 35 más 1/4 % (Federal Reserve Bulletin, febrero de 1934, pp. 67-69)",dato,no,"Federal Reserve Bulletin, febrero de 1934, pp. 68-69; la fracción se comprobó en la imagen",
1950-06,35,"precio oficial fijado por ley, no precio de mercado","Proclamación presidencial del 31 de enero de 1934 (sección 43(b)(2) del Título III de la ley del 12 de mayo de 1933, reformada por la sección 12 de la Gold Reserve Act del 30 de enero de 1934): dólar de 15 5/21 granos de oro de 9/10 de fino","1934-01-31 15:10, hora del Este","solo bancos centrales extranjeros y usos licenciados: el Tesoro compra a 35 menos 1/4 % y vende a 35 más 1/4 % (Federal Reserve Bulletin, febrero de 1934, pp. 67-69)",dato,no,"Federal Reserve Bulletin, febrero de 1934, pp. 68-69; la fracción se comprobó en la imagen",
1950-07,35,"precio oficial fijado por ley, no precio de mercado","Proclamación presidencial del 31 de enero de 1934 (sección 43(b)(2) del Título III de la ley del 12 de mayo de 1933, reformada por la sección 12 de la Gold Reserve Act del 30 de enero de 1934): dólar de 15 5/21 granos de oro de 9/10 de fino","1934-01-31 15:10, hora del Este","solo bancos centrales extranjeros y usos licenciados: el Tesoro compra a 35 menos 1/4 % y vende a 35 más 1/4 % (Federal Reserve Bulletin, febrero de 1934, pp. 67-69)",dato,no,"Federal Reserve Bulletin, febrero de 1934, pp. 68-69; la fracción se comprobó en la imagen",
1950-08,35,"precio oficial fijado por ley, no precio de mercado","Proclamación presidencial del 31 de enero de 1934 (sección 43(b)(2) del Título III de la ley del 12 de mayo de 1933, reformada por la sección 12 de la Gold Reserve Act del 30 de enero de 1934): dólar de 15 5/21 granos de oro de 9/10 de fino","1934-01-31 15:10, hora del Este","solo bancos centrales extranjeros y usos licenciados: el Tesoro compra a 35 menos 1/4 % y vende a 35 más 1/4 % (Federal Reserve Bulletin, febrero de 1934, pp. 67-69)",dato,no,"Federal Reserve Bulletin, febrero de 1934, pp. 68-69; la fracción se comprobó en la imagen",
1950-09,35,"precio oficial fijado por ley, no precio de mercado","Proclamación presidencial del 31 de enero de 1934 (sección 43(b)(2) del Título III de la ley del 12 de mayo de 1933, reformada por la sección 12 de la Gold Reserve Act del 30 de enero de 1934): dólar de 15 5/21 granos de oro de 9/10 de fino","1934-01-31 15:10, hora del Este","solo bancos centrales extranjeros y usos licenciados: el Tesoro compra a 35 menos 1/4 % y vende a 35 más 1/4 % (Federal Reserve Bulletin, febrero de 1934, pp. 67-69)",dato,no,"Federal Reserve Bulletin, febrero de 1934, pp. 68-69; la fracción se comprobó en la imagen",
1950-10,35,"precio oficial fijado por ley, no precio de mercado","Proclamación presidencial del 31 de enero de 1934 (sección 43(b)(2) del Título III de la ley del 12 de mayo de 1933, reformada por la sección 12 de la Gold Reserve Act del 30 de enero de 1934): dólar de 15 5/21 granos de oro de 9/10 de fino","1934-01-31 15:10, hora del Este","solo bancos centrales extranjeros y usos licenciados: el Tesoro compra a 35 menos 1/4 % y vende a 35 más 1/4 % (Federal Reserve Bulletin, febrero de 1934, pp. 67-69)",dato,no,"Federal Reserve Bulletin, febrero de 1934, pp. 68-69; la fracción se comprobó en la imagen",
1950-11,35,"precio oficial fijado por ley, no precio de mercado","Proclamación presidencial del 31 de enero de 1934 (sección 43(b)(2) del Título III de la ley del 12 de mayo de 1933, reformada por la sección 12 de la Gold Reserve Act del 30 de enero de 1934): dólar de 15 5/21 granos de oro de 9/10 de fino","1934-01-31 15:10, hora del Este","solo bancos centrales extranjeros y usos licenciados: el Tesoro compra a 35 menos 1/4 % y vende a 35 más 1/4 % (Federal Reserve Bulletin, febrero de 1934, pp. 67-69)",dato,no,"Federal Reserve Bulletin, febrero de 1934, pp. 68-69; la fracción se comprobó en la imagen",
1950-12,35,"precio oficial fijado por ley, no precio de mercado","Proclamación presidencial del 31 de enero de 1934 (sección 43(b)(2) del Título III de la ley del 12 de mayo de 1933, reformada por la sección 12 de la Gold Reserve Act del 30 de enero de 1934): dólar de 15 5/21 granos de oro de 9/10 de fino","1934-01-31 15:10, hora del Este","solo bancos centrales extranjeros y usos licenciados: el Tesoro compra a 35 menos 1/4 % y vende a 35 más 1/4 % (Federal Reserve Bulletin, febrero de 1934, pp. 67-69)",dato,no,"Federal Reserve Bulletin, febrero de 1934, pp. 68-69; la fracción se comprobó en la imagen",
1951-01,35,"precio oficial fijado por ley, no precio de mercado","Proclamación presidencial del 31 de enero de 1934 (sección 43(b)(2) del Título III de la ley del 12 de mayo de 1933, reformada por la sección 12 de la Gold Reserve Act del 30 de enero de 1934): dólar de 15 5/21 granos de oro de 9/10 de fino","1934-01-31 15:10, hora del Este","solo bancos centrales extranjeros y usos licenciados: el Tesoro compra a 35 menos 1/4 % y vende a 35 más 1/4 % (Federal Reserve Bulletin, febrero de 1934, pp. 67-69)",dato,no,"Federal Reserve Bulletin, febrero de 1934, pp. 68-69; la fracción se comprobó en la imagen",
1951-02,35,"precio oficial fijado por ley, no precio de mercado","Proclamación presidencial del 31 de enero de 1934 (sección 43(b)(2) del Título III de la ley del 12 de mayo de 1933, reformada por la sección 12 de la Gold Reserve Act del 30 de enero de 1934): dólar de 15 5/21 granos de oro de 9/10 de fino","1934-01-31 15:10, hora del Este","solo bancos centrales extranjeros y usos licenciados: el Tesoro compra a 35 menos 1/4 % y vende a 35 más 1/4 % (Federal Reserve Bulletin, febrero de 1934, pp. 67-69)",dato,no,"Federal Reserve Bulletin, febrero de 1934, pp. 68-69; la fracción se comprobó en la imagen",
1951-03,35,"precio oficial fijado por ley, no precio de mercado","Proclamación presidencial del 31 de enero de 1934 (sección 43(b)(2) del Título III de la ley del 12 de mayo de 1933, reformada por la sección 12 de la Gold Reserve Act del 30 de enero de 1934): dólar de 15 5/21 granos de oro de 9/10 de fino","1934-01-31 15:10, hora del Este","solo bancos centrales extranjeros y usos licenciados: el Tesoro compra a 35 menos 1/4 % y vende a 35 más 1/4 % (Federal Reserve Bulletin, febrero de 1934, pp. 67-69)",dato,no,"Federal Reserve Bulletin, febrero de 1934, pp. 68-69; la fracción se comprobó en la imagen",
1951-04,35,"precio oficial fijado por ley, no precio de mercado","Proclamación presidencial del 31 de enero de 1934 (sección 43(b)(2) del Título III de la ley del 12 de mayo de 1933, reformada por la sección 12 de la Gold Reserve Act del 30 de enero de 1934): dólar de 15 5/21 granos de oro de 9/10 de fino","1934-01-31 15:10, hora del Este","solo bancos centrales extranjeros y usos licenciados: el Tesoro compra a 35 menos 1/4 % y vende a 35 más 1/4 % (Federal Reserve Bulletin, febrero de 1934, pp. 67-69)",dato,no,"Federal Reserve Bulletin, febrero de 1934, pp. 68-69; la fracción se comprobó en la imagen",
1951-05,35,"precio oficial fijado por ley, no precio de mercado","Proclamación presidencial del 31 de enero de 1934 (sección 43(b)(2) del Título III de la ley del 12 de mayo de 1933, reformada por la sección 12 de la Gold Reserve Act del 30 de enero de 1934): dólar de 15 5/21 granos de oro de 9/10 de fino","1934-01-31 15:10, hora del Este","solo bancos centrales extranjeros y usos licenciados: el Tesoro compra a 35 menos 1/4 % y vende a 35 más 1/4 % (Federal Reserve Bulletin, febrero de 1934, pp. 67-69)",dato,no,"Federal Reserve Bulletin, febrero de 1934, pp. 68-69; la fracción se comprobó en la imagen",
1951-06,35,"precio oficial fijado por ley, no precio de mercado","Proclamación presidencial del 31 de enero de 1934 (sección 43(b)(2) del Título III de la ley del 12 de mayo de 1933, reformada por la sección 12 de la Gold Reserve Act del 30 de enero de 1934): dólar de 15 5/21 granos de oro de 9/10 de fino","1934-01-31 15:10, hora del Este","solo bancos centrales extranjeros y usos licenciados: el Tesoro compra a 35 menos 1/4 % y vende a 35 más 1/4 % (Federal Reserve Bulletin, febrero de 1934, pp. 67-69)",dato,no,"Federal Reserve Bulletin, febrero de 1934, pp. 68-69; la fracción se comprobó en la imagen",
1951-07,35,"precio oficial fijado por ley, no precio de mercado","Proclamación presidencial del 31 de enero de 1934 (sección 43(b)(2) del Título III de la ley del 12 de mayo de 1933, reformada por la sección 12 de la Gold Reserve Act del 30 de enero de 1934): dólar de 15 5/21 granos de oro de 9/10 de fino","1934-01-31 15:10, hora del Este","solo bancos centrales extranjeros y usos licenciados: el Tesoro compra a 35 menos 1/4 % y vende a 35 más 1/4 % (Federal Reserve Bulletin, febrero de 1934, pp. 67-69)",dato,no,"Federal Reserve Bulletin, febrero de 1934, pp. 68-69; la fracción se comprobó en la imagen",
1951-08,35,"precio oficial fijado por ley, no precio de mercado","Proclamación presidencial del 31 de enero de 1934 (sección 43(b)(2) del Título III de la ley del 12 de mayo de 1933, reformada por la sección 12 de la Gold Reserve Act del 30 de enero de 1934): dólar de 15 5/21 granos de oro de 9/10 de fino","1934-01-31 15:10, hora del Este","solo bancos centrales extranjeros y usos licenciados: el Tesoro compra a 35 menos 1/4 % y vende a 35 más 1/4 % (Federal Reserve Bulletin, febrero de 1934, pp. 67-69)",dato,no,"Federal Reserve Bulletin, febrero de 1934, pp. 68-69; la fracción se comprobó en la imagen",
1951-09,35,"precio oficial fijado por ley, no precio de mercado","Proclamación presidencial del 31 de enero de 1934 (sección 43(b)(2) del Título III de la ley del 12 de mayo de 1933, reformada por la sección 12 de la Gold Reserve Act del 30 de enero de 1934): dólar de 15 5/21 granos de oro de 9/10 de fino","1934-01-31 15:10, hora del Este","solo bancos centrales extranjeros y usos licenciados: el Tesoro compra a 35 menos 1/4 % y vende a 35 más 1/4 % (Federal Reserve Bulletin, febrero de 1934, pp. 67-69)",dato,no,"Federal Reserve Bulletin, febrero de 1934, pp. 68-69; la fracción se comprobó en la imagen",
1951-10,35,"precio oficial fijado por ley, no precio de mercado","Proclamación presidencial del 31 de enero de 1934 (sección 43(b)(2) del Título III de la ley del 12 de mayo de 1933, reformada por la sección 12 de la Gold Reserve Act del 30 de enero de 1934): dólar de 15 5/21 granos de oro de 9/10 de fino","1934-01-31 15:10, hora del Este","solo bancos centrales extranjeros y usos licenciados: el Tesoro compra a 35 menos 1/4 % y vende a 35 más 1/4 % (Federal Reserve Bulletin, febrero de 1934, pp. 67-69)",dato,no,"Federal Reserve Bulletin, febrero de 1934, pp. 68-69; la fracción se comprobó en la imagen",
1951-11,35,"precio oficial fijado por ley, no precio de mercado","Proclamación presidencial del 31 de enero de 1934 (sección 43(b)(2) del Título III de la ley del 12 de mayo de 1933, reformada por la sección 12 de la Gold Reserve Act del 30 de enero de 1934): dólar de 15 5/21 granos de oro de 9/10 de fino","1934-01-31 15:10, hora del Este","solo bancos centrales extranjeros y usos licenciados: el Tesoro compra a 35 menos 1/4 % y vende a 35 más 1/4 % (Federal Reserve Bulletin, febrero de 1934, pp. 67-69)",dato,no,"Federal Reserve Bulletin, febrero de 1934, pp. 68-69; la fracción se comprobó en la imagen",
1951-12,35,"precio oficial fijado por ley, no precio de mercado","Proclamación presidencial del 31 de enero de 1934 (sección 43(b)(2) del Título III de la ley del 12 de mayo de 1933, reformada por la sección 12 de la Gold Reserve Act del 30 de enero de 1934): dólar de 15 5/21 granos de oro de 9/10 de fino","1934-01-31 15:10, hora del Este","solo bancos centrales extranjeros y usos licenciados: el Tesoro compra a 35 menos 1/4 % y vende a 35 más 1/4 % (Federal Reserve Bulletin, febrero de 1934, pp. 67-69)",dato,no,"Federal Reserve Bulletin, febrero de 1934, pp. 68-69; la fracción se comprobó en la imagen",
1952-01,35,"precio oficial fijado por ley, no precio de mercado","Proclamación presidencial del 31 de enero de 1934 (sección 43(b)(2) del Título III de la ley del 12 de mayo de 1933, reformada por la sección 12 de la Gold Reserve Act del 30 de enero de 1934): dólar de 15 5/21 granos de oro de 9/10 de fino","1934-01-31 15:10, hora del Este","solo bancos centrales extranjeros y usos licenciados: el Tesoro compra a 35 menos 1/4 % y vende a 35 más 1/4 % (Federal Reserve Bulletin, febrero de 1934, pp. 67-69)",dato,no,"Federal Reserve Bulletin, febrero de 1934, pp. 68-69; la fracción se comprobó en la imagen",
1952-02,35,"precio oficial fijado por ley, no precio de mercado","Proclamación presidencial del 31 de enero de 1934 (sección 43(b)(2) del Título III de la ley del 12 de mayo de 1933, reformada por la sección 12 de la Gold Reserve Act del 30 de enero de 1934): dólar de 15 5/21 granos de oro de 9/10 de fino","1934-01-31 15:10, hora del Este","solo bancos centrales extranjeros y usos licenciados: el Tesoro compra a 35 menos 1/4 % y vende a 35 más 1/4 % (Federal Reserve Bulletin, febrero de 1934, pp. 67-69)",dato,no,"Federal Reserve Bulletin, febrero de 1934, pp. 68-69; la fracción se comprobó en la imagen",
1952-03,35,"precio oficial fijado por ley, no precio de mercado","Proclamación presidencial del 31 de enero de 1934 (sección 43(b)(2) del Título III de la ley del 12 de mayo de 1933, reformada por la sección 12 de la Gold Reserve Act del 30 de enero de 1934): dólar de 15 5/21 granos de oro de 9/10 de fino","1934-01-31 15:10, hora del Este","solo bancos centrales extranjeros y usos licenciados: el Tesoro compra a 35 menos 1/4 % y vende a 35 más 1/4 % (Federal Reserve Bulletin, febrero de 1934, pp. 67-69)",dato,no,"Federal Reserve Bulletin, febrero de 1934, pp. 68-69; la fracción se comprobó en la imagen",
1952-04,35,"precio oficial fijado por ley, no precio de mercado","Proclamación presidencial del 31 de enero de 1934 (sección 43(b)(2) del Título III de la ley del 12 de mayo de 1933, reformada por la sección 12 de la Gold Reserve Act del 30 de enero de 1934): dólar de 15 5/21 granos de oro de 9/10 de fino","1934-01-31 15:10, hora del Este","solo bancos centrales extranjeros y usos licenciados: el Tesoro compra a 35 menos 1/4 % y vende a 35 más 1/4 % (Federal Reserve Bulletin, febrero de 1934, pp. 67-69)",dato,no,"Federal Reserve Bulletin, febrero de 1934, pp. 68-69; la fracción se comprobó en la imagen",
1952-05,35,"precio oficial fijado por ley, no precio de mercado","Proclamación presidencial del 31 de enero de 1934 (sección 43(b)(2) del Título III de la ley del 12 de mayo de 1933, reformada por la sección 12 de la Gold Reserve Act del 30 de enero de 1934): dólar de 15 5/21 granos de oro de 9/10 de fino","1934-01-31 15:10, hora del Este","solo bancos centrales extranjeros y usos licenciados: el Tesoro compra a 35 menos 1/4 % y vende a 35 más 1/4 % (Federal Reserve Bulletin, febrero de 1934, pp. 67-69)",dato,no,"Federal Reserve Bulletin, febrero de 1934, pp. 68-69; la fracción se comprobó en la imagen",
1952-06,35,"precio oficial fijado por ley, no precio de mercado","Proclamación presidencial del 31 de enero de 1934 (sección 43(b)(2) del Título III de la ley del 12 de mayo de 1933, reformada por la sección 12 de la Gold Reserve Act del 30 de enero de 1934): dólar de 15 5/21 granos de oro de 9/10 de fino","1934-01-31 15:10, hora del Este","solo bancos centrales extranjeros y usos licenciados: el Tesoro compra a 35 menos 1/4 % y vende a 35 más 1/4 % (Federal Reserve Bulletin, febrero de 1934, pp. 67-69)",dato,no,"Federal Reserve Bulletin, febrero de 1934, pp. 68-69; la fracción se comprobó en la imagen",
1952-07,35,"precio oficial fijado por ley, no precio de mercado","Proclamación presidencial del 31 de enero de 1934 (sección 43(b)(2) del Título III de la ley del 12 de mayo de 1933, reformada por la sección 12 de la Gold Reserve Act del 30 de enero de 1934): dólar de 15 5/21 granos de oro de 9/10 de fino","1934-01-31 15:10, hora del Este","solo bancos centrales extranjeros y usos licenciados: el Tesoro compra a 35 menos 1/4 % y vende a 35 más 1/4 % (Federal Reserve Bulletin, febrero de 1934, pp. 67-69)",dato,no,"Federal Reserve Bulletin, febrero de 1934, pp. 68-69; la fracción se comprobó en la imagen",
1952-08,35,"precio oficial fijado por ley, no precio de mercado","Proclamación presidencial del 31 de enero de 1934 (sección 43(b)(2) del Título III de la ley del 12 de mayo de 1933, reformada por la sección 12 de la Gold Reserve Act del 30 de enero de 1934): dólar de 15 5/21 granos de oro de 9/10 de fino","1934-01-31 15:10, hora del Este","solo bancos centrales extranjeros y usos licenciados: el Tesoro compra a 35 menos 1/4 % y vende a 35 más 1/4 % (Federal Reserve Bulletin, febrero de 1934, pp. 67-69)",dato,no,"Federal Reserve Bulletin, febrero de 1934, pp. 68-69; la fracción se comprobó en la imagen",
1952-09,35,"precio oficial fijado por ley, no precio de mercado","Proclamación presidencial del 31 de enero de 1934 (sección 43(b)(2) del Título III de la ley del 12 de mayo de 1933, reformada por la sección 12 de la Gold Reserve Act del 30 de enero de 1934): dólar de 15 5/21 granos de oro de 9/10 de fino","1934-01-31 15:10, hora del Este","solo bancos centrales extranjeros y usos licenciados: el Tesoro compra a 35 menos 1/4 % y vende a 35 más 1/4 % (Federal Reserve Bulletin, febrero de 1934, pp. 67-69)",dato,no,"Federal Reserve Bulletin, febrero de 1934, pp. 68-69; la fracción se comprobó en la imagen",
1952-10,35,"precio oficial fijado por ley, no precio de mercado","Proclamación presidencial del 31 de enero de 1934 (sección 43(b)(2) del Título III de la ley del 12 de mayo de 1933, reformada por la sección 12 de la Gold Reserve Act del 30 de enero de 1934): dólar de 15 5/21 granos de oro de 9/10 de fino","1934-01-31 15:10, hora del Este","solo bancos centrales extranjeros y usos licenciados: el Tesoro compra a 35 menos 1/4 % y vende a 35 más 1/4 % (Federal Reserve Bulletin, febrero de 1934, pp. 67-69)",dato,no,"Federal Reserve Bulletin, febrero de 1934, pp. 68-69; la fracción se comprobó en la imagen",
1952-11,35,"precio oficial fijado por ley, no precio de mercado","Proclamación presidencial del 31 de enero de 1934 (sección 43(b)(2) del Título III de la ley del 12 de mayo de 1933, reformada por la sección 12 de la Gold Reserve Act del 30 de enero de 1934): dólar de 15 5/21 granos de oro de 9/10 de fino","1934-01-31 15:10, hora del Este","solo bancos centrales extranjeros y usos licenciados: el Tesoro compra a 35 menos 1/4 % y vende a 35 más 1/4 % (Federal Reserve Bulletin, febrero de 1934, pp. 67-69)",dato,no,"Federal Reserve Bulletin, febrero de 1934, pp. 68-69; la fracción se comprobó en la imagen",
1952-12,35,"precio oficial fijado por ley, no precio de mercado","Proclamación presidencial del 31 de enero de 1934 (sección 43(b)(2) del Título III de la ley del 12 de mayo de 1933, reformada por la sección 12 de la Gold Reserve Act del 30 de enero de 1934): dólar de 15 5/21 granos de oro de 9/10 de fino","1934-01-31 15:10, hora del Este","solo bancos centrales extranjeros y usos licenciados: el Tesoro compra a 35 menos 1/4 % y vende a 35 más 1/4 % (Federal Reserve Bulletin, febrero de 1934, pp. 67-69)",dato,no,"Federal Reserve Bulletin, febrero de 1934, pp. 68-69; la fracción se comprobó en la imagen",
1953-01,35,"precio oficial fijado por ley, no precio de mercado","Proclamación presidencial del 31 de enero de 1934 (sección 43(b)(2) del Título III de la ley del 12 de mayo de 1933, reformada por la sección 12 de la Gold Reserve Act del 30 de enero de 1934): dólar de 15 5/21 granos de oro de 9/10 de fino","1934-01-31 15:10, hora del Este","solo bancos centrales extranjeros y usos licenciados: el Tesoro compra a 35 menos 1/4 % y vende a 35 más 1/4 % (Federal Reserve Bulletin, febrero de 1934, pp. 67-69)",dato,no,"Federal Reserve Bulletin, febrero de 1934, pp. 68-69; la fracción se comprobó en la imagen",
1953-02,35,"precio oficial fijado por ley, no precio de mercado","Proclamación presidencial del 31 de enero de 1934 (sección 43(b)(2) del Título III de la ley del 12 de mayo de 1933, reformada por la sección 12 de la Gold Reserve Act del 30 de enero de 1934): dólar de 15 5/21 granos de oro de 9/10 de fino","1934-01-31 15:10, hora del Este","solo bancos centrales extranjeros y usos licenciados: el Tesoro compra a 35 menos 1/4 % y vende a 35 más 1/4 % (Federal Reserve Bulletin, febrero de 1934, pp. 67-69)",dato,no,"Federal Reserve Bulletin, febrero de 1934, pp. 68-69; la fracción se comprobó en la imagen",
1953-03,35,"precio oficial fijado por ley, no precio de mercado","Proclamación presidencial del 31 de enero de 1934 (sección 43(b)(2) del Título III de la ley del 12 de mayo de 1933, reformada por la sección 12 de la Gold Reserve Act del 30 de enero de 1934): dólar de 15 5/21 granos de oro de 9/10 de fino","1934-01-31 15:10, hora del Este","solo bancos centrales extranjeros y usos licenciados: el Tesoro compra a 35 menos 1/4 % y vende a 35 más 1/4 % (Federal Reserve Bulletin, febrero de 1934, pp. 67-69)",dato,no,"Federal Reserve Bulletin, febrero de 1934, pp. 68-69; la fracción se comprobó en la imagen",
1953-04,35,"precio oficial fijado por ley, no precio de mercado","Proclamación presidencial del 31 de enero de 1934 (sección 43(b)(2) del Título III de la ley del 12 de mayo de 1933, reformada por la sección 12 de la Gold Reserve Act del 30 de enero de 1934): dólar de 15 5/21 granos de oro de 9/10 de fino","1934-01-31 15:10, hora del Este","solo bancos centrales extranjeros y usos licenciados: el Tesoro compra a 35 menos 1/4 % y vende a 35 más 1/4 % (Federal Reserve Bulletin, febrero de 1934, pp. 67-69)",dato,no,"Federal Reserve Bulletin, febrero de 1934, pp. 68-69; la fracción se comprobó en la imagen",
1953-05,35,"precio oficial fijado por ley, no precio de mercado","Proclamación presidencial del 31 de enero de 1934 (sección 43(b)(2) del Título III de la ley del 12 de mayo de 1933, reformada por la sección 12 de la Gold Reserve Act del 30 de enero de 1934): dólar de 15 5/21 granos de oro de 9/10 de fino","1934-01-31 15:10, hora del Este","solo bancos centrales extranjeros y usos licenciados: el Tesoro compra a 35 menos 1/4 % y vende a 35 más 1/4 % (Federal Reserve Bulletin, febrero de 1934, pp. 67-69)",dato,no,"Federal Reserve Bulletin, febrero de 1934, pp. 68-69; la fracción se comprobó en la imagen",
1953-06,35,"precio oficial fijado por ley, no precio de mercado","Proclamación presidencial del 31 de enero de 1934 (sección 43(b)(2) del Título III de la ley del 12 de mayo de 1933, reformada por la sección 12 de la Gold Reserve Act del 30 de enero de 1934): dólar de 15 5/21 granos de oro de 9/10 de fino","1934-01-31 15:10, hora del Este","solo bancos centrales extranjeros y usos licenciados: el Tesoro compra a 35 menos 1/4 % y vende a 35 más 1/4 % (Federal Reserve Bulletin, febrero de 1934, pp. 67-69)",dato,no,"Federal Reserve Bulletin, febrero de 1934, pp. 68-69; la fracción se comprobó en la imagen",
1953-07,35,"precio oficial fijado por ley, no precio de mercado","Proclamación presidencial del 31 de enero de 1934 (sección 43(b)(2) del Título III de la ley del 12 de mayo de 1933, reformada por la sección 12 de la Gold Reserve Act del 30 de enero de 1934): dólar de 15 5/21 granos de oro de 9/10 de fino","1934-01-31 15:10, hora del Este","solo bancos centrales extranjeros y usos licenciados: el Tesoro compra a 35 menos 1/4 % y vende a 35 más 1/4 % (Federal Reserve Bulletin, febrero de 1934, pp. 67-69)",dato,no,"Federal Reserve Bulletin, febrero de 1934, pp. 68-69; la fracción se comprobó en la imagen",
1953-08,35,"precio oficial fijado por ley, no precio de mercado","Proclamación presidencial del 31 de enero de 1934 (sección 43(b)(2) del Título III de la ley del 12 de mayo de 1933, reformada por la sección 12 de la Gold Reserve Act del 30 de enero de 1934): dólar de 15 5/21 granos de oro de 9/10 de fino","1934-01-31 15:10, hora del Este","solo bancos centrales extranjeros y usos licenciados: el Tesoro compra a 35 menos 1/4 % y vende a 35 más 1/4 % (Federal Reserve Bulletin, febrero de 1934, pp. 67-69)",dato,no,"Federal Reserve Bulletin, febrero de 1934, pp. 68-69; la fracción se comprobó en la imagen",
1953-09,35,"precio oficial fijado por ley, no precio de mercado","Proclamación presidencial del 31 de enero de 1934 (sección 43(b)(2) del Título III de la ley del 12 de mayo de 1933, reformada por la sección 12 de la Gold Reserve Act del 30 de enero de 1934): dólar de 15 5/21 granos de oro de 9/10 de fino","1934-01-31 15:10, hora del Este","solo bancos centrales extranjeros y usos licenciados: el Tesoro compra a 35 menos 1/4 % y vende a 35 más 1/4 % (Federal Reserve Bulletin, febrero de 1934, pp. 67-69)",dato,no,"Federal Reserve Bulletin, febrero de 1934, pp. 68-69; la fracción se comprobó en la imagen",
1953-10,35,"precio oficial fijado por ley, no precio de mercado","Proclamación presidencial del 31 de enero de 1934 (sección 43(b)(2) del Título III de la ley del 12 de mayo de 1933, reformada por la sección 12 de la Gold Reserve Act del 30 de enero de 1934): dólar de 15 5/21 granos de oro de 9/10 de fino","1934-01-31 15:10, hora del Este","solo bancos centrales extranjeros y usos licenciados: el Tesoro compra a 35 menos 1/4 % y vende a 35 más 1/4 % (Federal Reserve Bulletin, febrero de 1934, pp. 67-69)",dato,no,"Federal Reserve Bulletin, febrero de 1934, pp. 68-69; la fracción se comprobó en la imagen",
1953-11,35,"precio oficial fijado por ley, no precio de mercado","Proclamación presidencial del 31 de enero de 1934 (sección 43(b)(2) del Título III de la ley del 12 de mayo de 1933, reformada por la sección 12 de la Gold Reserve Act del 30 de enero de 1934): dólar de 15 5/21 granos de oro de 9/10 de fino","1934-01-31 15:10, hora del Este","solo bancos centrales extranjeros y usos licenciados: el Tesoro compra a 35 menos 1/4 % y vende a 35 más 1/4 % (Federal Reserve Bulletin, febrero de 1934, pp. 67-69)",dato,no,"Federal Reserve Bulletin, febrero de 1934, pp. 68-69; la fracción se comprobó en la imagen",
1953-12,35,"precio oficial fijado por ley, no precio de mercado","Proclamación presidencial del 31 de enero de 1934 (sección 43(b)(2) del Título III de la ley del 12 de mayo de 1933, reformada por la sección 12 de la Gold Reserve Act del 30 de enero de 1934): dólar de 15 5/21 granos de oro de 9/10 de fino","1934-01-31 15:10, hora del Este","solo bancos centrales extranjeros y usos licenciados: el Tesoro compra a 35 menos 1/4 % y vende a 35 más 1/4 % (Federal Reserve Bulletin, febrero de 1934, pp. 67-69)",dato,no,"Federal Reserve Bulletin, febrero de 1934, pp. 68-69; la fracción se comprobó en la imagen",
1954-01,35,"precio oficial fijado por ley, no precio de mercado","Proclamación presidencial del 31 de enero de 1934 (sección 43(b)(2) del Título III de la ley del 12 de mayo de 1933, reformada por la sección 12 de la Gold Reserve Act del 30 de enero de 1934): dólar de 15 5/21 granos de oro de 9/10 de fino","1934-01-31 15:10, hora del Este","solo bancos centrales extranjeros y usos licenciados: el Tesoro compra a 35 menos 1/4 % y vende a 35 más 1/4 % (Federal Reserve Bulletin, febrero de 1934, pp. 67-69)",dato,no,"Federal Reserve Bulletin, febrero de 1934, pp. 68-69; la fracción se comprobó en la imagen",
1954-02,35,"precio oficial fijado por ley, no precio de mercado","Proclamación presidencial del 31 de enero de 1934 (sección 43(b)(2) del Título III de la ley del 12 de mayo de 1933, reformada por la sección 12 de la Gold Reserve Act del 30 de enero de 1934): dólar de 15 5/21 granos de oro de 9/10 de fino","1934-01-31 15:10, hora del Este","solo bancos centrales extranjeros y usos licenciados: el Tesoro compra a 35 menos 1/4 % y vende a 35 más 1/4 % (Federal Reserve Bulletin, febrero de 1934, pp. 67-69)",dato,no,"Federal Reserve Bulletin, febrero de 1934, pp. 68-69; la fracción se comprobó en la imagen",
1954-03,35,"precio oficial fijado por ley, no precio de mercado","Proclamación presidencial del 31 de enero de 1934 (sección 43(b)(2) del Título III de la ley del 12 de mayo de 1933, reformada por la sección 12 de la Gold Reserve Act del 30 de enero de 1934): dólar de 15 5/21 granos de oro de 9/10 de fino","1934-01-31 15:10, hora del Este","solo bancos centrales extranjeros y usos licenciados: el Tesoro compra a 35 menos 1/4 % y vende a 35 más 1/4 % (Federal Reserve Bulletin, febrero de 1934, pp. 67-69)",dato,no,"Federal Reserve Bulletin, febrero de 1934, pp. 68-69; la fracción se comprobó en la imagen",
1954-04,35,"precio oficial fijado por ley, no precio de mercado","Proclamación presidencial del 31 de enero de 1934 (sección 43(b)(2) del Título III de la ley del 12 de mayo de 1933, reformada por la sección 12 de la Gold Reserve Act del 30 de enero de 1934): dólar de 15 5/21 granos de oro de 9/10 de fino","1934-01-31 15:10, hora del Este","solo bancos centrales extranjeros y usos licenciados: el Tesoro compra a 35 menos 1/4 % y vende a 35 más 1/4 % (Federal Reserve Bulletin, febrero de 1934, pp. 67-69)",dato,no,"Federal Reserve Bulletin, febrero de 1934, pp. 68-69; la fracción se comprobó en la imagen",
1954-05,35,"precio oficial fijado por ley, no precio de mercado","Proclamación presidencial del 31 de enero de 1934 (sección 43(b)(2) del Título III de la ley del 12 de mayo de 1933, reformada por la sección 12 de la Gold Reserve Act del 30 de enero de 1934): dólar de 15 5/21 granos de oro de 9/10 de fino","1934-01-31 15:10, hora del Este","solo bancos centrales extranjeros y usos licenciados: el Tesoro compra a 35 menos 1/4 % y vende a 35 más 1/4 % (Federal Reserve Bulletin, febrero de 1934, pp. 67-69)",dato,no,"Federal Reserve Bulletin, febrero de 1934, pp. 68-69; la fracción se comprobó en la imagen",
1954-06,35,"precio oficial fijado por ley, no precio de mercado","Proclamación presidencial del 31 de enero de 1934 (sección 43(b)(2) del Título III de la ley del 12 de mayo de 1933, reformada por la sección 12 de la Gold Reserve Act del 30 de enero de 1934): dólar de 15 5/21 granos de oro de 9/10 de fino","1934-01-31 15:10, hora del Este","solo bancos centrales extranjeros y usos licenciados: el Tesoro compra a 35 menos 1/4 % y vende a 35 más 1/4 % (Federal Reserve Bulletin, febrero de 1934, pp. 67-69)",dato,no,"Federal Reserve Bulletin, febrero de 1934, pp. 68-69; la fracción se comprobó en la imagen",
1954-07,35,"precio oficial fijado por ley, no precio de mercado","Proclamación presidencial del 31 de enero de 1934 (sección 43(b)(2) del Título III de la ley del 12 de mayo de 1933, reformada por la sección 12 de la Gold Reserve Act del 30 de enero de 1934): dólar de 15 5/21 granos de oro de 9/10 de fino","1934-01-31 15:10, hora del Este","solo bancos centrales extranjeros y usos licenciados: el Tesoro compra a 35 menos 1/4 % y vende a 35 más 1/4 % (Federal Reserve Bulletin, febrero de 1934, pp. 67-69)",dato,no,"Federal Reserve Bulletin, febrero de 1934, pp. 68-69; la fracción se comprobó en la imagen",
1954-08,35,"precio oficial fijado por ley, no precio de mercado","Proclamación presidencial del 31 de enero de 1934 (sección 43(b)(2) del Título III de la ley del 12 de mayo de 1933, reformada por la sección 12 de la Gold Reserve Act del 30 de enero de 1934): dólar de 15 5/21 granos de oro de 9/10 de fino","1934-01-31 15:10, hora del Este","solo bancos centrales extranjeros y usos licenciados: el Tesoro compra a 35 menos 1/4 % y vende a 35 más 1/4 % (Federal Reserve Bulletin, febrero de 1934, pp. 67-69)",dato,no,"Federal Reserve Bulletin, febrero de 1934, pp. 68-69; la fracción se comprobó en la imagen",
1954-09,35,"precio oficial fijado por ley, no precio de mercado","Proclamación presidencial del 31 de enero de 1934 (sección 43(b)(2) del Título III de la ley del 12 de mayo de 1933, reformada por la sección 12 de la Gold Reserve Act del 30 de enero de 1934): dólar de 15 5/21 granos de oro de 9/10 de fino","1934-01-31 15:10, hora del Este","solo bancos centrales extranjeros y usos licenciados: el Tesoro compra a 35 menos 1/4 % y vende a 35 más 1/4 % (Federal Reserve Bulletin, febrero de 1934, pp. 67-69)",dato,no,"Federal Reserve Bulletin, febrero de 1934, pp. 68-69; la fracción se comprobó en la imagen",
1954-10,35,"precio oficial fijado por ley, no precio de mercado","Proclamación presidencial del 31 de enero de 1934 (sección 43(b)(2) del Título III de la ley del 12 de mayo de 1933, reformada por la sección 12 de la Gold Reserve Act del 30 de enero de 1934): dólar de 15 5/21 granos de oro de 9/10 de fino","1934-01-31 15:10, hora del Este","solo bancos centrales extranjeros y usos licenciados: el Tesoro compra a 35 menos 1/4 % y vende a 35 más 1/4 % (Federal Reserve Bulletin, febrero de 1934, pp. 67-69)",dato,no,"Federal Reserve Bulletin, febrero de 1934, pp. 68-69; la fracción se comprobó en la imagen",
1954-11,35,"precio oficial fijado por ley, no precio de mercado","Proclamación presidencial del 31 de enero de 1934 (sección 43(b)(2) del Título III de la ley del 12 de mayo de 1933, reformada por la sección 12 de la Gold Reserve Act del 30 de enero de 1934): dólar de 15 5/21 granos de oro de 9/10 de fino","1934-01-31 15:10, hora del Este","solo bancos centrales extranjeros y usos licenciados: el Tesoro compra a 35 menos 1/4 % y vende a 35 más 1/4 % (Federal Reserve Bulletin, febrero de 1934, pp. 67-69)",dato,no,"Federal Reserve Bulletin, febrero de 1934, pp. 68-69; la fracción se comprobó en la imagen",
1954-12,35,"precio oficial fijado por ley, no precio de mercado","Proclamación presidencial del 31 de enero de 1934 (sección 43(b)(2) del Título III de la ley del 12 de mayo de 1933, reformada por la sección 12 de la Gold Reserve Act del 30 de enero de 1934): dólar de 15 5/21 granos de oro de 9/10 de fino","1934-01-31 15:10, hora del Este","solo bancos centrales extranjeros y usos licenciados: el Tesoro compra a 35 menos 1/4 % y vende a 35 más 1/4 % (Federal Reserve Bulletin, febrero de 1934, pp. 67-69)",dato,no,"Federal Reserve Bulletin, febrero de 1934, pp. 68-69; la fracción se comprobó en la imagen",
1955-01,35,"precio oficial fijado por ley, no precio de mercado","Proclamación presidencial del 31 de enero de 1934 (sección 43(b)(2) del Título III de la ley del 12 de mayo de 1933, reformada por la sección 12 de la Gold Reserve Act del 30 de enero de 1934): dólar de 15 5/21 granos de oro de 9/10 de fino","1934-01-31 15:10, hora del Este","solo bancos centrales extranjeros y usos licenciados: el Tesoro compra a 35 menos 1/4 % y vende a 35 más 1/4 % (Federal Reserve Bulletin, febrero de 1934, pp. 67-69)",dato,no,"Federal Reserve Bulletin, febrero de 1934, pp. 68-69; la fracción se comprobó en la imagen",
1955-02,35,"precio oficial fijado por ley, no precio de mercado","Proclamación presidencial del 31 de enero de 1934 (sección 43(b)(2) del Título III de la ley del 12 de mayo de 1933, reformada por la sección 12 de la Gold Reserve Act del 30 de enero de 1934): dólar de 15 5/21 granos de oro de 9/10 de fino","1934-01-31 15:10, hora del Este","solo bancos centrales extranjeros y usos licenciados: el Tesoro compra a 35 menos 1/4 % y vende a 35 más 1/4 % (Federal Reserve Bulletin, febrero de 1934, pp. 67-69)",dato,no,"Federal Reserve Bulletin, febrero de 1934, pp. 68-69; la fracción se comprobó en la imagen",
1955-03,35,"precio oficial fijado por ley, no precio de mercado","Proclamación presidencial del 31 de enero de 1934 (sección 43(b)(2) del Título III de la ley del 12 de mayo de 1933, reformada por la sección 12 de la Gold Reserve Act del 30 de enero de 1934): dólar de 15 5/21 granos de oro de 9/10 de fino","1934-01-31 15:10, hora del Este","solo bancos centrales extranjeros y usos licenciados: el Tesoro compra a 35 menos 1/4 % y vende a 35 más 1/4 % (Federal Reserve Bulletin, febrero de 1934, pp. 67-69)",dato,no,"Federal Reserve Bulletin, febrero de 1934, pp. 68-69; la fracción se comprobó en la imagen",
1955-04,35,"precio oficial fijado por ley, no precio de mercado","Proclamación presidencial del 31 de enero de 1934 (sección 43(b)(2) del Título III de la ley del 12 de mayo de 1933, reformada por la sección 12 de la Gold Reserve Act del 30 de enero de 1934): dólar de 15 5/21 granos de oro de 9/10 de fino","1934-01-31 15:10, hora del Este","solo bancos centrales extranjeros y usos licenciados: el Tesoro compra a 35 menos 1/4 % y vende a 35 más 1/4 % (Federal Reserve Bulletin, febrero de 1934, pp. 67-69)",dato,no,"Federal Reserve Bulletin, febrero de 1934, pp. 68-69; la fracción se comprobó en la imagen",
1955-05,35,"precio oficial fijado por ley, no precio de mercado","Proclamación presidencial del 31 de enero de 1934 (sección 43(b)(2) del Título III de la ley del 12 de mayo de 1933, reformada por la sección 12 de la Gold Reserve Act del 30 de enero de 1934): dólar de 15 5/21 granos de oro de 9/10 de fino","1934-01-31 15:10, hora del Este","solo bancos centrales extranjeros y usos licenciados: el Tesoro compra a 35 menos 1/4 % y vende a 35 más 1/4 % (Federal Reserve Bulletin, febrero de 1934, pp. 67-69)",dato,no,"Federal Reserve Bulletin, febrero de 1934, pp. 68-69; la fracción se comprobó en la imagen",
1955-06,35,"precio oficial fijado por ley, no precio de mercado","Proclamación presidencial del 31 de enero de 1934 (sección 43(b)(2) del Título III de la ley del 12 de mayo de 1933, reformada por la sección 12 de la Gold Reserve Act del 30 de enero de 1934): dólar de 15 5/21 granos de oro de 9/10 de fino","1934-01-31 15:10, hora del Este","solo bancos centrales extranjeros y usos licenciados: el Tesoro compra a 35 menos 1/4 % y vende a 35 más 1/4 % (Federal Reserve Bulletin, febrero de 1934, pp. 67-69)",dato,no,"Federal Reserve Bulletin, febrero de 1934, pp. 68-69; la fracción se comprobó en la imagen",
1955-07,35,"precio oficial fijado por ley, no precio de mercado","Proclamación presidencial del 31 de enero de 1934 (sección 43(b)(2) del Título III de la ley del 12 de mayo de 1933, reformada por la sección 12 de la Gold Reserve Act del 30 de enero de 1934): dólar de 15 5/21 granos de oro de 9/10 de fino","1934-01-31 15:10, hora del Este","solo bancos centrales extranjeros y usos licenciados: el Tesoro compra a 35 menos 1/4 % y vende a 35 más 1/4 % (Federal Reserve Bulletin, febrero de 1934, pp. 67-69)",dato,no,"Federal Reserve Bulletin, febrero de 1934, pp. 68-69; la fracción se comprobó en la imagen",
1955-08,35,"precio oficial fijado por ley, no precio de mercado","Proclamación presidencial del 31 de enero de 1934 (sección 43(b)(2) del Título III de la ley del 12 de mayo de 1933, reformada por la sección 12 de la Gold Reserve Act del 30 de enero de 1934): dólar de 15 5/21 granos de oro de 9/10 de fino","1934-01-31 15:10, hora del Este","solo bancos centrales extranjeros y usos licenciados: el Tesoro compra a 35 menos 1/4 % y vende a 35 más 1/4 % (Federal Reserve Bulletin, febrero de 1934, pp. 67-69)",dato,no,"Federal Reserve Bulletin, febrero de 1934, pp. 68-69; la fracción se comprobó en la imagen",
1955-09,35,"precio oficial fijado por ley, no precio de mercado","Proclamación presidencial del 31 de enero de 1934 (sección 43(b)(2) del Título III de la ley del 12 de mayo de 1933, reformada por la sección 12 de la Gold Reserve Act del 30 de enero de 1934): dólar de 15 5/21 granos de oro de 9/10 de fino","1934-01-31 15:10, hora del Este","solo bancos centrales extranjeros y usos licenciados: el Tesoro compra a 35 menos 1/4 % y vende a 35 más 1/4 % (Federal Reserve Bulletin, febrero de 1934, pp. 67-69)",dato,no,"Federal Reserve Bulletin, febrero de 1934, pp. 68-69; la fracción se comprobó en la imagen",
1955-10,35,"precio oficial fijado por ley, no precio de mercado","Proclamación presidencial del 31 de enero de 1934 (sección 43(b)(2) del Título III de la ley del 12 de mayo de 1933, reformada por la sección 12 de la Gold Reserve Act del 30 de enero de 1934): dólar de 15 5/21 granos de oro de 9/10 de fino","1934-01-31 15:10, hora del Este","solo bancos centrales extranjeros y usos licenciados: el Tesoro compra a 35 menos 1/4 % y vende a 35 más 1/4 % (Federal Reserve Bulletin, febrero de 1934, pp. 67-69)",dato,no,"Federal Reserve Bulletin, febrero de 1934, pp. 68-69; la fracción se comprobó en la imagen",
1955-11,35,"precio oficial fijado por ley, no precio de mercado","Proclamación presidencial del 31 de enero de 1934 (sección 43(b)(2) del Título III de la ley del 12 de mayo de 1933, reformada por la sección 12 de la Gold Reserve Act del 30 de enero de 1934): dólar de 15 5/21 granos de oro de 9/10 de fino","1934-01-31 15:10, hora del Este","solo bancos centrales extranjeros y usos licenciados: el Tesoro compra a 35 menos 1/4 % y vende a 35 más 1/4 % (Federal Reserve Bulletin, febrero de 1934, pp. 67-69)",dato,no,"Federal Reserve Bulletin, febrero de 1934, pp. 68-69; la fracción se comprobó en la imagen",
1955-12,35,"precio oficial fijado por ley, no precio de mercado","Proclamación presidencial del 31 de enero de 1934 (sección 43(b)(2) del Título III de la ley del 12 de mayo de 1933, reformada por la sección 12 de la Gold Reserve Act del 30 de enero de 1934): dólar de 15 5/21 granos de oro de 9/10 de fino","1934-01-31 15:10, hora del Este","solo bancos centrales extranjeros y usos licenciados: el Tesoro compra a 35 menos 1/4 % y vende a 35 más 1/4 % (Federal Reserve Bulletin, febrero de 1934, pp. 67-69)",dato,no,"Federal Reserve Bulletin, febrero de 1934, pp. 68-69; la fracción se comprobó en la imagen",
1956-01,35,"precio oficial fijado por ley, no precio de mercado","Proclamación presidencial del 31 de enero de 1934 (sección 43(b)(2) del Título III de la ley del 12 de mayo de 1933, reformada por la sección 12 de la Gold Reserve Act del 30 de enero de 1934): dólar de 15 5/21 granos de oro de 9/10 de fino","1934-01-31 15:10, hora del Este","solo bancos centrales extranjeros y usos licenciados: el Tesoro compra a 35 menos 1/4 % y vende a 35 más 1/4 % (Federal Reserve Bulletin, febrero de 1934, pp. 67-69)",dato,no,"Federal Reserve Bulletin, febrero de 1934, pp. 68-69; la fracción se comprobó en la imagen",
1956-02,35,"precio oficial fijado por ley, no precio de mercado","Proclamación presidencial del 31 de enero de 1934 (sección 43(b)(2) del Título III de la ley del 12 de mayo de 1933, reformada por la sección 12 de la Gold Reserve Act del 30 de enero de 1934): dólar de 15 5/21 granos de oro de 9/10 de fino","1934-01-31 15:10, hora del Este","solo bancos centrales extranjeros y usos licenciados: el Tesoro compra a 35 menos 1/4 % y vende a 35 más 1/4 % (Federal Reserve Bulletin, febrero de 1934, pp. 67-69)",dato,no,"Federal Reserve Bulletin, febrero de 1934, pp. 68-69; la fracción se comprobó en la imagen",
1956-03,35,"precio oficial fijado por ley, no precio de mercado","Proclamación presidencial del 31 de enero de 1934 (sección 43(b)(2) del Título III de la ley del 12 de mayo de 1933, reformada por la sección 12 de la Gold Reserve Act del 30 de enero de 1934): dólar de 15 5/21 granos de oro de 9/10 de fino","1934-01-31 15:10, hora del Este","solo bancos centrales extranjeros y usos licenciados: el Tesoro compra a 35 menos 1/4 % y vende a 35 más 1/4 % (Federal Reserve Bulletin, febrero de 1934, pp. 67-69)",dato,no,"Federal Reserve Bulletin, febrero de 1934, pp. 68-69; la fracción se comprobó en la imagen",
1956-04,35,"precio oficial fijado por ley, no precio de mercado","Proclamación presidencial del 31 de enero de 1934 (sección 43(b)(2) del Título III de la ley del 12 de mayo de 1933, reformada por la sección 12 de la Gold Reserve Act del 30 de enero de 1934): dólar de 15 5/21 granos de oro de 9/10 de fino","1934-01-31 15:10, hora del Este","solo bancos centrales extranjeros y usos licenciados: el Tesoro compra a 35 menos 1/4 % y vende a 35 más 1/4 % (Federal Reserve Bulletin, febrero de 1934, pp. 67-69)",dato,no,"Federal Reserve Bulletin, febrero de 1934, pp. 68-69; la fracción se comprobó en la imagen",
1956-05,35,"precio oficial fijado por ley, no precio de mercado","Proclamación presidencial del 31 de enero de 1934 (sección 43(b)(2) del Título III de la ley del 12 de mayo de 1933, reformada por la sección 12 de la Gold Reserve Act del 30 de enero de 1934): dólar de 15 5/21 granos de oro de 9/10 de fino","1934-01-31 15:10, hora del Este","solo bancos centrales extranjeros y usos licenciados: el Tesoro compra a 35 menos 1/4 % y vende a 35 más 1/4 % (Federal Reserve Bulletin, febrero de 1934, pp. 67-69)",dato,no,"Federal Reserve Bulletin, febrero de 1934, pp. 68-69; la fracción se comprobó en la imagen",
1956-06,35,"precio oficial fijado por ley, no precio de mercado","Proclamación presidencial del 31 de enero de 1934 (sección 43(b)(2) del Título III de la ley del 12 de mayo de 1933, reformada por la sección 12 de la Gold Reserve Act del 30 de enero de 1934): dólar de 15 5/21 granos de oro de 9/10 de fino","1934-01-31 15:10, hora del Este","solo bancos centrales extranjeros y usos licenciados: el Tesoro compra a 35 menos 1/4 % y vende a 35 más 1/4 % (Federal Reserve Bulletin, febrero de 1934, pp. 67-69)",dato,no,"Federal Reserve Bulletin, febrero de 1934, pp. 68-69; la fracción se comprobó en la imagen",
1956-07,35,"precio oficial fijado por ley, no precio de mercado","Proclamación presidencial del 31 de enero de 1934 (sección 43(b)(2) del Título III de la ley del 12 de mayo de 1933, reformada por la sección 12 de la Gold Reserve Act del 30 de enero de 1934): dólar de 15 5/21 granos de oro de 9/10 de fino","1934-01-31 15:10, hora del Este","solo bancos centrales extranjeros y usos licenciados: el Tesoro compra a 35 menos 1/4 % y vende a 35 más 1/4 % (Federal Reserve Bulletin, febrero de 1934, pp. 67-69)",dato,no,"Federal Reserve Bulletin, febrero de 1934, pp. 68-69; la fracción se comprobó en la imagen",
1956-08,35,"precio oficial fijado por ley, no precio de mercado","Proclamación presidencial del 31 de enero de 1934 (sección 43(b)(2) del Título III de la ley del 12 de mayo de 1933, reformada por la sección 12 de la Gold Reserve Act del 30 de enero de 1934): dólar de 15 5/21 granos de oro de 9/10 de fino","1934-01-31 15:10, hora del Este","solo bancos centrales extranjeros y usos licenciados: el Tesoro compra a 35 menos 1/4 % y vende a 35 más 1/4 % (Federal Reserve Bulletin, febrero de 1934, pp. 67-69)",dato,no,"Federal Reserve Bulletin, febrero de 1934, pp. 68-69; la fracción se comprobó en la imagen",
1956-09,35,"precio oficial fijado por ley, no precio de mercado","Proclamación presidencial del 31 de enero de 1934 (sección 43(b)(2) del Título III de la ley del 12 de mayo de 1933, reformada por la sección 12 de la Gold Reserve Act del 30 de enero de 1934): dólar de 15 5/21 granos de oro de 9/10 de fino","1934-01-31 15:10, hora del Este","solo bancos centrales extranjeros y usos licenciados: el Tesoro compra a 35 menos 1/4 % y vende a 35 más 1/4 % (Federal Reserve Bulletin, febrero de 1934, pp. 67-69)",dato,no,"Federal Reserve Bulletin, febrero de 1934, pp. 68-69; la fracción se comprobó en la imagen",
1956-10,35,"precio oficial fijado por ley, no precio de mercado","Proclamación presidencial del 31 de enero de 1934 (sección 43(b)(2) del Título III de la ley del 12 de mayo de 1933, reformada por la sección 12 de la Gold Reserve Act del 30 de enero de 1934): dólar de 15 5/21 granos de oro de 9/10 de fino","1934-01-31 15:10, hora del Este","solo bancos centrales extranjeros y usos licenciados: el Tesoro compra a 35 menos 1/4 % y vende a 35 más 1/4 % (Federal Reserve Bulletin, febrero de 1934, pp. 67-69)",dato,no,"Federal Reserve Bulletin, febrero de 1934, pp. 68-69; la fracción se comprobó en la imagen",
1956-11,35,"precio oficial fijado por ley, no precio de mercado","Proclamación presidencial del 31 de enero de 1934 (sección 43(b)(2) del Título III de la ley del 12 de mayo de 1933, reformada por la sección 12 de la Gold Reserve Act del 30 de enero de 1934): dólar de 15 5/21 granos de oro de 9/10 de fino","1934-01-31 15:10, hora del Este","solo bancos centrales extranjeros y usos licenciados: el Tesoro compra a 35 menos 1/4 % y vende a 35 más 1/4 % (Federal Reserve Bulletin, febrero de 1934, pp. 67-69)",dato,no,"Federal Reserve Bulletin, febrero de 1934, pp. 68-69; la fracción se comprobó en la imagen",
1956-12,35,"precio oficial fijado por ley, no precio de mercado","Proclamación presidencial del 31 de enero de 1934 (sección 43(b)(2) del Título III de la ley del 12 de mayo de 1933, reformada por la sección 12 de la Gold Reserve Act del 30 de enero de 1934): dólar de 15 5/21 granos de oro de 9/10 de fino","1934-01-31 15:10, hora del Este","solo bancos centrales extranjeros y usos licenciados: el Tesoro compra a 35 menos 1/4 % y vende a 35 más 1/4 % (Federal Reserve Bulletin, febrero de 1934, pp. 67-69)",dato,no,"Federal Reserve Bulletin, febrero de 1934, pp. 68-69; la fracción se comprobó en la imagen",
1957-01,35,"precio oficial fijado por ley, no precio de mercado","Proclamación presidencial del 31 de enero de 1934 (sección 43(b)(2) del Título III de la ley del 12 de mayo de 1933, reformada por la sección 12 de la Gold Reserve Act del 30 de enero de 1934): dólar de 15 5/21 granos de oro de 9/10 de fino","1934-01-31 15:10, hora del Este","solo bancos centrales extranjeros y usos licenciados: el Tesoro compra a 35 menos 1/4 % y vende a 35 más 1/4 % (Federal Reserve Bulletin, febrero de 1934, pp. 67-69)",dato,no,"Federal Reserve Bulletin, febrero de 1934, pp. 68-69; la fracción se comprobó en la imagen",
1957-02,35,"precio oficial fijado por ley, no precio de mercado","Proclamación presidencial del 31 de enero de 1934 (sección 43(b)(2) del Título III de la ley del 12 de mayo de 1933, reformada por la sección 12 de la Gold Reserve Act del 30 de enero de 1934): dólar de 15 5/21 granos de oro de 9/10 de fino","1934-01-31 15:10, hora del Este","solo bancos centrales extranjeros y usos licenciados: el Tesoro compra a 35 menos 1/4 % y vende a 35 más 1/4 % (Federal Reserve Bulletin, febrero de 1934, pp. 67-69)",dato,no,"Federal Reserve Bulletin, febrero de 1934, pp. 68-69; la fracción se comprobó en la imagen",
1957-03,35,"precio oficial fijado por ley, no precio de mercado","Proclamación presidencial del 31 de enero de 1934 (sección 43(b)(2) del Título III de la ley del 12 de mayo de 1933, reformada por la sección 12 de la Gold Reserve Act del 30 de enero de 1934): dólar de 15 5/21 granos de oro de 9/10 de fino","1934-01-31 15:10, hora del Este","solo bancos centrales extranjeros y usos licenciados: el Tesoro compra a 35 menos 1/4 % y vende a 35 más 1/4 % (Federal Reserve Bulletin, febrero de 1934, pp. 67-69)",dato,no,"Federal Reserve Bulletin, febrero de 1934, pp. 68-69; la fracción se comprobó en la imagen",
1957-04,35,"precio oficial fijado por ley, no precio de mercado","Proclamación presidencial del 31 de enero de 1934 (sección 43(b)(2) del Título III de la ley del 12 de mayo de 1933, reformada por la sección 12 de la Gold Reserve Act del 30 de enero de 1934): dólar de 15 5/21 granos de oro de 9/10 de fino","1934-01-31 15:10, hora del Este","solo bancos centrales extranjeros y usos licenciados: el Tesoro compra a 35 menos 1/4 % y vende a 35 más 1/4 % (Federal Reserve Bulletin, febrero de 1934, pp. 67-69)",dato,no,"Federal Reserve Bulletin, febrero de 1934, pp. 68-69; la fracción se comprobó en la imagen",
1957-05,35,"precio oficial fijado por ley, no precio de mercado","Proclamación presidencial del 31 de enero de 1934 (sección 43(b)(2) del Título III de la ley del 12 de mayo de 1933, reformada por la sección 12 de la Gold Reserve Act del 30 de enero de 1934): dólar de 15 5/21 granos de oro de 9/10 de fino","1934-01-31 15:10, hora del Este","solo bancos centrales extranjeros y usos licenciados: el Tesoro compra a 35 menos 1/4 % y vende a 35 más 1/4 % (Federal Reserve Bulletin, febrero de 1934, pp. 67-69)",dato,no,"Federal Reserve Bulletin, febrero de 1934, pp. 68-69; la fracción se comprobó en la imagen",
1957-06,35,"precio oficial fijado por ley, no precio de mercado","Proclamación presidencial del 31 de enero de 1934 (sección 43(b)(2) del Título III de la ley del 12 de mayo de 1933, reformada por la sección 12 de la Gold Reserve Act del 30 de enero de 1934): dólar de 15 5/21 granos de oro de 9/10 de fino","1934-01-31 15:10, hora del Este","solo bancos centrales extranjeros y usos licenciados: el Tesoro compra a 35 menos 1/4 % y vende a 35 más 1/4 % (Federal Reserve Bulletin, febrero de 1934, pp. 67-69)",dato,no,"Federal Reserve Bulletin, febrero de 1934, pp. 68-69; la fracción se comprobó en la imagen",
1957-07,35,"precio oficial fijado por ley, no precio de mercado","Proclamación presidencial del 31 de enero de 1934 (sección 43(b)(2) del Título III de la ley del 12 de mayo de 1933, reformada por la sección 12 de la Gold Reserve Act del 30 de enero de 1934): dólar de 15 5/21 granos de oro de 9/10 de fino","1934-01-31 15:10, hora del Este","solo bancos centrales extranjeros y usos licenciados: el Tesoro compra a 35 menos 1/4 % y vende a 35 más 1/4 % (Federal Reserve Bulletin, febrero de 1934, pp. 67-69)",dato,no,"Federal Reserve Bulletin, febrero de 1934, pp. 68-69; la fracción se comprobó en la imagen",
1957-08,35,"precio oficial fijado por ley, no precio de mercado","Proclamación presidencial del 31 de enero de 1934 (sección 43(b)(2) del Título III de la ley del 12 de mayo de 1933, reformada por la sección 12 de la Gold Reserve Act del 30 de enero de 1934): dólar de 15 5/21 granos de oro de 9/10 de fino","1934-01-31 15:10, hora del Este","solo bancos centrales extranjeros y usos licenciados: el Tesoro compra a 35 menos 1/4 % y vende a 35 más 1/4 % (Federal Reserve Bulletin, febrero de 1934, pp. 67-69)",dato,no,"Federal Reserve Bulletin, febrero de 1934, pp. 68-69; la fracción se comprobó en la imagen",
1957-09,35,"precio oficial fijado por ley, no precio de mercado","Proclamación presidencial del 31 de enero de 1934 (sección 43(b)(2) del Título III de la ley del 12 de mayo de 1933, reformada por la sección 12 de la Gold Reserve Act del 30 de enero de 1934): dólar de 15 5/21 granos de oro de 9/10 de fino","1934-01-31 15:10, hora del Este","solo bancos centrales extranjeros y usos licenciados: el Tesoro compra a 35 menos 1/4 % y vende a 35 más 1/4 % (Federal Reserve Bulletin, febrero de 1934, pp. 67-69)",dato,no,"Federal Reserve Bulletin, febrero de 1934, pp. 68-69; la fracción se comprobó en la imagen",
1957-10,35,"precio oficial fijado por ley, no precio de mercado","Proclamación presidencial del 31 de enero de 1934 (sección 43(b)(2) del Título III de la ley del 12 de mayo de 1933, reformada por la sección 12 de la Gold Reserve Act del 30 de enero de 1934): dólar de 15 5/21 granos de oro de 9/10 de fino","1934-01-31 15:10, hora del Este","solo bancos centrales extranjeros y usos licenciados: el Tesoro compra a 35 menos 1/4 % y vende a 35 más 1/4 % (Federal Reserve Bulletin, febrero de 1934, pp. 67-69)",dato,no,"Federal Reserve Bulletin, febrero de 1934, pp. 68-69; la fracción se comprobó en la imagen",
1957-11,35,"precio oficial fijado por ley, no precio de mercado","Proclamación presidencial del 31 de enero de 1934 (sección 43(b)(2) del Título III de la ley del 12 de mayo de 1933, reformada por la sección 12 de la Gold Reserve Act del 30 de enero de 1934): dólar de 15 5/21 granos de oro de 9/10 de fino","1934-01-31 15:10, hora del Este","solo bancos centrales extranjeros y usos licenciados: el Tesoro compra a 35 menos 1/4 % y vende a 35 más 1/4 % (Federal Reserve Bulletin, febrero de 1934, pp. 67-69)",dato,no,"Federal Reserve Bulletin, febrero de 1934, pp. 68-69; la fracción se comprobó en la imagen",
1957-12,35,"precio oficial fijado por ley, no precio de mercado","Proclamación presidencial del 31 de enero de 1934 (sección 43(b)(2) del Título III de la ley del 12 de mayo de 1933, reformada por la sección 12 de la Gold Reserve Act del 30 de enero de 1934): dólar de 15 5/21 granos de oro de 9/10 de fino","1934-01-31 15:10, hora del Este","solo bancos centrales extranjeros y usos licenciados: el Tesoro compra a 35 menos 1/4 % y vende a 35 más 1/4 % (Federal Reserve Bulletin, febrero de 1934, pp. 67-69)",dato,no,"Federal Reserve Bulletin, febrero de 1934, pp. 68-69; la fracción se comprobó en la imagen",
1958-01,35,"precio oficial fijado por ley, no precio de mercado","Proclamación presidencial del 31 de enero de 1934 (sección 43(b)(2) del Título III de la ley del 12 de mayo de 1933, reformada por la sección 12 de la Gold Reserve Act del 30 de enero de 1934): dólar de 15 5/21 granos de oro de 9/10 de fino","1934-01-31 15:10, hora del Este","solo bancos centrales extranjeros y usos licenciados: el Tesoro compra a 35 menos 1/4 % y vende a 35 más 1/4 % (Federal Reserve Bulletin, febrero de 1934, pp. 67-69)",dato,no,"Federal Reserve Bulletin, febrero de 1934, pp. 68-69; la fracción se comprobó en la imagen",
1958-02,35,"precio oficial fijado por ley, no precio de mercado","Proclamación presidencial del 31 de enero de 1934 (sección 43(b)(2) del Título III de la ley del 12 de mayo de 1933, reformada por la sección 12 de la Gold Reserve Act del 30 de enero de 1934): dólar de 15 5/21 granos de oro de 9/10 de fino","1934-01-31 15:10, hora del Este","solo bancos centrales extranjeros y usos licenciados: el Tesoro compra a 35 menos 1/4 % y vende a 35 más 1/4 % (Federal Reserve Bulletin, febrero de 1934, pp. 67-69)",dato,no,"Federal Reserve Bulletin, febrero de 1934, pp. 68-69; la fracción se comprobó en la imagen",
1958-03,35,"precio oficial fijado por ley, no precio de mercado","Proclamación presidencial del 31 de enero de 1934 (sección 43(b)(2) del Título III de la ley del 12 de mayo de 1933, reformada por la sección 12 de la Gold Reserve Act del 30 de enero de 1934): dólar de 15 5/21 granos de oro de 9/10 de fino","1934-01-31 15:10, hora del Este","solo bancos centrales extranjeros y usos licenciados: el Tesoro compra a 35 menos 1/4 % y vende a 35 más 1/4 % (Federal Reserve Bulletin, febrero de 1934, pp. 67-69)",dato,no,"Federal Reserve Bulletin, febrero de 1934, pp. 68-69; la fracción se comprobó en la imagen",
1958-04,35,"precio oficial fijado por ley, no precio de mercado","Proclamación presidencial del 31 de enero de 1934 (sección 43(b)(2) del Título III de la ley del 12 de mayo de 1933, reformada por la sección 12 de la Gold Reserve Act del 30 de enero de 1934): dólar de 15 5/21 granos de oro de 9/10 de fino","1934-01-31 15:10, hora del Este","solo bancos centrales extranjeros y usos licenciados: el Tesoro compra a 35 menos 1/4 % y vende a 35 más 1/4 % (Federal Reserve Bulletin, febrero de 1934, pp. 67-69)",dato,no,"Federal Reserve Bulletin, febrero de 1934, pp. 68-69; la fracción se comprobó en la imagen",
1958-05,35,"precio oficial fijado por ley, no precio de mercado","Proclamación presidencial del 31 de enero de 1934 (sección 43(b)(2) del Título III de la ley del 12 de mayo de 1933, reformada por la sección 12 de la Gold Reserve Act del 30 de enero de 1934): dólar de 15 5/21 granos de oro de 9/10 de fino","1934-01-31 15:10, hora del Este","solo bancos centrales extranjeros y usos licenciados: el Tesoro compra a 35 menos 1/4 % y vende a 35 más 1/4 % (Federal Reserve Bulletin, febrero de 1934, pp. 67-69)",dato,no,"Federal Reserve Bulletin, febrero de 1934, pp. 68-69; la fracción se comprobó en la imagen",
1958-06,35,"precio oficial fijado por ley, no precio de mercado","Proclamación presidencial del 31 de enero de 1934 (sección 43(b)(2) del Título III de la ley del 12 de mayo de 1933, reformada por la sección 12 de la Gold Reserve Act del 30 de enero de 1934): dólar de 15 5/21 granos de oro de 9/10 de fino","1934-01-31 15:10, hora del Este","solo bancos centrales extranjeros y usos licenciados: el Tesoro compra a 35 menos 1/4 % y vende a 35 más 1/4 % (Federal Reserve Bulletin, febrero de 1934, pp. 67-69)",dato,no,"Federal Reserve Bulletin, febrero de 1934, pp. 68-69; la fracción se comprobó en la imagen",
1958-07,35,"precio oficial fijado por ley, no precio de mercado","Proclamación presidencial del 31 de enero de 1934 (sección 43(b)(2) del Título III de la ley del 12 de mayo de 1933, reformada por la sección 12 de la Gold Reserve Act del 30 de enero de 1934): dólar de 15 5/21 granos de oro de 9/10 de fino","1934-01-31 15:10, hora del Este","solo bancos centrales extranjeros y usos licenciados: el Tesoro compra a 35 menos 1/4 % y vende a 35 más 1/4 % (Federal Reserve Bulletin, febrero de 1934, pp. 67-69)",dato,no,"Federal Reserve Bulletin, febrero de 1934, pp. 68-69; la fracción se comprobó en la imagen",
1958-08,35,"precio oficial fijado por ley, no precio de mercado","Proclamación presidencial del 31 de enero de 1934 (sección 43(b)(2) del Título III de la ley del 12 de mayo de 1933, reformada por la sección 12 de la Gold Reserve Act del 30 de enero de 1934): dólar de 15 5/21 granos de oro de 9/10 de fino","1934-01-31 15:10, hora del Este","solo bancos centrales extranjeros y usos licenciados: el Tesoro compra a 35 menos 1/4 % y vende a 35 más 1/4 % (Federal Reserve Bulletin, febrero de 1934, pp. 67-69)",dato,no,"Federal Reserve Bulletin, febrero de 1934, pp. 68-69; la fracción se comprobó en la imagen",
1958-09,35,"precio oficial fijado por ley, no precio de mercado","Proclamación presidencial del 31 de enero de 1934 (sección 43(b)(2) del Título III de la ley del 12 de mayo de 1933, reformada por la sección 12 de la Gold Reserve Act del 30 de enero de 1934): dólar de 15 5/21 granos de oro de 9/10 de fino","1934-01-31 15:10, hora del Este","solo bancos centrales extranjeros y usos licenciados: el Tesoro compra a 35 menos 1/4 % y vende a 35 más 1/4 % (Federal Reserve Bulletin, febrero de 1934, pp. 67-69)",dato,no,"Federal Reserve Bulletin, febrero de 1934, pp. 68-69; la fracción se comprobó en la imagen",
1958-10,35,"precio oficial fijado por ley, no precio de mercado","Proclamación presidencial del 31 de enero de 1934 (sección 43(b)(2) del Título III de la ley del 12 de mayo de 1933, reformada por la sección 12 de la Gold Reserve Act del 30 de enero de 1934): dólar de 15 5/21 granos de oro de 9/10 de fino","1934-01-31 15:10, hora del Este","solo bancos centrales extranjeros y usos licenciados: el Tesoro compra a 35 menos 1/4 % y vende a 35 más 1/4 % (Federal Reserve Bulletin, febrero de 1934, pp. 67-69)",dato,no,"Federal Reserve Bulletin, febrero de 1934, pp. 68-69; la fracción se comprobó en la imagen",
1958-11,35,"precio oficial fijado por ley, no precio de mercado","Proclamación presidencial del 31 de enero de 1934 (sección 43(b)(2) del Título III de la ley del 12 de mayo de 1933, reformada por la sección 12 de la Gold Reserve Act del 30 de enero de 1934): dólar de 15 5/21 granos de oro de 9/10 de fino","1934-01-31 15:10, hora del Este","solo bancos centrales extranjeros y usos licenciados: el Tesoro compra a 35 menos 1/4 % y vende a 35 más 1/4 % (Federal Reserve Bulletin, febrero de 1934, pp. 67-69)",dato,no,"Federal Reserve Bulletin, febrero de 1934, pp. 68-69; la fracción se comprobó en la imagen",
1958-12,35,"precio oficial fijado por ley, no precio de mercado","Proclamación presidencial del 31 de enero de 1934 (sección 43(b)(2) del Título III de la ley del 12 de mayo de 1933, reformada por la sección 12 de la Gold Reserve Act del 30 de enero de 1934): dólar de 15 5/21 granos de oro de 9/10 de fino","1934-01-31 15:10, hora del Este","solo bancos centrales extranjeros y usos licenciados: el Tesoro compra a 35 menos 1/4 % y vende a 35 más 1/4 % (Federal Reserve Bulletin, febrero de 1934, pp. 67-69)",dato,no,"Federal Reserve Bulletin, febrero de 1934, pp. 68-69; la fracción se comprobó en la imagen",
1959-01,35,"precio oficial fijado por ley, no precio de mercado","Proclamación presidencial del 31 de enero de 1934 (sección 43(b)(2) del Título III de la ley del 12 de mayo de 1933, reformada por la sección 12 de la Gold Reserve Act del 30 de enero de 1934): dólar de 15 5/21 granos de oro de 9/10 de fino","1934-01-31 15:10, hora del Este","solo bancos centrales extranjeros y usos licenciados: el Tesoro compra a 35 menos 1/4 % y vende a 35 más 1/4 % (Federal Reserve Bulletin, febrero de 1934, pp. 67-69)",dato,no,"Federal Reserve Bulletin, febrero de 1934, pp. 68-69; la fracción se comprobó en la imagen",
1959-02,35,"precio oficial fijado por ley, no precio de mercado","Proclamación presidencial del 31 de enero de 1934 (sección 43(b)(2) del Título III de la ley del 12 de mayo de 1933, reformada por la sección 12 de la Gold Reserve Act del 30 de enero de 1934): dólar de 15 5/21 granos de oro de 9/10 de fino","1934-01-31 15:10, hora del Este","solo bancos centrales extranjeros y usos licenciados: el Tesoro compra a 35 menos 1/4 % y vende a 35 más 1/4 % (Federal Reserve Bulletin, febrero de 1934, pp. 67-69)",dato,no,"Federal Reserve Bulletin, febrero de 1934, pp. 68-69; la fracción se comprobó en la imagen",
1959-03,35,"precio oficial fijado por ley, no precio de mercado","Proclamación presidencial del 31 de enero de 1934 (sección 43(b)(2) del Título III de la ley del 12 de mayo de 1933, reformada por la sección 12 de la Gold Reserve Act del 30 de enero de 1934): dólar de 15 5/21 granos de oro de 9/10 de fino","1934-01-31 15:10, hora del Este","solo bancos centrales extranjeros y usos licenciados: el Tesoro compra a 35 menos 1/4 % y vende a 35 más 1/4 % (Federal Reserve Bulletin, febrero de 1934, pp. 67-69)",dato,no,"Federal Reserve Bulletin, febrero de 1934, pp. 68-69; la fracción se comprobó en la imagen",
1959-04,35,"precio oficial fijado por ley, no precio de mercado","Proclamación presidencial del 31 de enero de 1934 (sección 43(b)(2) del Título III de la ley del 12 de mayo de 1933, reformada por la sección 12 de la Gold Reserve Act del 30 de enero de 1934): dólar de 15 5/21 granos de oro de 9/10 de fino","1934-01-31 15:10, hora del Este","solo bancos centrales extranjeros y usos licenciados: el Tesoro compra a 35 menos 1/4 % y vende a 35 más 1/4 % (Federal Reserve Bulletin, febrero de 1934, pp. 67-69)",dato,no,"Federal Reserve Bulletin, febrero de 1934, pp. 68-69; la fracción se comprobó en la imagen",
1959-05,35,"precio oficial fijado por ley, no precio de mercado","Proclamación presidencial del 31 de enero de 1934 (sección 43(b)(2) del Título III de la ley del 12 de mayo de 1933, reformada por la sección 12 de la Gold Reserve Act del 30 de enero de 1934): dólar de 15 5/21 granos de oro de 9/10 de fino","1934-01-31 15:10, hora del Este","solo bancos centrales extranjeros y usos licenciados: el Tesoro compra a 35 menos 1/4 % y vende a 35 más 1/4 % (Federal Reserve Bulletin, febrero de 1934, pp. 67-69)",dato,no,"Federal Reserve Bulletin, febrero de 1934, pp. 68-69; la fracción se comprobó en la imagen",
1959-06,35,"precio oficial fijado por ley, no precio de mercado","Proclamación presidencial del 31 de enero de 1934 (sección 43(b)(2) del Título III de la ley del 12 de mayo de 1933, reformada por la sección 12 de la Gold Reserve Act del 30 de enero de 1934): dólar de 15 5/21 granos de oro de 9/10 de fino","1934-01-31 15:10, hora del Este","solo bancos centrales extranjeros y usos licenciados: el Tesoro compra a 35 menos 1/4 % y vende a 35 más 1/4 % (Federal Reserve Bulletin, febrero de 1934, pp. 67-69)",dato,no,"Federal Reserve Bulletin, febrero de 1934, pp. 68-69; la fracción se comprobó en la imagen",
1959-07,35,"precio oficial fijado por ley, no precio de mercado","Proclamación presidencial del 31 de enero de 1934 (sección 43(b)(2) del Título III de la ley del 12 de mayo de 1933, reformada por la sección 12 de la Gold Reserve Act del 30 de enero de 1934): dólar de 15 5/21 granos de oro de 9/10 de fino","1934-01-31 15:10, hora del Este","solo bancos centrales extranjeros y usos licenciados: el Tesoro compra a 35 menos 1/4 % y vende a 35 más 1/4 % (Federal Reserve Bulletin, febrero de 1934, pp. 67-69)",dato,no,"Federal Reserve Bulletin, febrero de 1934, pp. 68-69; la fracción se comprobó en la imagen",
1959-08,35,"precio oficial fijado por ley, no precio de mercado","Proclamación presidencial del 31 de enero de 1934 (sección 43(b)(2) del Título III de la ley del 12 de mayo de 1933, reformada por la sección 12 de la Gold Reserve Act del 30 de enero de 1934): dólar de 15 5/21 granos de oro de 9/10 de fino","1934-01-31 15:10, hora del Este","solo bancos centrales extranjeros y usos licenciados: el Tesoro compra a 35 menos 1/4 % y vende a 35 más 1/4 % (Federal Reserve Bulletin, febrero de 1934, pp. 67-69)",dato,no,"Federal Reserve Bulletin, febrero de 1934, pp. 68-69; la fracción se comprobó en la imagen",
1959-09,35,"precio oficial fijado por ley, no precio de mercado","Proclamación presidencial del 31 de enero de 1934 (sección 43(b)(2) del Título III de la ley del 12 de mayo de 1933, reformada por la sección 12 de la Gold Reserve Act del 30 de enero de 1934): dólar de 15 5/21 granos de oro de 9/10 de fino","1934-01-31 15:10, hora del Este","solo bancos centrales extranjeros y usos licenciados: el Tesoro compra a 35 menos 1/4 % y vende a 35 más 1/4 % (Federal Reserve Bulletin, febrero de 1934, pp. 67-69)",dato,no,"Federal Reserve Bulletin, febrero de 1934, pp. 68-69; la fracción se comprobó en la imagen",
1959-10,35,"precio oficial fijado por ley, no precio de mercado","Proclamación presidencial del 31 de enero de 1934 (sección 43(b)(2) del Título III de la ley del 12 de mayo de 1933, reformada por la sección 12 de la Gold Reserve Act del 30 de enero de 1934): dólar de 15 5/21 granos de oro de 9/10 de fino","1934-01-31 15:10, hora del Este","solo bancos centrales extranjeros y usos licenciados: el Tesoro compra a 35 menos 1/4 % y vende a 35 más 1/4 % (Federal Reserve Bulletin, febrero de 1934, pp. 67-69)",dato,no,"Federal Reserve Bulletin, febrero de 1934, pp. 68-69; la fracción se comprobó en la imagen",
1959-11,35,"precio oficial fijado por ley, no precio de mercado","Proclamación presidencial del 31 de enero de 1934 (sección 43(b)(2) del Título III de la ley del 12 de mayo de 1933, reformada por la sección 12 de la Gold Reserve Act del 30 de enero de 1934): dólar de 15 5/21 granos de oro de 9/10 de fino","1934-01-31 15:10, hora del Este","solo bancos centrales extranjeros y usos licenciados: el Tesoro compra a 35 menos 1/4 % y vende a 35 más 1/4 % (Federal Reserve Bulletin, febrero de 1934, pp. 67-69)",dato,no,"Federal Reserve Bulletin, febrero de 1934, pp. 68-69; la fracción se comprobó en la imagen",
1959-12,35,"precio oficial fijado por ley, no precio de mercado","Proclamación presidencial del 31 de enero de 1934 (sección 43(b)(2) del Título III de la ley del 12 de mayo de 1933, reformada por la sección 12 de la Gold Reserve Act del 30 de enero de 1934): dólar de 15 5/21 granos de oro de 9/10 de fino","1934-01-31 15:10, hora del Este","solo bancos centrales extranjeros y usos licenciados: el Tesoro compra a 35 menos 1/4 % y vende a 35 más 1/4 % (Federal Reserve Bulletin, febrero de 1934, pp. 67-69)",dato,no,"Federal Reserve Bulletin, febrero de 1934, pp. 68-69; la fracción se comprobó en la imagen",
