KEY,FREQ,REF_AREA,ADJUSTMENT,BS_REP_SECTOR,BS_ITEM,MATURITY_ORIG,DATA_TYPE,COUNT_AREA,BS_COUNT_SECTOR,CURRENCY_TRANS,BS_SUFFIX,TIME_PERIOD,OBS_VALUE,OBS_STATUS,OBS_CONF,OBS_PRE_BREAK,OBS_COM,TIME_FORMAT,BREAKS,COLLECTION,COMPILING_ORG,DISS_ORG,DOM_SER_IDS,PUBL_ECB,PUBL_MU,PUBL_PUBLIC,UNIT_INDEX_BASE,COMPILATION,DECIMALS,NAT_TITLE,SOURCE_AGENCY,TITLE,TITLE_COMPL,UNIT,UNIT_MULT
BSI.M.U2.N.V.M20.X.1.U2.2300.Z01.E,M,U2,N,V,M20,X,1,U2,2300,Z01,E,1980-01,1080273.3292812207,A,F,,,P1M,,E,,,,,,,,,2,,,"Monetary aggregate M2, Stocks","Euro area (changing composition), Outstanding amounts at the end of the period (stocks), MFIs, central government and post office giro institutions reporting sector - Monetary aggregate M2, All currencies combined - Euro area (changing composition) counterpart, Non-MFIs excluding central government sector, denominated in Euro, data Neither seasonally nor working day adjusted",EUR,6
BSI.M.U2.N.V.M20.X.1.U2.2300.Z01.E,M,U2,N,V,M20,X,1,U2,2300,Z01,E,1980-02,1080016.3104538866,A,F,,,P1M,,E,,,,,,,,,2,,,"Monetary aggregate M2, Stocks","Euro area (changing composition), Outstanding amounts at the end of the period (stocks), MFIs, central government and post office giro institutions reporting sector - Monetary aggregate M2, All currencies combined - Euro area (changing composition) counterpart, Non-MFIs excluding central government sector, denominated in Euro, data Neither seasonally nor working day adjusted",EUR,6
BSI.M.U2.N.V.M20.X.1.U2.2300.Z01.E,M,U2,N,V,M20,X,1,U2,2300,Z01,E,1980-03,1090054.9818501296,A,F,,,P1M,,E,,,,,,,,,2,,,"Monetary aggregate M2, Stocks","Euro area (changing composition), Outstanding amounts at the end of the period (stocks), MFIs, central government and post office giro institutions reporting sector - Monetary aggregate M2, All currencies combined - Euro area (changing composition) counterpart, Non-MFIs excluding central government sector, denominated in Euro, data Neither seasonally nor working day adjusted",EUR,6
BSI.M.U2.N.V.M20.X.1.U2.2300.Z01.E,M,U2,N,V,M20,X,1,U2,2300,Z01,E,1980-04,1092061.0687420368,A,F,,,P1M,,E,,,,,,,,,2,,,"Monetary aggregate M2, Stocks","Euro area (changing composition), Outstanding amounts at the end of the period (stocks), MFIs, central government and post office giro institutions reporting sector - Monetary aggregate M2, All currencies combined - Euro area (changing composition) counterpart, Non-MFIs excluding central government sector, denominated in Euro, data Neither seasonally nor working day adjusted",EUR,6
BSI.M.U2.N.V.M20.X.1.U2.2300.Z01.E,M,U2,N,V,M20,X,1,U2,2300,Z01,E,1980-05,1097620.4184608147,A,F,,,P1M,,E,,,,,,,,,2,,,"Monetary aggregate M2, Stocks","Euro area (changing composition), Outstanding amounts at the end of the period (stocks), MFIs, central government and post office giro institutions reporting sector - Monetary aggregate M2, All currencies combined - Euro area (changing composition) counterpart, Non-MFIs excluding central government sector, denominated in Euro, data Neither seasonally nor working day adjusted",EUR,6
BSI.M.U2.N.V.M20.X.1.U2.2300.Z01.E,M,U2,N,V,M20,X,1,U2,2300,Z01,E,1980-06,1112043.6684845227,A,F,,,P1M,,E,,,,,,,,,2,,,"Monetary aggregate M2, Stocks","Euro area (changing composition), Outstanding amounts at the end of the period (stocks), MFIs, central government and post office giro institutions reporting sector - Monetary aggregate M2, All currencies combined - Euro area (changing composition) counterpart, Non-MFIs excluding central government sector, denominated in Euro, data Neither seasonally nor working day adjusted",EUR,6
BSI.M.U2.N.V.M20.X.1.U2.2300.Z01.E,M,U2,N,V,M20,X,1,U2,2300,Z01,E,1980-07,1117560.8002943296,A,F,,,P1M,,E,,,,,,,,,2,,,"Monetary aggregate M2, Stocks","Euro area (changing composition), Outstanding amounts at the end of the period (stocks), MFIs, central government and post office giro institutions reporting sector - Monetary aggregate M2, All currencies combined - Euro area (changing composition) counterpart, Non-MFIs excluding central government sector, denominated in Euro, data Neither seasonally nor working day adjusted",EUR,6
BSI.M.U2.N.V.M20.X.1.U2.2300.Z01.E,M,U2,N,V,M20,X,1,U2,2300,Z01,E,1980-08,1117514.99277416,A,F,,,P1M,,E,,,,,,,,,2,,,"Monetary aggregate M2, Stocks","Euro area (changing composition), Outstanding amounts at the end of the period (stocks), MFIs, central government and post office giro institutions reporting sector - Monetary aggregate M2, All currencies combined - Euro area (changing composition) counterpart, Non-MFIs excluding central government sector, denominated in Euro, data Neither seasonally nor working day adjusted",EUR,6
BSI.M.U2.N.V.M20.X.1.U2.2300.Z01.E,M,U2,N,V,M20,X,1,U2,2300,Z01,E,1980-09,1124085.0322285488,A,F,,,P1M,,E,,,,,,,,,2,,,"Monetary aggregate M2, Stocks","Euro area (changing composition), Outstanding amounts at the end of the period (stocks), MFIs, central government and post office giro institutions reporting sector - Monetary aggregate M2, All currencies combined - Euro area (changing composition) counterpart, Non-MFIs excluding central government sector, denominated in Euro, data Neither seasonally nor working day adjusted",EUR,6
BSI.M.U2.N.V.M20.X.1.U2.2300.Z01.E,M,U2,N,V,M20,X,1,U2,2300,Z01,E,1980-10,1128915.7306020176,A,F,,,P1M,,E,,,,,,,,,2,,,"Monetary aggregate M2, Stocks","Euro area (changing composition), Outstanding amounts at the end of the period (stocks), MFIs, central government and post office giro institutions reporting sector - Monetary aggregate M2, All currencies combined - Euro area (changing composition) counterpart, Non-MFIs excluding central government sector, denominated in Euro, data Neither seasonally nor working day adjusted",EUR,6
BSI.M.U2.N.V.M20.X.1.U2.2300.Z01.E,M,U2,N,V,M20,X,1,U2,2300,Z01,E,1980-11,1154239.555522185,A,F,,,P1M,,E,,,,,,,,,2,,,"Monetary aggregate M2, Stocks","Euro area (changing composition), Outstanding amounts at the end of the period (stocks), MFIs, central government and post office giro institutions reporting sector - Monetary aggregate M2, All currencies combined - Euro area (changing composition) counterpart, Non-MFIs excluding central government sector, denominated in Euro, data Neither seasonally nor working day adjusted",EUR,6
BSI.M.U2.N.V.M20.X.1.U2.2300.Z01.E,M,U2,N,V,M20,X,1,U2,2300,Z01,E,1980-12,1198035.020856631,A,F,,,P1M,,E,,,,,,,,,2,,,"Monetary aggregate M2, Stocks","Euro area (changing composition), Outstanding amounts at the end of the period (stocks), MFIs, central government and post office giro institutions reporting sector - Monetary aggregate M2, All currencies combined - Euro area (changing composition) counterpart, Non-MFIs excluding central government sector, denominated in Euro, data Neither seasonally nor working day adjusted",EUR,6
BSI.M.U2.N.V.M20.X.1.U2.2300.Z01.E,M,U2,N,V,M20,X,1,U2,2300,Z01,E,1981-01,1185787.8474560254,A,F,,,P1M,,E,,,,,,,,,2,,,"Monetary aggregate M2, Stocks","Euro area (changing composition), Outstanding amounts at the end of the period (stocks), MFIs, central government and post office giro institutions reporting sector - Monetary aggregate M2, All currencies combined - Euro area (changing composition) counterpart, Non-MFIs excluding central government sector, denominated in Euro, data Neither seasonally nor working day adjusted",EUR,6
BSI.M.U2.N.V.M20.X.1.U2.2300.Z01.E,M,U2,N,V,M20,X,1,U2,2300,Z01,E,1981-02,1191439.1603184675,A,F,,,P1M,,E,,,,,,,,,2,,,"Monetary aggregate M2, Stocks","Euro area (changing composition), Outstanding amounts at the end of the period (stocks), MFIs, central government and post office giro institutions reporting sector - Monetary aggregate M2, All currencies combined - Euro area (changing composition) counterpart, Non-MFIs excluding central government sector, denominated in Euro, data Neither seasonally nor working day adjusted",EUR,6
BSI.M.U2.N.V.M20.X.1.U2.2300.Z01.E,M,U2,N,V,M20,X,1,U2,2300,Z01,E,1981-03,1195068.0415655547,A,F,,,P1M,,E,,,,,,,,,2,,,"Monetary aggregate M2, Stocks","Euro area (changing composition), Outstanding amounts at the end of the period (stocks), MFIs, central government and post office giro institutions reporting sector - Monetary aggregate M2, All currencies combined - Euro area (changing composition) counterpart, Non-MFIs excluding central government sector, denominated in Euro, data Neither seasonally nor working day adjusted",EUR,6
BSI.M.U2.N.V.M20.X.1.U2.2300.Z01.E,M,U2,N,V,M20,X,1,U2,2300,Z01,E,1981-04,1201981.4694401785,A,F,,,P1M,,E,,,,,,,,,2,,,"Monetary aggregate M2, Stocks","Euro area (changing composition), Outstanding amounts at the end of the period (stocks), MFIs, central government and post office giro institutions reporting sector - Monetary aggregate M2, All currencies combined - Euro area (changing composition) counterpart, Non-MFIs excluding central government sector, denominated in Euro, data Neither seasonally nor working day adjusted",EUR,6
BSI.M.U2.N.V.M20.X.1.U2.2300.Z01.E,M,U2,N,V,M20,X,1,U2,2300,Z01,E,1981-05,1216319.9493407942,A,F,,,P1M,,E,,,,,,,,,2,,,"Monetary aggregate M2, Stocks","Euro area (changing composition), Outstanding amounts at the end of the period (stocks), MFIs, central government and post office giro institutions reporting sector - Monetary aggregate M2, All currencies combined - Euro area (changing composition) counterpart, Non-MFIs excluding central government sector, denominated in Euro, data Neither seasonally nor working day adjusted",EUR,6
BSI.M.U2.N.V.M20.X.1.U2.2300.Z01.E,M,U2,N,V,M20,X,1,U2,2300,Z01,E,1981-06,1224320.4068193731,A,F,,,P1M,,E,,,,,,,,,2,,,"Monetary aggregate M2, Stocks","Euro area (changing composition), Outstanding amounts at the end of the period (stocks), MFIs, central government and post office giro institutions reporting sector - Monetary aggregate M2, All currencies combined - Euro area (changing composition) counterpart, Non-MFIs excluding central government sector, denominated in Euro, data Neither seasonally nor working day adjusted",EUR,6
BSI.M.U2.N.V.M20.X.1.U2.2300.Z01.E,M,U2,N,V,M20,X,1,U2,2300,Z01,E,1981-07,1224131.4599751814,A,F,,,P1M,,E,,,,,,,,,2,,,"Monetary aggregate M2, Stocks","Euro area (changing composition), Outstanding amounts at the end of the period (stocks), MFIs, central government and post office giro institutions reporting sector - Monetary aggregate M2, All currencies combined - Euro area (changing composition) counterpart, Non-MFIs excluding central government sector, denominated in Euro, data Neither seasonally nor working day adjusted",EUR,6
BSI.M.U2.N.V.M20.X.1.U2.2300.Z01.E,M,U2,N,V,M20,X,1,U2,2300,Z01,E,1981-08,1222519.4897381922,A,F,,,P1M,,E,,,,,,,,,2,,,"Monetary aggregate M2, Stocks","Euro area (changing composition), Outstanding amounts at the end of the period (stocks), MFIs, central government and post office giro institutions reporting sector - Monetary aggregate M2, All currencies combined - Euro area (changing composition) counterpart, Non-MFIs excluding central government sector, denominated in Euro, data Neither seasonally nor working day adjusted",EUR,6
BSI.M.U2.N.V.M20.X.1.U2.2300.Z01.E,M,U2,N,V,M20,X,1,U2,2300,Z01,E,1981-09,1235502.6907604572,A,F,,,P1M,,E,,,,,,,,,2,,,"Monetary aggregate M2, Stocks","Euro area (changing composition), Outstanding amounts at the end of the period (stocks), MFIs, central government and post office giro institutions reporting sector - Monetary aggregate M2, All currencies combined - Euro area (changing composition) counterpart, Non-MFIs excluding central government sector, denominated in Euro, data Neither seasonally nor working day adjusted",EUR,6
BSI.M.U2.N.V.M20.X.1.U2.2300.Z01.E,M,U2,N,V,M20,X,1,U2,2300,Z01,E,1981-10,1239115.0947903737,A,F,,,P1M,,E,,,,,,,,,2,,,"Monetary aggregate M2, Stocks","Euro area (changing composition), Outstanding amounts at the end of the period (stocks), MFIs, central government and post office giro institutions reporting sector - Monetary aggregate M2, All currencies combined - Euro area (changing composition) counterpart, Non-MFIs excluding central government sector, denominated in Euro, data Neither seasonally nor working day adjusted",EUR,6
BSI.M.U2.N.V.M20.X.1.U2.2300.Z01.E,M,U2,N,V,M20,X,1,U2,2300,Z01,E,1981-11,1256082.4814349315,A,F,,,P1M,,E,,,,,,,,,2,,,"Monetary aggregate M2, Stocks","Euro area (changing composition), Outstanding amounts at the end of the period (stocks), MFIs, central government and post office giro institutions reporting sector - Monetary aggregate M2, All currencies combined - Euro area (changing composition) counterpart, Non-MFIs excluding central government sector, denominated in Euro, data Neither seasonally nor working day adjusted",EUR,6
BSI.M.U2.N.V.M20.X.1.U2.2300.Z01.E,M,U2,N,V,M20,X,1,U2,2300,Z01,E,1981-12,1308298.6360550711,A,F,,,P1M,,E,,,,,,,,,2,,,"Monetary aggregate M2, Stocks","Euro area (changing composition), Outstanding amounts at the end of the period (stocks), MFIs, central government and post office giro institutions reporting sector - Monetary aggregate M2, All currencies combined - Euro area (changing composition) counterpart, Non-MFIs excluding central government sector, denominated in Euro, data Neither seasonally nor working day adjusted",EUR,6
BSI.M.U2.N.V.M20.X.1.U2.2300.Z01.E,M,U2,N,V,M20,X,1,U2,2300,Z01,E,1982-01,1304500.5008675465,A,F,,,P1M,,E,,,,,,,,,2,,,"Monetary aggregate M2, Stocks","Euro area (changing composition), Outstanding amounts at the end of the period (stocks), MFIs, central government and post office giro institutions reporting sector - Monetary aggregate M2, All currencies combined - Euro area (changing composition) counterpart, Non-MFIs excluding central government sector, denominated in Euro, data Neither seasonally nor working day adjusted",EUR,6
BSI.M.U2.N.V.M20.X.1.U2.2300.Z01.E,M,U2,N,V,M20,X,1,U2,2300,Z01,E,1982-02,1308888.7271879055,A,F,,,P1M,,E,,,,,,,,,2,,,"Monetary aggregate M2, Stocks","Euro area (changing composition), Outstanding amounts at the end of the period (stocks), MFIs, central government and post office giro institutions reporting sector - Monetary aggregate M2, All currencies combined - Euro area (changing composition) counterpart, Non-MFIs excluding central government sector, denominated in Euro, data Neither seasonally nor working day adjusted",EUR,6
BSI.M.U2.N.V.M20.X.1.U2.2300.Z01.E,M,U2,N,V,M20,X,1,U2,2300,Z01,E,1982-03,1313237.0804593596,A,F,,,P1M,,E,,,,,,,,,2,,,"Monetary aggregate M2, Stocks","Euro area (changing composition), Outstanding amounts at the end of the period (stocks), MFIs, central government and post office giro institutions reporting sector - Monetary aggregate M2, All currencies combined - Euro area (changing composition) counterpart, Non-MFIs excluding central government sector, denominated in Euro, data Neither seasonally nor working day adjusted",EUR,6
BSI.M.U2.N.V.M20.X.1.U2.2300.Z01.E,M,U2,N,V,M20,X,1,U2,2300,Z01,E,1982-04,1321305.8893775777,A,F,,,P1M,,E,,,,,,,,,2,,,"Monetary aggregate M2, Stocks","Euro area (changing composition), Outstanding amounts at the end of the period (stocks), MFIs, central government and post office giro institutions reporting sector - Monetary aggregate M2, All currencies combined - Euro area (changing composition) counterpart, Non-MFIs excluding central government sector, denominated in Euro, data Neither seasonally nor working day adjusted",EUR,6
BSI.M.U2.N.V.M20.X.1.U2.2300.Z01.E,M,U2,N,V,M20,X,1,U2,2300,Z01,E,1982-05,1333497.8940130714,A,F,,,P1M,,E,,,,,,,,,2,,,"Monetary aggregate M2, Stocks","Euro area (changing composition), Outstanding amounts at the end of the period (stocks), MFIs, central government and post office giro institutions reporting sector - Monetary aggregate M2, All currencies combined - Euro area (changing composition) counterpart, Non-MFIs excluding central government sector, denominated in Euro, data Neither seasonally nor working day adjusted",EUR,6
BSI.M.U2.N.V.M20.X.1.U2.2300.Z01.E,M,U2,N,V,M20,X,1,U2,2300,Z01,E,1982-06,1348116.88887855,A,F,,,P1M,,E,,,,,,,,,2,,,"Monetary aggregate M2, Stocks","Euro area (changing composition), Outstanding amounts at the end of the period (stocks), MFIs, central government and post office giro institutions reporting sector - Monetary aggregate M2, All currencies combined - Euro area (changing composition) counterpart, Non-MFIs excluding central government sector, denominated in Euro, data Neither seasonally nor working day adjusted",EUR,6
BSI.M.U2.N.V.M20.X.1.U2.2300.Z01.E,M,U2,N,V,M20,X,1,U2,2300,Z01,E,1982-07,1354395.635806336,A,F,,,P1M,,E,,,,,,,,,2,,,"Monetary aggregate M2, Stocks","Euro area (changing composition), Outstanding amounts at the end of the period (stocks), MFIs, central government and post office giro institutions reporting sector - Monetary aggregate M2, All currencies combined - Euro area (changing composition) counterpart, Non-MFIs excluding central government sector, denominated in Euro, data Neither seasonally nor working day adjusted",EUR,6
BSI.M.U2.N.V.M20.X.1.U2.2300.Z01.E,M,U2,N,V,M20,X,1,U2,2300,Z01,E,1982-08,1358537.047801004,A,F,,,P1M,,E,,,,,,,,,2,,,"Monetary aggregate M2, Stocks","Euro area (changing composition), Outstanding amounts at the end of the period (stocks), MFIs, central government and post office giro institutions reporting sector - Monetary aggregate M2, All currencies combined - Euro area (changing composition) counterpart, Non-MFIs excluding central government sector, denominated in Euro, data Neither seasonally nor working day adjusted",EUR,6
BSI.M.U2.N.V.M20.X.1.U2.2300.Z01.E,M,U2,N,V,M20,X,1,U2,2300,Z01,E,1982-09,1370312.4929418268,A,F,,,P1M,,E,,,,,,,,,2,,,"Monetary aggregate M2, Stocks","Euro area (changing composition), Outstanding amounts at the end of the period (stocks), MFIs, central government and post office giro institutions reporting sector - Monetary aggregate M2, All currencies combined - Euro area (changing composition) counterpart, Non-MFIs excluding central government sector, denominated in Euro, data Neither seasonally nor working day adjusted",EUR,6
BSI.M.U2.N.V.M20.X.1.U2.2300.Z01.E,M,U2,N,V,M20,X,1,U2,2300,Z01,E,1982-10,1378428.9661688658,A,F,,,P1M,,E,,,,,,,,,2,,,"Monetary aggregate M2, Stocks","Euro area (changing composition), Outstanding amounts at the end of the period (stocks), MFIs, central government and post office giro institutions reporting sector - Monetary aggregate M2, All currencies combined - Euro area (changing composition) counterpart, Non-MFIs excluding central government sector, denominated in Euro, data Neither seasonally nor working day adjusted",EUR,6
BSI.M.U2.N.V.M20.X.1.U2.2300.Z01.E,M,U2,N,V,M20,X,1,U2,2300,Z01,E,1982-11,1391951.3007949456,A,F,,,P1M,,E,,,,,,,,,2,,,"Monetary aggregate M2, Stocks","Euro area (changing composition), Outstanding amounts at the end of the period (stocks), MFIs, central government and post office giro institutions reporting sector - Monetary aggregate M2, All currencies combined - Euro area (changing composition) counterpart, Non-MFIs excluding central government sector, denominated in Euro, data Neither seasonally nor working day adjusted",EUR,6
BSI.M.U2.N.V.M20.X.1.U2.2300.Z01.E,M,U2,N,V,M20,X,1,U2,2300,Z01,E,1982-12,1449908.0808485085,A,F,,,P1M,,E,,,,,,,,,2,,,"Monetary aggregate M2, Stocks","Euro area (changing composition), Outstanding amounts at the end of the period (stocks), MFIs, central government and post office giro institutions reporting sector - Monetary aggregate M2, All currencies combined - Euro area (changing composition) counterpart, Non-MFIs excluding central government sector, denominated in Euro, data Neither seasonally nor working day adjusted",EUR,6
BSI.M.U2.N.V.M20.X.1.U2.2300.Z01.E,M,U2,N,V,M20,X,1,U2,2300,Z01,E,1983-01,1442306.1660746995,A,F,,,P1M,,E,,,,,,,,,2,,,"Monetary aggregate M2, Stocks","Euro area (changing composition), Outstanding amounts at the end of the period (stocks), MFIs, central government and post office giro institutions reporting sector - Monetary aggregate M2, All currencies combined - Euro area (changing composition) counterpart, Non-MFIs excluding central government sector, denominated in Euro, data Neither seasonally nor working day adjusted",EUR,6
BSI.M.U2.N.V.M20.X.1.U2.2300.Z01.E,M,U2,N,V,M20,X,1,U2,2300,Z01,E,1983-02,1444592.0847865352,A,F,,,P1M,,E,,,,,,,,,2,,,"Monetary aggregate M2, Stocks","Euro area (changing composition), Outstanding amounts at the end of the period (stocks), MFIs, central government and post office giro institutions reporting sector - Monetary aggregate M2, All currencies combined - Euro area (changing composition) counterpart, Non-MFIs excluding central government sector, denominated in Euro, data Neither seasonally nor working day adjusted",EUR,6
BSI.M.U2.N.V.M20.X.1.U2.2300.Z01.E,M,U2,N,V,M20,X,1,U2,2300,Z01,E,1983-03,1441222.0603986918,A,F,,,P1M,,E,,,,,,,,,2,,,"Monetary aggregate M2, Stocks","Euro area (changing composition), Outstanding amounts at the end of the period (stocks), MFIs, central government and post office giro institutions reporting sector - Monetary aggregate M2, All currencies combined - Euro area (changing composition) counterpart, Non-MFIs excluding central government sector, denominated in Euro, data Neither seasonally nor working day adjusted",EUR,6
BSI.M.U2.N.V.M20.X.1.U2.2300.Z01.E,M,U2,N,V,M20,X,1,U2,2300,Z01,E,1983-04,1450437.2911384415,A,F,,,P1M,,E,,,,,,,,,2,,,"Monetary aggregate M2, Stocks","Euro area (changing composition), Outstanding amounts at the end of the period (stocks), MFIs, central government and post office giro institutions reporting sector - Monetary aggregate M2, All currencies combined - Euro area (changing composition) counterpart, Non-MFIs excluding central government sector, denominated in Euro, data Neither seasonally nor working day adjusted",EUR,6
BSI.M.U2.N.V.M20.X.1.U2.2300.Z01.E,M,U2,N,V,M20,X,1,U2,2300,Z01,E,1983-05,1460614.5269327238,A,F,,,P1M,,E,,,,,,,,,2,,,"Monetary aggregate M2, Stocks","Euro area (changing composition), Outstanding amounts at the end of the period (stocks), MFIs, central government and post office giro institutions reporting sector - Monetary aggregate M2, All currencies combined - Euro area (changing composition) counterpart, Non-MFIs excluding central government sector, denominated in Euro, data Neither seasonally nor working day adjusted",EUR,6
BSI.M.U2.N.V.M20.X.1.U2.2300.Z01.E,M,U2,N,V,M20,X,1,U2,2300,Z01,E,1983-06,1474462.4777755816,A,F,,,P1M,,E,,,,,,,,,2,,,"Monetary aggregate M2, Stocks","Euro area (changing composition), Outstanding amounts at the end of the period (stocks), MFIs, central government and post office giro institutions reporting sector - Monetary aggregate M2, All currencies combined - Euro area (changing composition) counterpart, Non-MFIs excluding central government sector, denominated in Euro, data Neither seasonally nor working day adjusted",EUR,6
BSI.M.U2.N.V.M20.X.1.U2.2300.Z01.E,M,U2,N,V,M20,X,1,U2,2300,Z01,E,1983-07,1487081.2953048209,A,F,,,P1M,,E,,,,,,,,,2,,,"Monetary aggregate M2, Stocks","Euro area (changing composition), Outstanding amounts at the end of the period (stocks), MFIs, central government and post office giro institutions reporting sector - Monetary aggregate M2, All currencies combined - Euro area (changing composition) counterpart, Non-MFIs excluding central government sector, denominated in Euro, data Neither seasonally nor working day adjusted",EUR,6
BSI.M.U2.N.V.M20.X.1.U2.2300.Z01.E,M,U2,N,V,M20,X,1,U2,2300,Z01,E,1983-08,1482810.8718196205,A,F,,,P1M,,E,,,,,,,,,2,,,"Monetary aggregate M2, Stocks","Euro area (changing composition), Outstanding amounts at the end of the period (stocks), MFIs, central government and post office giro institutions reporting sector - Monetary aggregate M2, All currencies combined - Euro area (changing composition) counterpart, Non-MFIs excluding central government sector, denominated in Euro, data Neither seasonally nor working day adjusted",EUR,6
BSI.M.U2.N.V.M20.X.1.U2.2300.Z01.E,M,U2,N,V,M20,X,1,U2,2300,Z01,E,1983-09,1487292.3873318266,A,F,,,P1M,,E,,,,,,,,,2,,,"Monetary aggregate M2, Stocks","Euro area (changing composition), Outstanding amounts at the end of the period (stocks), MFIs, central government and post office giro institutions reporting sector - Monetary aggregate M2, All currencies combined - Euro area (changing composition) counterpart, Non-MFIs excluding central government sector, denominated in Euro, data Neither seasonally nor working day adjusted",EUR,6
BSI.M.U2.N.V.M20.X.1.U2.2300.Z01.E,M,U2,N,V,M20,X,1,U2,2300,Z01,E,1983-10,1500376.0285785317,A,F,,,P1M,,E,,,,,,,,,2,,,"Monetary aggregate M2, Stocks","Euro area (changing composition), Outstanding amounts at the end of the period (stocks), MFIs, central government and post office giro institutions reporting sector - Monetary aggregate M2, All currencies combined - Euro area (changing composition) counterpart, Non-MFIs excluding central government sector, denominated in Euro, data Neither seasonally nor working day adjusted",EUR,6
BSI.M.U2.N.V.M20.X.1.U2.2300.Z01.E,M,U2,N,V,M20,X,1,U2,2300,Z01,E,1983-11,1516045.0931522306,A,F,,,P1M,,E,,,,,,,,,2,,,"Monetary aggregate M2, Stocks","Euro area (changing composition), Outstanding amounts at the end of the period (stocks), MFIs, central government and post office giro institutions reporting sector - Monetary aggregate M2, All currencies combined - Euro area (changing composition) counterpart, Non-MFIs excluding central government sector, denominated in Euro, data Neither seasonally nor working day adjusted",EUR,6
BSI.M.U2.N.V.M20.X.1.U2.2300.Z01.E,M,U2,N,V,M20,X,1,U2,2300,Z01,E,1983-12,1579251.3025278097,A,F,,,P1M,,E,,,,,,,,,2,,,"Monetary aggregate M2, Stocks","Euro area (changing composition), Outstanding amounts at the end of the period (stocks), MFIs, central government and post office giro institutions reporting sector - Monetary aggregate M2, All currencies combined - Euro area (changing composition) counterpart, Non-MFIs excluding central government sector, denominated in Euro, data Neither seasonally nor working day adjusted",EUR,6
BSI.M.U2.N.V.M20.X.1.U2.2300.Z01.E,M,U2,N,V,M20,X,1,U2,2300,Z01,E,1984-01,1560794.3139046067,A,F,,,P1M,,E,,,,,,,,,2,,,"Monetary aggregate M2, Stocks","Euro area (changing composition), Outstanding amounts at the end of the period (stocks), MFIs, central government and post office giro institutions reporting sector - Monetary aggregate M2, All currencies combined - Euro area (changing composition) counterpart, Non-MFIs excluding central government sector, denominated in Euro, data Neither seasonally nor working day adjusted",EUR,6
BSI.M.U2.N.V.M20.X.1.U2.2300.Z01.E,M,U2,N,V,M20,X,1,U2,2300,Z01,E,1984-02,1556308.862999831,A,F,,,P1M,,E,,,,,,,,,2,,,"Monetary aggregate M2, Stocks","Euro area (changing composition), Outstanding amounts at the end of the period (stocks), MFIs, central government and post office giro institutions reporting sector - Monetary aggregate M2, All currencies combined - Euro area (changing composition) counterpart, Non-MFIs excluding central government sector, denominated in Euro, data Neither seasonally nor working day adjusted",EUR,6
BSI.M.U2.N.V.M20.X.1.U2.2300.Z01.E,M,U2,N,V,M20,X,1,U2,2300,Z01,E,1984-03,1555114.5223445005,A,F,,,P1M,,E,,,,,,,,,2,,,"Monetary aggregate M2, Stocks","Euro area (changing composition), Outstanding amounts at the end of the period (stocks), MFIs, central government and post office giro institutions reporting sector - Monetary aggregate M2, All currencies combined - Euro area (changing composition) counterpart, Non-MFIs excluding central government sector, denominated in Euro, data Neither seasonally nor working day adjusted",EUR,6
BSI.M.U2.N.V.M20.X.1.U2.2300.Z01.E,M,U2,N,V,M20,X,1,U2,2300,Z01,E,1984-04,1567985.74236693,A,F,,,P1M,,E,,,,,,,,,2,,,"Monetary aggregate M2, Stocks","Euro area (changing composition), Outstanding amounts at the end of the period (stocks), MFIs, central government and post office giro institutions reporting sector - Monetary aggregate M2, All currencies combined - Euro area (changing composition) counterpart, Non-MFIs excluding central government sector, denominated in Euro, data Neither seasonally nor working day adjusted",EUR,6
BSI.M.U2.N.V.M20.X.1.U2.2300.Z01.E,M,U2,N,V,M20,X,1,U2,2300,Z01,E,1984-05,1576865.0307172853,A,F,,,P1M,,E,,,,,,,,,2,,,"Monetary aggregate M2, Stocks","Euro area (changing composition), Outstanding amounts at the end of the period (stocks), MFIs, central government and post office giro institutions reporting sector - Monetary aggregate M2, All currencies combined - Euro area (changing composition) counterpart, Non-MFIs excluding central government sector, denominated in Euro, data Neither seasonally nor working day adjusted",EUR,6
BSI.M.U2.N.V.M20.X.1.U2.2300.Z01.E,M,U2,N,V,M20,X,1,U2,2300,Z01,E,1984-06,1590887.5635577457,A,F,,,P1M,,E,,,,,,,,,2,,,"Monetary aggregate M2, Stocks","Euro area (changing composition), Outstanding amounts at the end of the period (stocks), MFIs, central government and post office giro institutions reporting sector - Monetary aggregate M2, All currencies combined - Euro area (changing composition) counterpart, Non-MFIs excluding central government sector, denominated in Euro, data Neither seasonally nor working day adjusted",EUR,6
BSI.M.U2.N.V.M20.X.1.U2.2300.Z01.E,M,U2,N,V,M20,X,1,U2,2300,Z01,E,1984-07,1601633.8250234104,A,F,,,P1M,,E,,,,,,,,,2,,,"Monetary aggregate M2, Stocks","Euro area (changing composition), Outstanding amounts at the end of the period (stocks), MFIs, central government and post office giro institutions reporting sector - Monetary aggregate M2, All currencies combined - Euro area (changing composition) counterpart, Non-MFIs excluding central government sector, denominated in Euro, data Neither seasonally nor working day adjusted",EUR,6
BSI.M.U2.N.V.M20.X.1.U2.2300.Z01.E,M,U2,N,V,M20,X,1,U2,2300,Z01,E,1984-08,1596946.2486323938,A,F,,,P1M,,E,,,,,,,,,2,,,"Monetary aggregate M2, Stocks","Euro area (changing composition), Outstanding amounts at the end of the period (stocks), MFIs, central government and post office giro institutions reporting sector - Monetary aggregate M2, All currencies combined - Euro area (changing composition) counterpart, Non-MFIs excluding central government sector, denominated in Euro, data Neither seasonally nor working day adjusted",EUR,6
BSI.M.U2.N.V.M20.X.1.U2.2300.Z01.E,M,U2,N,V,M20,X,1,U2,2300,Z01,E,1984-09,1623247.876406115,A,F,,,P1M,,E,,,,,,,,,2,,,"Monetary aggregate M2, Stocks","Euro area (changing composition), Outstanding amounts at the end of the period (stocks), MFIs, central government and post office giro institutions reporting sector - Monetary aggregate M2, All currencies combined - Euro area (changing composition) counterpart, Non-MFIs excluding central government sector, denominated in Euro, data Neither seasonally nor working day adjusted",EUR,6
BSI.M.U2.N.V.M20.X.1.U2.2300.Z01.E,M,U2,N,V,M20,X,1,U2,2300,Z01,E,1984-10,1623302.3506565345,A,F,,,P1M,,E,,,,,,,,,2,,,"Monetary aggregate M2, Stocks","Euro area (changing composition), Outstanding amounts at the end of the period (stocks), MFIs, central government and post office giro institutions reporting sector - Monetary aggregate M2, All currencies combined - Euro area (changing composition) counterpart, Non-MFIs excluding central government sector, denominated in Euro, data Neither seasonally nor working day adjusted",EUR,6
BSI.M.U2.N.V.M20.X.1.U2.2300.Z01.E,M,U2,N,V,M20,X,1,U2,2300,Z01,E,1984-11,1634800.6154764318,A,F,,,P1M,,E,,,,,,,,,2,,,"Monetary aggregate M2, Stocks","Euro area (changing composition), Outstanding amounts at the end of the period (stocks), MFIs, central government and post office giro institutions reporting sector - Monetary aggregate M2, All currencies combined - Euro area (changing composition) counterpart, Non-MFIs excluding central government sector, denominated in Euro, data Neither seasonally nor working day adjusted",EUR,6
BSI.M.U2.N.V.M20.X.1.U2.2300.Z01.E,M,U2,N,V,M20,X,1,U2,2300,Z01,E,1984-12,1710855.2205648432,A,F,,,P1M,,E,,,,,,,,,2,,,"Monetary aggregate M2, Stocks","Euro area (changing composition), Outstanding amounts at the end of the period (stocks), MFIs, central government and post office giro institutions reporting sector - Monetary aggregate M2, All currencies combined - Euro area (changing composition) counterpart, Non-MFIs excluding central government sector, denominated in Euro, data Neither seasonally nor working day adjusted",EUR,6
BSI.M.U2.N.V.M20.X.1.U2.2300.Z01.E,M,U2,N,V,M20,X,1,U2,2300,Z01,E,1985-01,1693243.3654977672,A,F,,,P1M,,E,,,,,,,,,2,,,"Monetary aggregate M2, Stocks","Euro area (changing composition), Outstanding amounts at the end of the period (stocks), MFIs, central government and post office giro institutions reporting sector - Monetary aggregate M2, All currencies combined - Euro area (changing composition) counterpart, Non-MFIs excluding central government sector, denominated in Euro, data Neither seasonally nor working day adjusted",EUR,6
BSI.M.U2.N.V.M20.X.1.U2.2300.Z01.E,M,U2,N,V,M20,X,1,U2,2300,Z01,E,1985-02,1696299.229828746,A,F,,,P1M,,E,,,,,,,,,2,,,"Monetary aggregate M2, Stocks","Euro area (changing composition), Outstanding amounts at the end of the period (stocks), MFIs, central government and post office giro institutions reporting sector - Monetary aggregate M2, All currencies combined - Euro area (changing composition) counterpart, Non-MFIs excluding central government sector, denominated in Euro, data Neither seasonally nor working day adjusted",EUR,6
BSI.M.U2.N.V.M20.X.1.U2.2300.Z01.E,M,U2,N,V,M20,X,1,U2,2300,Z01,E,1985-03,1700498.2542514636,A,F,,,P1M,,E,,,,,,,,,2,,,"Monetary aggregate M2, Stocks","Euro area (changing composition), Outstanding amounts at the end of the period (stocks), MFIs, central government and post office giro institutions reporting sector - Monetary aggregate M2, All currencies combined - Euro area (changing composition) counterpart, Non-MFIs excluding central government sector, denominated in Euro, data Neither seasonally nor working day adjusted",EUR,6
BSI.M.U2.N.V.M20.X.1.U2.2300.Z01.E,M,U2,N,V,M20,X,1,U2,2300,Z01,E,1985-04,1706597.1153836588,A,F,,,P1M,,E,,,,,,,,,2,,,"Monetary aggregate M2, Stocks","Euro area (changing composition), Outstanding amounts at the end of the period (stocks), MFIs, central government and post office giro institutions reporting sector - Monetary aggregate M2, All currencies combined - Euro area (changing composition) counterpart, Non-MFIs excluding central government sector, denominated in Euro, data Neither seasonally nor working day adjusted",EUR,6
BSI.M.U2.N.V.M20.X.1.U2.2300.Z01.E,M,U2,N,V,M20,X,1,U2,2300,Z01,E,1985-05,1703110.1732859975,A,F,,,P1M,,E,,,,,,,,,2,,,"Monetary aggregate M2, Stocks","Euro area (changing composition), Outstanding amounts at the end of the period (stocks), MFIs, central government and post office giro institutions reporting sector - Monetary aggregate M2, All currencies combined - Euro area (changing composition) counterpart, Non-MFIs excluding central government sector, denominated in Euro, data Neither seasonally nor working day adjusted",EUR,6
BSI.M.U2.N.V.M20.X.1.U2.2300.Z01.E,M,U2,N,V,M20,X,1,U2,2300,Z01,E,1985-06,1726676.0221692682,A,F,,,P1M,,E,,,,,,,,,2,,,"Monetary aggregate M2, Stocks","Euro area (changing composition), Outstanding amounts at the end of the period (stocks), MFIs, central government and post office giro institutions reporting sector - Monetary aggregate M2, All currencies combined - Euro area (changing composition) counterpart, Non-MFIs excluding central government sector, denominated in Euro, data Neither seasonally nor working day adjusted",EUR,6
BSI.M.U2.N.V.M20.X.1.U2.2300.Z01.E,M,U2,N,V,M20,X,1,U2,2300,Z01,E,1985-07,1729206.2404627148,A,F,,,P1M,,E,,,,,,,,,2,,,"Monetary aggregate M2, Stocks","Euro area (changing composition), Outstanding amounts at the end of the period (stocks), MFIs, central government and post office giro institutions reporting sector - Monetary aggregate M2, All currencies combined - Euro area (changing composition) counterpart, Non-MFIs excluding central government sector, denominated in Euro, data Neither seasonally nor working day adjusted",EUR,6
BSI.M.U2.N.V.M20.X.1.U2.2300.Z01.E,M,U2,N,V,M20,X,1,U2,2300,Z01,E,1985-08,1720281.2043651377,A,F,,,P1M,,E,,,,,,,,,2,,,"Monetary aggregate M2, Stocks","Euro area (changing composition), Outstanding amounts at the end of the period (stocks), MFIs, central government and post office giro institutions reporting sector - Monetary aggregate M2, All currencies combined - Euro area (changing composition) counterpart, Non-MFIs excluding central government sector, denominated in Euro, data Neither seasonally nor working day adjusted",EUR,6
BSI.M.U2.N.V.M20.X.1.U2.2300.Z01.E,M,U2,N,V,M20,X,1,U2,2300,Z01,E,1985-09,1737336.3609021483,A,F,,,P1M,,E,,,,,,,,,2,,,"Monetary aggregate M2, Stocks","Euro area (changing composition), Outstanding amounts at the end of the period (stocks), MFIs, central government and post office giro institutions reporting sector - Monetary aggregate M2, All currencies combined - Euro area (changing composition) counterpart, Non-MFIs excluding central government sector, denominated in Euro, data Neither seasonally nor working day adjusted",EUR,6
BSI.M.U2.N.V.M20.X.1.U2.2300.Z01.E,M,U2,N,V,M20,X,1,U2,2300,Z01,E,1985-10,1738990.4641131978,A,F,,,P1M,,E,,,,,,,,,2,,,"Monetary aggregate M2, Stocks","Euro area (changing composition), Outstanding amounts at the end of the period (stocks), MFIs, central government and post office giro institutions reporting sector - Monetary aggregate M2, All currencies combined - Euro area (changing composition) counterpart, Non-MFIs excluding central government sector, denominated in Euro, data Neither seasonally nor working day adjusted",EUR,6
BSI.M.U2.N.V.M20.X.1.U2.2300.Z01.E,M,U2,N,V,M20,X,1,U2,2300,Z01,E,1985-11,1750081.0976207925,A,F,,,P1M,,E,,,,,,,,,2,,,"Monetary aggregate M2, Stocks","Euro area (changing composition), Outstanding amounts at the end of the period (stocks), MFIs, central government and post office giro institutions reporting sector - Monetary aggregate M2, All currencies combined - Euro area (changing composition) counterpart, Non-MFIs excluding central government sector, denominated in Euro, data Neither seasonally nor working day adjusted",EUR,6
BSI.M.U2.N.V.M20.X.1.U2.2300.Z01.E,M,U2,N,V,M20,X,1,U2,2300,Z01,E,1985-12,1833588.7782266587,A,F,,,P1M,,E,,,,,,,,,2,,,"Monetary aggregate M2, Stocks","Euro area (changing composition), Outstanding amounts at the end of the period (stocks), MFIs, central government and post office giro institutions reporting sector - Monetary aggregate M2, All currencies combined - Euro area (changing composition) counterpart, Non-MFIs excluding central government sector, denominated in Euro, data Neither seasonally nor working day adjusted",EUR,6
BSI.M.U2.N.V.M20.X.1.U2.2300.Z01.E,M,U2,N,V,M20,X,1,U2,2300,Z01,E,1986-01,1805906.5638535637,A,F,,,P1M,,E,,,,,,,,,2,,,"Monetary aggregate M2, Stocks","Euro area (changing composition), Outstanding amounts at the end of the period (stocks), MFIs, central government and post office giro institutions reporting sector - Monetary aggregate M2, All currencies combined - Euro area (changing composition) counterpart, Non-MFIs excluding central government sector, denominated in Euro, data Neither seasonally nor working day adjusted",EUR,6
BSI.M.U2.N.V.M20.X.1.U2.2300.Z01.E,M,U2,N,V,M20,X,1,U2,2300,Z01,E,1986-02,1800064.779007197,A,F,,,P1M,,E,,,,,,,,,2,,,"Monetary aggregate M2, Stocks","Euro area (changing composition), Outstanding amounts at the end of the period (stocks), MFIs, central government and post office giro institutions reporting sector - Monetary aggregate M2, All currencies combined - Euro area (changing composition) counterpart, Non-MFIs excluding central government sector, denominated in Euro, data Neither seasonally nor working day adjusted",EUR,6
BSI.M.U2.N.V.M20.X.1.U2.2300.Z01.E,M,U2,N,V,M20,X,1,U2,2300,Z01,E,1986-03,1815498.7519089698,A,F,,,P1M,,E,,,,,,,,,2,,,"Monetary aggregate M2, Stocks","Euro area (changing composition), Outstanding amounts at the end of the period (stocks), MFIs, central government and post office giro institutions reporting sector - Monetary aggregate M2, All currencies combined - Euro area (changing composition) counterpart, Non-MFIs excluding central government sector, denominated in Euro, data Neither seasonally nor working day adjusted",EUR,6
BSI.M.U2.N.V.M20.X.1.U2.2300.Z01.E,M,U2,N,V,M20,X,1,U2,2300,Z01,E,1986-04,1810348.2983974672,A,F,,,P1M,,E,,,,,,,,,2,,,"Monetary aggregate M2, Stocks","Euro area (changing composition), Outstanding amounts at the end of the period (stocks), MFIs, central government and post office giro institutions reporting sector - Monetary aggregate M2, All currencies combined - Euro area (changing composition) counterpart, Non-MFIs excluding central government sector, denominated in Euro, data Neither seasonally nor working day adjusted",EUR,6
BSI.M.U2.N.V.M20.X.1.U2.2300.Z01.E,M,U2,N,V,M20,X,1,U2,2300,Z01,E,1986-05,1814400.7192157165,A,F,,,P1M,,E,,,,,,,,,2,,,"Monetary aggregate M2, Stocks","Euro area (changing composition), Outstanding amounts at the end of the period (stocks), MFIs, central government and post office giro institutions reporting sector - Monetary aggregate M2, All currencies combined - Euro area (changing composition) counterpart, Non-MFIs excluding central government sector, denominated in Euro, data Neither seasonally nor working day adjusted",EUR,6
BSI.M.U2.N.V.M20.X.1.U2.2300.Z01.E,M,U2,N,V,M20,X,1,U2,2300,Z01,E,1986-06,1836445.3555358064,A,F,,,P1M,,E,,,,,,,,,2,,,"Monetary aggregate M2, Stocks","Euro area (changing composition), Outstanding amounts at the end of the period (stocks), MFIs, central government and post office giro institutions reporting sector - Monetary aggregate M2, All currencies combined - Euro area (changing composition) counterpart, Non-MFIs excluding central government sector, denominated in Euro, data Neither seasonally nor working day adjusted",EUR,6
BSI.M.U2.N.V.M20.X.1.U2.2300.Z01.E,M,U2,N,V,M20,X,1,U2,2300,Z01,E,1986-07,1844953.7192170972,A,F,,,P1M,,E,,,,,,,,,2,,,"Monetary aggregate M2, Stocks","Euro area (changing composition), Outstanding amounts at the end of the period (stocks), MFIs, central government and post office giro institutions reporting sector - Monetary aggregate M2, All currencies combined - Euro area (changing composition) counterpart, Non-MFIs excluding central government sector, denominated in Euro, data Neither seasonally nor working day adjusted",EUR,6
BSI.M.U2.N.V.M20.X.1.U2.2300.Z01.E,M,U2,N,V,M20,X,1,U2,2300,Z01,E,1986-08,1845874.1634366433,A,F,,,P1M,,E,,,,,,,,,2,,,"Monetary aggregate M2, Stocks","Euro area (changing composition), Outstanding amounts at the end of the period (stocks), MFIs, central government and post office giro institutions reporting sector - Monetary aggregate M2, All currencies combined - Euro area (changing composition) counterpart, Non-MFIs excluding central government sector, denominated in Euro, data Neither seasonally nor working day adjusted",EUR,6
BSI.M.U2.N.V.M20.X.1.U2.2300.Z01.E,M,U2,N,V,M20,X,1,U2,2300,Z01,E,1986-09,1861343.6892392016,A,F,,,P1M,,E,,,,,,,,,2,,,"Monetary aggregate M2, Stocks","Euro area (changing composition), Outstanding amounts at the end of the period (stocks), MFIs, central government and post office giro institutions reporting sector - Monetary aggregate M2, All currencies combined - Euro area (changing composition) counterpart, Non-MFIs excluding central government sector, denominated in Euro, data Neither seasonally nor working day adjusted",EUR,6
BSI.M.U2.N.V.M20.X.1.U2.2300.Z01.E,M,U2,N,V,M20,X,1,U2,2300,Z01,E,1986-10,1868050.7325972025,A,F,,,P1M,,E,,,,,,,,,2,,,"Monetary aggregate M2, Stocks","Euro area (changing composition), Outstanding amounts at the end of the period (stocks), MFIs, central government and post office giro institutions reporting sector - Monetary aggregate M2, All currencies combined - Euro area (changing composition) counterpart, Non-MFIs excluding central government sector, denominated in Euro, data Neither seasonally nor working day adjusted",EUR,6
BSI.M.U2.N.V.M20.X.1.U2.2300.Z01.E,M,U2,N,V,M20,X,1,U2,2300,Z01,E,1986-11,1893613.5863417361,A,F,,,P1M,,E,,,,,,,,,2,,,"Monetary aggregate M2, Stocks","Euro area (changing composition), Outstanding amounts at the end of the period (stocks), MFIs, central government and post office giro institutions reporting sector - Monetary aggregate M2, All currencies combined - Euro area (changing composition) counterpart, Non-MFIs excluding central government sector, denominated in Euro, data Neither seasonally nor working day adjusted",EUR,6
BSI.M.U2.N.V.M20.X.1.U2.2300.Z01.E,M,U2,N,V,M20,X,1,U2,2300,Z01,E,1986-12,1955310.2379960318,A,F,,,P1M,,E,,,,,,,,,2,,,"Monetary aggregate M2, Stocks","Euro area (changing composition), Outstanding amounts at the end of the period (stocks), MFIs, central government and post office giro institutions reporting sector - Monetary aggregate M2, All currencies combined - Euro area (changing composition) counterpart, Non-MFIs excluding central government sector, denominated in Euro, data Neither seasonally nor working day adjusted",EUR,6
BSI.M.U2.N.V.M20.X.1.U2.2300.Z01.E,M,U2,N,V,M20,X,1,U2,2300,Z01,E,1987-01,1935950.8335091635,A,F,,,P1M,,E,,,,,,,,,2,,,"Monetary aggregate M2, Stocks","Euro area (changing composition), Outstanding amounts at the end of the period (stocks), MFIs, central government and post office giro institutions reporting sector - Monetary aggregate M2, All currencies combined - Euro area (changing composition) counterpart, Non-MFIs excluding central government sector, denominated in Euro, data Neither seasonally nor working day adjusted",EUR,6
BSI.M.U2.N.V.M20.X.1.U2.2300.Z01.E,M,U2,N,V,M20,X,1,U2,2300,Z01,E,1987-02,1928710.43851485,A,F,,,P1M,,E,,,,,,,,,2,,,"Monetary aggregate M2, Stocks","Euro area (changing composition), Outstanding amounts at the end of the period (stocks), MFIs, central government and post office giro institutions reporting sector - Monetary aggregate M2, All currencies combined - Euro area (changing composition) counterpart, Non-MFIs excluding central government sector, denominated in Euro, data Neither seasonally nor working day adjusted",EUR,6
BSI.M.U2.N.V.M20.X.1.U2.2300.Z01.E,M,U2,N,V,M20,X,1,U2,2300,Z01,E,1987-03,1934631.061053682,A,F,,,P1M,,E,,,,,,,,,2,,,"Monetary aggregate M2, Stocks","Euro area (changing composition), Outstanding amounts at the end of the period (stocks), MFIs, central government and post office giro institutions reporting sector - Monetary aggregate M2, All currencies combined - Euro area (changing composition) counterpart, Non-MFIs excluding central government sector, denominated in Euro, data Neither seasonally nor working day adjusted",EUR,6
BSI.M.U2.N.V.M20.X.1.U2.2300.Z01.E,M,U2,N,V,M20,X,1,U2,2300,Z01,E,1987-04,1945622.0064442107,A,F,,,P1M,,E,,,,,,,,,2,,,"Monetary aggregate M2, Stocks","Euro area (changing composition), Outstanding amounts at the end of the period (stocks), MFIs, central government and post office giro institutions reporting sector - Monetary aggregate M2, All currencies combined - Euro area (changing composition) counterpart, Non-MFIs excluding central government sector, denominated in Euro, data Neither seasonally nor working day adjusted",EUR,6
BSI.M.U2.N.V.M20.X.1.U2.2300.Z01.E,M,U2,N,V,M20,X,1,U2,2300,Z01,E,1987-05,1958132.6334332947,A,F,,,P1M,,E,,,,,,,,,2,,,"Monetary aggregate M2, Stocks","Euro area (changing composition), Outstanding amounts at the end of the period (stocks), MFIs, central government and post office giro institutions reporting sector - Monetary aggregate M2, All currencies combined - Euro area (changing composition) counterpart, Non-MFIs excluding central government sector, denominated in Euro, data Neither seasonally nor working day adjusted",EUR,6
BSI.M.U2.N.V.M20.X.1.U2.2300.Z01.E,M,U2,N,V,M20,X,1,U2,2300,Z01,E,1987-06,1978993.1762612516,A,F,,,P1M,,E,,,,,,,,,2,,,"Monetary aggregate M2, Stocks","Euro area (changing composition), Outstanding amounts at the end of the period (stocks), MFIs, central government and post office giro institutions reporting sector - Monetary aggregate M2, All currencies combined - Euro area (changing composition) counterpart, Non-MFIs excluding central government sector, denominated in Euro, data Neither seasonally nor working day adjusted",EUR,6
BSI.M.U2.N.V.M20.X.1.U2.2300.Z01.E,M,U2,N,V,M20,X,1,U2,2300,Z01,E,1987-07,1979140.6120060077,A,F,,,P1M,,E,,,,,,,,,2,,,"Monetary aggregate M2, Stocks","Euro area (changing composition), Outstanding amounts at the end of the period (stocks), MFIs, central government and post office giro institutions reporting sector - Monetary aggregate M2, All currencies combined - Euro area (changing composition) counterpart, Non-MFIs excluding central government sector, denominated in Euro, data Neither seasonally nor working day adjusted",EUR,6
BSI.M.U2.N.V.M20.X.1.U2.2300.Z01.E,M,U2,N,V,M20,X,1,U2,2300,Z01,E,1987-08,1977507.7098286361,A,F,,,P1M,,E,,,,,,,,,2,,,"Monetary aggregate M2, Stocks","Euro area (changing composition), Outstanding amounts at the end of the period (stocks), MFIs, central government and post office giro institutions reporting sector - Monetary aggregate M2, All currencies combined - Euro area (changing composition) counterpart, Non-MFIs excluding central government sector, denominated in Euro, data Neither seasonally nor working day adjusted",EUR,6
BSI.M.U2.N.V.M20.X.1.U2.2300.Z01.E,M,U2,N,V,M20,X,1,U2,2300,Z01,E,1987-09,1989847.7100809996,A,F,,,P1M,,E,,,,,,,,,2,,,"Monetary aggregate M2, Stocks","Euro area (changing composition), Outstanding amounts at the end of the period (stocks), MFIs, central government and post office giro institutions reporting sector - Monetary aggregate M2, All currencies combined - Euro area (changing composition) counterpart, Non-MFIs excluding central government sector, denominated in Euro, data Neither seasonally nor working day adjusted",EUR,6
BSI.M.U2.N.V.M20.X.1.U2.2300.Z01.E,M,U2,N,V,M20,X,1,U2,2300,Z01,E,1987-10,1998286.6309342103,A,F,,,P1M,,E,,,,,,,,,2,,,"Monetary aggregate M2, Stocks","Euro area (changing composition), Outstanding amounts at the end of the period (stocks), MFIs, central government and post office giro institutions reporting sector - Monetary aggregate M2, All currencies combined - Euro area (changing composition) counterpart, Non-MFIs excluding central government sector, denominated in Euro, data Neither seasonally nor working day adjusted",EUR,6
BSI.M.U2.N.V.M20.X.1.U2.2300.Z01.E,M,U2,N,V,M20,X,1,U2,2300,Z01,E,1987-11,2019572.9546082069,A,F,,,P1M,,E,,,,,,,,,2,,,"Monetary aggregate M2, Stocks","Euro area (changing composition), Outstanding amounts at the end of the period (stocks), MFIs, central government and post office giro institutions reporting sector - Monetary aggregate M2, All currencies combined - Euro area (changing composition) counterpart, Non-MFIs excluding central government sector, denominated in Euro, data Neither seasonally nor working day adjusted",EUR,6
BSI.M.U2.N.V.M20.X.1.U2.2300.Z01.E,M,U2,N,V,M20,X,1,U2,2300,Z01,E,1987-12,2080921.5603371104,A,F,,,P1M,,E,,,,,,,,,2,,,"Monetary aggregate M2, Stocks","Euro area (changing composition), Outstanding amounts at the end of the period (stocks), MFIs, central government and post office giro institutions reporting sector - Monetary aggregate M2, All currencies combined - Euro area (changing composition) counterpart, Non-MFIs excluding central government sector, denominated in Euro, data Neither seasonally nor working day adjusted",EUR,6
BSI.M.U2.N.V.M20.X.1.U2.2300.Z01.E,M,U2,N,V,M20,X,1,U2,2300,Z01,E,1988-01,2062080.0564546313,A,F,,,P1M,,E,,,,,,,,,2,,,"Monetary aggregate M2, Stocks","Euro area (changing composition), Outstanding amounts at the end of the period (stocks), MFIs, central government and post office giro institutions reporting sector - Monetary aggregate M2, All currencies combined - Euro area (changing composition) counterpart, Non-MFIs excluding central government sector, denominated in Euro, data Neither seasonally nor working day adjusted",EUR,6
BSI.M.U2.N.V.M20.X.1.U2.2300.Z01.E,M,U2,N,V,M20,X,1,U2,2300,Z01,E,1988-02,2051777.9262132123,A,F,,,P1M,,E,,,,,,,,,2,,,"Monetary aggregate M2, Stocks","Euro area (changing composition), Outstanding amounts at the end of the period (stocks), MFIs, central government and post office giro institutions reporting sector - Monetary aggregate M2, All currencies combined - Euro area (changing composition) counterpart, Non-MFIs excluding central government sector, denominated in Euro, data Neither seasonally nor working day adjusted",EUR,6
BSI.M.U2.N.V.M20.X.1.U2.2300.Z01.E,M,U2,N,V,M20,X,1,U2,2300,Z01,E,1988-03,2048098.0146552697,A,F,,,P1M,,E,,,,,,,,,2,,,"Monetary aggregate M2, Stocks","Euro area (changing composition), Outstanding amounts at the end of the period (stocks), MFIs, central government and post office giro institutions reporting sector - Monetary aggregate M2, All currencies combined - Euro area (changing composition) counterpart, Non-MFIs excluding central government sector, denominated in Euro, data Neither seasonally nor working day adjusted",EUR,6
BSI.M.U2.N.V.M20.X.1.U2.2300.Z01.E,M,U2,N,V,M20,X,1,U2,2300,Z01,E,1988-04,2067841.5065802734,A,F,,,P1M,,E,,,,,,,,,2,,,"Monetary aggregate M2, Stocks","Euro area (changing composition), Outstanding amounts at the end of the period (stocks), MFIs, central government and post office giro institutions reporting sector - Monetary aggregate M2, All currencies combined - Euro area (changing composition) counterpart, Non-MFIs excluding central government sector, denominated in Euro, data Neither seasonally nor working day adjusted",EUR,6
BSI.M.U2.N.V.M20.X.1.U2.2300.Z01.E,M,U2,N,V,M20,X,1,U2,2300,Z01,E,1988-05,2081419.2624552934,A,F,,,P1M,,E,,,,,,,,,2,,,"Monetary aggregate M2, Stocks","Euro area (changing composition), Outstanding amounts at the end of the period (stocks), MFIs, central government and post office giro institutions reporting sector - Monetary aggregate M2, All currencies combined - Euro area (changing composition) counterpart, Non-MFIs excluding central government sector, denominated in Euro, data Neither seasonally nor working day adjusted",EUR,6
BSI.M.U2.N.V.M20.X.1.U2.2300.Z01.E,M,U2,N,V,M20,X,1,U2,2300,Z01,E,1988-06,2102393.569475834,A,F,,,P1M,,E,,,,,,,,,2,,,"Monetary aggregate M2, Stocks","Euro area (changing composition), Outstanding amounts at the end of the period (stocks), MFIs, central government and post office giro institutions reporting sector - Monetary aggregate M2, All currencies combined - Euro area (changing composition) counterpart, Non-MFIs excluding central government sector, denominated in Euro, data Neither seasonally nor working day adjusted",EUR,6
BSI.M.U2.N.V.M20.X.1.U2.2300.Z01.E,M,U2,N,V,M20,X,1,U2,2300,Z01,E,1988-07,2121632.1871456066,A,F,,,P1M,,E,,,,,,,,,2,,,"Monetary aggregate M2, Stocks","Euro area (changing composition), Outstanding amounts at the end of the period (stocks), MFIs, central government and post office giro institutions reporting sector - Monetary aggregate M2, All currencies combined - Euro area (changing composition) counterpart, Non-MFIs excluding central government sector, denominated in Euro, data Neither seasonally nor working day adjusted",EUR,6
BSI.M.U2.N.V.M20.X.1.U2.2300.Z01.E,M,U2,N,V,M20,X,1,U2,2300,Z01,E,1988-08,2112573.6862543286,A,F,,,P1M,,E,,,,,,,,,2,,,"Monetary aggregate M2, Stocks","Euro area (changing composition), Outstanding amounts at the end of the period (stocks), MFIs, central government and post office giro institutions reporting sector - Monetary aggregate M2, All currencies combined - Euro area (changing composition) counterpart, Non-MFIs excluding central government sector, denominated in Euro, data Neither seasonally nor working day adjusted",EUR,6
BSI.M.U2.N.V.M20.X.1.U2.2300.Z01.E,M,U2,N,V,M20,X,1,U2,2300,Z01,E,1988-09,2119613.757932517,A,F,,,P1M,,E,,,,,,,,,2,,,"Monetary aggregate M2, Stocks","Euro area (changing composition), Outstanding amounts at the end of the period (stocks), MFIs, central government and post office giro institutions reporting sector - Monetary aggregate M2, All currencies combined - Euro area (changing composition) counterpart, Non-MFIs excluding central government sector, denominated in Euro, data Neither seasonally nor working day adjusted",EUR,6
BSI.M.U2.N.V.M20.X.1.U2.2300.Z01.E,M,U2,N,V,M20,X,1,U2,2300,Z01,E,1988-10,2140644.1272980487,A,F,,,P1M,,E,,,,,,,,,2,,,"Monetary aggregate M2, Stocks","Euro area (changing composition), Outstanding amounts at the end of the period (stocks), MFIs, central government and post office giro institutions reporting sector - Monetary aggregate M2, All currencies combined - Euro area (changing composition) counterpart, Non-MFIs excluding central government sector, denominated in Euro, data Neither seasonally nor working day adjusted",EUR,6
BSI.M.U2.N.V.M20.X.1.U2.2300.Z01.E,M,U2,N,V,M20,X,1,U2,2300,Z01,E,1988-11,2159819.0370494993,A,F,,,P1M,,E,,,,,,,,,2,,,"Monetary aggregate M2, Stocks","Euro area (changing composition), Outstanding amounts at the end of the period (stocks), MFIs, central government and post office giro institutions reporting sector - Monetary aggregate M2, All currencies combined - Euro area (changing composition) counterpart, Non-MFIs excluding central government sector, denominated in Euro, data Neither seasonally nor working day adjusted",EUR,6
BSI.M.U2.N.V.M20.X.1.U2.2300.Z01.E,M,U2,N,V,M20,X,1,U2,2300,Z01,E,1988-12,2232947.126766528,A,F,,,P1M,,E,,,,,,,,,2,,,"Monetary aggregate M2, Stocks","Euro area (changing composition), Outstanding amounts at the end of the period (stocks), MFIs, central government and post office giro institutions reporting sector - Monetary aggregate M2, All currencies combined - Euro area (changing composition) counterpart, Non-MFIs excluding central government sector, denominated in Euro, data Neither seasonally nor working day adjusted",EUR,6
BSI.M.U2.N.V.M20.X.1.U2.2300.Z01.E,M,U2,N,V,M20,X,1,U2,2300,Z01,E,1989-01,2206076.1265834803,A,F,,,P1M,,E,,,,,,,,,2,,,"Monetary aggregate M2, Stocks","Euro area (changing composition), Outstanding amounts at the end of the period (stocks), MFIs, central government and post office giro institutions reporting sector - Monetary aggregate M2, All currencies combined - Euro area (changing composition) counterpart, Non-MFIs excluding central government sector, denominated in Euro, data Neither seasonally nor working day adjusted",EUR,6
BSI.M.U2.N.V.M20.X.1.U2.2300.Z01.E,M,U2,N,V,M20,X,1,U2,2300,Z01,E,1989-02,2200475.166821835,A,F,,,P1M,,E,,,,,,,,,2,,,"Monetary aggregate M2, Stocks","Euro area (changing composition), Outstanding amounts at the end of the period (stocks), MFIs, central government and post office giro institutions reporting sector - Monetary aggregate M2, All currencies combined - Euro area (changing composition) counterpart, Non-MFIs excluding central government sector, denominated in Euro, data Neither seasonally nor working day adjusted",EUR,6
BSI.M.U2.N.V.M20.X.1.U2.2300.Z01.E,M,U2,N,V,M20,X,1,U2,2300,Z01,E,1989-03,2206061.0274864244,A,F,,,P1M,,E,,,,,,,,,2,,,"Monetary aggregate M2, Stocks","Euro area (changing composition), Outstanding amounts at the end of the period (stocks), MFIs, central government and post office giro institutions reporting sector - Monetary aggregate M2, All currencies combined - Euro area (changing composition) counterpart, Non-MFIs excluding central government sector, denominated in Euro, data Neither seasonally nor working day adjusted",EUR,6
BSI.M.U2.N.V.M20.X.1.U2.2300.Z01.E,M,U2,N,V,M20,X,1,U2,2300,Z01,E,1989-04,2223905.3304345994,A,F,,,P1M,,E,,,,,,,,,2,,,"Monetary aggregate M2, Stocks","Euro area (changing composition), Outstanding amounts at the end of the period (stocks), MFIs, central government and post office giro institutions reporting sector - Monetary aggregate M2, All currencies combined - Euro area (changing composition) counterpart, Non-MFIs excluding central government sector, denominated in Euro, data Neither seasonally nor working day adjusted",EUR,6
BSI.M.U2.N.V.M20.X.1.U2.2300.Z01.E,M,U2,N,V,M20,X,1,U2,2300,Z01,E,1989-05,2231284.3272326025,A,F,,,P1M,,E,,,,,,,,,2,,,"Monetary aggregate M2, Stocks","Euro area (changing composition), Outstanding amounts at the end of the period (stocks), MFIs, central government and post office giro institutions reporting sector - Monetary aggregate M2, All currencies combined - Euro area (changing composition) counterpart, Non-MFIs excluding central government sector, denominated in Euro, data Neither seasonally nor working day adjusted",EUR,6
BSI.M.U2.N.V.M20.X.1.U2.2300.Z01.E,M,U2,N,V,M20,X,1,U2,2300,Z01,E,1989-06,2259785.5323078255,A,F,,,P1M,,E,,,,,,,,,2,,,"Monetary aggregate M2, Stocks","Euro area (changing composition), Outstanding amounts at the end of the period (stocks), MFIs, central government and post office giro institutions reporting sector - Monetary aggregate M2, All currencies combined - Euro area (changing composition) counterpart, Non-MFIs excluding central government sector, denominated in Euro, data Neither seasonally nor working day adjusted",EUR,6
BSI.M.U2.N.V.M20.X.1.U2.2300.Z01.E,M,U2,N,V,M20,X,1,U2,2300,Z01,E,1989-07,2281876.922952713,A,F,,,P1M,,E,,,,,,,,,2,,,"Monetary aggregate M2, Stocks","Euro area (changing composition), Outstanding amounts at the end of the period (stocks), MFIs, central government and post office giro institutions reporting sector - Monetary aggregate M2, All currencies combined - Euro area (changing composition) counterpart, Non-MFIs excluding central government sector, denominated in Euro, data Neither seasonally nor working day adjusted",EUR,6
BSI.M.U2.N.V.M20.X.1.U2.2300.Z01.E,M,U2,N,V,M20,X,1,U2,2300,Z01,E,1989-08,2269839.7918295283,A,F,,,P1M,,E,,,,,,,,,2,,,"Monetary aggregate M2, Stocks","Euro area (changing composition), Outstanding amounts at the end of the period (stocks), MFIs, central government and post office giro institutions reporting sector - Monetary aggregate M2, All currencies combined - Euro area (changing composition) counterpart, Non-MFIs excluding central government sector, denominated in Euro, data Neither seasonally nor working day adjusted",EUR,6
BSI.M.U2.N.V.M20.X.1.U2.2300.Z01.E,M,U2,N,V,M20,X,1,U2,2300,Z01,E,1989-09,2286376.3067145767,A,F,,,P1M,,E,,,,,,,,,2,,,"Monetary aggregate M2, Stocks","Euro area (changing composition), Outstanding amounts at the end of the period (stocks), MFIs, central government and post office giro institutions reporting sector - Monetary aggregate M2, All currencies combined - Euro area (changing composition) counterpart, Non-MFIs excluding central government sector, denominated in Euro, data Neither seasonally nor working day adjusted",EUR,6
BSI.M.U2.N.V.M20.X.1.U2.2300.Z01.E,M,U2,N,V,M20,X,1,U2,2300,Z01,E,1989-10,2294256.9898142447,A,F,,,P1M,,E,,,,,,,,,2,,,"Monetary aggregate M2, Stocks","Euro area (changing composition), Outstanding amounts at the end of the period (stocks), MFIs, central government and post office giro institutions reporting sector - Monetary aggregate M2, All currencies combined - Euro area (changing composition) counterpart, Non-MFIs excluding central government sector, denominated in Euro, data Neither seasonally nor working day adjusted",EUR,6
BSI.M.U2.N.V.M20.X.1.U2.2300.Z01.E,M,U2,N,V,M20,X,1,U2,2300,Z01,E,1989-11,2316283.995406842,A,F,,,P1M,,E,,,,,,,,,2,,,"Monetary aggregate M2, Stocks","Euro area (changing composition), Outstanding amounts at the end of the period (stocks), MFIs, central government and post office giro institutions reporting sector - Monetary aggregate M2, All currencies combined - Euro area (changing composition) counterpart, Non-MFIs excluding central government sector, denominated in Euro, data Neither seasonally nor working day adjusted",EUR,6
BSI.M.U2.N.V.M20.X.1.U2.2300.Z01.E,M,U2,N,V,M20,X,1,U2,2300,Z01,E,1989-12,2419117.8507906497,A,F,,,P1M,,E,,,,,,,,,2,,,"Monetary aggregate M2, Stocks","Euro area (changing composition), Outstanding amounts at the end of the period (stocks), MFIs, central government and post office giro institutions reporting sector - Monetary aggregate M2, All currencies combined - Euro area (changing composition) counterpart, Non-MFIs excluding central government sector, denominated in Euro, data Neither seasonally nor working day adjusted",EUR,6
BSI.M.U2.N.V.M20.X.1.U2.2300.Z01.E,M,U2,N,V,M20,X,1,U2,2300,Z01,E,1990-01,2379739.193437652,A,F,,,P1M,,E,,,,,,,,,2,,,"Monetary aggregate M2, Stocks","Euro area (changing composition), Outstanding amounts at the end of the period (stocks), MFIs, central government and post office giro institutions reporting sector - Monetary aggregate M2, All currencies combined - Euro area (changing composition) counterpart, Non-MFIs excluding central government sector, denominated in Euro, data Neither seasonally nor working day adjusted",EUR,6
BSI.M.U2.N.V.M20.X.1.U2.2300.Z01.E,M,U2,N,V,M20,X,1,U2,2300,Z01,E,1990-02,2370042.8805054487,A,F,,,P1M,,E,,,,,,,,,2,,,"Monetary aggregate M2, Stocks","Euro area (changing composition), Outstanding amounts at the end of the period (stocks), MFIs, central government and post office giro institutions reporting sector - Monetary aggregate M2, All currencies combined - Euro area (changing composition) counterpart, Non-MFIs excluding central government sector, denominated in Euro, data Neither seasonally nor working day adjusted",EUR,6
BSI.M.U2.N.V.M20.X.1.U2.2300.Z01.E,M,U2,N,V,M20,X,1,U2,2300,Z01,E,1990-03,2359966.1943126586,A,F,,,P1M,,E,,,,,,,,,2,,,"Monetary aggregate M2, Stocks","Euro area (changing composition), Outstanding amounts at the end of the period (stocks), MFIs, central government and post office giro institutions reporting sector - Monetary aggregate M2, All currencies combined - Euro area (changing composition) counterpart, Non-MFIs excluding central government sector, denominated in Euro, data Neither seasonally nor working day adjusted",EUR,6
BSI.M.U2.N.V.M20.X.1.U2.2300.Z01.E,M,U2,N,V,M20,X,1,U2,2300,Z01,E,1990-04,2376184.2198825423,A,F,,,P1M,,E,,,,,,,,,2,,,"Monetary aggregate M2, Stocks","Euro area (changing composition), Outstanding amounts at the end of the period (stocks), MFIs, central government and post office giro institutions reporting sector - Monetary aggregate M2, All currencies combined - Euro area (changing composition) counterpart, Non-MFIs excluding central government sector, denominated in Euro, data Neither seasonally nor working day adjusted",EUR,6
BSI.M.U2.N.V.M20.X.1.U2.2300.Z01.E,M,U2,N,V,M20,X,1,U2,2300,Z01,E,1990-05,2375963.507291494,A,F,,,P1M,,E,,,,,,,,,2,,,"Monetary aggregate M2, Stocks","Euro area (changing composition), Outstanding amounts at the end of the period (stocks), MFIs, central government and post office giro institutions reporting sector - Monetary aggregate M2, All currencies combined - Euro area (changing composition) counterpart, Non-MFIs excluding central government sector, denominated in Euro, data Neither seasonally nor working day adjusted",EUR,6
BSI.M.U2.N.V.M20.X.1.U2.2300.Z01.E,M,U2,N,V,M20,X,1,U2,2300,Z01,E,1990-06,2496899.6923754485,A,F,,,P1M,,E,,,,,,,,,2,,,"Monetary aggregate M2, Stocks","Euro area (changing composition), Outstanding amounts at the end of the period (stocks), MFIs, central government and post office giro institutions reporting sector - Monetary aggregate M2, All currencies combined - Euro area (changing composition) counterpart, Non-MFIs excluding central government sector, denominated in Euro, data Neither seasonally nor working day adjusted",EUR,6
BSI.M.U2.N.V.M20.X.1.U2.2300.Z01.E,M,U2,N,V,M20,X,1,U2,2300,Z01,E,1990-07,2504398.990855655,A,F,,,P1M,,E,,,,,,,,,2,,,"Monetary aggregate M2, Stocks","Euro area (changing composition), Outstanding amounts at the end of the period (stocks), MFIs, central government and post office giro institutions reporting sector - Monetary aggregate M2, All currencies combined - Euro area (changing composition) counterpart, Non-MFIs excluding central government sector, denominated in Euro, data Neither seasonally nor working day adjusted",EUR,6
BSI.M.U2.N.V.M20.X.1.U2.2300.Z01.E,M,U2,N,V,M20,X,1,U2,2300,Z01,E,1990-08,2490323.9065528954,A,F,,,P1M,,E,,,,,,,,,2,,,"Monetary aggregate M2, Stocks","Euro area (changing composition), Outstanding amounts at the end of the period (stocks), MFIs, central government and post office giro institutions reporting sector - Monetary aggregate M2, All currencies combined - Euro area (changing composition) counterpart, Non-MFIs excluding central government sector, denominated in Euro, data Neither seasonally nor working day adjusted",EUR,6
BSI.M.U2.N.V.M20.X.1.U2.2300.Z01.E,M,U2,N,V,M20,X,1,U2,2300,Z01,E,1990-09,2528300.995041205,A,F,,,P1M,,E,,,,,,,,,2,,,"Monetary aggregate M2, Stocks","Euro area (changing composition), Outstanding amounts at the end of the period (stocks), MFIs, central government and post office giro institutions reporting sector - Monetary aggregate M2, All currencies combined - Euro area (changing composition) counterpart, Non-MFIs excluding central government sector, denominated in Euro, data Neither seasonally nor working day adjusted",EUR,6
BSI.M.U2.N.V.M20.X.1.U2.2300.Z01.E,M,U2,N,V,M20,X,1,U2,2300,Z01,E,1990-10,2525948.555142057,A,F,,,P1M,,E,,,,,,,,,2,,,"Monetary aggregate M2, Stocks","Euro area (changing composition), Outstanding amounts at the end of the period (stocks), MFIs, central government and post office giro institutions reporting sector - Monetary aggregate M2, All currencies combined - Euro area (changing composition) counterpart, Non-MFIs excluding central government sector, denominated in Euro, data Neither seasonally nor working day adjusted",EUR,6
BSI.M.U2.N.V.M20.X.1.U2.2300.Z01.E,M,U2,N,V,M20,X,1,U2,2300,Z01,E,1990-11,2542044.2756210016,A,F,,,P1M,,E,,,,,,,,,2,,,"Monetary aggregate M2, Stocks","Euro area (changing composition), Outstanding amounts at the end of the period (stocks), MFIs, central government and post office giro institutions reporting sector - Monetary aggregate M2, All currencies combined - Euro area (changing composition) counterpart, Non-MFIs excluding central government sector, denominated in Euro, data Neither seasonally nor working day adjusted",EUR,6
BSI.M.U2.N.V.M20.X.1.U2.2300.Z01.E,M,U2,N,V,M20,X,1,U2,2300,Z01,E,1990-12,2658683.32710874,A,F,,,P1M,,E,,,,,,,,,2,,,"Monetary aggregate M2, Stocks","Euro area (changing composition), Outstanding amounts at the end of the period (stocks), MFIs, central government and post office giro institutions reporting sector - Monetary aggregate M2, All currencies combined - Euro area (changing composition) counterpart, Non-MFIs excluding central government sector, denominated in Euro, data Neither seasonally nor working day adjusted",EUR,6
BSI.M.U2.N.V.M20.X.1.U2.2300.Z01.E,M,U2,N,V,M20,X,1,U2,2300,Z01,E,1991-01,2600175.9105105503,A,F,,,P1M,,E,,,,,,,,,2,,,"Monetary aggregate M2, Stocks","Euro area (changing composition), Outstanding amounts at the end of the period (stocks), MFIs, central government and post office giro institutions reporting sector - Monetary aggregate M2, All currencies combined - Euro area (changing composition) counterpart, Non-MFIs excluding central government sector, denominated in Euro, data Neither seasonally nor working day adjusted",EUR,6
BSI.M.U2.N.V.M20.X.1.U2.2300.Z01.E,M,U2,N,V,M20,X,1,U2,2300,Z01,E,1991-02,2599247.7653885647,A,F,,,P1M,,E,,,,,,,,,2,,,"Monetary aggregate M2, Stocks","Euro area (changing composition), Outstanding amounts at the end of the period (stocks), MFIs, central government and post office giro institutions reporting sector - Monetary aggregate M2, All currencies combined - Euro area (changing composition) counterpart, Non-MFIs excluding central government sector, denominated in Euro, data Neither seasonally nor working day adjusted",EUR,6
BSI.M.U2.N.V.M20.X.1.U2.2300.Z01.E,M,U2,N,V,M20,X,1,U2,2300,Z01,E,1991-03,2600459.5928447186,A,F,,,P1M,,E,,,,,,,,,2,,,"Monetary aggregate M2, Stocks","Euro area (changing composition), Outstanding amounts at the end of the period (stocks), MFIs, central government and post office giro institutions reporting sector - Monetary aggregate M2, All currencies combined - Euro area (changing composition) counterpart, Non-MFIs excluding central government sector, denominated in Euro, data Neither seasonally nor working day adjusted",EUR,6
BSI.M.U2.N.V.M20.X.1.U2.2300.Z01.E,M,U2,N,V,M20,X,1,U2,2300,Z01,E,1991-04,2612111.6027099555,A,F,,,P1M,,E,,,,,,,,,2,,,"Monetary aggregate M2, Stocks","Euro area (changing composition), Outstanding amounts at the end of the period (stocks), MFIs, central government and post office giro institutions reporting sector - Monetary aggregate M2, All currencies combined - Euro area (changing composition) counterpart, Non-MFIs excluding central government sector, denominated in Euro, data Neither seasonally nor working day adjusted",EUR,6
BSI.M.U2.N.V.M20.X.1.U2.2300.Z01.E,M,U2,N,V,M20,X,1,U2,2300,Z01,E,1991-05,2613692.105080427,A,F,,,P1M,,E,,,,,,,,,2,,,"Monetary aggregate M2, Stocks","Euro area (changing composition), Outstanding amounts at the end of the period (stocks), MFIs, central government and post office giro institutions reporting sector - Monetary aggregate M2, All currencies combined - Euro area (changing composition) counterpart, Non-MFIs excluding central government sector, denominated in Euro, data Neither seasonally nor working day adjusted",EUR,6
BSI.M.U2.N.V.M20.X.1.U2.2300.Z01.E,M,U2,N,V,M20,X,1,U2,2300,Z01,E,1991-06,2651888.309431521,A,F,,,P1M,,E,,,,,,,,,2,,,"Monetary aggregate M2, Stocks","Euro area (changing composition), Outstanding amounts at the end of the period (stocks), MFIs, central government and post office giro institutions reporting sector - Monetary aggregate M2, All currencies combined - Euro area (changing composition) counterpart, Non-MFIs excluding central government sector, denominated in Euro, data Neither seasonally nor working day adjusted",EUR,6
BSI.M.U2.N.V.M20.X.1.U2.2300.Z01.E,M,U2,N,V,M20,X,1,U2,2300,Z01,E,1991-07,2645258.2011667653,A,F,,,P1M,,E,,,,,,,,,2,,,"Monetary aggregate M2, Stocks","Euro area (changing composition), Outstanding amounts at the end of the period (stocks), MFIs, central government and post office giro institutions reporting sector - Monetary aggregate M2, All currencies combined - Euro area (changing composition) counterpart, Non-MFIs excluding central government sector, denominated in Euro, data Neither seasonally nor working day adjusted",EUR,6
BSI.M.U2.N.V.M20.X.1.U2.2300.Z01.E,M,U2,N,V,M20,X,1,U2,2300,Z01,E,1991-08,2637304.193864667,A,F,,,P1M,,E,,,,,,,,,2,,,"Monetary aggregate M2, Stocks","Euro area (changing composition), Outstanding amounts at the end of the period (stocks), MFIs, central government and post office giro institutions reporting sector - Monetary aggregate M2, All currencies combined - Euro area (changing composition) counterpart, Non-MFIs excluding central government sector, denominated in Euro, data Neither seasonally nor working day adjusted",EUR,6
BSI.M.U2.N.V.M20.X.1.U2.2300.Z01.E,M,U2,N,V,M20,X,1,U2,2300,Z01,E,1991-09,2657215.1958791814,A,F,,,P1M,,E,,,,,,,,,2,,,"Monetary aggregate M2, Stocks","Euro area (changing composition), Outstanding amounts at the end of the period (stocks), MFIs, central government and post office giro institutions reporting sector - Monetary aggregate M2, All currencies combined - Euro area (changing composition) counterpart, Non-MFIs excluding central government sector, denominated in Euro, data Neither seasonally nor working day adjusted",EUR,6
BSI.M.U2.N.V.M20.X.1.U2.2300.Z01.E,M,U2,N,V,M20,X,1,U2,2300,Z01,E,1991-10,2656288.288702531,A,F,,,P1M,,E,,,,,,,,,2,,,"Monetary aggregate M2, Stocks","Euro area (changing composition), Outstanding amounts at the end of the period (stocks), MFIs, central government and post office giro institutions reporting sector - Monetary aggregate M2, All currencies combined - Euro area (changing composition) counterpart, Non-MFIs excluding central government sector, denominated in Euro, data Neither seasonally nor working day adjusted",EUR,6
BSI.M.U2.N.V.M20.X.1.U2.2300.Z01.E,M,U2,N,V,M20,X,1,U2,2300,Z01,E,1991-11,2689380.396063063,A,F,,,P1M,,E,,,,,,,,,2,,,"Monetary aggregate M2, Stocks","Euro area (changing composition), Outstanding amounts at the end of the period (stocks), MFIs, central government and post office giro institutions reporting sector - Monetary aggregate M2, All currencies combined - Euro area (changing composition) counterpart, Non-MFIs excluding central government sector, denominated in Euro, data Neither seasonally nor working day adjusted",EUR,6
BSI.M.U2.N.V.M20.X.1.U2.2300.Z01.E,M,U2,N,V,M20,X,1,U2,2300,Z01,E,1991-12,2808375.747110761,A,F,,,P1M,,E,,,,,,,,,2,,,"Monetary aggregate M2, Stocks","Euro area (changing composition), Outstanding amounts at the end of the period (stocks), MFIs, central government and post office giro institutions reporting sector - Monetary aggregate M2, All currencies combined - Euro area (changing composition) counterpart, Non-MFIs excluding central government sector, denominated in Euro, data Neither seasonally nor working day adjusted",EUR,6
BSI.M.U2.N.V.M20.X.1.U2.2300.Z01.E,M,U2,N,V,M20,X,1,U2,2300,Z01,E,1992-01,2735279.5122207813,A,F,,,P1M,,E,,,,,,,,,2,,,"Monetary aggregate M2, Stocks","Euro area (changing composition), Outstanding amounts at the end of the period (stocks), MFIs, central government and post office giro institutions reporting sector - Monetary aggregate M2, All currencies combined - Euro area (changing composition) counterpart, Non-MFIs excluding central government sector, denominated in Euro, data Neither seasonally nor working day adjusted",EUR,6
BSI.M.U2.N.V.M20.X.1.U2.2300.Z01.E,M,U2,N,V,M20,X,1,U2,2300,Z01,E,1992-02,2729984.169732808,A,F,,,P1M,,E,,,,,,,,,2,,,"Monetary aggregate M2, Stocks","Euro area (changing composition), Outstanding amounts at the end of the period (stocks), MFIs, central government and post office giro institutions reporting sector - Monetary aggregate M2, All currencies combined - Euro area (changing composition) counterpart, Non-MFIs excluding central government sector, denominated in Euro, data Neither seasonally nor working day adjusted",EUR,6
BSI.M.U2.N.V.M20.X.1.U2.2300.Z01.E,M,U2,N,V,M20,X,1,U2,2300,Z01,E,1992-03,2742354.306655116,A,F,,,P1M,,E,,,,,,,,,2,,,"Monetary aggregate M2, Stocks","Euro area (changing composition), Outstanding amounts at the end of the period (stocks), MFIs, central government and post office giro institutions reporting sector - Monetary aggregate M2, All currencies combined - Euro area (changing composition) counterpart, Non-MFIs excluding central government sector, denominated in Euro, data Neither seasonally nor working day adjusted",EUR,6
BSI.M.U2.N.V.M20.X.1.U2.2300.Z01.E,M,U2,N,V,M20,X,1,U2,2300,Z01,E,1992-04,2761474.2253845143,A,F,,,P1M,,E,,,,,,,,,2,,,"Monetary aggregate M2, Stocks","Euro area (changing composition), Outstanding amounts at the end of the period (stocks), MFIs, central government and post office giro institutions reporting sector - Monetary aggregate M2, All currencies combined - Euro area (changing composition) counterpart, Non-MFIs excluding central government sector, denominated in Euro, data Neither seasonally nor working day adjusted",EUR,6
BSI.M.U2.N.V.M20.X.1.U2.2300.Z01.E,M,U2,N,V,M20,X,1,U2,2300,Z01,E,1992-05,2774682.20910259,A,F,,,P1M,,E,,,,,,,,,2,,,"Monetary aggregate M2, Stocks","Euro area (changing composition), Outstanding amounts at the end of the period (stocks), MFIs, central government and post office giro institutions reporting sector - Monetary aggregate M2, All currencies combined - Euro area (changing composition) counterpart, Non-MFIs excluding central government sector, denominated in Euro, data Neither seasonally nor working day adjusted",EUR,6
BSI.M.U2.N.V.M20.X.1.U2.2300.Z01.E,M,U2,N,V,M20,X,1,U2,2300,Z01,E,1992-06,2789467.190251282,A,F,,,P1M,,E,,,,,,,,,2,,,"Monetary aggregate M2, Stocks","Euro area (changing composition), Outstanding amounts at the end of the period (stocks), MFIs, central government and post office giro institutions reporting sector - Monetary aggregate M2, All currencies combined - Euro area (changing composition) counterpart, Non-MFIs excluding central government sector, denominated in Euro, data Neither seasonally nor working day adjusted",EUR,6
BSI.M.U2.N.V.M20.X.1.U2.2300.Z01.E,M,U2,N,V,M20,X,1,U2,2300,Z01,E,1992-07,2781924.058366327,A,F,,,P1M,,E,,,,,,,,,2,,,"Monetary aggregate M2, Stocks","Euro area (changing composition), Outstanding amounts at the end of the period (stocks), MFIs, central government and post office giro institutions reporting sector - Monetary aggregate M2, All currencies combined - Euro area (changing composition) counterpart, Non-MFIs excluding central government sector, denominated in Euro, data Neither seasonally nor working day adjusted",EUR,6
BSI.M.U2.N.V.M20.X.1.U2.2300.Z01.E,M,U2,N,V,M20,X,1,U2,2300,Z01,E,1992-08,2778097.1687532244,A,F,,,P1M,,E,,,,,,,,,2,,,"Monetary aggregate M2, Stocks","Euro area (changing composition), Outstanding amounts at the end of the period (stocks), MFIs, central government and post office giro institutions reporting sector - Monetary aggregate M2, All currencies combined - Euro area (changing composition) counterpart, Non-MFIs excluding central government sector, denominated in Euro, data Neither seasonally nor working day adjusted",EUR,6
BSI.M.U2.N.V.M20.X.1.U2.2300.Z01.E,M,U2,N,V,M20,X,1,U2,2300,Z01,E,1992-09,2814038.0852693203,A,F,,,P1M,,E,,,,,,,,,2,,,"Monetary aggregate M2, Stocks","Euro area (changing composition), Outstanding amounts at the end of the period (stocks), MFIs, central government and post office giro institutions reporting sector - Monetary aggregate M2, All currencies combined - Euro area (changing composition) counterpart, Non-MFIs excluding central government sector, denominated in Euro, data Neither seasonally nor working day adjusted",EUR,6
BSI.M.U2.N.V.M20.X.1.U2.2300.Z01.E,M,U2,N,V,M20,X,1,U2,2300,Z01,E,1992-10,2812531.048821099,A,F,,,P1M,,E,,,,,,,,,2,,,"Monetary aggregate M2, Stocks","Euro area (changing composition), Outstanding amounts at the end of the period (stocks), MFIs, central government and post office giro institutions reporting sector - Monetary aggregate M2, All currencies combined - Euro area (changing composition) counterpart, Non-MFIs excluding central government sector, denominated in Euro, data Neither seasonally nor working day adjusted",EUR,6
BSI.M.U2.N.V.M20.X.1.U2.2300.Z01.E,M,U2,N,V,M20,X,1,U2,2300,Z01,E,1992-11,2847433.283825825,A,F,,,P1M,,E,,,,,,,,,2,,,"Monetary aggregate M2, Stocks","Euro area (changing composition), Outstanding amounts at the end of the period (stocks), MFIs, central government and post office giro institutions reporting sector - Monetary aggregate M2, All currencies combined - Euro area (changing composition) counterpart, Non-MFIs excluding central government sector, denominated in Euro, data Neither seasonally nor working day adjusted",EUR,6
BSI.M.U2.N.V.M20.X.1.U2.2300.Z01.E,M,U2,N,V,M20,X,1,U2,2300,Z01,E,1992-12,2939887.5252752923,A,F,,,P1M,,E,,,,,,,,,2,,,"Monetary aggregate M2, Stocks","Euro area (changing composition), Outstanding amounts at the end of the period (stocks), MFIs, central government and post office giro institutions reporting sector - Monetary aggregate M2, All currencies combined - Euro area (changing composition) counterpart, Non-MFIs excluding central government sector, denominated in Euro, data Neither seasonally nor working day adjusted",EUR,6
BSI.M.U2.N.V.M20.X.1.U2.2300.Z01.E,M,U2,N,V,M20,X,1,U2,2300,Z01,E,1993-01,2882794.8660815638,A,F,,,P1M,,E,,,,,,,,,2,,,"Monetary aggregate M2, Stocks","Euro area (changing composition), Outstanding amounts at the end of the period (stocks), MFIs, central government and post office giro institutions reporting sector - Monetary aggregate M2, All currencies combined - Euro area (changing composition) counterpart, Non-MFIs excluding central government sector, denominated in Euro, data Neither seasonally nor working day adjusted",EUR,6
BSI.M.U2.N.V.M20.X.1.U2.2300.Z01.E,M,U2,N,V,M20,X,1,U2,2300,Z01,E,1993-02,2879792.357580731,A,F,,,P1M,,E,,,,,,,,,2,,,"Monetary aggregate M2, Stocks","Euro area (changing composition), Outstanding amounts at the end of the period (stocks), MFIs, central government and post office giro institutions reporting sector - Monetary aggregate M2, All currencies combined - Euro area (changing composition) counterpart, Non-MFIs excluding central government sector, denominated in Euro, data Neither seasonally nor working day adjusted",EUR,6
BSI.M.U2.N.V.M20.X.1.U2.2300.Z01.E,M,U2,N,V,M20,X,1,U2,2300,Z01,E,1993-03,2902893.8745437274,A,F,,,P1M,,E,,,,,,,,,2,,,"Monetary aggregate M2, Stocks","Euro area (changing composition), Outstanding amounts at the end of the period (stocks), MFIs, central government and post office giro institutions reporting sector - Monetary aggregate M2, All currencies combined - Euro area (changing composition) counterpart, Non-MFIs excluding central government sector, denominated in Euro, data Neither seasonally nor working day adjusted",EUR,6
BSI.M.U2.N.V.M20.X.1.U2.2300.Z01.E,M,U2,N,V,M20,X,1,U2,2300,Z01,E,1993-04,2913546.2804563963,A,F,,,P1M,,E,,,,,,,,,2,,,"Monetary aggregate M2, Stocks","Euro area (changing composition), Outstanding amounts at the end of the period (stocks), MFIs, central government and post office giro institutions reporting sector - Monetary aggregate M2, All currencies combined - Euro area (changing composition) counterpart, Non-MFIs excluding central government sector, denominated in Euro, data Neither seasonally nor working day adjusted",EUR,6
BSI.M.U2.N.V.M20.X.1.U2.2300.Z01.E,M,U2,N,V,M20,X,1,U2,2300,Z01,E,1993-05,2933358.8528662724,A,F,,,P1M,,E,,,,,,,,,2,,,"Monetary aggregate M2, Stocks","Euro area (changing composition), Outstanding amounts at the end of the period (stocks), MFIs, central government and post office giro institutions reporting sector - Monetary aggregate M2, All currencies combined - Euro area (changing composition) counterpart, Non-MFIs excluding central government sector, denominated in Euro, data Neither seasonally nor working day adjusted",EUR,6
BSI.M.U2.N.V.M20.X.1.U2.2300.Z01.E,M,U2,N,V,M20,X,1,U2,2300,Z01,E,1993-06,2955815.519188236,A,F,,,P1M,,E,,,,,,,,,2,,,"Monetary aggregate M2, Stocks","Euro area (changing composition), Outstanding amounts at the end of the period (stocks), MFIs, central government and post office giro institutions reporting sector - Monetary aggregate M2, All currencies combined - Euro area (changing composition) counterpart, Non-MFIs excluding central government sector, denominated in Euro, data Neither seasonally nor working day adjusted",EUR,6
BSI.M.U2.N.V.M20.X.1.U2.2300.Z01.E,M,U2,N,V,M20,X,1,U2,2300,Z01,E,1993-07,2953701.1296867607,A,F,,,P1M,,E,,,,,,,,,2,,,"Monetary aggregate M2, Stocks","Euro area (changing composition), Outstanding amounts at the end of the period (stocks), MFIs, central government and post office giro institutions reporting sector - Monetary aggregate M2, All currencies combined - Euro area (changing composition) counterpart, Non-MFIs excluding central government sector, denominated in Euro, data Neither seasonally nor working day adjusted",EUR,6
BSI.M.U2.N.V.M20.X.1.U2.2300.Z01.E,M,U2,N,V,M20,X,1,U2,2300,Z01,E,1993-08,2948714.4860746544,A,F,,,P1M,,E,,,,,,,,,2,,,"Monetary aggregate M2, Stocks","Euro area (changing composition), Outstanding amounts at the end of the period (stocks), MFIs, central government and post office giro institutions reporting sector - Monetary aggregate M2, All currencies combined - Euro area (changing composition) counterpart, Non-MFIs excluding central government sector, denominated in Euro, data Neither seasonally nor working day adjusted",EUR,6
BSI.M.U2.N.V.M20.X.1.U2.2300.Z01.E,M,U2,N,V,M20,X,1,U2,2300,Z01,E,1993-09,2966997.0748267765,A,F,,,P1M,,E,,,,,,,,,2,,,"Monetary aggregate M2, Stocks","Euro area (changing composition), Outstanding amounts at the end of the period (stocks), MFIs, central government and post office giro institutions reporting sector - Monetary aggregate M2, All currencies combined - Euro area (changing composition) counterpart, Non-MFIs excluding central government sector, denominated in Euro, data Neither seasonally nor working day adjusted",EUR,6
BSI.M.U2.N.V.M20.X.1.U2.2300.Z01.E,M,U2,N,V,M20,X,1,U2,2300,Z01,E,1993-10,2987300.2611944666,A,F,,,P1M,,E,,,,,,,,,2,,,"Monetary aggregate M2, Stocks","Euro area (changing composition), Outstanding amounts at the end of the period (stocks), MFIs, central government and post office giro institutions reporting sector - Monetary aggregate M2, All currencies combined - Euro area (changing composition) counterpart, Non-MFIs excluding central government sector, denominated in Euro, data Neither seasonally nor working day adjusted",EUR,6
BSI.M.U2.N.V.M20.X.1.U2.2300.Z01.E,M,U2,N,V,M20,X,1,U2,2300,Z01,E,1993-11,3020873.6949064997,A,F,,,P1M,,E,,,,,,,,,2,,,"Monetary aggregate M2, Stocks","Euro area (changing composition), Outstanding amounts at the end of the period (stocks), MFIs, central government and post office giro institutions reporting sector - Monetary aggregate M2, All currencies combined - Euro area (changing composition) counterpart, Non-MFIs excluding central government sector, denominated in Euro, data Neither seasonally nor working day adjusted",EUR,6
BSI.M.U2.N.V.M20.X.1.U2.2300.Z01.E,M,U2,N,V,M20,X,1,U2,2300,Z01,E,1993-12,3150266.406224629,A,F,,,P1M,,E,,,,,,,,,2,,,"Monetary aggregate M2, Stocks","Euro area (changing composition), Outstanding amounts at the end of the period (stocks), MFIs, central government and post office giro institutions reporting sector - Monetary aggregate M2, All currencies combined - Euro area (changing composition) counterpart, Non-MFIs excluding central government sector, denominated in Euro, data Neither seasonally nor working day adjusted",EUR,6
BSI.M.U2.N.V.M20.X.1.U2.2300.Z01.E,M,U2,N,V,M20,X,1,U2,2300,Z01,E,1994-01,3105702.528594867,A,F,,,P1M,,E,,,,,,,,,2,,,"Monetary aggregate M2, Stocks","Euro area (changing composition), Outstanding amounts at the end of the period (stocks), MFIs, central government and post office giro institutions reporting sector - Monetary aggregate M2, All currencies combined - Euro area (changing composition) counterpart, Non-MFIs excluding central government sector, denominated in Euro, data Neither seasonally nor working day adjusted",EUR,6
BSI.M.U2.N.V.M20.X.1.U2.2300.Z01.E,M,U2,N,V,M20,X,1,U2,2300,Z01,E,1994-02,3102599.649386983,A,F,,,P1M,,E,,,,,,,,,2,,,"Monetary aggregate M2, Stocks","Euro area (changing composition), Outstanding amounts at the end of the period (stocks), MFIs, central government and post office giro institutions reporting sector - Monetary aggregate M2, All currencies combined - Euro area (changing composition) counterpart, Non-MFIs excluding central government sector, denominated in Euro, data Neither seasonally nor working day adjusted",EUR,6
BSI.M.U2.N.V.M20.X.1.U2.2300.Z01.E,M,U2,N,V,M20,X,1,U2,2300,Z01,E,1994-03,3126995.884948408,A,F,,,P1M,,E,,,,,,,,,2,,,"Monetary aggregate M2, Stocks","Euro area (changing composition), Outstanding amounts at the end of the period (stocks), MFIs, central government and post office giro institutions reporting sector - Monetary aggregate M2, All currencies combined - Euro area (changing composition) counterpart, Non-MFIs excluding central government sector, denominated in Euro, data Neither seasonally nor working day adjusted",EUR,6
BSI.M.U2.N.V.M20.X.1.U2.2300.Z01.E,M,U2,N,V,M20,X,1,U2,2300,Z01,E,1994-04,3133737.1388871907,A,F,,,P1M,,E,,,,,,,,,2,,,"Monetary aggregate M2, Stocks","Euro area (changing composition), Outstanding amounts at the end of the period (stocks), MFIs, central government and post office giro institutions reporting sector - Monetary aggregate M2, All currencies combined - Euro area (changing composition) counterpart, Non-MFIs excluding central government sector, denominated in Euro, data Neither seasonally nor working day adjusted",EUR,6
BSI.M.U2.N.V.M20.X.1.U2.2300.Z01.E,M,U2,N,V,M20,X,1,U2,2300,Z01,E,1994-05,3129449.71988898,A,F,,,P1M,,E,,,,,,,,,2,,,"Monetary aggregate M2, Stocks","Euro area (changing composition), Outstanding amounts at the end of the period (stocks), MFIs, central government and post office giro institutions reporting sector - Monetary aggregate M2, All currencies combined - Euro area (changing composition) counterpart, Non-MFIs excluding central government sector, denominated in Euro, data Neither seasonally nor working day adjusted",EUR,6
BSI.M.U2.N.V.M20.X.1.U2.2300.Z01.E,M,U2,N,V,M20,X,1,U2,2300,Z01,E,1994-06,3154659.817118781,A,F,,,P1M,,E,,,,,,,,,2,,,"Monetary aggregate M2, Stocks","Euro area (changing composition), Outstanding amounts at the end of the period (stocks), MFIs, central government and post office giro institutions reporting sector - Monetary aggregate M2, All currencies combined - Euro area (changing composition) counterpart, Non-MFIs excluding central government sector, denominated in Euro, data Neither seasonally nor working day adjusted",EUR,6
BSI.M.U2.N.V.M20.X.1.U2.2300.Z01.E,M,U2,N,V,M20,X,1,U2,2300,Z01,E,1994-07,3149190.467761179,A,F,,,P1M,,E,,,,,,,,,2,,,"Monetary aggregate M2, Stocks","Euro area (changing composition), Outstanding amounts at the end of the period (stocks), MFIs, central government and post office giro institutions reporting sector - Monetary aggregate M2, All currencies combined - Euro area (changing composition) counterpart, Non-MFIs excluding central government sector, denominated in Euro, data Neither seasonally nor working day adjusted",EUR,6
BSI.M.U2.N.V.M20.X.1.U2.2300.Z01.E,M,U2,N,V,M20,X,1,U2,2300,Z01,E,1994-08,3126004.0623935317,A,F,,,P1M,,E,,,,,,,,,2,,,"Monetary aggregate M2, Stocks","Euro area (changing composition), Outstanding amounts at the end of the period (stocks), MFIs, central government and post office giro institutions reporting sector - Monetary aggregate M2, All currencies combined - Euro area (changing composition) counterpart, Non-MFIs excluding central government sector, denominated in Euro, data Neither seasonally nor working day adjusted",EUR,6
BSI.M.U2.N.V.M20.X.1.U2.2300.Z01.E,M,U2,N,V,M20,X,1,U2,2300,Z01,E,1994-09,3135703.7071614424,A,F,,,P1M,,E,,,,,,,,,2,,,"Monetary aggregate M2, Stocks","Euro area (changing composition), Outstanding amounts at the end of the period (stocks), MFIs, central government and post office giro institutions reporting sector - Monetary aggregate M2, All currencies combined - Euro area (changing composition) counterpart, Non-MFIs excluding central government sector, denominated in Euro, data Neither seasonally nor working day adjusted",EUR,6
BSI.M.U2.N.V.M20.X.1.U2.2300.Z01.E,M,U2,N,V,M20,X,1,U2,2300,Z01,E,1994-10,3139822.619927676,A,F,,,P1M,,E,,,,,,,,,2,,,"Monetary aggregate M2, Stocks","Euro area (changing composition), Outstanding amounts at the end of the period (stocks), MFIs, central government and post office giro institutions reporting sector - Monetary aggregate M2, All currencies combined - Euro area (changing composition) counterpart, Non-MFIs excluding central government sector, denominated in Euro, data Neither seasonally nor working day adjusted",EUR,6
BSI.M.U2.N.V.M20.X.1.U2.2300.Z01.E,M,U2,N,V,M20,X,1,U2,2300,Z01,E,1994-11,3148097.141170567,A,F,,,P1M,,E,,,,,,,,,2,,,"Monetary aggregate M2, Stocks","Euro area (changing composition), Outstanding amounts at the end of the period (stocks), MFIs, central government and post office giro institutions reporting sector - Monetary aggregate M2, All currencies combined - Euro area (changing composition) counterpart, Non-MFIs excluding central government sector, denominated in Euro, data Neither seasonally nor working day adjusted",EUR,6
BSI.M.U2.N.V.M20.X.1.U2.2300.Z01.E,M,U2,N,V,M20,X,1,U2,2300,Z01,E,1994-12,3243754.5236636107,A,F,,,P1M,,E,,,,,,,,,2,,,"Monetary aggregate M2, Stocks","Euro area (changing composition), Outstanding amounts at the end of the period (stocks), MFIs, central government and post office giro institutions reporting sector - Monetary aggregate M2, All currencies combined - Euro area (changing composition) counterpart, Non-MFIs excluding central government sector, denominated in Euro, data Neither seasonally nor working day adjusted",EUR,6
BSI.M.U2.N.V.M20.X.1.U2.2300.Z01.E,M,U2,N,V,M20,X,1,U2,2300,Z01,E,1995-01,3176293.3346457635,A,F,,,P1M,,E,,,,,,,,,2,,,"Monetary aggregate M2, Stocks","Euro area (changing composition), Outstanding amounts at the end of the period (stocks), MFIs, central government and post office giro institutions reporting sector - Monetary aggregate M2, All currencies combined - Euro area (changing composition) counterpart, Non-MFIs excluding central government sector, denominated in Euro, data Neither seasonally nor working day adjusted",EUR,6
BSI.M.U2.N.V.M20.X.1.U2.2300.Z01.E,M,U2,N,V,M20,X,1,U2,2300,Z01,E,1995-02,3172636.732734463,A,F,,,P1M,,E,,,,,,,,,2,,,"Monetary aggregate M2, Stocks","Euro area (changing composition), Outstanding amounts at the end of the period (stocks), MFIs, central government and post office giro institutions reporting sector - Monetary aggregate M2, All currencies combined - Euro area (changing composition) counterpart, Non-MFIs excluding central government sector, denominated in Euro, data Neither seasonally nor working day adjusted",EUR,6
BSI.M.U2.N.V.M20.X.1.U2.2300.Z01.E,M,U2,N,V,M20,X,1,U2,2300,Z01,E,1995-03,3176206.547043596,A,F,,,P1M,,E,,,,,,,,,2,,,"Monetary aggregate M2, Stocks","Euro area (changing composition), Outstanding amounts at the end of the period (stocks), MFIs, central government and post office giro institutions reporting sector - Monetary aggregate M2, All currencies combined - Euro area (changing composition) counterpart, Non-MFIs excluding central government sector, denominated in Euro, data Neither seasonally nor working day adjusted",EUR,6
BSI.M.U2.N.V.M20.X.1.U2.2300.Z01.E,M,U2,N,V,M20,X,1,U2,2300,Z01,E,1995-04,3187016.513533604,A,F,,,P1M,,E,,,,,,,,,2,,,"Monetary aggregate M2, Stocks","Euro area (changing composition), Outstanding amounts at the end of the period (stocks), MFIs, central government and post office giro institutions reporting sector - Monetary aggregate M2, All currencies combined - Euro area (changing composition) counterpart, Non-MFIs excluding central government sector, denominated in Euro, data Neither seasonally nor working day adjusted",EUR,6
BSI.M.U2.N.V.M20.X.1.U2.2300.Z01.E,M,U2,N,V,M20,X,1,U2,2300,Z01,E,1995-05,3192382.8131021173,A,F,,,P1M,,E,,,,,,,,,2,,,"Monetary aggregate M2, Stocks","Euro area (changing composition), Outstanding amounts at the end of the period (stocks), MFIs, central government and post office giro institutions reporting sector - Monetary aggregate M2, All currencies combined - Euro area (changing composition) counterpart, Non-MFIs excluding central government sector, denominated in Euro, data Neither seasonally nor working day adjusted",EUR,6
BSI.M.U2.N.V.M20.X.1.U2.2300.Z01.E,M,U2,N,V,M20,X,1,U2,2300,Z01,E,1995-06,3218328.587636844,A,F,,,P1M,,E,,,,,,,,,2,,,"Monetary aggregate M2, Stocks","Euro area (changing composition), Outstanding amounts at the end of the period (stocks), MFIs, central government and post office giro institutions reporting sector - Monetary aggregate M2, All currencies combined - Euro area (changing composition) counterpart, Non-MFIs excluding central government sector, denominated in Euro, data Neither seasonally nor working day adjusted",EUR,6
BSI.M.U2.N.V.M20.X.1.U2.2300.Z01.E,M,U2,N,V,M20,X,1,U2,2300,Z01,E,1995-07,3212065.251620652,A,F,,,P1M,,E,,,,,,,,,2,,,"Monetary aggregate M2, Stocks","Euro area (changing composition), Outstanding amounts at the end of the period (stocks), MFIs, central government and post office giro institutions reporting sector - Monetary aggregate M2, All currencies combined - Euro area (changing composition) counterpart, Non-MFIs excluding central government sector, denominated in Euro, data Neither seasonally nor working day adjusted",EUR,6
BSI.M.U2.N.V.M20.X.1.U2.2300.Z01.E,M,U2,N,V,M20,X,1,U2,2300,Z01,E,1995-08,3203358.826783119,A,F,,,P1M,,E,,,,,,,,,2,,,"Monetary aggregate M2, Stocks","Euro area (changing composition), Outstanding amounts at the end of the period (stocks), MFIs, central government and post office giro institutions reporting sector - Monetary aggregate M2, All currencies combined - Euro area (changing composition) counterpart, Non-MFIs excluding central government sector, denominated in Euro, data Neither seasonally nor working day adjusted",EUR,6
BSI.M.U2.N.V.M20.X.1.U2.2300.Z01.E,M,U2,N,V,M20,X,1,U2,2300,Z01,E,1995-09,3233081.7851342983,A,F,,,P1M,,E,,,,,,,,,2,,,"Monetary aggregate M2, Stocks","Euro area (changing composition), Outstanding amounts at the end of the period (stocks), MFIs, central government and post office giro institutions reporting sector - Monetary aggregate M2, All currencies combined - Euro area (changing composition) counterpart, Non-MFIs excluding central government sector, denominated in Euro, data Neither seasonally nor working day adjusted",EUR,6
BSI.M.U2.N.V.M20.X.1.U2.2300.Z01.E,M,U2,N,V,M20,X,1,U2,2300,Z01,E,1995-10,3235715.389087022,A,F,,,P1M,,E,,,,,,,,,2,,,"Monetary aggregate M2, Stocks","Euro area (changing composition), Outstanding amounts at the end of the period (stocks), MFIs, central government and post office giro institutions reporting sector - Monetary aggregate M2, All currencies combined - Euro area (changing composition) counterpart, Non-MFIs excluding central government sector, denominated in Euro, data Neither seasonally nor working day adjusted",EUR,6
BSI.M.U2.N.V.M20.X.1.U2.2300.Z01.E,M,U2,N,V,M20,X,1,U2,2300,Z01,E,1995-11,3263208.03952235,A,F,,,P1M,,E,,,,,,,,,2,,,"Monetary aggregate M2, Stocks","Euro area (changing composition), Outstanding amounts at the end of the period (stocks), MFIs, central government and post office giro institutions reporting sector - Monetary aggregate M2, All currencies combined - Euro area (changing composition) counterpart, Non-MFIs excluding central government sector, denominated in Euro, data Neither seasonally nor working day adjusted",EUR,6
BSI.M.U2.N.V.M20.X.1.U2.2300.Z01.E,M,U2,N,V,M20,X,1,U2,2300,Z01,E,1995-12,3397474.699094066,A,F,,,P1M,,E,,,,,,,,,2,,,"Monetary aggregate M2, Stocks","Euro area (changing composition), Outstanding amounts at the end of the period (stocks), MFIs, central government and post office giro institutions reporting sector - Monetary aggregate M2, All currencies combined - Euro area (changing composition) counterpart, Non-MFIs excluding central government sector, denominated in Euro, data Neither seasonally nor working day adjusted",EUR,6
BSI.M.U2.N.V.M20.X.1.U2.2300.Z01.E,M,U2,N,V,M20,X,1,U2,2300,Z01,E,1996-01,3337994.926916202,A,F,,,P1M,,E,,,,,,,,,2,,,"Monetary aggregate M2, Stocks","Euro area (changing composition), Outstanding amounts at the end of the period (stocks), MFIs, central government and post office giro institutions reporting sector - Monetary aggregate M2, All currencies combined - Euro area (changing composition) counterpart, Non-MFIs excluding central government sector, denominated in Euro, data Neither seasonally nor working day adjusted",EUR,6
BSI.M.U2.N.V.M20.X.1.U2.2300.Z01.E,M,U2,N,V,M20,X,1,U2,2300,Z01,E,1996-02,3332905.3256143364,A,F,,,P1M,,E,,,,,,,,,2,,,"Monetary aggregate M2, Stocks","Euro area (changing composition), Outstanding amounts at the end of the period (stocks), MFIs, central government and post office giro institutions reporting sector - Monetary aggregate M2, All currencies combined - Euro area (changing composition) counterpart, Non-MFIs excluding central government sector, denominated in Euro, data Neither seasonally nor working day adjusted",EUR,6
BSI.M.U2.N.V.M20.X.1.U2.2300.Z01.E,M,U2,N,V,M20,X,1,U2,2300,Z01,E,1996-03,3344138.327567093,A,F,,,P1M,,E,,,,,,,,,2,,,"Monetary aggregate M2, Stocks","Euro area (changing composition), Outstanding amounts at the end of the period (stocks), MFIs, central government and post office giro institutions reporting sector - Monetary aggregate M2, All currencies combined - Euro area (changing composition) counterpart, Non-MFIs excluding central government sector, denominated in Euro, data Neither seasonally nor working day adjusted",EUR,6
BSI.M.U2.N.V.M20.X.1.U2.2300.Z01.E,M,U2,N,V,M20,X,1,U2,2300,Z01,E,1996-04,3359122.8077727635,A,F,,,P1M,,E,,,,,,,,,2,,,"Monetary aggregate M2, Stocks","Euro area (changing composition), Outstanding amounts at the end of the period (stocks), MFIs, central government and post office giro institutions reporting sector - Monetary aggregate M2, All currencies combined - Euro area (changing composition) counterpart, Non-MFIs excluding central government sector, denominated in Euro, data Neither seasonally nor working day adjusted",EUR,6
BSI.M.U2.N.V.M20.X.1.U2.2300.Z01.E,M,U2,N,V,M20,X,1,U2,2300,Z01,E,1996-05,3362528.6512872586,A,F,,,P1M,,E,,,,,,,,,2,,,"Monetary aggregate M2, Stocks","Euro area (changing composition), Outstanding amounts at the end of the period (stocks), MFIs, central government and post office giro institutions reporting sector - Monetary aggregate M2, All currencies combined - Euro area (changing composition) counterpart, Non-MFIs excluding central government sector, denominated in Euro, data Neither seasonally nor working day adjusted",EUR,6
BSI.M.U2.N.V.M20.X.1.U2.2300.Z01.E,M,U2,N,V,M20,X,1,U2,2300,Z01,E,1996-06,3397323.465686476,A,F,,,P1M,,E,,,,,,,,,2,,,"Monetary aggregate M2, Stocks","Euro area (changing composition), Outstanding amounts at the end of the period (stocks), MFIs, central government and post office giro institutions reporting sector - Monetary aggregate M2, All currencies combined - Euro area (changing composition) counterpart, Non-MFIs excluding central government sector, denominated in Euro, data Neither seasonally nor working day adjusted",EUR,6
BSI.M.U2.N.V.M20.X.1.U2.2300.Z01.E,M,U2,N,V,M20,X,1,U2,2300,Z01,E,1996-07,3386524.062500779,A,F,,,P1M,,E,,,,,,,,,2,,,"Monetary aggregate M2, Stocks","Euro area (changing composition), Outstanding amounts at the end of the period (stocks), MFIs, central government and post office giro institutions reporting sector - Monetary aggregate M2, All currencies combined - Euro area (changing composition) counterpart, Non-MFIs excluding central government sector, denominated in Euro, data Neither seasonally nor working day adjusted",EUR,6
BSI.M.U2.N.V.M20.X.1.U2.2300.Z01.E,M,U2,N,V,M20,X,1,U2,2300,Z01,E,1996-08,3382843.451012112,A,F,,,P1M,,E,,,,,,,,,2,,,"Monetary aggregate M2, Stocks","Euro area (changing composition), Outstanding amounts at the end of the period (stocks), MFIs, central government and post office giro institutions reporting sector - Monetary aggregate M2, All currencies combined - Euro area (changing composition) counterpart, Non-MFIs excluding central government sector, denominated in Euro, data Neither seasonally nor working day adjusted",EUR,6
BSI.M.U2.N.V.M20.X.1.U2.2300.Z01.E,M,U2,N,V,M20,X,1,U2,2300,Z01,E,1996-09,3406183.559304165,A,F,,,P1M,,E,,,,,,,,,2,,,"Monetary aggregate M2, Stocks","Euro area (changing composition), Outstanding amounts at the end of the period (stocks), MFIs, central government and post office giro institutions reporting sector - Monetary aggregate M2, All currencies combined - Euro area (changing composition) counterpart, Non-MFIs excluding central government sector, denominated in Euro, data Neither seasonally nor working day adjusted",EUR,6
BSI.M.U2.N.V.M20.X.1.U2.2300.Z01.E,M,U2,N,V,M20,X,1,U2,2300,Z01,E,1996-10,3403006.72163551,A,F,,,P1M,,E,,,,,,,,,2,,,"Monetary aggregate M2, Stocks","Euro area (changing composition), Outstanding amounts at the end of the period (stocks), MFIs, central government and post office giro institutions reporting sector - Monetary aggregate M2, All currencies combined - Euro area (changing composition) counterpart, Non-MFIs excluding central government sector, denominated in Euro, data Neither seasonally nor working day adjusted",EUR,6
BSI.M.U2.N.V.M20.X.1.U2.2300.Z01.E,M,U2,N,V,M20,X,1,U2,2300,Z01,E,1996-11,3438162.8470316413,A,F,,,P1M,,E,,,,,,,,,2,,,"Monetary aggregate M2, Stocks","Euro area (changing composition), Outstanding amounts at the end of the period (stocks), MFIs, central government and post office giro institutions reporting sector - Monetary aggregate M2, All currencies combined - Euro area (changing composition) counterpart, Non-MFIs excluding central government sector, denominated in Euro, data Neither seasonally nor working day adjusted",EUR,6
BSI.M.U2.N.V.M20.X.1.U2.2300.Z01.E,M,U2,N,V,M20,X,1,U2,2300,Z01,E,1996-12,3562479.139510718,A,F,,,P1M,,E,,,,,,,,,2,,,"Monetary aggregate M2, Stocks","Euro area (changing composition), Outstanding amounts at the end of the period (stocks), MFIs, central government and post office giro institutions reporting sector - Monetary aggregate M2, All currencies combined - Euro area (changing composition) counterpart, Non-MFIs excluding central government sector, denominated in Euro, data Neither seasonally nor working day adjusted",EUR,6
BSI.M.U2.N.V.M20.X.1.U2.2300.Z01.E,M,U2,N,V,M20,X,1,U2,2300,Z01,E,1997-01,3499192.0315469946,A,F,,,P1M,,E,,,,,,,,,2,,,"Monetary aggregate M2, Stocks","Euro area (changing composition), Outstanding amounts at the end of the period (stocks), MFIs, central government and post office giro institutions reporting sector - Monetary aggregate M2, All currencies combined - Euro area (changing composition) counterpart, Non-MFIs excluding central government sector, denominated in Euro, data Neither seasonally nor working day adjusted",EUR,6
BSI.M.U2.N.V.M20.X.1.U2.2300.Z01.E,M,U2,N,V,M20,X,1,U2,2300,Z01,E,1997-02,3493102.6634179694,A,F,,,P1M,,E,,,,,,,,,2,,,"Monetary aggregate M2, Stocks","Euro area (changing composition), Outstanding amounts at the end of the period (stocks), MFIs, central government and post office giro institutions reporting sector - Monetary aggregate M2, All currencies combined - Euro area (changing composition) counterpart, Non-MFIs excluding central government sector, denominated in Euro, data Neither seasonally nor working day adjusted",EUR,6
BSI.M.U2.N.V.M20.X.1.U2.2300.Z01.E,M,U2,N,V,M20,X,1,U2,2300,Z01,E,1997-03,3500176.5081312954,A,F,,,P1M,,E,,,,,,,,,2,,,"Monetary aggregate M2, Stocks","Euro area (changing composition), Outstanding amounts at the end of the period (stocks), MFIs, central government and post office giro institutions reporting sector - Monetary aggregate M2, All currencies combined - Euro area (changing composition) counterpart, Non-MFIs excluding central government sector, denominated in Euro, data Neither seasonally nor working day adjusted",EUR,6
BSI.M.U2.N.V.M20.X.1.U2.2300.Z01.E,M,U2,N,V,M20,X,1,U2,2300,Z01,E,1997-04,3498558.03433634,A,F,,,P1M,,E,,,,,,,,,2,,,"Monetary aggregate M2, Stocks","Euro area (changing composition), Outstanding amounts at the end of the period (stocks), MFIs, central government and post office giro institutions reporting sector - Monetary aggregate M2, All currencies combined - Euro area (changing composition) counterpart, Non-MFIs excluding central government sector, denominated in Euro, data Neither seasonally nor working day adjusted",EUR,6
BSI.M.U2.N.V.M20.X.1.U2.2300.Z01.E,M,U2,N,V,M20,X,1,U2,2300,Z01,E,1997-05,3516345.4129353203,A,F,,,P1M,,E,,,,,,,,,2,,,"Monetary aggregate M2, Stocks","Euro area (changing composition), Outstanding amounts at the end of the period (stocks), MFIs, central government and post office giro institutions reporting sector - Monetary aggregate M2, All currencies combined - Euro area (changing composition) counterpart, Non-MFIs excluding central government sector, denominated in Euro, data Neither seasonally nor working day adjusted",EUR,6
BSI.M.U2.N.V.M20.X.1.U2.2300.Z01.E,M,U2,N,V,M20,X,1,U2,2300,Z01,E,1997-06,3549216.137244326,A,F,,,P1M,,E,,,,,,,,,2,,,"Monetary aggregate M2, Stocks","Euro area (changing composition), Outstanding amounts at the end of the period (stocks), MFIs, central government and post office giro institutions reporting sector - Monetary aggregate M2, All currencies combined - Euro area (changing composition) counterpart, Non-MFIs excluding central government sector, denominated in Euro, data Neither seasonally nor working day adjusted",EUR,6
BSI.M.U2.N.V.M20.X.1.U2.2300.Z01.E,M,U2,N,V,M20,X,1,U2,2300,Z01,E,1997-07,3542370.254991456,A,F,,,P1M,,E,,,,,,,,,2,,,"Monetary aggregate M2, Stocks","Euro area (changing composition), Outstanding amounts at the end of the period (stocks), MFIs, central government and post office giro institutions reporting sector - Monetary aggregate M2, All currencies combined - Euro area (changing composition) counterpart, Non-MFIs excluding central government sector, denominated in Euro, data Neither seasonally nor working day adjusted",EUR,6
BSI.M.U2.N.V.M20.X.1.U2.2300.Z01.E,M,U2,N,V,M20,X,1,U2,2300,Z01,E,1997-08,3531780.7487750845,A,F,,,P1M,,E,,,,,,,,,2,,,"Monetary aggregate M2, Stocks","Euro area (changing composition), Outstanding amounts at the end of the period (stocks), MFIs, central government and post office giro institutions reporting sector - Monetary aggregate M2, All currencies combined - Euro area (changing composition) counterpart, Non-MFIs excluding central government sector, denominated in Euro, data Neither seasonally nor working day adjusted",EUR,6
BSI.M.U2.N.V.M20.X.1.U2.2300.Z01.E,M,U2,N,V,M20,X,1,U2,2300,Z01,E,1997-09,3543277.89751898,A,F,,,P1M,,E,,,,,,,,,2,,,"Monetary aggregate M2, Stocks","Euro area (changing composition), Outstanding amounts at the end of the period (stocks), MFIs, central government and post office giro institutions reporting sector - Monetary aggregate M2, All currencies combined - Euro area (changing composition) counterpart, Non-MFIs excluding central government sector, denominated in Euro, data Neither seasonally nor working day adjusted",EUR,6
BSI.M.U2.N.V.M20.X.1.U2.2300.Z01.E,M,U2,N,V,M20,X,1,U2,2300,Z01,E,1997-10,3555327.0149852205,A,F,,,P1M,,E,,,,,,,,,2,,,"Monetary aggregate M2, Stocks","Euro area (changing composition), Outstanding amounts at the end of the period (stocks), MFIs, central government and post office giro institutions reporting sector - Monetary aggregate M2, All currencies combined - Euro area (changing composition) counterpart, Non-MFIs excluding central government sector, denominated in Euro, data Neither seasonally nor working day adjusted",EUR,6
BSI.M.U2.N.V.M20.X.1.U2.2300.Z01.E,M,U2,N,V,M20,X,1,U2,2300,Z01,E,1997-11,3587644.1475141943,A,F,,,P1M,,E,,,,,,,,,2,,,"Monetary aggregate M2, Stocks","Euro area (changing composition), Outstanding amounts at the end of the period (stocks), MFIs, central government and post office giro institutions reporting sector - Monetary aggregate M2, All currencies combined - Euro area (changing composition) counterpart, Non-MFIs excluding central government sector, denominated in Euro, data Neither seasonally nor working day adjusted",EUR,6
BSI.M.U2.N.V.M20.X.1.U2.2300.Z01.E,M,U2,N,V,M20,X,1,U2,2300,Z01,E,1997-12,3687146.0931979404,A,F,,,P1M,,E,,,,,,,,,2,,,"Monetary aggregate M2, Stocks","Euro area (changing composition), Outstanding amounts at the end of the period (stocks), MFIs, central government and post office giro institutions reporting sector - Monetary aggregate M2, All currencies combined - Euro area (changing composition) counterpart, Non-MFIs excluding central government sector, denominated in Euro, data Neither seasonally nor working day adjusted",EUR,6
BSI.M.U2.N.V.M20.X.1.U2.2300.Z01.E,M,U2,N,V,M20,X,1,U2,2300,Z01,E,1998-01,3658504.659298334,A,F,,,P1M,,E,,,,,,,,,2,,,"Monetary aggregate M2, Stocks","Euro area (changing composition), Outstanding amounts at the end of the period (stocks), MFIs, central government and post office giro institutions reporting sector - Monetary aggregate M2, All currencies combined - Euro area (changing composition) counterpart, Non-MFIs excluding central government sector, denominated in Euro, data Neither seasonally nor working day adjusted",EUR,6
BSI.M.U2.N.V.M20.X.1.U2.2300.Z01.E,M,U2,N,V,M20,X,1,U2,2300,Z01,E,1998-02,3660607.1987884752,A,F,,,P1M,,E,,,,,,,,,2,,,"Monetary aggregate M2, Stocks","Euro area (changing composition), Outstanding amounts at the end of the period (stocks), MFIs, central government and post office giro institutions reporting sector - Monetary aggregate M2, All currencies combined - Euro area (changing composition) counterpart, Non-MFIs excluding central government sector, denominated in Euro, data Neither seasonally nor working day adjusted",EUR,6
BSI.M.U2.N.V.M20.X.1.U2.2300.Z01.E,M,U2,N,V,M20,X,1,U2,2300,Z01,E,1998-03,3666889.462668643,A,F,,,P1M,,E,,,,,,,,,2,,,"Monetary aggregate M2, Stocks","Euro area (changing composition), Outstanding amounts at the end of the period (stocks), MFIs, central government and post office giro institutions reporting sector - Monetary aggregate M2, All currencies combined - Euro area (changing composition) counterpart, Non-MFIs excluding central government sector, denominated in Euro, data Neither seasonally nor working day adjusted",EUR,6
BSI.M.U2.N.V.M20.X.1.U2.2300.Z01.E,M,U2,N,V,M20,X,1,U2,2300,Z01,E,1998-04,3698169.9481722256,A,F,,,P1M,,E,,,,,,,,,2,,,"Monetary aggregate M2, Stocks","Euro area (changing composition), Outstanding amounts at the end of the period (stocks), MFIs, central government and post office giro institutions reporting sector - Monetary aggregate M2, All currencies combined - Euro area (changing composition) counterpart, Non-MFIs excluding central government sector, denominated in Euro, data Neither seasonally nor working day adjusted",EUR,6
BSI.M.U2.N.V.M20.X.1.U2.2300.Z01.E,M,U2,N,V,M20,X,1,U2,2300,Z01,E,1998-05,3727306.461565087,A,F,,,P1M,,E,,,,,,,,,2,,,"Monetary aggregate M2, Stocks","Euro area (changing composition), Outstanding amounts at the end of the period (stocks), MFIs, central government and post office giro institutions reporting sector - Monetary aggregate M2, All currencies combined - Euro area (changing composition) counterpart, Non-MFIs excluding central government sector, denominated in Euro, data Neither seasonally nor working day adjusted",EUR,6
BSI.M.U2.N.V.M20.X.1.U2.2300.Z01.E,M,U2,N,V,M20,X,1,U2,2300,Z01,E,1998-06,3758291.787813618,A,F,,,P1M,,E,,,,,,,,,2,,,"Monetary aggregate M2, Stocks","Euro area (changing composition), Outstanding amounts at the end of the period (stocks), MFIs, central government and post office giro institutions reporting sector - Monetary aggregate M2, All currencies combined - Euro area (changing composition) counterpart, Non-MFIs excluding central government sector, denominated in Euro, data Neither seasonally nor working day adjusted",EUR,6
BSI.M.U2.N.V.M20.X.1.U2.2300.Z01.E,M,U2,N,V,M20,X,1,U2,2300,Z01,E,1998-07,3725595.3051131335,A,F,,,P1M,,E,,,,,,,,,2,,,"Monetary aggregate M2, Stocks","Euro area (changing composition), Outstanding amounts at the end of the period (stocks), MFIs, central government and post office giro institutions reporting sector - Monetary aggregate M2, All currencies combined - Euro area (changing composition) counterpart, Non-MFIs excluding central government sector, denominated in Euro, data Neither seasonally nor working day adjusted",EUR,6
BSI.M.U2.N.V.M20.X.1.U2.2300.Z01.E,M,U2,N,V,M20,X,1,U2,2300,Z01,E,1998-08,3718421.0241747336,A,F,,,P1M,,E,,,,,,,,,2,,,"Monetary aggregate M2, Stocks","Euro area (changing composition), Outstanding amounts at the end of the period (stocks), MFIs, central government and post office giro institutions reporting sector - Monetary aggregate M2, All currencies combined - Euro area (changing composition) counterpart, Non-MFIs excluding central government sector, denominated in Euro, data Neither seasonally nor working day adjusted",EUR,6
BSI.M.U2.N.V.M20.X.1.U2.2300.Z01.E,M,U2,N,V,M20,X,1,U2,2300,Z01,E,1998-09,3725841.4532881994,A,F,,,P1M,,E,,,,,,,,,2,,,"Monetary aggregate M2, Stocks","Euro area (changing composition), Outstanding amounts at the end of the period (stocks), MFIs, central government and post office giro institutions reporting sector - Monetary aggregate M2, All currencies combined - Euro area (changing composition) counterpart, Non-MFIs excluding central government sector, denominated in Euro, data Neither seasonally nor working day adjusted",EUR,6
BSI.M.U2.N.V.M20.X.1.U2.2300.Z01.E,M,U2,N,V,M20,X,1,U2,2300,Z01,E,1998-10,3740075.6725722817,A,F,,,P1M,,E,,,,,,,,,2,,,"Monetary aggregate M2, Stocks","Euro area (changing composition), Outstanding amounts at the end of the period (stocks), MFIs, central government and post office giro institutions reporting sector - Monetary aggregate M2, All currencies combined - Euro area (changing composition) counterpart, Non-MFIs excluding central government sector, denominated in Euro, data Neither seasonally nor working day adjusted",EUR,6
BSI.M.U2.N.V.M20.X.1.U2.2300.Z01.E,M,U2,N,V,M20,X,1,U2,2300,Z01,E,1998-11,3789869.139229846,A,F,,,P1M,,E,,,,,,,,,2,,,"Monetary aggregate M2, Stocks","Euro area (changing composition), Outstanding amounts at the end of the period (stocks), MFIs, central government and post office giro institutions reporting sector - Monetary aggregate M2, All currencies combined - Euro area (changing composition) counterpart, Non-MFIs excluding central government sector, denominated in Euro, data Neither seasonally nor working day adjusted",EUR,6
BSI.M.U2.N.V.M20.X.1.U2.2300.Z01.E,M,U2,N,V,M20,X,1,U2,2300,Z01,E,1998-12,3920142.408392486,A,F,,,P1M,,E,,,,,,,,,2,,,"Monetary aggregate M2, Stocks","Euro area (changing composition), Outstanding amounts at the end of the period (stocks), MFIs, central government and post office giro institutions reporting sector - Monetary aggregate M2, All currencies combined - Euro area (changing composition) counterpart, Non-MFIs excluding central government sector, denominated in Euro, data Neither seasonally nor working day adjusted",EUR,6
BSI.M.U2.N.V.M20.X.1.U2.2300.Z01.E,M,U2,N,V,M20,X,1,U2,2300,Z01,E,1999-01,3953260,A,F,,,P1M,,E,,,,,,,,,2,,,"Monetary aggregate M2, Stocks","Euro area (changing composition), Outstanding amounts at the end of the period (stocks), MFIs, central government and post office giro institutions reporting sector - Monetary aggregate M2, All currencies combined - Euro area (changing composition) counterpart, Non-MFIs excluding central government sector, denominated in Euro, data Neither seasonally nor working day adjusted",EUR,6
BSI.M.U2.N.V.M20.X.1.U2.2300.Z01.E,M,U2,N,V,M20,X,1,U2,2300,Z01,E,1999-02,3911195,A,F,,,P1M,,E,,,,,,,,,2,,,"Monetary aggregate M2, Stocks","Euro area (changing composition), Outstanding amounts at the end of the period (stocks), MFIs, central government and post office giro institutions reporting sector - Monetary aggregate M2, All currencies combined - Euro area (changing composition) counterpart, Non-MFIs excluding central government sector, denominated in Euro, data Neither seasonally nor working day adjusted",EUR,6
BSI.M.U2.N.V.M20.X.1.U2.2300.Z01.E,M,U2,N,V,M20,X,1,U2,2300,Z01,E,1999-03,3929382,A,F,,,P1M,,E,,,,,,,,,2,,,"Monetary aggregate M2, Stocks","Euro area (changing composition), Outstanding amounts at the end of the period (stocks), MFIs, central government and post office giro institutions reporting sector - Monetary aggregate M2, All currencies combined - Euro area (changing composition) counterpart, Non-MFIs excluding central government sector, denominated in Euro, data Neither seasonally nor working day adjusted",EUR,6
BSI.M.U2.N.V.M20.X.1.U2.2300.Z01.E,M,U2,N,V,M20,X,1,U2,2300,Z01,E,1999-04,3950654,A,F,,,P1M,,E,,,,,,,,,2,,,"Monetary aggregate M2, Stocks","Euro area (changing composition), Outstanding amounts at the end of the period (stocks), MFIs, central government and post office giro institutions reporting sector - Monetary aggregate M2, All currencies combined - Euro area (changing composition) counterpart, Non-MFIs excluding central government sector, denominated in Euro, data Neither seasonally nor working day adjusted",EUR,6
BSI.M.U2.N.V.M20.X.1.U2.2300.Z01.E,M,U2,N,V,M20,X,1,U2,2300,Z01,E,1999-05,3979502,A,F,,,P1M,,E,,,,,,,,,2,,,"Monetary aggregate M2, Stocks","Euro area (changing composition), Outstanding amounts at the end of the period (stocks), MFIs, central government and post office giro institutions reporting sector - Monetary aggregate M2, All currencies combined - Euro area (changing composition) counterpart, Non-MFIs excluding central government sector, denominated in Euro, data Neither seasonally nor working day adjusted",EUR,6
BSI.M.U2.N.V.M20.X.1.U2.2300.Z01.E,M,U2,N,V,M20,X,1,U2,2300,Z01,E,1999-06,4005344,A,F,,,P1M,,E,,,,,,,,,2,,,"Monetary aggregate M2, Stocks","Euro area (changing composition), Outstanding amounts at the end of the period (stocks), MFIs, central government and post office giro institutions reporting sector - Monetary aggregate M2, All currencies combined - Euro area (changing composition) counterpart, Non-MFIs excluding central government sector, denominated in Euro, data Neither seasonally nor working day adjusted",EUR,6
BSI.M.U2.N.V.M20.X.1.U2.2300.Z01.E,M,U2,N,V,M20,X,1,U2,2300,Z01,E,1999-07,4021979,A,F,,,P1M,,E,,,,,,,,,2,,,"Monetary aggregate M2, Stocks","Euro area (changing composition), Outstanding amounts at the end of the period (stocks), MFIs, central government and post office giro institutions reporting sector - Monetary aggregate M2, All currencies combined - Euro area (changing composition) counterpart, Non-MFIs excluding central government sector, denominated in Euro, data Neither seasonally nor working day adjusted",EUR,6
BSI.M.U2.N.V.M20.X.1.U2.2300.Z01.E,M,U2,N,V,M20,X,1,U2,2300,Z01,E,1999-08,3991117.6138380743,A,F,,,P1M,,E,,,,,,,,,2,,,"Monetary aggregate M2, Stocks","Euro area (changing composition), Outstanding amounts at the end of the period (stocks), MFIs, central government and post office giro institutions reporting sector - Monetary aggregate M2, All currencies combined - Euro area (changing composition) counterpart, Non-MFIs excluding central government sector, denominated in Euro, data Neither seasonally nor working day adjusted",EUR,6
BSI.M.U2.N.V.M20.X.1.U2.2300.Z01.E,M,U2,N,V,M20,X,1,U2,2300,Z01,E,1999-09,4000411.847768,A,F,,,P1M,,E,,,,,,,,,2,,,"Monetary aggregate M2, Stocks","Euro area (changing composition), Outstanding amounts at the end of the period (stocks), MFIs, central government and post office giro institutions reporting sector - Monetary aggregate M2, All currencies combined - Euro area (changing composition) counterpart, Non-MFIs excluding central government sector, denominated in Euro, data Neither seasonally nor working day adjusted",EUR,6
BSI.M.U2.N.V.M20.X.1.U2.2300.Z01.E,M,U2,N,V,M20,X,1,U2,2300,Z01,E,1999-10,4019771.575849,A,F,,,P1M,,E,,,,,,,,,2,,,"Monetary aggregate M2, Stocks","Euro area (changing composition), Outstanding amounts at the end of the period (stocks), MFIs, central government and post office giro institutions reporting sector - Monetary aggregate M2, All currencies combined - Euro area (changing composition) counterpart, Non-MFIs excluding central government sector, denominated in Euro, data Neither seasonally nor working day adjusted",EUR,6
BSI.M.U2.N.V.M20.X.1.U2.2300.Z01.E,M,U2,N,V,M20,X,1,U2,2300,Z01,E,1999-11,4049146.636394,A,F,,,P1M,,E,,,,,,,,,2,,,"Monetary aggregate M2, Stocks","Euro area (changing composition), Outstanding amounts at the end of the period (stocks), MFIs, central government and post office giro institutions reporting sector - Monetary aggregate M2, All currencies combined - Euro area (changing composition) counterpart, Non-MFIs excluding central government sector, denominated in Euro, data Neither seasonally nor working day adjusted",EUR,6
BSI.M.U2.N.V.M20.X.1.U2.2300.Z01.E,M,U2,N,V,M20,X,1,U2,2300,Z01,E,1999-12,4142298,A,F,,,P1M,,E,,,,,,,,,2,,,"Monetary aggregate M2, Stocks","Euro area (changing composition), Outstanding amounts at the end of the period (stocks), MFIs, central government and post office giro institutions reporting sector - Monetary aggregate M2, All currencies combined - Euro area (changing composition) counterpart, Non-MFIs excluding central government sector, denominated in Euro, data Neither seasonally nor working day adjusted",EUR,6
BSI.M.U2.N.V.M20.X.1.U2.2300.Z01.E,M,U2,N,V,M20,X,1,U2,2300,Z01,E,2000-01,4137751,A,F,,,P1M,,E,,,,,,,,,2,,,"Monetary aggregate M2, Stocks","Euro area (changing composition), Outstanding amounts at the end of the period (stocks), MFIs, central government and post office giro institutions reporting sector - Monetary aggregate M2, All currencies combined - Euro area (changing composition) counterpart, Non-MFIs excluding central government sector, denominated in Euro, data Neither seasonally nor working day adjusted",EUR,6
BSI.M.U2.N.V.M20.X.1.U2.2300.Z01.E,M,U2,N,V,M20,X,1,U2,2300,Z01,E,2000-02,4133651,A,F,,,P1M,,E,,,,,,,,,2,,,"Monetary aggregate M2, Stocks","Euro area (changing composition), Outstanding amounts at the end of the period (stocks), MFIs, central government and post office giro institutions reporting sector - Monetary aggregate M2, All currencies combined - Euro area (changing composition) counterpart, Non-MFIs excluding central government sector, denominated in Euro, data Neither seasonally nor working day adjusted",EUR,6
BSI.M.U2.N.V.M20.X.1.U2.2300.Z01.E,M,U2,N,V,M20,X,1,U2,2300,Z01,E,2000-03,4143894,A,F,,,P1M,,E,,,,,,,,,2,,,"Monetary aggregate M2, Stocks","Euro area (changing composition), Outstanding amounts at the end of the period (stocks), MFIs, central government and post office giro institutions reporting sector - Monetary aggregate M2, All currencies combined - Euro area (changing composition) counterpart, Non-MFIs excluding central government sector, denominated in Euro, data Neither seasonally nor working day adjusted",EUR,6
BSI.M.U2.N.V.M20.X.1.U2.2300.Z01.E,M,U2,N,V,M20,X,1,U2,2300,Z01,E,2000-04,4186038,A,F,,,P1M,,E,,,,,,,,,2,,,"Monetary aggregate M2, Stocks","Euro area (changing composition), Outstanding amounts at the end of the period (stocks), MFIs, central government and post office giro institutions reporting sector - Monetary aggregate M2, All currencies combined - Euro area (changing composition) counterpart, Non-MFIs excluding central government sector, denominated in Euro, data Neither seasonally nor working day adjusted",EUR,6
BSI.M.U2.N.V.M20.X.1.U2.2300.Z01.E,M,U2,N,V,M20,X,1,U2,2300,Z01,E,2000-05,4177617,A,F,,,P1M,,E,,,,,,,,,2,,,"Monetary aggregate M2, Stocks","Euro area (changing composition), Outstanding amounts at the end of the period (stocks), MFIs, central government and post office giro institutions reporting sector - Monetary aggregate M2, All currencies combined - Euro area (changing composition) counterpart, Non-MFIs excluding central government sector, denominated in Euro, data Neither seasonally nor working day adjusted",EUR,6
BSI.M.U2.N.V.M20.X.1.U2.2300.Z01.E,M,U2,N,V,M20,X,1,U2,2300,Z01,E,2000-06,4186421,A,F,,,P1M,,E,,,,,,,,,2,,,"Monetary aggregate M2, Stocks","Euro area (changing composition), Outstanding amounts at the end of the period (stocks), MFIs, central government and post office giro institutions reporting sector - Monetary aggregate M2, All currencies combined - Euro area (changing composition) counterpart, Non-MFIs excluding central government sector, denominated in Euro, data Neither seasonally nor working day adjusted",EUR,6
BSI.M.U2.N.V.M20.X.1.U2.2300.Z01.E,M,U2,N,V,M20,X,1,U2,2300,Z01,E,2000-07,4184938,A,F,,,P1M,,E,,,,,,,,,2,,,"Monetary aggregate M2, Stocks","Euro area (changing composition), Outstanding amounts at the end of the period (stocks), MFIs, central government and post office giro institutions reporting sector - Monetary aggregate M2, All currencies combined - Euro area (changing composition) counterpart, Non-MFIs excluding central government sector, denominated in Euro, data Neither seasonally nor working day adjusted",EUR,6
BSI.M.U2.N.V.M20.X.1.U2.2300.Z01.E,M,U2,N,V,M20,X,1,U2,2300,Z01,E,2000-08,4176869,A,F,,,P1M,,E,,,,,,,,,2,,,"Monetary aggregate M2, Stocks","Euro area (changing composition), Outstanding amounts at the end of the period (stocks), MFIs, central government and post office giro institutions reporting sector - Monetary aggregate M2, All currencies combined - Euro area (changing composition) counterpart, Non-MFIs excluding central government sector, denominated in Euro, data Neither seasonally nor working day adjusted",EUR,6
BSI.M.U2.N.V.M20.X.1.U2.2300.Z01.E,M,U2,N,V,M20,X,1,U2,2300,Z01,E,2000-09,4182500,A,F,,,P1M,,E,,,,,,,,,2,,,"Monetary aggregate M2, Stocks","Euro area (changing composition), Outstanding amounts at the end of the period (stocks), MFIs, central government and post office giro institutions reporting sector - Monetary aggregate M2, All currencies combined - Euro area (changing composition) counterpart, Non-MFIs excluding central government sector, denominated in Euro, data Neither seasonally nor working day adjusted",EUR,6
BSI.M.U2.N.V.M20.X.1.U2.2300.Z01.E,M,U2,N,V,M20,X,1,U2,2300,Z01,E,2000-10,4187284,A,F,,,P1M,,E,,,,,,,,,2,,,"Monetary aggregate M2, Stocks","Euro area (changing composition), Outstanding amounts at the end of the period (stocks), MFIs, central government and post office giro institutions reporting sector - Monetary aggregate M2, All currencies combined - Euro area (changing composition) counterpart, Non-MFIs excluding central government sector, denominated in Euro, data Neither seasonally nor working day adjusted",EUR,6
BSI.M.U2.N.V.M20.X.1.U2.2300.Z01.E,M,U2,N,V,M20,X,1,U2,2300,Z01,E,2000-11,4210799,A,F,,,P1M,,E,,,,,,,,,2,,,"Monetary aggregate M2, Stocks","Euro area (changing composition), Outstanding amounts at the end of the period (stocks), MFIs, central government and post office giro institutions reporting sector - Monetary aggregate M2, All currencies combined - Euro area (changing composition) counterpart, Non-MFIs excluding central government sector, denominated in Euro, data Neither seasonally nor working day adjusted",EUR,6
BSI.M.U2.N.V.M20.X.1.U2.2300.Z01.E,M,U2,N,V,M20,X,1,U2,2300,Z01,E,2000-12,4299630,A,F,,,P1M,,E,,,,,,,,,2,,,"Monetary aggregate M2, Stocks","Euro area (changing composition), Outstanding amounts at the end of the period (stocks), MFIs, central government and post office giro institutions reporting sector - Monetary aggregate M2, All currencies combined - Euro area (changing composition) counterpart, Non-MFIs excluding central government sector, denominated in Euro, data Neither seasonally nor working day adjusted",EUR,6
BSI.M.U2.N.V.M20.X.1.U2.2300.Z01.E,M,U2,N,V,M20,X,1,U2,2300,Z01,E,2001-01,4348576,A,F,,,P1M,,E,,,,,,,,,2,,,"Monetary aggregate M2, Stocks","Euro area (changing composition), Outstanding amounts at the end of the period (stocks), MFIs, central government and post office giro institutions reporting sector - Monetary aggregate M2, All currencies combined - Euro area (changing composition) counterpart, Non-MFIs excluding central government sector, denominated in Euro, data Neither seasonally nor working day adjusted",EUR,6
BSI.M.U2.N.V.M20.X.1.U2.2300.Z01.E,M,U2,N,V,M20,X,1,U2,2300,Z01,E,2001-02,4355581,A,F,,,P1M,,E,,,,,,,,,2,,,"Monetary aggregate M2, Stocks","Euro area (changing composition), Outstanding amounts at the end of the period (stocks), MFIs, central government and post office giro institutions reporting sector - Monetary aggregate M2, All currencies combined - Euro area (changing composition) counterpart, Non-MFIs excluding central government sector, denominated in Euro, data Neither seasonally nor working day adjusted",EUR,6
BSI.M.U2.N.V.M20.X.1.U2.2300.Z01.E,M,U2,N,V,M20,X,1,U2,2300,Z01,E,2001-03,4385080,A,F,,,P1M,,E,,,,,,,,,2,,,"Monetary aggregate M2, Stocks","Euro area (changing composition), Outstanding amounts at the end of the period (stocks), MFIs, central government and post office giro institutions reporting sector - Monetary aggregate M2, All currencies combined - Euro area (changing composition) counterpart, Non-MFIs excluding central government sector, denominated in Euro, data Neither seasonally nor working day adjusted",EUR,6
BSI.M.U2.N.V.M20.X.1.U2.2300.Z01.E,M,U2,N,V,M20,X,1,U2,2300,Z01,E,2001-04,4422968,A,F,,,P1M,,E,,,,,,,,,2,,,"Monetary aggregate M2, Stocks","Euro area (changing composition), Outstanding amounts at the end of the period (stocks), MFIs, central government and post office giro institutions reporting sector - Monetary aggregate M2, All currencies combined - Euro area (changing composition) counterpart, Non-MFIs excluding central government sector, denominated in Euro, data Neither seasonally nor working day adjusted",EUR,6
BSI.M.U2.N.V.M20.X.1.U2.2300.Z01.E,M,U2,N,V,M20,X,1,U2,2300,Z01,E,2001-05,4445379,A,F,,,P1M,,E,,,,,,,,,2,,,"Monetary aggregate M2, Stocks","Euro area (changing composition), Outstanding amounts at the end of the period (stocks), MFIs, central government and post office giro institutions reporting sector - Monetary aggregate M2, All currencies combined - Euro area (changing composition) counterpart, Non-MFIs excluding central government sector, denominated in Euro, data Neither seasonally nor working day adjusted",EUR,6
BSI.M.U2.N.V.M20.X.1.U2.2300.Z01.E,M,U2,N,V,M20,X,1,U2,2300,Z01,E,2001-06,4492195,A,F,,,P1M,,E,,,,,,,,,2,,,"Monetary aggregate M2, Stocks","Euro area (changing composition), Outstanding amounts at the end of the period (stocks), MFIs, central government and post office giro institutions reporting sector - Monetary aggregate M2, All currencies combined - Euro area (changing composition) counterpart, Non-MFIs excluding central government sector, denominated in Euro, data Neither seasonally nor working day adjusted",EUR,6
BSI.M.U2.N.V.M20.X.1.U2.2300.Z01.E,M,U2,N,V,M20,X,1,U2,2300,Z01,E,2001-07,4479923,A,F,,,P1M,,E,,,,,,,,,2,,,"Monetary aggregate M2, Stocks","Euro area (changing composition), Outstanding amounts at the end of the period (stocks), MFIs, central government and post office giro institutions reporting sector - Monetary aggregate M2, All currencies combined - Euro area (changing composition) counterpart, Non-MFIs excluding central government sector, denominated in Euro, data Neither seasonally nor working day adjusted",EUR,6
BSI.M.U2.N.V.M20.X.1.U2.2300.Z01.E,M,U2,N,V,M20,X,1,U2,2300,Z01,E,2001-08,4461073,A,F,,,P1M,,E,,,,,,,,,2,,,"Monetary aggregate M2, Stocks","Euro area (changing composition), Outstanding amounts at the end of the period (stocks), MFIs, central government and post office giro institutions reporting sector - Monetary aggregate M2, All currencies combined - Euro area (changing composition) counterpart, Non-MFIs excluding central government sector, denominated in Euro, data Neither seasonally nor working day adjusted",EUR,6
BSI.M.U2.N.V.M20.X.1.U2.2300.Z01.E,M,U2,N,V,M20,X,1,U2,2300,Z01,E,2001-09,4508739,A,F,,,P1M,,E,,,,,,,,,2,,,"Monetary aggregate M2, Stocks","Euro area (changing composition), Outstanding amounts at the end of the period (stocks), MFIs, central government and post office giro institutions reporting sector - Monetary aggregate M2, All currencies combined - Euro area (changing composition) counterpart, Non-MFIs excluding central government sector, denominated in Euro, data Neither seasonally nor working day adjusted",EUR,6
BSI.M.U2.N.V.M20.X.1.U2.2300.Z01.E,M,U2,N,V,M20,X,1,U2,2300,Z01,E,2001-10,4512933,A,F,,,P1M,,E,,,,,,,,,2,,,"Monetary aggregate M2, Stocks","Euro area (changing composition), Outstanding amounts at the end of the period (stocks), MFIs, central government and post office giro institutions reporting sector - Monetary aggregate M2, All currencies combined - Euro area (changing composition) counterpart, Non-MFIs excluding central government sector, denominated in Euro, data Neither seasonally nor working day adjusted",EUR,6
BSI.M.U2.N.V.M20.X.1.U2.2300.Z01.E,M,U2,N,V,M20,X,1,U2,2300,Z01,E,2001-11,4565041,A,F,,,P1M,,E,,,,,,,,,2,,,"Monetary aggregate M2, Stocks","Euro area (changing composition), Outstanding amounts at the end of the period (stocks), MFIs, central government and post office giro institutions reporting sector - Monetary aggregate M2, All currencies combined - Euro area (changing composition) counterpart, Non-MFIs excluding central government sector, denominated in Euro, data Neither seasonally nor working day adjusted",EUR,6
BSI.M.U2.N.V.M20.X.1.U2.2300.Z01.E,M,U2,N,V,M20,X,1,U2,2300,Z01,E,2001-12,4684363,A,F,,,P1M,,E,,,,,,,,,2,,,"Monetary aggregate M2, Stocks","Euro area (changing composition), Outstanding amounts at the end of the period (stocks), MFIs, central government and post office giro institutions reporting sector - Monetary aggregate M2, All currencies combined - Euro area (changing composition) counterpart, Non-MFIs excluding central government sector, denominated in Euro, data Neither seasonally nor working day adjusted",EUR,6
BSI.M.U2.N.V.M20.X.1.U2.2300.Z01.E,M,U2,N,V,M20,X,1,U2,2300,Z01,E,2002-01,4655663,A,F,,,P1M,,E,,,,,,,,,2,,,"Monetary aggregate M2, Stocks","Euro area (changing composition), Outstanding amounts at the end of the period (stocks), MFIs, central government and post office giro institutions reporting sector - Monetary aggregate M2, All currencies combined - Euro area (changing composition) counterpart, Non-MFIs excluding central government sector, denominated in Euro, data Neither seasonally nor working day adjusted",EUR,6
BSI.M.U2.N.V.M20.X.1.U2.2300.Z01.E,M,U2,N,V,M20,X,1,U2,2300,Z01,E,2002-02,4644451,A,F,,,P1M,,E,,,,,,,,,2,,,"Monetary aggregate M2, Stocks","Euro area (changing composition), Outstanding amounts at the end of the period (stocks), MFIs, central government and post office giro institutions reporting sector - Monetary aggregate M2, All currencies combined - Euro area (changing composition) counterpart, Non-MFIs excluding central government sector, denominated in Euro, data Neither seasonally nor working day adjusted",EUR,6
BSI.M.U2.N.V.M20.X.1.U2.2300.Z01.E,M,U2,N,V,M20,X,1,U2,2300,Z01,E,2002-03,4670235,A,F,,,P1M,,E,,,,,,,,,2,,,"Monetary aggregate M2, Stocks","Euro area (changing composition), Outstanding amounts at the end of the period (stocks), MFIs, central government and post office giro institutions reporting sector - Monetary aggregate M2, All currencies combined - Euro area (changing composition) counterpart, Non-MFIs excluding central government sector, denominated in Euro, data Neither seasonally nor working day adjusted",EUR,6
BSI.M.U2.N.V.M20.X.1.U2.2300.Z01.E,M,U2,N,V,M20,X,1,U2,2300,Z01,E,2002-04,4706318,A,F,,,P1M,,E,,,,,,,,,2,,,"Monetary aggregate M2, Stocks","Euro area (changing composition), Outstanding amounts at the end of the period (stocks), MFIs, central government and post office giro institutions reporting sector - Monetary aggregate M2, All currencies combined - Euro area (changing composition) counterpart, Non-MFIs excluding central government sector, denominated in Euro, data Neither seasonally nor working day adjusted",EUR,6
BSI.M.U2.N.V.M20.X.1.U2.2300.Z01.E,M,U2,N,V,M20,X,1,U2,2300,Z01,E,2002-05,4728195,A,F,,,P1M,,E,,,,,,,,,2,,,"Monetary aggregate M2, Stocks","Euro area (changing composition), Outstanding amounts at the end of the period (stocks), MFIs, central government and post office giro institutions reporting sector - Monetary aggregate M2, All currencies combined - Euro area (changing composition) counterpart, Non-MFIs excluding central government sector, denominated in Euro, data Neither seasonally nor working day adjusted",EUR,6
BSI.M.U2.N.V.M20.X.1.U2.2300.Z01.E,M,U2,N,V,M20,X,1,U2,2300,Z01,E,2002-06,4768158,A,F,,,P1M,,E,,,,,,,,,2,,,"Monetary aggregate M2, Stocks","Euro area (changing composition), Outstanding amounts at the end of the period (stocks), MFIs, central government and post office giro institutions reporting sector - Monetary aggregate M2, All currencies combined - Euro area (changing composition) counterpart, Non-MFIs excluding central government sector, denominated in Euro, data Neither seasonally nor working day adjusted",EUR,6
BSI.M.U2.N.V.M20.X.1.U2.2300.Z01.E,M,U2,N,V,M20,X,1,U2,2300,Z01,E,2002-07,4758307,A,F,,,P1M,,E,,,,,,,,,2,,,"Monetary aggregate M2, Stocks","Euro area (changing composition), Outstanding amounts at the end of the period (stocks), MFIs, central government and post office giro institutions reporting sector - Monetary aggregate M2, All currencies combined - Euro area (changing composition) counterpart, Non-MFIs excluding central government sector, denominated in Euro, data Neither seasonally nor working day adjusted",EUR,6
BSI.M.U2.N.V.M20.X.1.U2.2300.Z01.E,M,U2,N,V,M20,X,1,U2,2300,Z01,E,2002-08,4750263,A,F,,,P1M,,E,,,,,,,,,2,,,"Monetary aggregate M2, Stocks","Euro area (changing composition), Outstanding amounts at the end of the period (stocks), MFIs, central government and post office giro institutions reporting sector - Monetary aggregate M2, All currencies combined - Euro area (changing composition) counterpart, Non-MFIs excluding central government sector, denominated in Euro, data Neither seasonally nor working day adjusted",EUR,6
BSI.M.U2.N.V.M20.X.1.U2.2300.Z01.E,M,U2,N,V,M20,X,1,U2,2300,Z01,E,2002-09,4792133,A,F,,,P1M,,E,,,,,,,,,2,,,"Monetary aggregate M2, Stocks","Euro area (changing composition), Outstanding amounts at the end of the period (stocks), MFIs, central government and post office giro institutions reporting sector - Monetary aggregate M2, All currencies combined - Euro area (changing composition) counterpart, Non-MFIs excluding central government sector, denominated in Euro, data Neither seasonally nor working day adjusted",EUR,6
BSI.M.U2.N.V.M20.X.1.U2.2300.Z01.E,M,U2,N,V,M20,X,1,U2,2300,Z01,E,2002-10,4811015,A,F,,,P1M,,E,,,,,,,,,2,,,"Monetary aggregate M2, Stocks","Euro area (changing composition), Outstanding amounts at the end of the period (stocks), MFIs, central government and post office giro institutions reporting sector - Monetary aggregate M2, All currencies combined - Euro area (changing composition) counterpart, Non-MFIs excluding central government sector, denominated in Euro, data Neither seasonally nor working day adjusted",EUR,6
BSI.M.U2.N.V.M20.X.1.U2.2300.Z01.E,M,U2,N,V,M20,X,1,U2,2300,Z01,E,2002-11,4875496,A,F,,,P1M,,E,,,,,,,,,2,,,"Monetary aggregate M2, Stocks","Euro area (changing composition), Outstanding amounts at the end of the period (stocks), MFIs, central government and post office giro institutions reporting sector - Monetary aggregate M2, All currencies combined - Euro area (changing composition) counterpart, Non-MFIs excluding central government sector, denominated in Euro, data Neither seasonally nor working day adjusted",EUR,6
BSI.M.U2.N.V.M20.X.1.U2.2300.Z01.E,M,U2,N,V,M20,X,1,U2,2300,Z01,E,2002-12,4981449,A,F,,,P1M,,E,,,,,,,,,2,,,"Monetary aggregate M2, Stocks","Euro area (changing composition), Outstanding amounts at the end of the period (stocks), MFIs, central government and post office giro institutions reporting sector - Monetary aggregate M2, All currencies combined - Euro area (changing composition) counterpart, Non-MFIs excluding central government sector, denominated in Euro, data Neither seasonally nor working day adjusted",EUR,6
BSI.M.U2.N.V.M20.X.1.U2.2300.Z01.E,M,U2,N,V,M20,X,1,U2,2300,Z01,E,2003-01,4923614,A,F,,,P1M,,E,,,,,,,,,2,,,"Monetary aggregate M2, Stocks","Euro area (changing composition), Outstanding amounts at the end of the period (stocks), MFIs, central government and post office giro institutions reporting sector - Monetary aggregate M2, All currencies combined - Euro area (changing composition) counterpart, Non-MFIs excluding central government sector, denominated in Euro, data Neither seasonally nor working day adjusted",EUR,6
BSI.M.U2.N.V.M20.X.1.U2.2300.Z01.E,M,U2,N,V,M20,X,1,U2,2300,Z01,E,2003-02,4951523,A,F,,,P1M,,E,,,,,,,,,2,,,"Monetary aggregate M2, Stocks","Euro area (changing composition), Outstanding amounts at the end of the period (stocks), MFIs, central government and post office giro institutions reporting sector - Monetary aggregate M2, All currencies combined - Euro area (changing composition) counterpart, Non-MFIs excluding central government sector, denominated in Euro, data Neither seasonally nor working day adjusted",EUR,6
BSI.M.U2.N.V.M20.X.1.U2.2300.Z01.E,M,U2,N,V,M20,X,1,U2,2300,Z01,E,2003-03,5006352,A,F,,,P1M,,E,,,,,,,,,2,,,"Monetary aggregate M2, Stocks","Euro area (changing composition), Outstanding amounts at the end of the period (stocks), MFIs, central government and post office giro institutions reporting sector - Monetary aggregate M2, All currencies combined - Euro area (changing composition) counterpart, Non-MFIs excluding central government sector, denominated in Euro, data Neither seasonally nor working day adjusted",EUR,6
BSI.M.U2.N.V.M20.X.1.U2.2300.Z01.E,M,U2,N,V,M20,X,1,U2,2300,Z01,E,2003-04,5052347,A,F,,,P1M,,E,,,,,,,,,2,,,"Monetary aggregate M2, Stocks","Euro area (changing composition), Outstanding amounts at the end of the period (stocks), MFIs, central government and post office giro institutions reporting sector - Monetary aggregate M2, All currencies combined - Euro area (changing composition) counterpart, Non-MFIs excluding central government sector, denominated in Euro, data Neither seasonally nor working day adjusted",EUR,6
BSI.M.U2.N.V.M20.X.1.U2.2300.Z01.E,M,U2,N,V,M20,X,1,U2,2300,Z01,E,2003-05,5109432,A,F,,,P1M,,E,,,,,,,,,2,,,"Monetary aggregate M2, Stocks","Euro area (changing composition), Outstanding amounts at the end of the period (stocks), MFIs, central government and post office giro institutions reporting sector - Monetary aggregate M2, All currencies combined - Euro area (changing composition) counterpart, Non-MFIs excluding central government sector, denominated in Euro, data Neither seasonally nor working day adjusted",EUR,6
BSI.M.U2.N.V.M20.X.1.U2.2300.Z01.E,M,U2,N,V,M20,X,1,U2,2300,Z01,E,2003-06,5130101,A,F,,,P1M,,E,,,,,,,,,2,,,"Monetary aggregate M2, Stocks","Euro area (changing composition), Outstanding amounts at the end of the period (stocks), MFIs, central government and post office giro institutions reporting sector - Monetary aggregate M2, All currencies combined - Euro area (changing composition) counterpart, Non-MFIs excluding central government sector, denominated in Euro, data Neither seasonally nor working day adjusted",EUR,6
BSI.M.U2.N.V.M20.X.1.U2.2300.Z01.E,M,U2,N,V,M20,X,1,U2,2300,Z01,E,2003-07,5124234,A,F,,,P1M,,E,,,,,,,,,2,,,"Monetary aggregate M2, Stocks","Euro area (changing composition), Outstanding amounts at the end of the period (stocks), MFIs, central government and post office giro institutions reporting sector - Monetary aggregate M2, All currencies combined - Euro area (changing composition) counterpart, Non-MFIs excluding central government sector, denominated in Euro, data Neither seasonally nor working day adjusted",EUR,6
BSI.M.U2.N.V.M20.X.1.U2.2300.Z01.E,M,U2,N,V,M20,X,1,U2,2300,Z01,E,2003-08,5125966,A,F,,,P1M,,E,,,,,,,,,2,,,"Monetary aggregate M2, Stocks","Euro area (changing composition), Outstanding amounts at the end of the period (stocks), MFIs, central government and post office giro institutions reporting sector - Monetary aggregate M2, All currencies combined - Euro area (changing composition) counterpart, Non-MFIs excluding central government sector, denominated in Euro, data Neither seasonally nor working day adjusted",EUR,6
BSI.M.U2.N.V.M20.X.1.U2.2300.Z01.E,M,U2,N,V,M20,X,1,U2,2300,Z01,E,2003-09,5136978,A,F,,,P1M,,E,,,,,,,,,2,,,"Monetary aggregate M2, Stocks","Euro area (changing composition), Outstanding amounts at the end of the period (stocks), MFIs, central government and post office giro institutions reporting sector - Monetary aggregate M2, All currencies combined - Euro area (changing composition) counterpart, Non-MFIs excluding central government sector, denominated in Euro, data Neither seasonally nor working day adjusted",EUR,6
BSI.M.U2.N.V.M20.X.1.U2.2300.Z01.E,M,U2,N,V,M20,X,1,U2,2300,Z01,E,2003-10,5157878,A,F,,,P1M,,E,,,,,,,,,2,,,"Monetary aggregate M2, Stocks","Euro area (changing composition), Outstanding amounts at the end of the period (stocks), MFIs, central government and post office giro institutions reporting sector - Monetary aggregate M2, All currencies combined - Euro area (changing composition) counterpart, Non-MFIs excluding central government sector, denominated in Euro, data Neither seasonally nor working day adjusted",EUR,6
BSI.M.U2.N.V.M20.X.1.U2.2300.Z01.E,M,U2,N,V,M20,X,1,U2,2300,Z01,E,2003-11,5206044,A,F,,,P1M,,E,,,,,,,,,2,,,"Monetary aggregate M2, Stocks","Euro area (changing composition), Outstanding amounts at the end of the period (stocks), MFIs, central government and post office giro institutions reporting sector - Monetary aggregate M2, All currencies combined - Euro area (changing composition) counterpart, Non-MFIs excluding central government sector, denominated in Euro, data Neither seasonally nor working day adjusted",EUR,6
BSI.M.U2.N.V.M20.X.1.U2.2300.Z01.E,M,U2,N,V,M20,X,1,U2,2300,Z01,E,2003-12,5297999,A,F,,,P1M,,E,,,,,,,,,2,,,"Monetary aggregate M2, Stocks","Euro area (changing composition), Outstanding amounts at the end of the period (stocks), MFIs, central government and post office giro institutions reporting sector - Monetary aggregate M2, All currencies combined - Euro area (changing composition) counterpart, Non-MFIs excluding central government sector, denominated in Euro, data Neither seasonally nor working day adjusted",EUR,6
BSI.M.U2.N.V.M20.X.1.U2.2300.Z01.E,M,U2,N,V,M20,X,1,U2,2300,Z01,E,2004-01,5271712,A,F,,,P1M,,E,,,,,,,,,2,,,"Monetary aggregate M2, Stocks","Euro area (changing composition), Outstanding amounts at the end of the period (stocks), MFIs, central government and post office giro institutions reporting sector - Monetary aggregate M2, All currencies combined - Euro area (changing composition) counterpart, Non-MFIs excluding central government sector, denominated in Euro, data Neither seasonally nor working day adjusted",EUR,6
BSI.M.U2.N.V.M20.X.1.U2.2300.Z01.E,M,U2,N,V,M20,X,1,U2,2300,Z01,E,2004-02,5273548,A,F,,,P1M,,E,,,,,,,,,2,,,"Monetary aggregate M2, Stocks","Euro area (changing composition), Outstanding amounts at the end of the period (stocks), MFIs, central government and post office giro institutions reporting sector - Monetary aggregate M2, All currencies combined - Euro area (changing composition) counterpart, Non-MFIs excluding central government sector, denominated in Euro, data Neither seasonally nor working day adjusted",EUR,6
BSI.M.U2.N.V.M20.X.1.U2.2300.Z01.E,M,U2,N,V,M20,X,1,U2,2300,Z01,E,2004-03,5310219,A,F,,,P1M,,E,,,,,,,,,2,,,"Monetary aggregate M2, Stocks","Euro area (changing composition), Outstanding amounts at the end of the period (stocks), MFIs, central government and post office giro institutions reporting sector - Monetary aggregate M2, All currencies combined - Euro area (changing composition) counterpart, Non-MFIs excluding central government sector, denominated in Euro, data Neither seasonally nor working day adjusted",EUR,6
BSI.M.U2.N.V.M20.X.1.U2.2300.Z01.E,M,U2,N,V,M20,X,1,U2,2300,Z01,E,2004-04,5344467,A,F,,,P1M,,E,,,,,,,,,2,,,"Monetary aggregate M2, Stocks","Euro area (changing composition), Outstanding amounts at the end of the period (stocks), MFIs, central government and post office giro institutions reporting sector - Monetary aggregate M2, All currencies combined - Euro area (changing composition) counterpart, Non-MFIs excluding central government sector, denominated in Euro, data Neither seasonally nor working day adjusted",EUR,6
BSI.M.U2.N.V.M20.X.1.U2.2300.Z01.E,M,U2,N,V,M20,X,1,U2,2300,Z01,E,2004-05,5377365,A,F,,,P1M,,E,,,,,,,,,2,,,"Monetary aggregate M2, Stocks","Euro area (changing composition), Outstanding amounts at the end of the period (stocks), MFIs, central government and post office giro institutions reporting sector - Monetary aggregate M2, All currencies combined - Euro area (changing composition) counterpart, Non-MFIs excluding central government sector, denominated in Euro, data Neither seasonally nor working day adjusted",EUR,6
BSI.M.U2.N.V.M20.X.1.U2.2300.Z01.E,M,U2,N,V,M20,X,1,U2,2300,Z01,E,2004-06,5408012,A,F,,,P1M,,E,,,,,,,,,2,,,"Monetary aggregate M2, Stocks","Euro area (changing composition), Outstanding amounts at the end of the period (stocks), MFIs, central government and post office giro institutions reporting sector - Monetary aggregate M2, All currencies combined - Euro area (changing composition) counterpart, Non-MFIs excluding central government sector, denominated in Euro, data Neither seasonally nor working day adjusted",EUR,6
BSI.M.U2.N.V.M20.X.1.U2.2300.Z01.E,M,U2,N,V,M20,X,1,U2,2300,Z01,E,2004-07,5428440,A,F,,,P1M,,E,,,,,,,,,2,,,"Monetary aggregate M2, Stocks","Euro area (changing composition), Outstanding amounts at the end of the period (stocks), MFIs, central government and post office giro institutions reporting sector - Monetary aggregate M2, All currencies combined - Euro area (changing composition) counterpart, Non-MFIs excluding central government sector, denominated in Euro, data Neither seasonally nor working day adjusted",EUR,6
BSI.M.U2.N.V.M20.X.1.U2.2300.Z01.E,M,U2,N,V,M20,X,1,U2,2300,Z01,E,2004-08,5397916,A,F,,,P1M,,E,,,,,,,,,2,,,"Monetary aggregate M2, Stocks","Euro area (changing composition), Outstanding amounts at the end of the period (stocks), MFIs, central government and post office giro institutions reporting sector - Monetary aggregate M2, All currencies combined - Euro area (changing composition) counterpart, Non-MFIs excluding central government sector, denominated in Euro, data Neither seasonally nor working day adjusted",EUR,6
BSI.M.U2.N.V.M20.X.1.U2.2300.Z01.E,M,U2,N,V,M20,X,1,U2,2300,Z01,E,2004-09,5451083,A,F,,,P1M,,E,,,,,,,,,2,,,"Monetary aggregate M2, Stocks","Euro area (changing composition), Outstanding amounts at the end of the period (stocks), MFIs, central government and post office giro institutions reporting sector - Monetary aggregate M2, All currencies combined - Euro area (changing composition) counterpart, Non-MFIs excluding central government sector, denominated in Euro, data Neither seasonally nor working day adjusted",EUR,6
BSI.M.U2.N.V.M20.X.1.U2.2300.Z01.E,M,U2,N,V,M20,X,1,U2,2300,Z01,E,2004-10,5490285,A,F,,,P1M,,E,,,,,,,,,2,,,"Monetary aggregate M2, Stocks","Euro area (changing composition), Outstanding amounts at the end of the period (stocks), MFIs, central government and post office giro institutions reporting sector - Monetary aggregate M2, All currencies combined - Euro area (changing composition) counterpart, Non-MFIs excluding central government sector, denominated in Euro, data Neither seasonally nor working day adjusted",EUR,6
BSI.M.U2.N.V.M20.X.1.U2.2300.Z01.E,M,U2,N,V,M20,X,1,U2,2300,Z01,E,2004-11,5528865,A,F,,,P1M,,E,,,,,,,,,2,,,"Monetary aggregate M2, Stocks","Euro area (changing composition), Outstanding amounts at the end of the period (stocks), MFIs, central government and post office giro institutions reporting sector - Monetary aggregate M2, All currencies combined - Euro area (changing composition) counterpart, Non-MFIs excluding central government sector, denominated in Euro, data Neither seasonally nor working day adjusted",EUR,6
BSI.M.U2.N.V.M20.X.1.U2.2300.Z01.E,M,U2,N,V,M20,X,1,U2,2300,Z01,E,2004-12,5632265,A,F,,,P1M,,E,,,,,,,,,2,,,"Monetary aggregate M2, Stocks","Euro area (changing composition), Outstanding amounts at the end of the period (stocks), MFIs, central government and post office giro institutions reporting sector - Monetary aggregate M2, All currencies combined - Euro area (changing composition) counterpart, Non-MFIs excluding central government sector, denominated in Euro, data Neither seasonally nor working day adjusted",EUR,6
BSI.M.U2.N.V.M20.X.1.U2.2300.Z01.E,M,U2,N,V,M20,X,1,U2,2300,Z01,E,2005-01,5637298,A,F,,,P1M,,E,,,,,,,,,2,,,"Monetary aggregate M2, Stocks","Euro area (changing composition), Outstanding amounts at the end of the period (stocks), MFIs, central government and post office giro institutions reporting sector - Monetary aggregate M2, All currencies combined - Euro area (changing composition) counterpart, Non-MFIs excluding central government sector, denominated in Euro, data Neither seasonally nor working day adjusted",EUR,6
BSI.M.U2.N.V.M20.X.1.U2.2300.Z01.E,M,U2,N,V,M20,X,1,U2,2300,Z01,E,2005-02,5643364,A,F,,,P1M,,E,,,,,,,,,2,,,"Monetary aggregate M2, Stocks","Euro area (changing composition), Outstanding amounts at the end of the period (stocks), MFIs, central government and post office giro institutions reporting sector - Monetary aggregate M2, All currencies combined - Euro area (changing composition) counterpart, Non-MFIs excluding central government sector, denominated in Euro, data Neither seasonally nor working day adjusted",EUR,6
BSI.M.U2.N.V.M20.X.1.U2.2300.Z01.E,M,U2,N,V,M20,X,1,U2,2300,Z01,E,2005-03,5680387,A,F,,,P1M,,E,,,,,,,,,2,,,"Monetary aggregate M2, Stocks","Euro area (changing composition), Outstanding amounts at the end of the period (stocks), MFIs, central government and post office giro institutions reporting sector - Monetary aggregate M2, All currencies combined - Euro area (changing composition) counterpart, Non-MFIs excluding central government sector, denominated in Euro, data Neither seasonally nor working day adjusted",EUR,6
BSI.M.U2.N.V.M20.X.1.U2.2300.Z01.E,M,U2,N,V,M20,X,1,U2,2300,Z01,E,2005-04,5738282,A,F,,,P1M,,E,,,,,,,,,2,,,"Monetary aggregate M2, Stocks","Euro area (changing composition), Outstanding amounts at the end of the period (stocks), MFIs, central government and post office giro institutions reporting sector - Monetary aggregate M2, All currencies combined - Euro area (changing composition) counterpart, Non-MFIs excluding central government sector, denominated in Euro, data Neither seasonally nor working day adjusted",EUR,6
BSI.M.U2.N.V.M20.X.1.U2.2300.Z01.E,M,U2,N,V,M20,X,1,U2,2300,Z01,E,2005-05,5778327,A,F,,,P1M,,E,,,,,,,,,2,,,"Monetary aggregate M2, Stocks","Euro area (changing composition), Outstanding amounts at the end of the period (stocks), MFIs, central government and post office giro institutions reporting sector - Monetary aggregate M2, All currencies combined - Euro area (changing composition) counterpart, Non-MFIs excluding central government sector, denominated in Euro, data Neither seasonally nor working day adjusted",EUR,6
BSI.M.U2.N.V.M20.X.1.U2.2300.Z01.E,M,U2,N,V,M20,X,1,U2,2300,Z01,E,2005-06,5858475,A,F,,,P1M,,E,,,,,,,,,2,,,"Monetary aggregate M2, Stocks","Euro area (changing composition), Outstanding amounts at the end of the period (stocks), MFIs, central government and post office giro institutions reporting sector - Monetary aggregate M2, All currencies combined - Euro area (changing composition) counterpart, Non-MFIs excluding central government sector, denominated in Euro, data Neither seasonally nor working day adjusted",EUR,6
BSI.M.U2.N.V.M20.X.1.U2.2300.Z01.E,M,U2,N,V,M20,X,1,U2,2300,Z01,E,2005-07,5896526,A,F,,,P1M,,E,,,,,,,,,2,,,"Monetary aggregate M2, Stocks","Euro area (changing composition), Outstanding amounts at the end of the period (stocks), MFIs, central government and post office giro institutions reporting sector - Monetary aggregate M2, All currencies combined - Euro area (changing composition) counterpart, Non-MFIs excluding central government sector, denominated in Euro, data Neither seasonally nor working day adjusted",EUR,6
BSI.M.U2.N.V.M20.X.1.U2.2300.Z01.E,M,U2,N,V,M20,X,1,U2,2300,Z01,E,2005-08,5859423,A,F,,,P1M,,E,,,,,,,,,2,,,"Monetary aggregate M2, Stocks","Euro area (changing composition), Outstanding amounts at the end of the period (stocks), MFIs, central government and post office giro institutions reporting sector - Monetary aggregate M2, All currencies combined - Euro area (changing composition) counterpart, Non-MFIs excluding central government sector, denominated in Euro, data Neither seasonally nor working day adjusted",EUR,6
BSI.M.U2.N.V.M20.X.1.U2.2300.Z01.E,M,U2,N,V,M20,X,1,U2,2300,Z01,E,2005-09,5939643,A,F,,,P1M,,E,,,,,,,,,2,,,"Monetary aggregate M2, Stocks","Euro area (changing composition), Outstanding amounts at the end of the period (stocks), MFIs, central government and post office giro institutions reporting sector - Monetary aggregate M2, All currencies combined - Euro area (changing composition) counterpart, Non-MFIs excluding central government sector, denominated in Euro, data Neither seasonally nor working day adjusted",EUR,6
BSI.M.U2.N.V.M20.X.1.U2.2300.Z01.E,M,U2,N,V,M20,X,1,U2,2300,Z01,E,2005-10,5976941,A,F,,,P1M,,E,,,,,,,,,2,,,"Monetary aggregate M2, Stocks","Euro area (changing composition), Outstanding amounts at the end of the period (stocks), MFIs, central government and post office giro institutions reporting sector - Monetary aggregate M2, All currencies combined - Euro area (changing composition) counterpart, Non-MFIs excluding central government sector, denominated in Euro, data Neither seasonally nor working day adjusted",EUR,6
BSI.M.U2.N.V.M20.X.1.U2.2300.Z01.E,M,U2,N,V,M20,X,1,U2,2300,Z01,E,2005-11,6002366,A,F,,,P1M,,E,,,,,,,,,2,,,"Monetary aggregate M2, Stocks","Euro area (changing composition), Outstanding amounts at the end of the period (stocks), MFIs, central government and post office giro institutions reporting sector - Monetary aggregate M2, All currencies combined - Euro area (changing composition) counterpart, Non-MFIs excluding central government sector, denominated in Euro, data Neither seasonally nor working day adjusted",EUR,6
BSI.M.U2.N.V.M20.X.1.U2.2300.Z01.E,M,U2,N,V,M20,X,1,U2,2300,Z01,E,2005-12,6168737,A,F,,,P1M,,E,,,,,,,,,2,,,"Monetary aggregate M2, Stocks","Euro area (changing composition), Outstanding amounts at the end of the period (stocks), MFIs, central government and post office giro institutions reporting sector - Monetary aggregate M2, All currencies combined - Euro area (changing composition) counterpart, Non-MFIs excluding central government sector, denominated in Euro, data Neither seasonally nor working day adjusted",EUR,6
BSI.M.U2.N.V.M20.X.1.U2.2300.Z01.E,M,U2,N,V,M20,X,1,U2,2300,Z01,E,2006-01,6134008,A,F,,,P1M,,E,,,,,,,,,2,,,"Monetary aggregate M2, Stocks","Euro area (changing composition), Outstanding amounts at the end of the period (stocks), MFIs, central government and post office giro institutions reporting sector - Monetary aggregate M2, All currencies combined - Euro area (changing composition) counterpart, Non-MFIs excluding central government sector, denominated in Euro, data Neither seasonally nor working day adjusted",EUR,6
BSI.M.U2.N.V.M20.X.1.U2.2300.Z01.E,M,U2,N,V,M20,X,1,U2,2300,Z01,E,2006-02,6157331,A,F,,,P1M,,E,,,,,,,,,2,,,"Monetary aggregate M2, Stocks","Euro area (changing composition), Outstanding amounts at the end of the period (stocks), MFIs, central government and post office giro institutions reporting sector - Monetary aggregate M2, All currencies combined - Euro area (changing composition) counterpart, Non-MFIs excluding central government sector, denominated in Euro, data Neither seasonally nor working day adjusted",EUR,6
BSI.M.U2.N.V.M20.X.1.U2.2300.Z01.E,M,U2,N,V,M20,X,1,U2,2300,Z01,E,2006-03,6212517,A,F,,,P1M,,E,,,,,,,,,2,,,"Monetary aggregate M2, Stocks","Euro area (changing composition), Outstanding amounts at the end of the period (stocks), MFIs, central government and post office giro institutions reporting sector - Monetary aggregate M2, All currencies combined - Euro area (changing composition) counterpart, Non-MFIs excluding central government sector, denominated in Euro, data Neither seasonally nor working day adjusted",EUR,6
BSI.M.U2.N.V.M20.X.1.U2.2300.Z01.E,M,U2,N,V,M20,X,1,U2,2300,Z01,E,2006-04,6316677,A,F,,,P1M,,E,,,,,,,,,2,,,"Monetary aggregate M2, Stocks","Euro area (changing composition), Outstanding amounts at the end of the period (stocks), MFIs, central government and post office giro institutions reporting sector - Monetary aggregate M2, All currencies combined - Euro area (changing composition) counterpart, Non-MFIs excluding central government sector, denominated in Euro, data Neither seasonally nor working day adjusted",EUR,6
BSI.M.U2.N.V.M20.X.1.U2.2300.Z01.E,M,U2,N,V,M20,X,1,U2,2300,Z01,E,2006-05,6321177,A,F,,,P1M,,E,,,,,,,,,2,,,"Monetary aggregate M2, Stocks","Euro area (changing composition), Outstanding amounts at the end of the period (stocks), MFIs, central government and post office giro institutions reporting sector - Monetary aggregate M2, All currencies combined - Euro area (changing composition) counterpart, Non-MFIs excluding central government sector, denominated in Euro, data Neither seasonally nor working day adjusted",EUR,6
BSI.M.U2.N.V.M20.X.1.U2.2300.Z01.E,M,U2,N,V,M20,X,1,U2,2300,Z01,E,2006-06,6386776,A,F,,,P1M,,E,,,,,,,,,2,,,"Monetary aggregate M2, Stocks","Euro area (changing composition), Outstanding amounts at the end of the period (stocks), MFIs, central government and post office giro institutions reporting sector - Monetary aggregate M2, All currencies combined - Euro area (changing composition) counterpart, Non-MFIs excluding central government sector, denominated in Euro, data Neither seasonally nor working day adjusted",EUR,6
BSI.M.U2.N.V.M20.X.1.U2.2300.Z01.E,M,U2,N,V,M20,X,1,U2,2300,Z01,E,2006-07,6382249,A,F,,,P1M,,E,,,,,,,,,2,,,"Monetary aggregate M2, Stocks","Euro area (changing composition), Outstanding amounts at the end of the period (stocks), MFIs, central government and post office giro institutions reporting sector - Monetary aggregate M2, All currencies combined - Euro area (changing composition) counterpart, Non-MFIs excluding central government sector, denominated in Euro, data Neither seasonally nor working day adjusted",EUR,6
BSI.M.U2.N.V.M20.X.1.U2.2300.Z01.E,M,U2,N,V,M20,X,1,U2,2300,Z01,E,2006-08,6360016,A,F,,,P1M,,E,,,,,,,,,2,,,"Monetary aggregate M2, Stocks","Euro area (changing composition), Outstanding amounts at the end of the period (stocks), MFIs, central government and post office giro institutions reporting sector - Monetary aggregate M2, All currencies combined - Euro area (changing composition) counterpart, Non-MFIs excluding central government sector, denominated in Euro, data Neither seasonally nor working day adjusted",EUR,6
BSI.M.U2.N.V.M20.X.1.U2.2300.Z01.E,M,U2,N,V,M20,X,1,U2,2300,Z01,E,2006-09,6461105,A,F,,,P1M,,E,,,,,,,,,2,,,"Monetary aggregate M2, Stocks","Euro area (changing composition), Outstanding amounts at the end of the period (stocks), MFIs, central government and post office giro institutions reporting sector - Monetary aggregate M2, All currencies combined - Euro area (changing composition) counterpart, Non-MFIs excluding central government sector, denominated in Euro, data Neither seasonally nor working day adjusted",EUR,6
BSI.M.U2.N.V.M20.X.1.U2.2300.Z01.E,M,U2,N,V,M20,X,1,U2,2300,Z01,E,2006-10,6472185,A,F,,,P1M,,E,,,,,,,,,2,,,"Monetary aggregate M2, Stocks","Euro area (changing composition), Outstanding amounts at the end of the period (stocks), MFIs, central government and post office giro institutions reporting sector - Monetary aggregate M2, All currencies combined - Euro area (changing composition) counterpart, Non-MFIs excluding central government sector, denominated in Euro, data Neither seasonally nor working day adjusted",EUR,6
BSI.M.U2.N.V.M20.X.1.U2.2300.Z01.E,M,U2,N,V,M20,X,1,U2,2300,Z01,E,2006-11,6535927,A,F,,,P1M,,E,,,,,,,,,2,,,"Monetary aggregate M2, Stocks","Euro area (changing composition), Outstanding amounts at the end of the period (stocks), MFIs, central government and post office giro institutions reporting sector - Monetary aggregate M2, All currencies combined - Euro area (changing composition) counterpart, Non-MFIs excluding central government sector, denominated in Euro, data Neither seasonally nor working day adjusted",EUR,6
BSI.M.U2.N.V.M20.X.1.U2.2300.Z01.E,M,U2,N,V,M20,X,1,U2,2300,Z01,E,2006-12,6743791,A,F,,,P1M,,E,,,,,,,,,2,,,"Monetary aggregate M2, Stocks","Euro area (changing composition), Outstanding amounts at the end of the period (stocks), MFIs, central government and post office giro institutions reporting sector - Monetary aggregate M2, All currencies combined - Euro area (changing composition) counterpart, Non-MFIs excluding central government sector, denominated in Euro, data Neither seasonally nor working day adjusted",EUR,6
BSI.M.U2.N.V.M20.X.1.U2.2300.Z01.E,M,U2,N,V,M20,X,1,U2,2300,Z01,E,2007-01,6704078.691,A,F,,,P1M,,E,,,,,,,,,2,,,"Monetary aggregate M2, Stocks","Euro area (changing composition), Outstanding amounts at the end of the period (stocks), MFIs, central government and post office giro institutions reporting sector - Monetary aggregate M2, All currencies combined - Euro area (changing composition) counterpart, Non-MFIs excluding central government sector, denominated in Euro, data Neither seasonally nor working day adjusted",EUR,6
BSI.M.U2.N.V.M20.X.1.U2.2300.Z01.E,M,U2,N,V,M20,X,1,U2,2300,Z01,E,2007-02,6707663.587,A,F,,,P1M,,E,,,,,,,,,2,,,"Monetary aggregate M2, Stocks","Euro area (changing composition), Outstanding amounts at the end of the period (stocks), MFIs, central government and post office giro institutions reporting sector - Monetary aggregate M2, All currencies combined - Euro area (changing composition) counterpart, Non-MFIs excluding central government sector, denominated in Euro, data Neither seasonally nor working day adjusted",EUR,6
BSI.M.U2.N.V.M20.X.1.U2.2300.Z01.E,M,U2,N,V,M20,X,1,U2,2300,Z01,E,2007-03,6830308.977,A,F,,,P1M,,E,,,,,,,,,2,,,"Monetary aggregate M2, Stocks","Euro area (changing composition), Outstanding amounts at the end of the period (stocks), MFIs, central government and post office giro institutions reporting sector - Monetary aggregate M2, All currencies combined - Euro area (changing composition) counterpart, Non-MFIs excluding central government sector, denominated in Euro, data Neither seasonally nor working day adjusted",EUR,6
BSI.M.U2.N.V.M20.X.1.U2.2300.Z01.E,M,U2,N,V,M20,X,1,U2,2300,Z01,E,2007-04,6875257.541999999,A,F,,,P1M,,E,,,,,,,,,2,,,"Monetary aggregate M2, Stocks","Euro area (changing composition), Outstanding amounts at the end of the period (stocks), MFIs, central government and post office giro institutions reporting sector - Monetary aggregate M2, All currencies combined - Euro area (changing composition) counterpart, Non-MFIs excluding central government sector, denominated in Euro, data Neither seasonally nor working day adjusted",EUR,6
BSI.M.U2.N.V.M20.X.1.U2.2300.Z01.E,M,U2,N,V,M20,X,1,U2,2300,Z01,E,2007-05,6928872.605,A,F,,,P1M,,E,,,,,,,,,2,,,"Monetary aggregate M2, Stocks","Euro area (changing composition), Outstanding amounts at the end of the period (stocks), MFIs, central government and post office giro institutions reporting sector - Monetary aggregate M2, All currencies combined - Euro area (changing composition) counterpart, Non-MFIs excluding central government sector, denominated in Euro, data Neither seasonally nor working day adjusted",EUR,6
BSI.M.U2.N.V.M20.X.1.U2.2300.Z01.E,M,U2,N,V,M20,X,1,U2,2300,Z01,E,2007-06,7023576.913,A,F,,,P1M,,E,,,,,,,,,2,,,"Monetary aggregate M2, Stocks","Euro area (changing composition), Outstanding amounts at the end of the period (stocks), MFIs, central government and post office giro institutions reporting sector - Monetary aggregate M2, All currencies combined - Euro area (changing composition) counterpart, Non-MFIs excluding central government sector, denominated in Euro, data Neither seasonally nor working day adjusted",EUR,6
BSI.M.U2.N.V.M20.X.1.U2.2300.Z01.E,M,U2,N,V,M20,X,1,U2,2300,Z01,E,2007-07,7063718.3100000005,A,F,,,P1M,,E,,,,,,,,,2,,,"Monetary aggregate M2, Stocks","Euro area (changing composition), Outstanding amounts at the end of the period (stocks), MFIs, central government and post office giro institutions reporting sector - Monetary aggregate M2, All currencies combined - Euro area (changing composition) counterpart, Non-MFIs excluding central government sector, denominated in Euro, data Neither seasonally nor working day adjusted",EUR,6
BSI.M.U2.N.V.M20.X.1.U2.2300.Z01.E,M,U2,N,V,M20,X,1,U2,2300,Z01,E,2007-08,7044759.3,A,F,,,P1M,,E,,,,,,,,,2,,,"Monetary aggregate M2, Stocks","Euro area (changing composition), Outstanding amounts at the end of the period (stocks), MFIs, central government and post office giro institutions reporting sector - Monetary aggregate M2, All currencies combined - Euro area (changing composition) counterpart, Non-MFIs excluding central government sector, denominated in Euro, data Neither seasonally nor working day adjusted",EUR,6
BSI.M.U2.N.V.M20.X.1.U2.2300.Z01.E,M,U2,N,V,M20,X,1,U2,2300,Z01,E,2007-09,7140136.015000001,A,F,,,P1M,,E,,,,,,,,,2,,,"Monetary aggregate M2, Stocks","Euro area (changing composition), Outstanding amounts at the end of the period (stocks), MFIs, central government and post office giro institutions reporting sector - Monetary aggregate M2, All currencies combined - Euro area (changing composition) counterpart, Non-MFIs excluding central government sector, denominated in Euro, data Neither seasonally nor working day adjusted",EUR,6
BSI.M.U2.N.V.M20.X.1.U2.2300.Z01.E,M,U2,N,V,M20,X,1,U2,2300,Z01,E,2007-10,7229789.163,A,F,,,P1M,,E,,,,,,,,,2,,,"Monetary aggregate M2, Stocks","Euro area (changing composition), Outstanding amounts at the end of the period (stocks), MFIs, central government and post office giro institutions reporting sector - Monetary aggregate M2, All currencies combined - Euro area (changing composition) counterpart, Non-MFIs excluding central government sector, denominated in Euro, data Neither seasonally nor working day adjusted",EUR,6
BSI.M.U2.N.V.M20.X.1.U2.2300.Z01.E,M,U2,N,V,M20,X,1,U2,2300,Z01,E,2007-11,7288789.242000001,A,F,,,P1M,,E,,,,,,,,,2,,,"Monetary aggregate M2, Stocks","Euro area (changing composition), Outstanding amounts at the end of the period (stocks), MFIs, central government and post office giro institutions reporting sector - Monetary aggregate M2, All currencies combined - Euro area (changing composition) counterpart, Non-MFIs excluding central government sector, denominated in Euro, data Neither seasonally nor working day adjusted",EUR,6
BSI.M.U2.N.V.M20.X.1.U2.2300.Z01.E,M,U2,N,V,M20,X,1,U2,2300,Z01,E,2007-12,7436873.890000001,A,F,,,P1M,,E,,,,,,,,,2,,,"Monetary aggregate M2, Stocks","Euro area (changing composition), Outstanding amounts at the end of the period (stocks), MFIs, central government and post office giro institutions reporting sector - Monetary aggregate M2, All currencies combined - Euro area (changing composition) counterpart, Non-MFIs excluding central government sector, denominated in Euro, data Neither seasonally nor working day adjusted",EUR,6
BSI.M.U2.N.V.M20.X.1.U2.2300.Z01.E,M,U2,N,V,M20,X,1,U2,2300,Z01,E,2008-01,7449456.192,A,F,,,P1M,,E,,,,,,,,,2,,,"Monetary aggregate M2, Stocks","Euro area (changing composition), Outstanding amounts at the end of the period (stocks), MFIs, central government and post office giro institutions reporting sector - Monetary aggregate M2, All currencies combined - Euro area (changing composition) counterpart, Non-MFIs excluding central government sector, denominated in Euro, data Neither seasonally nor working day adjusted",EUR,6
BSI.M.U2.N.V.M20.X.1.U2.2300.Z01.E,M,U2,N,V,M20,X,1,U2,2300,Z01,E,2008-02,7471674.821,A,F,,,P1M,,E,,,,,,,,,2,,,"Monetary aggregate M2, Stocks","Euro area (changing composition), Outstanding amounts at the end of the period (stocks), MFIs, central government and post office giro institutions reporting sector - Monetary aggregate M2, All currencies combined - Euro area (changing composition) counterpart, Non-MFIs excluding central government sector, denominated in Euro, data Neither seasonally nor working day adjusted",EUR,6
BSI.M.U2.N.V.M20.X.1.U2.2300.Z01.E,M,U2,N,V,M20,X,1,U2,2300,Z01,E,2008-03,7544870.828,A,F,,,P1M,,E,,,,,,,,,2,,,"Monetary aggregate M2, Stocks","Euro area (changing composition), Outstanding amounts at the end of the period (stocks), MFIs, central government and post office giro institutions reporting sector - Monetary aggregate M2, All currencies combined - Euro area (changing composition) counterpart, Non-MFIs excluding central government sector, denominated in Euro, data Neither seasonally nor working day adjusted",EUR,6
BSI.M.U2.N.V.M20.X.1.U2.2300.Z01.E,M,U2,N,V,M20,X,1,U2,2300,Z01,E,2008-04,7625570.923,A,F,,,P1M,,E,,,,,,,,,2,,,"Monetary aggregate M2, Stocks","Euro area (changing composition), Outstanding amounts at the end of the period (stocks), MFIs, central government and post office giro institutions reporting sector - Monetary aggregate M2, All currencies combined - Euro area (changing composition) counterpart, Non-MFIs excluding central government sector, denominated in Euro, data Neither seasonally nor working day adjusted",EUR,6
BSI.M.U2.N.V.M20.X.1.U2.2300.Z01.E,M,U2,N,V,M20,X,1,U2,2300,Z01,E,2008-05,7688719.573,A,F,,,P1M,,E,,,,,,,,,2,,,"Monetary aggregate M2, Stocks","Euro area (changing composition), Outstanding amounts at the end of the period (stocks), MFIs, central government and post office giro institutions reporting sector - Monetary aggregate M2, All currencies combined - Euro area (changing composition) counterpart, Non-MFIs excluding central government sector, denominated in Euro, data Neither seasonally nor working day adjusted",EUR,6
BSI.M.U2.N.V.M20.X.1.U2.2300.Z01.E,M,U2,N,V,M20,X,1,U2,2300,Z01,E,2008-06,7734626.558,A,F,,,P1M,,E,,,,,,,,,2,,,"Monetary aggregate M2, Stocks","Euro area (changing composition), Outstanding amounts at the end of the period (stocks), MFIs, central government and post office giro institutions reporting sector - Monetary aggregate M2, All currencies combined - Euro area (changing composition) counterpart, Non-MFIs excluding central government sector, denominated in Euro, data Neither seasonally nor working day adjusted",EUR,6
BSI.M.U2.N.V.M20.X.1.U2.2300.Z01.E,M,U2,N,V,M20,X,1,U2,2300,Z01,E,2008-07,7750323.862,A,F,,,P1M,,E,,,,,,,,,2,,,"Monetary aggregate M2, Stocks","Euro area (changing composition), Outstanding amounts at the end of the period (stocks), MFIs, central government and post office giro institutions reporting sector - Monetary aggregate M2, All currencies combined - Euro area (changing composition) counterpart, Non-MFIs excluding central government sector, denominated in Euro, data Neither seasonally nor working day adjusted",EUR,6
BSI.M.U2.N.V.M20.X.1.U2.2300.Z01.E,M,U2,N,V,M20,X,1,U2,2300,Z01,E,2008-08,7759475.672,A,F,,,P1M,,E,,,,,,,,,2,,,"Monetary aggregate M2, Stocks","Euro area (changing composition), Outstanding amounts at the end of the period (stocks), MFIs, central government and post office giro institutions reporting sector - Monetary aggregate M2, All currencies combined - Euro area (changing composition) counterpart, Non-MFIs excluding central government sector, denominated in Euro, data Neither seasonally nor working day adjusted",EUR,6
BSI.M.U2.N.V.M20.X.1.U2.2300.Z01.E,M,U2,N,V,M20,X,1,U2,2300,Z01,E,2008-09,7839898.817,A,F,,,P1M,,E,,,,,,,,,2,,,"Monetary aggregate M2, Stocks","Euro area (changing composition), Outstanding amounts at the end of the period (stocks), MFIs, central government and post office giro institutions reporting sector - Monetary aggregate M2, All currencies combined - Euro area (changing composition) counterpart, Non-MFIs excluding central government sector, denominated in Euro, data Neither seasonally nor working day adjusted",EUR,6
BSI.M.U2.N.V.M20.X.1.U2.2300.Z01.E,M,U2,N,V,M20,X,1,U2,2300,Z01,E,2008-10,7972122,A,F,,,P1M,,E,,,,,,,,,2,,,"Monetary aggregate M2, Stocks","Euro area (changing composition), Outstanding amounts at the end of the period (stocks), MFIs, central government and post office giro institutions reporting sector - Monetary aggregate M2, All currencies combined - Euro area (changing composition) counterpart, Non-MFIs excluding central government sector, denominated in Euro, data Neither seasonally nor working day adjusted",EUR,6
BSI.M.U2.N.V.M20.X.1.U2.2300.Z01.E,M,U2,N,V,M20,X,1,U2,2300,Z01,E,2008-11,8018985.084,A,F,,,P1M,,E,,,,,,,,,2,,,"Monetary aggregate M2, Stocks","Euro area (changing composition), Outstanding amounts at the end of the period (stocks), MFIs, central government and post office giro institutions reporting sector - Monetary aggregate M2, All currencies combined - Euro area (changing composition) counterpart, Non-MFIs excluding central government sector, denominated in Euro, data Neither seasonally nor working day adjusted",EUR,6
BSI.M.U2.N.V.M20.X.1.U2.2300.Z01.E,M,U2,N,V,M20,X,1,U2,2300,Z01,E,2008-12,8103056.977,A,F,,,P1M,,E,,,,,,,,,2,,,"Monetary aggregate M2, Stocks","Euro area (changing composition), Outstanding amounts at the end of the period (stocks), MFIs, central government and post office giro institutions reporting sector - Monetary aggregate M2, All currencies combined - Euro area (changing composition) counterpart, Non-MFIs excluding central government sector, denominated in Euro, data Neither seasonally nor working day adjusted",EUR,6
BSI.M.U2.N.V.M20.X.1.U2.2300.Z01.E,M,U2,N,V,M20,X,1,U2,2300,Z01,E,2009-01,8101892.20898057,A,F,,,P1M,,E,,,,,,,,,2,,,"Monetary aggregate M2, Stocks","Euro area (changing composition), Outstanding amounts at the end of the period (stocks), MFIs, central government and post office giro institutions reporting sector - Monetary aggregate M2, All currencies combined - Euro area (changing composition) counterpart, Non-MFIs excluding central government sector, denominated in Euro, data Neither seasonally nor working day adjusted",EUR,6
BSI.M.U2.N.V.M20.X.1.U2.2300.Z01.E,M,U2,N,V,M20,X,1,U2,2300,Z01,E,2009-02,8093799.24290069,A,F,,,P1M,,E,,,,,,,,,2,,,"Monetary aggregate M2, Stocks","Euro area (changing composition), Outstanding amounts at the end of the period (stocks), MFIs, central government and post office giro institutions reporting sector - Monetary aggregate M2, All currencies combined - Euro area (changing composition) counterpart, Non-MFIs excluding central government sector, denominated in Euro, data Neither seasonally nor working day adjusted",EUR,6
BSI.M.U2.N.V.M20.X.1.U2.2300.Z01.E,M,U2,N,V,M20,X,1,U2,2300,Z01,E,2009-03,8094023.22982167,A,F,,,P1M,,E,,,,,,,,,2,,,"Monetary aggregate M2, Stocks","Euro area (changing composition), Outstanding amounts at the end of the period (stocks), MFIs, central government and post office giro institutions reporting sector - Monetary aggregate M2, All currencies combined - Euro area (changing composition) counterpart, Non-MFIs excluding central government sector, denominated in Euro, data Neither seasonally nor working day adjusted",EUR,6
BSI.M.U2.N.V.M20.X.1.U2.2300.Z01.E,M,U2,N,V,M20,X,1,U2,2300,Z01,E,2009-04,8164981.3185027,A,F,,,P1M,,E,,,,,,,,,2,,,"Monetary aggregate M2, Stocks","Euro area (changing composition), Outstanding amounts at the end of the period (stocks), MFIs, central government and post office giro institutions reporting sector - Monetary aggregate M2, All currencies combined - Euro area (changing composition) counterpart, Non-MFIs excluding central government sector, denominated in Euro, data Neither seasonally nor working day adjusted",EUR,6
BSI.M.U2.N.V.M20.X.1.U2.2300.Z01.E,M,U2,N,V,M20,X,1,U2,2300,Z01,E,2009-05,8157431.58660773,A,F,,,P1M,,E,,,,,,,,,2,,,"Monetary aggregate M2, Stocks","Euro area (changing composition), Outstanding amounts at the end of the period (stocks), MFIs, central government and post office giro institutions reporting sector - Monetary aggregate M2, All currencies combined - Euro area (changing composition) counterpart, Non-MFIs excluding central government sector, denominated in Euro, data Neither seasonally nor working day adjusted",EUR,6
BSI.M.U2.N.V.M20.X.1.U2.2300.Z01.E,M,U2,N,V,M20,X,1,U2,2300,Z01,E,2009-06,8186152.5651904,A,F,,,P1M,,E,,,,,,,,,2,,,"Monetary aggregate M2, Stocks","Euro area (changing composition), Outstanding amounts at the end of the period (stocks), MFIs, central government and post office giro institutions reporting sector - Monetary aggregate M2, All currencies combined - Euro area (changing composition) counterpart, Non-MFIs excluding central government sector, denominated in Euro, data Neither seasonally nor working day adjusted",EUR,6
BSI.M.U2.N.V.M20.X.1.U2.2300.Z01.E,M,U2,N,V,M20,X,1,U2,2300,Z01,E,2009-07,8170120.43218974,A,F,,,P1M,,E,,,,,,,,,2,,,"Monetary aggregate M2, Stocks","Euro area (changing composition), Outstanding amounts at the end of the period (stocks), MFIs, central government and post office giro institutions reporting sector - Monetary aggregate M2, All currencies combined - Euro area (changing composition) counterpart, Non-MFIs excluding central government sector, denominated in Euro, data Neither seasonally nor working day adjusted",EUR,6
BSI.M.U2.N.V.M20.X.1.U2.2300.Z01.E,M,U2,N,V,M20,X,1,U2,2300,Z01,E,2009-08,8152961.54584248,A,F,,,P1M,,E,,,,,,,,,2,,,"Monetary aggregate M2, Stocks","Euro area (changing composition), Outstanding amounts at the end of the period (stocks), MFIs, central government and post office giro institutions reporting sector - Monetary aggregate M2, All currencies combined - Euro area (changing composition) counterpart, Non-MFIs excluding central government sector, denominated in Euro, data Neither seasonally nor working day adjusted",EUR,6
BSI.M.U2.N.V.M20.X.1.U2.2300.Z01.E,M,U2,N,V,M20,X,1,U2,2300,Z01,E,2009-09,8153645.38743997,A,F,,,P1M,,E,,,,,,,,,2,,,"Monetary aggregate M2, Stocks","Euro area (changing composition), Outstanding amounts at the end of the period (stocks), MFIs, central government and post office giro institutions reporting sector - Monetary aggregate M2, All currencies combined - Euro area (changing composition) counterpart, Non-MFIs excluding central government sector, denominated in Euro, data Neither seasonally nor working day adjusted",EUR,6
BSI.M.U2.N.V.M20.X.1.U2.2300.Z01.E,M,U2,N,V,M20,X,1,U2,2300,Z01,E,2009-10,8178413.50018856,A,F,,,P1M,,E,,,,,,,,,2,,,"Monetary aggregate M2, Stocks","Euro area (changing composition), Outstanding amounts at the end of the period (stocks), MFIs, central government and post office giro institutions reporting sector - Monetary aggregate M2, All currencies combined - Euro area (changing composition) counterpart, Non-MFIs excluding central government sector, denominated in Euro, data Neither seasonally nor working day adjusted",EUR,6
BSI.M.U2.N.V.M20.X.1.U2.2300.Z01.E,M,U2,N,V,M20,X,1,U2,2300,Z01,E,2009-11,8169984.23788894,A,F,,,P1M,,E,,,,,,,,,2,,,"Monetary aggregate M2, Stocks","Euro area (changing composition), Outstanding amounts at the end of the period (stocks), MFIs, central government and post office giro institutions reporting sector - Monetary aggregate M2, All currencies combined - Euro area (changing composition) counterpart, Non-MFIs excluding central government sector, denominated in Euro, data Neither seasonally nor working day adjusted",EUR,6
BSI.M.U2.N.V.M20.X.1.U2.2300.Z01.E,M,U2,N,V,M20,X,1,U2,2300,Z01,E,2009-12,8275090.59357466,A,F,,,P1M,,E,,,,,,,,,2,,,"Monetary aggregate M2, Stocks","Euro area (changing composition), Outstanding amounts at the end of the period (stocks), MFIs, central government and post office giro institutions reporting sector - Monetary aggregate M2, All currencies combined - Euro area (changing composition) counterpart, Non-MFIs excluding central government sector, denominated in Euro, data Neither seasonally nor working day adjusted",EUR,6
BSI.M.U2.N.V.M20.X.1.U2.2300.Z01.E,M,U2,N,V,M20,X,1,U2,2300,Z01,E,2010-01,8234925.06628253,A,F,,,P1M,,E,,,,,,,,,2,,,"Monetary aggregate M2, Stocks","Euro area (changing composition), Outstanding amounts at the end of the period (stocks), MFIs, central government and post office giro institutions reporting sector - Monetary aggregate M2, All currencies combined - Euro area (changing composition) counterpart, Non-MFIs excluding central government sector, denominated in Euro, data Neither seasonally nor working day adjusted",EUR,6
BSI.M.U2.N.V.M20.X.1.U2.2300.Z01.E,M,U2,N,V,M20,X,1,U2,2300,Z01,E,2010-02,8210916.122429321,A,F,,,P1M,,E,,,,,,,,,2,,,"Monetary aggregate M2, Stocks","Euro area (changing composition), Outstanding amounts at the end of the period (stocks), MFIs, central government and post office giro institutions reporting sector - Monetary aggregate M2, All currencies combined - Euro area (changing composition) counterpart, Non-MFIs excluding central government sector, denominated in Euro, data Neither seasonally nor working day adjusted",EUR,6
BSI.M.U2.N.V.M20.X.1.U2.2300.Z01.E,M,U2,N,V,M20,X,1,U2,2300,Z01,E,2010-03,8209451.52525119,A,F,,,P1M,,E,,,,,,,,,2,,,"Monetary aggregate M2, Stocks","Euro area (changing composition), Outstanding amounts at the end of the period (stocks), MFIs, central government and post office giro institutions reporting sector - Monetary aggregate M2, All currencies combined - Euro area (changing composition) counterpart, Non-MFIs excluding central government sector, denominated in Euro, data Neither seasonally nor working day adjusted",EUR,6
BSI.M.U2.N.V.M20.X.1.U2.2300.Z01.E,M,U2,N,V,M20,X,1,U2,2300,Z01,E,2010-04,8268951.735512,A,F,,,P1M,,E,,,,,,,,,2,,,"Monetary aggregate M2, Stocks","Euro area (changing composition), Outstanding amounts at the end of the period (stocks), MFIs, central government and post office giro institutions reporting sector - Monetary aggregate M2, All currencies combined - Euro area (changing composition) counterpart, Non-MFIs excluding central government sector, denominated in Euro, data Neither seasonally nor working day adjusted",EUR,6
BSI.M.U2.N.V.M20.X.1.U2.2300.Z01.E,M,U2,N,V,M20,X,1,U2,2300,Z01,E,2010-05,8301215.079496739,A,F,,,P1M,,E,,,,,,,,,2,,,"Monetary aggregate M2, Stocks","Euro area (changing composition), Outstanding amounts at the end of the period (stocks), MFIs, central government and post office giro institutions reporting sector - Monetary aggregate M2, All currencies combined - Euro area (changing composition) counterpart, Non-MFIs excluding central government sector, denominated in Euro, data Neither seasonally nor working day adjusted",EUR,6
BSI.M.U2.N.V.M20.X.1.U2.2300.Z01.E,M,U2,N,V,M20,X,1,U2,2300,Z01,E,2010-06,8333155.33258582,A,F,,,P1M,,E,,,,,,,,,2,,,"Monetary aggregate M2, Stocks","Euro area (changing composition), Outstanding amounts at the end of the period (stocks), MFIs, central government and post office giro institutions reporting sector - Monetary aggregate M2, All currencies combined - Euro area (changing composition) counterpart, Non-MFIs excluding central government sector, denominated in Euro, data Neither seasonally nor working day adjusted",EUR,6
BSI.M.U2.N.V.M20.X.1.U2.2300.Z01.E,M,U2,N,V,M20,X,1,U2,2300,Z01,E,2010-07,8337672.908190399,A,F,,,P1M,,E,,,,,,,,,2,,,"Monetary aggregate M2, Stocks","Euro area (changing composition), Outstanding amounts at the end of the period (stocks), MFIs, central government and post office giro institutions reporting sector - Monetary aggregate M2, All currencies combined - Euro area (changing composition) counterpart, Non-MFIs excluding central government sector, denominated in Euro, data Neither seasonally nor working day adjusted",EUR,6
BSI.M.U2.N.V.M20.X.1.U2.2300.Z01.E,M,U2,N,V,M20,X,1,U2,2300,Z01,E,2010-08,8342473.5414477,A,F,,,P1M,,E,,,,,,,,,2,,,"Monetary aggregate M2, Stocks","Euro area (changing composition), Outstanding amounts at the end of the period (stocks), MFIs, central government and post office giro institutions reporting sector - Monetary aggregate M2, All currencies combined - Euro area (changing composition) counterpart, Non-MFIs excluding central government sector, denominated in Euro, data Neither seasonally nor working day adjusted",EUR,6
BSI.M.U2.N.V.M20.X.1.U2.2300.Z01.E,M,U2,N,V,M20,X,1,U2,2300,Z01,E,2010-09,8344372.86900363,A,F,,,P1M,,E,,,,,,,,,2,,,"Monetary aggregate M2, Stocks","Euro area (changing composition), Outstanding amounts at the end of the period (stocks), MFIs, central government and post office giro institutions reporting sector - Monetary aggregate M2, All currencies combined - Euro area (changing composition) counterpart, Non-MFIs excluding central government sector, denominated in Euro, data Neither seasonally nor working day adjusted",EUR,6
BSI.M.U2.N.V.M20.X.1.U2.2300.Z01.E,M,U2,N,V,M20,X,1,U2,2300,Z01,E,2010-10,8378476.20665908,A,F,,,P1M,,E,,,,,,,,,2,,,"Monetary aggregate M2, Stocks","Euro area (changing composition), Outstanding amounts at the end of the period (stocks), MFIs, central government and post office giro institutions reporting sector - Monetary aggregate M2, All currencies combined - Euro area (changing composition) counterpart, Non-MFIs excluding central government sector, denominated in Euro, data Neither seasonally nor working day adjusted",EUR,6
BSI.M.U2.N.V.M20.X.1.U2.2300.Z01.E,M,U2,N,V,M20,X,1,U2,2300,Z01,E,2010-11,8388300.57221424,A,F,,,P1M,,E,,,,,,,,,2,,,"Monetary aggregate M2, Stocks","Euro area (changing composition), Outstanding amounts at the end of the period (stocks), MFIs, central government and post office giro institutions reporting sector - Monetary aggregate M2, All currencies combined - Euro area (changing composition) counterpart, Non-MFIs excluding central government sector, denominated in Euro, data Neither seasonally nor working day adjusted",EUR,6
BSI.M.U2.N.V.M20.X.1.U2.2300.Z01.E,M,U2,N,V,M20,X,1,U2,2300,Z01,E,2010-12,8472295.45047781,A,F,,,P1M,,E,,,,,,,,,2,,,"Monetary aggregate M2, Stocks","Euro area (changing composition), Outstanding amounts at the end of the period (stocks), MFIs, central government and post office giro institutions reporting sector - Monetary aggregate M2, All currencies combined - Euro area (changing composition) counterpart, Non-MFIs excluding central government sector, denominated in Euro, data Neither seasonally nor working day adjusted",EUR,6
BSI.M.U2.N.V.M20.X.1.U2.2300.Z01.E,M,U2,N,V,M20,X,1,U2,2300,Z01,E,2011-01,8435754.595747389,A,F,,,P1M,,E,,,,,,,,,2,,,"Monetary aggregate M2, Stocks","Euro area (changing composition), Outstanding amounts at the end of the period (stocks), MFIs, central government and post office giro institutions reporting sector - Monetary aggregate M2, All currencies combined - Euro area (changing composition) counterpart, Non-MFIs excluding central government sector, denominated in Euro, data Neither seasonally nor working day adjusted",EUR,6
BSI.M.U2.N.V.M20.X.1.U2.2300.Z01.E,M,U2,N,V,M20,X,1,U2,2300,Z01,E,2011-02,8415890.11259062,A,F,,,P1M,,E,,,,,,,,,2,,,"Monetary aggregate M2, Stocks","Euro area (changing composition), Outstanding amounts at the end of the period (stocks), MFIs, central government and post office giro institutions reporting sector - Monetary aggregate M2, All currencies combined - Euro area (changing composition) counterpart, Non-MFIs excluding central government sector, denominated in Euro, data Neither seasonally nor working day adjusted",EUR,6
BSI.M.U2.N.V.M20.X.1.U2.2300.Z01.E,M,U2,N,V,M20,X,1,U2,2300,Z01,E,2011-03,8441079.81387905,A,F,,,P1M,,E,,,,,,,,,2,,,"Monetary aggregate M2, Stocks","Euro area (changing composition), Outstanding amounts at the end of the period (stocks), MFIs, central government and post office giro institutions reporting sector - Monetary aggregate M2, All currencies combined - Euro area (changing composition) counterpart, Non-MFIs excluding central government sector, denominated in Euro, data Neither seasonally nor working day adjusted",EUR,6
BSI.M.U2.N.V.M20.X.1.U2.2300.Z01.E,M,U2,N,V,M20,X,1,U2,2300,Z01,E,2011-04,8482014.95281524,A,F,,,P1M,,E,,,,,,,,,2,,,"Monetary aggregate M2, Stocks","Euro area (changing composition), Outstanding amounts at the end of the period (stocks), MFIs, central government and post office giro institutions reporting sector - Monetary aggregate M2, All currencies combined - Euro area (changing composition) counterpart, Non-MFIs excluding central government sector, denominated in Euro, data Neither seasonally nor working day adjusted",EUR,6
BSI.M.U2.N.V.M20.X.1.U2.2300.Z01.E,M,U2,N,V,M20,X,1,U2,2300,Z01,E,2011-05,8488119.15377038,A,F,,,P1M,,E,,,,,,,,,2,,,"Monetary aggregate M2, Stocks","Euro area (changing composition), Outstanding amounts at the end of the period (stocks), MFIs, central government and post office giro institutions reporting sector - Monetary aggregate M2, All currencies combined - Euro area (changing composition) counterpart, Non-MFIs excluding central government sector, denominated in Euro, data Neither seasonally nor working day adjusted",EUR,6
BSI.M.U2.N.V.M20.X.1.U2.2300.Z01.E,M,U2,N,V,M20,X,1,U2,2300,Z01,E,2011-06,8517983.799674291,A,F,,,P1M,,E,,,,,,,,,2,,,"Monetary aggregate M2, Stocks","Euro area (changing composition), Outstanding amounts at the end of the period (stocks), MFIs, central government and post office giro institutions reporting sector - Monetary aggregate M2, All currencies combined - Euro area (changing composition) counterpart, Non-MFIs excluding central government sector, denominated in Euro, data Neither seasonally nor working day adjusted",EUR,6
BSI.M.U2.N.V.M20.X.1.U2.2300.Z01.E,M,U2,N,V,M20,X,1,U2,2300,Z01,E,2011-07,8522261.98753033,A,F,,,P1M,,E,,,,,,,,,2,,,"Monetary aggregate M2, Stocks","Euro area (changing composition), Outstanding amounts at the end of the period (stocks), MFIs, central government and post office giro institutions reporting sector - Monetary aggregate M2, All currencies combined - Euro area (changing composition) counterpart, Non-MFIs excluding central government sector, denominated in Euro, data Neither seasonally nor working day adjusted",EUR,6
BSI.M.U2.N.V.M20.X.1.U2.2300.Z01.E,M,U2,N,V,M20,X,1,U2,2300,Z01,E,2011-08,8530700.17512969,A,F,,,P1M,,E,,,,,,,,,2,,,"Monetary aggregate M2, Stocks","Euro area (changing composition), Outstanding amounts at the end of the period (stocks), MFIs, central government and post office giro institutions reporting sector - Monetary aggregate M2, All currencies combined - Euro area (changing composition) counterpart, Non-MFIs excluding central government sector, denominated in Euro, data Neither seasonally nor working day adjusted",EUR,6
BSI.M.U2.N.V.M20.X.1.U2.2300.Z01.E,M,U2,N,V,M20,X,1,U2,2300,Z01,E,2011-09,8568032.09001305,A,F,,,P1M,,E,,,,,,,,,2,,,"Monetary aggregate M2, Stocks","Euro area (changing composition), Outstanding amounts at the end of the period (stocks), MFIs, central government and post office giro institutions reporting sector - Monetary aggregate M2, All currencies combined - Euro area (changing composition) counterpart, Non-MFIs excluding central government sector, denominated in Euro, data Neither seasonally nor working day adjusted",EUR,6
BSI.M.U2.N.V.M20.X.1.U2.2300.Z01.E,M,U2,N,V,M20,X,1,U2,2300,Z01,E,2011-10,8555870.47944616,A,F,,,P1M,,E,,,,,,,,,2,,,"Monetary aggregate M2, Stocks","Euro area (changing composition), Outstanding amounts at the end of the period (stocks), MFIs, central government and post office giro institutions reporting sector - Monetary aggregate M2, All currencies combined - Euro area (changing composition) counterpart, Non-MFIs excluding central government sector, denominated in Euro, data Neither seasonally nor working day adjusted",EUR,6
BSI.M.U2.N.V.M20.X.1.U2.2300.Z01.E,M,U2,N,V,M20,X,1,U2,2300,Z01,E,2011-11,8565194.56103023,A,F,,,P1M,,E,,,,,,,,,2,,,"Monetary aggregate M2, Stocks","Euro area (changing composition), Outstanding amounts at the end of the period (stocks), MFIs, central government and post office giro institutions reporting sector - Monetary aggregate M2, All currencies combined - Euro area (changing composition) counterpart, Non-MFIs excluding central government sector, denominated in Euro, data Neither seasonally nor working day adjusted",EUR,6
BSI.M.U2.N.V.M20.X.1.U2.2300.Z01.E,M,U2,N,V,M20,X,1,U2,2300,Z01,E,2011-12,8670606.56209211,A,F,,,P1M,,E,,,,,,,,,2,,,"Monetary aggregate M2, Stocks","Euro area (changing composition), Outstanding amounts at the end of the period (stocks), MFIs, central government and post office giro institutions reporting sector - Monetary aggregate M2, All currencies combined - Euro area (changing composition) counterpart, Non-MFIs excluding central government sector, denominated in Euro, data Neither seasonally nor working day adjusted",EUR,6
BSI.M.U2.N.V.M20.X.1.U2.2300.Z01.E,M,U2,N,V,M20,X,1,U2,2300,Z01,E,2012-01,8640110.635049794,A,F,,,P1M,,E,,,,,,,,,2,,,"Monetary aggregate M2, Stocks","Euro area (changing composition), Outstanding amounts at the end of the period (stocks), MFIs, central government and post office giro institutions reporting sector - Monetary aggregate M2, All currencies combined - Euro area (changing composition) counterpart, Non-MFIs excluding central government sector, denominated in Euro, data Neither seasonally nor working day adjusted",EUR,6
BSI.M.U2.N.V.M20.X.1.U2.2300.Z01.E,M,U2,N,V,M20,X,1,U2,2300,Z01,E,2012-02,8648412.28117834,A,F,,,P1M,,E,,,,,,,,,2,,,"Monetary aggregate M2, Stocks","Euro area (changing composition), Outstanding amounts at the end of the period (stocks), MFIs, central government and post office giro institutions reporting sector - Monetary aggregate M2, All currencies combined - Euro area (changing composition) counterpart, Non-MFIs excluding central government sector, denominated in Euro, data Neither seasonally nor working day adjusted",EUR,6
BSI.M.U2.N.V.M20.X.1.U2.2300.Z01.E,M,U2,N,V,M20,X,1,U2,2300,Z01,E,2012-03,8718043.28237614,A,F,,,P1M,,E,,,,,,,,,2,,,"Monetary aggregate M2, Stocks","Euro area (changing composition), Outstanding amounts at the end of the period (stocks), MFIs, central government and post office giro institutions reporting sector - Monetary aggregate M2, All currencies combined - Euro area (changing composition) counterpart, Non-MFIs excluding central government sector, denominated in Euro, data Neither seasonally nor working day adjusted",EUR,6
BSI.M.U2.N.V.M20.X.1.U2.2300.Z01.E,M,U2,N,V,M20,X,1,U2,2300,Z01,E,2012-04,8721253.89121772,A,F,,,P1M,,E,,,,,,,,,2,,,"Monetary aggregate M2, Stocks","Euro area (changing composition), Outstanding amounts at the end of the period (stocks), MFIs, central government and post office giro institutions reporting sector - Monetary aggregate M2, All currencies combined - Euro area (changing composition) counterpart, Non-MFIs excluding central government sector, denominated in Euro, data Neither seasonally nor working day adjusted",EUR,6
BSI.M.U2.N.V.M20.X.1.U2.2300.Z01.E,M,U2,N,V,M20,X,1,U2,2300,Z01,E,2012-05,8752512.96093862,A,F,,,P1M,,E,,,,,,,,,2,,,"Monetary aggregate M2, Stocks","Euro area (changing composition), Outstanding amounts at the end of the period (stocks), MFIs, central government and post office giro institutions reporting sector - Monetary aggregate M2, All currencies combined - Euro area (changing composition) counterpart, Non-MFIs excluding central government sector, denominated in Euro, data Neither seasonally nor working day adjusted",EUR,6
BSI.M.U2.N.V.M20.X.1.U2.2300.Z01.E,M,U2,N,V,M20,X,1,U2,2300,Z01,E,2012-06,8810355.97280605,A,F,,,P1M,,E,,,,,,,,,2,,,"Monetary aggregate M2, Stocks","Euro area (changing composition), Outstanding amounts at the end of the period (stocks), MFIs, central government and post office giro institutions reporting sector - Monetary aggregate M2, All currencies combined - Euro area (changing composition) counterpart, Non-MFIs excluding central government sector, denominated in Euro, data Neither seasonally nor working day adjusted",EUR,6
BSI.M.U2.N.V.M20.X.1.U2.2300.Z01.E,M,U2,N,V,M20,X,1,U2,2300,Z01,E,2012-07,8833837.77492111,A,F,,,P1M,,E,,,,,,,,,2,,,"Monetary aggregate M2, Stocks","Euro area (changing composition), Outstanding amounts at the end of the period (stocks), MFIs, central government and post office giro institutions reporting sector - Monetary aggregate M2, All currencies combined - Euro area (changing composition) counterpart, Non-MFIs excluding central government sector, denominated in Euro, data Neither seasonally nor working day adjusted",EUR,6
BSI.M.U2.N.V.M20.X.1.U2.2300.Z01.E,M,U2,N,V,M20,X,1,U2,2300,Z01,E,2012-08,8826210.72926997,A,F,,,P1M,,E,,,,,,,,,2,,,"Monetary aggregate M2, Stocks","Euro area (changing composition), Outstanding amounts at the end of the period (stocks), MFIs, central government and post office giro institutions reporting sector - Monetary aggregate M2, All currencies combined - Euro area (changing composition) counterpart, Non-MFIs excluding central government sector, denominated in Euro, data Neither seasonally nor working day adjusted",EUR,6
BSI.M.U2.N.V.M20.X.1.U2.2300.Z01.E,M,U2,N,V,M20,X,1,U2,2300,Z01,E,2012-09,8866345.642950289,A,F,,,P1M,,E,,,,,,,,,2,,,"Monetary aggregate M2, Stocks","Euro area (changing composition), Outstanding amounts at the end of the period (stocks), MFIs, central government and post office giro institutions reporting sector - Monetary aggregate M2, All currencies combined - Euro area (changing composition) counterpart, Non-MFIs excluding central government sector, denominated in Euro, data Neither seasonally nor working day adjusted",EUR,6
BSI.M.U2.N.V.M20.X.1.U2.2300.Z01.E,M,U2,N,V,M20,X,1,U2,2300,Z01,E,2012-10,8928497.65871673,A,F,,,P1M,,E,,,,,,,,,2,,,"Monetary aggregate M2, Stocks","Euro area (changing composition), Outstanding amounts at the end of the period (stocks), MFIs, central government and post office giro institutions reporting sector - Monetary aggregate M2, All currencies combined - Euro area (changing composition) counterpart, Non-MFIs excluding central government sector, denominated in Euro, data Neither seasonally nor working day adjusted",EUR,6
BSI.M.U2.N.V.M20.X.1.U2.2300.Z01.E,M,U2,N,V,M20,X,1,U2,2300,Z01,E,2012-11,8955966.03093946,A,F,,,P1M,,E,,,,,,,,,2,,,"Monetary aggregate M2, Stocks","Euro area (changing composition), Outstanding amounts at the end of the period (stocks), MFIs, central government and post office giro institutions reporting sector - Monetary aggregate M2, All currencies combined - Euro area (changing composition) counterpart, Non-MFIs excluding central government sector, denominated in Euro, data Neither seasonally nor working day adjusted",EUR,6
BSI.M.U2.N.V.M20.X.1.U2.2300.Z01.E,M,U2,N,V,M20,X,1,U2,2300,Z01,E,2012-12,9044640.08062999,A,F,,,P1M,,E,,,,,,,,,2,,,"Monetary aggregate M2, Stocks","Euro area (changing composition), Outstanding amounts at the end of the period (stocks), MFIs, central government and post office giro institutions reporting sector - Monetary aggregate M2, All currencies combined - Euro area (changing composition) counterpart, Non-MFIs excluding central government sector, denominated in Euro, data Neither seasonally nor working day adjusted",EUR,6
BSI.M.U2.N.V.M20.X.1.U2.2300.Z01.E,M,U2,N,V,M20,X,1,U2,2300,Z01,E,2013-01,9000857.36474937,A,F,,,P1M,,E,,,,,,,,,2,,,"Monetary aggregate M2, Stocks","Euro area (changing composition), Outstanding amounts at the end of the period (stocks), MFIs, central government and post office giro institutions reporting sector - Monetary aggregate M2, All currencies combined - Euro area (changing composition) counterpart, Non-MFIs excluding central government sector, denominated in Euro, data Neither seasonally nor working day adjusted",EUR,6
BSI.M.U2.N.V.M20.X.1.U2.2300.Z01.E,M,U2,N,V,M20,X,1,U2,2300,Z01,E,2013-02,9016091.7304998,A,F,,,P1M,,E,,,,,,,,,2,,,"Monetary aggregate M2, Stocks","Euro area (changing composition), Outstanding amounts at the end of the period (stocks), MFIs, central government and post office giro institutions reporting sector - Monetary aggregate M2, All currencies combined - Euro area (changing composition) counterpart, Non-MFIs excluding central government sector, denominated in Euro, data Neither seasonally nor working day adjusted",EUR,6
BSI.M.U2.N.V.M20.X.1.U2.2300.Z01.E,M,U2,N,V,M20,X,1,U2,2300,Z01,E,2013-03,9079303.34858482,A,F,,,P1M,,E,,,,,,,,,2,,,"Monetary aggregate M2, Stocks","Euro area (changing composition), Outstanding amounts at the end of the period (stocks), MFIs, central government and post office giro institutions reporting sector - Monetary aggregate M2, All currencies combined - Euro area (changing composition) counterpart, Non-MFIs excluding central government sector, denominated in Euro, data Neither seasonally nor working day adjusted",EUR,6
BSI.M.U2.N.V.M20.X.1.U2.2300.Z01.E,M,U2,N,V,M20,X,1,U2,2300,Z01,E,2013-04,9125702.0551254,A,F,,,P1M,,E,,,,,,,,,2,,,"Monetary aggregate M2, Stocks","Euro area (changing composition), Outstanding amounts at the end of the period (stocks), MFIs, central government and post office giro institutions reporting sector - Monetary aggregate M2, All currencies combined - Euro area (changing composition) counterpart, Non-MFIs excluding central government sector, denominated in Euro, data Neither seasonally nor working day adjusted",EUR,6
BSI.M.U2.N.V.M20.X.1.U2.2300.Z01.E,M,U2,N,V,M20,X,1,U2,2300,Z01,E,2013-05,9137227.25531675,A,F,,,P1M,,E,,,,,,,,,2,,,"Monetary aggregate M2, Stocks","Euro area (changing composition), Outstanding amounts at the end of the period (stocks), MFIs, central government and post office giro institutions reporting sector - Monetary aggregate M2, All currencies combined - Euro area (changing composition) counterpart, Non-MFIs excluding central government sector, denominated in Euro, data Neither seasonally nor working day adjusted",EUR,6
BSI.M.U2.N.V.M20.X.1.U2.2300.Z01.E,M,U2,N,V,M20,X,1,U2,2300,Z01,E,2013-06,9161985.47003965,A,F,,,P1M,,E,,,,,,,,,2,,,"Monetary aggregate M2, Stocks","Euro area (changing composition), Outstanding amounts at the end of the period (stocks), MFIs, central government and post office giro institutions reporting sector - Monetary aggregate M2, All currencies combined - Euro area (changing composition) counterpart, Non-MFIs excluding central government sector, denominated in Euro, data Neither seasonally nor working day adjusted",EUR,6
BSI.M.U2.N.V.M20.X.1.U2.2300.Z01.E,M,U2,N,V,M20,X,1,U2,2300,Z01,E,2013-07,9152049.92617897,A,F,,,P1M,,E,,,,,,,,,2,,,"Monetary aggregate M2, Stocks","Euro area (changing composition), Outstanding amounts at the end of the period (stocks), MFIs, central government and post office giro institutions reporting sector - Monetary aggregate M2, All currencies combined - Euro area (changing composition) counterpart, Non-MFIs excluding central government sector, denominated in Euro, data Neither seasonally nor working day adjusted",EUR,6
BSI.M.U2.N.V.M20.X.1.U2.2300.Z01.E,M,U2,N,V,M20,X,1,U2,2300,Z01,E,2013-08,9182536.533354491,A,F,,,P1M,,E,,,,,,,,,2,,,"Monetary aggregate M2, Stocks","Euro area (changing composition), Outstanding amounts at the end of the period (stocks), MFIs, central government and post office giro institutions reporting sector - Monetary aggregate M2, All currencies combined - Euro area (changing composition) counterpart, Non-MFIs excluding central government sector, denominated in Euro, data Neither seasonally nor working day adjusted",EUR,6
BSI.M.U2.N.V.M20.X.1.U2.2300.Z01.E,M,U2,N,V,M20,X,1,U2,2300,Z01,E,2013-09,9178508.65240092,A,F,,,P1M,,E,,,,,,,,,2,,,"Monetary aggregate M2, Stocks","Euro area (changing composition), Outstanding amounts at the end of the period (stocks), MFIs, central government and post office giro institutions reporting sector - Monetary aggregate M2, All currencies combined - Euro area (changing composition) counterpart, Non-MFIs excluding central government sector, denominated in Euro, data Neither seasonally nor working day adjusted",EUR,6
BSI.M.U2.N.V.M20.X.1.U2.2300.Z01.E,M,U2,N,V,M20,X,1,U2,2300,Z01,E,2013-10,9198418.19888037,A,F,,,P1M,,E,,,,,,,,,2,,,"Monetary aggregate M2, Stocks","Euro area (changing composition), Outstanding amounts at the end of the period (stocks), MFIs, central government and post office giro institutions reporting sector - Monetary aggregate M2, All currencies combined - Euro area (changing composition) counterpart, Non-MFIs excluding central government sector, denominated in Euro, data Neither seasonally nor working day adjusted",EUR,6
BSI.M.U2.N.V.M20.X.1.U2.2300.Z01.E,M,U2,N,V,M20,X,1,U2,2300,Z01,E,2013-11,9233295.260920491,A,F,,,P1M,,E,,,,,,,,,2,,,"Monetary aggregate M2, Stocks","Euro area (changing composition), Outstanding amounts at the end of the period (stocks), MFIs, central government and post office giro institutions reporting sector - Monetary aggregate M2, All currencies combined - Euro area (changing composition) counterpart, Non-MFIs excluding central government sector, denominated in Euro, data Neither seasonally nor working day adjusted",EUR,6
BSI.M.U2.N.V.M20.X.1.U2.2300.Z01.E,M,U2,N,V,M20,X,1,U2,2300,Z01,E,2013-12,9246611.12584944,A,F,,,P1M,,E,,,,,,,,,2,,,"Monetary aggregate M2, Stocks","Euro area (changing composition), Outstanding amounts at the end of the period (stocks), MFIs, central government and post office giro institutions reporting sector - Monetary aggregate M2, All currencies combined - Euro area (changing composition) counterpart, Non-MFIs excluding central government sector, denominated in Euro, data Neither seasonally nor working day adjusted",EUR,6
BSI.M.U2.N.V.M20.X.1.U2.2300.Z01.E,M,U2,N,V,M20,X,1,U2,2300,Z01,E,2014-01,9221349.98566446,A,F,,,P1M,,E,,,,,,,,,2,,,"Monetary aggregate M2, Stocks","Euro area (changing composition), Outstanding amounts at the end of the period (stocks), MFIs, central government and post office giro institutions reporting sector - Monetary aggregate M2, All currencies combined - Euro area (changing composition) counterpart, Non-MFIs excluding central government sector, denominated in Euro, data Neither seasonally nor working day adjusted",EUR,6
BSI.M.U2.N.V.M20.X.1.U2.2300.Z01.E,M,U2,N,V,M20,X,1,U2,2300,Z01,E,2014-02,9232803.479173351,A,F,,,P1M,,E,,,,,,,,,2,,,"Monetary aggregate M2, Stocks","Euro area (changing composition), Outstanding amounts at the end of the period (stocks), MFIs, central government and post office giro institutions reporting sector - Monetary aggregate M2, All currencies combined - Euro area (changing composition) counterpart, Non-MFIs excluding central government sector, denominated in Euro, data Neither seasonally nor working day adjusted",EUR,6
BSI.M.U2.N.V.M20.X.1.U2.2300.Z01.E,M,U2,N,V,M20,X,1,U2,2300,Z01,E,2014-03,9270958.11564016,A,F,,,P1M,,E,,,,,,,,,2,,,"Monetary aggregate M2, Stocks","Euro area (changing composition), Outstanding amounts at the end of the period (stocks), MFIs, central government and post office giro institutions reporting sector - Monetary aggregate M2, All currencies combined - Euro area (changing composition) counterpart, Non-MFIs excluding central government sector, denominated in Euro, data Neither seasonally nor working day adjusted",EUR,6
BSI.M.U2.N.V.M20.X.1.U2.2300.Z01.E,M,U2,N,V,M20,X,1,U2,2300,Z01,E,2014-04,9297491.053461019,A,F,,,P1M,,E,,,,,,,,,2,,,"Monetary aggregate M2, Stocks","Euro area (changing composition), Outstanding amounts at the end of the period (stocks), MFIs, central government and post office giro institutions reporting sector - Monetary aggregate M2, All currencies combined - Euro area (changing composition) counterpart, Non-MFIs excluding central government sector, denominated in Euro, data Neither seasonally nor working day adjusted",EUR,6
BSI.M.U2.N.V.M20.X.1.U2.2300.Z01.E,M,U2,N,V,M20,X,1,U2,2300,Z01,E,2014-05,9360277.92262794,A,F,,,P1M,,E,,,,,,,,,2,,,"Monetary aggregate M2, Stocks","Euro area (changing composition), Outstanding amounts at the end of the period (stocks), MFIs, central government and post office giro institutions reporting sector - Monetary aggregate M2, All currencies combined - Euro area (changing composition) counterpart, Non-MFIs excluding central government sector, denominated in Euro, data Neither seasonally nor working day adjusted",EUR,6
BSI.M.U2.N.V.M20.X.1.U2.2300.Z01.E,M,U2,N,V,M20,X,1,U2,2300,Z01,E,2014-06,9384212.4389625,A,F,,,P1M,,E,,,,,,,,,2,,,"Monetary aggregate M2, Stocks","Euro area (changing composition), Outstanding amounts at the end of the period (stocks), MFIs, central government and post office giro institutions reporting sector - Monetary aggregate M2, All currencies combined - Euro area (changing composition) counterpart, Non-MFIs excluding central government sector, denominated in Euro, data Neither seasonally nor working day adjusted",EUR,6
BSI.M.U2.N.V.M20.X.1.U2.2300.Z01.E,M,U2,N,V,M20,X,1,U2,2300,Z01,E,2014-07,9400331.24717332,A,F,,,P1M,,E,,,,,,,,,2,,,"Monetary aggregate M2, Stocks","Euro area (changing composition), Outstanding amounts at the end of the period (stocks), MFIs, central government and post office giro institutions reporting sector - Monetary aggregate M2, All currencies combined - Euro area (changing composition) counterpart, Non-MFIs excluding central government sector, denominated in Euro, data Neither seasonally nor working day adjusted",EUR,6
BSI.M.U2.N.V.M20.X.1.U2.2300.Z01.E,M,U2,N,V,M20,X,1,U2,2300,Z01,E,2014-08,9443646.89311154,A,F,,,P1M,,E,,,,,,,,,2,,,"Monetary aggregate M2, Stocks","Euro area (changing composition), Outstanding amounts at the end of the period (stocks), MFIs, central government and post office giro institutions reporting sector - Monetary aggregate M2, All currencies combined - Euro area (changing composition) counterpart, Non-MFIs excluding central government sector, denominated in Euro, data Neither seasonally nor working day adjusted",EUR,6
BSI.M.U2.N.V.M20.X.1.U2.2300.Z01.E,M,U2,N,V,M20,X,1,U2,2300,Z01,E,2014-09,9466964.4487696,A,F,,,P1M,,E,,,,,,,,,2,,,"Monetary aggregate M2, Stocks","Euro area (changing composition), Outstanding amounts at the end of the period (stocks), MFIs, central government and post office giro institutions reporting sector - Monetary aggregate M2, All currencies combined - Euro area (changing composition) counterpart, Non-MFIs excluding central government sector, denominated in Euro, data Neither seasonally nor working day adjusted",EUR,6
BSI.M.U2.N.V.M20.X.1.U2.2300.Z01.E,M,U2,N,V,M20,X,1,U2,2300,Z01,E,2014-10,9476256.41830107,A,F,,,P1M,,E,,,,,,,,,2,,,"Monetary aggregate M2, Stocks","Euro area (changing composition), Outstanding amounts at the end of the period (stocks), MFIs, central government and post office giro institutions reporting sector - Monetary aggregate M2, All currencies combined - Euro area (changing composition) counterpart, Non-MFIs excluding central government sector, denominated in Euro, data Neither seasonally nor working day adjusted",EUR,6
BSI.M.U2.N.V.M20.X.1.U2.2300.Z01.E,M,U2,N,V,M20,X,1,U2,2300,Z01,E,2014-11,9567456.967550479,A,F,,,P1M,,E,,,,,,,,,2,,,"Monetary aggregate M2, Stocks","Euro area (changing composition), Outstanding amounts at the end of the period (stocks), MFIs, central government and post office giro institutions reporting sector - Monetary aggregate M2, All currencies combined - Euro area (changing composition) counterpart, Non-MFIs excluding central government sector, denominated in Euro, data Neither seasonally nor working day adjusted",EUR,6
BSI.M.U2.N.V.M20.X.1.U2.2300.Z01.E,M,U2,N,V,M20,X,1,U2,2300,Z01,E,2014-12,9695399.008826211,A,F,,,P1M,,E,,,,,,,,,2,,,"Monetary aggregate M2, Stocks","Euro area (changing composition), Outstanding amounts at the end of the period (stocks), MFIs, central government and post office giro institutions reporting sector - Monetary aggregate M2, All currencies combined - Euro area (changing composition) counterpart, Non-MFIs excluding central government sector, denominated in Euro, data Neither seasonally nor working day adjusted",EUR,6
BSI.M.U2.N.V.M20.X.1.U2.2300.Z01.E,M,U2,N,V,M20,X,1,U2,2300,Z01,E,2015-01,9738729.7263582,A,F,,,P1M,,E,,,,,,,,,2,,,"Monetary aggregate M2, Stocks","Euro area (changing composition), Outstanding amounts at the end of the period (stocks), MFIs, central government and post office giro institutions reporting sector - Monetary aggregate M2, All currencies combined - Euro area (changing composition) counterpart, Non-MFIs excluding central government sector, denominated in Euro, data Neither seasonally nor working day adjusted",EUR,6
BSI.M.U2.N.V.M20.X.1.U2.2300.Z01.E,M,U2,N,V,M20,X,1,U2,2300,Z01,E,2015-02,9737234.86643437,A,F,,,P1M,,E,,,,,,,,,2,,,"Monetary aggregate M2, Stocks","Euro area (changing composition), Outstanding amounts at the end of the period (stocks), MFIs, central government and post office giro institutions reporting sector - Monetary aggregate M2, All currencies combined - Euro area (changing composition) counterpart, Non-MFIs excluding central government sector, denominated in Euro, data Neither seasonally nor working day adjusted",EUR,6
BSI.M.U2.N.V.M20.X.1.U2.2300.Z01.E,M,U2,N,V,M20,X,1,U2,2300,Z01,E,2015-03,9801247.71663486,A,F,,,P1M,,E,,,,,,,,,2,,,"Monetary aggregate M2, Stocks","Euro area (changing composition), Outstanding amounts at the end of the period (stocks), MFIs, central government and post office giro institutions reporting sector - Monetary aggregate M2, All currencies combined - Euro area (changing composition) counterpart, Non-MFIs excluding central government sector, denominated in Euro, data Neither seasonally nor working day adjusted",EUR,6
BSI.M.U2.N.V.M20.X.1.U2.2300.Z01.E,M,U2,N,V,M20,X,1,U2,2300,Z01,E,2015-04,9869932.50943646,A,F,,,P1M,,E,,,,,,,,,2,,,"Monetary aggregate M2, Stocks","Euro area (changing composition), Outstanding amounts at the end of the period (stocks), MFIs, central government and post office giro institutions reporting sector - Monetary aggregate M2, All currencies combined - Euro area (changing composition) counterpart, Non-MFIs excluding central government sector, denominated in Euro, data Neither seasonally nor working day adjusted",EUR,6
BSI.M.U2.N.V.M20.X.1.U2.2300.Z01.E,M,U2,N,V,M20,X,1,U2,2300,Z01,E,2015-05,9940369.219099559,A,F,,,P1M,,E,,,,,,,,,2,,,"Monetary aggregate M2, Stocks","Euro area (changing composition), Outstanding amounts at the end of the period (stocks), MFIs, central government and post office giro institutions reporting sector - Monetary aggregate M2, All currencies combined - Euro area (changing composition) counterpart, Non-MFIs excluding central government sector, denominated in Euro, data Neither seasonally nor working day adjusted",EUR,6
BSI.M.U2.N.V.M20.X.1.U2.2300.Z01.E,M,U2,N,V,M20,X,1,U2,2300,Z01,E,2015-06,9973897.5756341,A,F,,,P1M,,E,,,,,,,,,2,,,"Monetary aggregate M2, Stocks","Euro area (changing composition), Outstanding amounts at the end of the period (stocks), MFIs, central government and post office giro institutions reporting sector - Monetary aggregate M2, All currencies combined - Euro area (changing composition) counterpart, Non-MFIs excluding central government sector, denominated in Euro, data Neither seasonally nor working day adjusted",EUR,6
BSI.M.U2.N.V.M20.X.1.U2.2300.Z01.E,M,U2,N,V,M20,X,1,U2,2300,Z01,E,2015-07,10027935.18530451,A,F,,,P1M,,E,,,,,,,,,2,,,"Monetary aggregate M2, Stocks","Euro area (changing composition), Outstanding amounts at the end of the period (stocks), MFIs, central government and post office giro institutions reporting sector - Monetary aggregate M2, All currencies combined - Euro area (changing composition) counterpart, Non-MFIs excluding central government sector, denominated in Euro, data Neither seasonally nor working day adjusted",EUR,6
BSI.M.U2.N.V.M20.X.1.U2.2300.Z01.E,M,U2,N,V,M20,X,1,U2,2300,Z01,E,2015-08,10032566.10938688,A,F,,,P1M,,E,,,,,,,,,2,,,"Monetary aggregate M2, Stocks","Euro area (changing composition), Outstanding amounts at the end of the period (stocks), MFIs, central government and post office giro institutions reporting sector - Monetary aggregate M2, All currencies combined - Euro area (changing composition) counterpart, Non-MFIs excluding central government sector, denominated in Euro, data Neither seasonally nor working day adjusted",EUR,6
BSI.M.U2.N.V.M20.X.1.U2.2300.Z01.E,M,U2,N,V,M20,X,1,U2,2300,Z01,E,2015-09,10040556.830239229,A,F,,,P1M,,E,,,,,,,,,2,,,"Monetary aggregate M2, Stocks","Euro area (changing composition), Outstanding amounts at the end of the period (stocks), MFIs, central government and post office giro institutions reporting sector - Monetary aggregate M2, All currencies combined - Euro area (changing composition) counterpart, Non-MFIs excluding central government sector, denominated in Euro, data Neither seasonally nor working day adjusted",EUR,6
BSI.M.U2.N.V.M20.X.1.U2.2300.Z01.E,M,U2,N,V,M20,X,1,U2,2300,Z01,E,2015-10,10114071.335600339,A,F,,,P1M,,E,,,,,,,,,2,,,"Monetary aggregate M2, Stocks","Euro area (changing composition), Outstanding amounts at the end of the period (stocks), MFIs, central government and post office giro institutions reporting sector - Monetary aggregate M2, All currencies combined - Euro area (changing composition) counterpart, Non-MFIs excluding central government sector, denominated in Euro, data Neither seasonally nor working day adjusted",EUR,6
BSI.M.U2.N.V.M20.X.1.U2.2300.Z01.E,M,U2,N,V,M20,X,1,U2,2300,Z01,E,2015-11,10180680.07548729,A,F,,,P1M,,E,,,,,,,,,2,,,"Monetary aggregate M2, Stocks","Euro area (changing composition), Outstanding amounts at the end of the period (stocks), MFIs, central government and post office giro institutions reporting sector - Monetary aggregate M2, All currencies combined - Euro area (changing composition) counterpart, Non-MFIs excluding central government sector, denominated in Euro, data Neither seasonally nor working day adjusted",EUR,6
BSI.M.U2.N.V.M20.X.1.U2.2300.Z01.E,M,U2,N,V,M20,X,1,U2,2300,Z01,E,2015-12,10228432.445533691,A,F,,,P1M,,E,,,,,,,,,2,,,"Monetary aggregate M2, Stocks","Euro area (changing composition), Outstanding amounts at the end of the period (stocks), MFIs, central government and post office giro institutions reporting sector - Monetary aggregate M2, All currencies combined - Euro area (changing composition) counterpart, Non-MFIs excluding central government sector, denominated in Euro, data Neither seasonally nor working day adjusted",EUR,6
BSI.M.U2.N.V.M20.X.1.U2.2300.Z01.E,M,U2,N,V,M20,X,1,U2,2300,Z01,E,2016-01,10264180.50151582,A,F,,,P1M,,E,,,,,,,,,2,,,"Monetary aggregate M2, Stocks","Euro area (changing composition), Outstanding amounts at the end of the period (stocks), MFIs, central government and post office giro institutions reporting sector - Monetary aggregate M2, All currencies combined - Euro area (changing composition) counterpart, Non-MFIs excluding central government sector, denominated in Euro, data Neither seasonally nor working day adjusted",EUR,6
BSI.M.U2.N.V.M20.X.1.U2.2300.Z01.E,M,U2,N,V,M20,X,1,U2,2300,Z01,E,2016-02,10278374.22362715,A,F,,,P1M,,E,,,,,,,,,2,,,"Monetary aggregate M2, Stocks","Euro area (changing composition), Outstanding amounts at the end of the period (stocks), MFIs, central government and post office giro institutions reporting sector - Monetary aggregate M2, All currencies combined - Euro area (changing composition) counterpart, Non-MFIs excluding central government sector, denominated in Euro, data Neither seasonally nor working day adjusted",EUR,6
BSI.M.U2.N.V.M20.X.1.U2.2300.Z01.E,M,U2,N,V,M20,X,1,U2,2300,Z01,E,2016-03,10322665.761790529,A,F,,,P1M,,E,,,,,,,,,2,,,"Monetary aggregate M2, Stocks","Euro area (changing composition), Outstanding amounts at the end of the period (stocks), MFIs, central government and post office giro institutions reporting sector - Monetary aggregate M2, All currencies combined - Euro area (changing composition) counterpart, Non-MFIs excluding central government sector, denominated in Euro, data Neither seasonally nor working day adjusted",EUR,6
BSI.M.U2.N.V.M20.X.1.U2.2300.Z01.E,M,U2,N,V,M20,X,1,U2,2300,Z01,E,2016-04,10399146.72124029,A,F,,,P1M,,E,,,,,,,,,2,,,"Monetary aggregate M2, Stocks","Euro area (changing composition), Outstanding amounts at the end of the period (stocks), MFIs, central government and post office giro institutions reporting sector - Monetary aggregate M2, All currencies combined - Euro area (changing composition) counterpart, Non-MFIs excluding central government sector, denominated in Euro, data Neither seasonally nor working day adjusted",EUR,6
BSI.M.U2.N.V.M20.X.1.U2.2300.Z01.E,M,U2,N,V,M20,X,1,U2,2300,Z01,E,2016-05,10440836.574376449,A,F,,,P1M,,E,,,,,,,,,2,,,"Monetary aggregate M2, Stocks","Euro area (changing composition), Outstanding amounts at the end of the period (stocks), MFIs, central government and post office giro institutions reporting sector - Monetary aggregate M2, All currencies combined - Euro area (changing composition) counterpart, Non-MFIs excluding central government sector, denominated in Euro, data Neither seasonally nor working day adjusted",EUR,6
BSI.M.U2.N.V.M20.X.1.U2.2300.Z01.E,M,U2,N,V,M20,X,1,U2,2300,Z01,E,2016-06,10473181.42304874,A,F,,,P1M,,E,,,,,,,,,2,,,"Monetary aggregate M2, Stocks","Euro area (changing composition), Outstanding amounts at the end of the period (stocks), MFIs, central government and post office giro institutions reporting sector - Monetary aggregate M2, All currencies combined - Euro area (changing composition) counterpart, Non-MFIs excluding central government sector, denominated in Euro, data Neither seasonally nor working day adjusted",EUR,6
BSI.M.U2.N.V.M20.X.1.U2.2300.Z01.E,M,U2,N,V,M20,X,1,U2,2300,Z01,E,2016-07,10542968.76935459,A,F,,,P1M,,E,,,,,,,,,2,,,"Monetary aggregate M2, Stocks","Euro area (changing composition), Outstanding amounts at the end of the period (stocks), MFIs, central government and post office giro institutions reporting sector - Monetary aggregate M2, All currencies combined - Euro area (changing composition) counterpart, Non-MFIs excluding central government sector, denominated in Euro, data Neither seasonally nor working day adjusted",EUR,6
BSI.M.U2.N.V.M20.X.1.U2.2300.Z01.E,M,U2,N,V,M20,X,1,U2,2300,Z01,E,2016-08,10533406.50026305,A,F,,,P1M,,E,,,,,,,,,2,,,"Monetary aggregate M2, Stocks","Euro area (changing composition), Outstanding amounts at the end of the period (stocks), MFIs, central government and post office giro institutions reporting sector - Monetary aggregate M2, All currencies combined - Euro area (changing composition) counterpart, Non-MFIs excluding central government sector, denominated in Euro, data Neither seasonally nor working day adjusted",EUR,6
BSI.M.U2.N.V.M20.X.1.U2.2300.Z01.E,M,U2,N,V,M20,X,1,U2,2300,Z01,E,2016-09,10551919.20959298,A,F,,,P1M,,E,,,,,,,,,2,,,"Monetary aggregate M2, Stocks","Euro area (changing composition), Outstanding amounts at the end of the period (stocks), MFIs, central government and post office giro institutions reporting sector - Monetary aggregate M2, All currencies combined - Euro area (changing composition) counterpart, Non-MFIs excluding central government sector, denominated in Euro, data Neither seasonally nor working day adjusted",EUR,6
BSI.M.U2.N.V.M20.X.1.U2.2300.Z01.E,M,U2,N,V,M20,X,1,U2,2300,Z01,E,2016-10,10568291.65271873,A,F,,,P1M,,E,,,,,,,,,2,,,"Monetary aggregate M2, Stocks","Euro area (changing composition), Outstanding amounts at the end of the period (stocks), MFIs, central government and post office giro institutions reporting sector - Monetary aggregate M2, All currencies combined - Euro area (changing composition) counterpart, Non-MFIs excluding central government sector, denominated in Euro, data Neither seasonally nor working day adjusted",EUR,6
BSI.M.U2.N.V.M20.X.1.U2.2300.Z01.E,M,U2,N,V,M20,X,1,U2,2300,Z01,E,2016-11,10660027.63884055,A,F,,,P1M,,E,,,,,,,,,2,,,"Monetary aggregate M2, Stocks","Euro area (changing composition), Outstanding amounts at the end of the period (stocks), MFIs, central government and post office giro institutions reporting sector - Monetary aggregate M2, All currencies combined - Euro area (changing composition) counterpart, Non-MFIs excluding central government sector, denominated in Euro, data Neither seasonally nor working day adjusted",EUR,6
BSI.M.U2.N.V.M20.X.1.U2.2300.Z01.E,M,U2,N,V,M20,X,1,U2,2300,Z01,E,2016-12,10735858.19935925,A,F,,,P1M,,E,,,,,,,,,2,,,"Monetary aggregate M2, Stocks","Euro area (changing composition), Outstanding amounts at the end of the period (stocks), MFIs, central government and post office giro institutions reporting sector - Monetary aggregate M2, All currencies combined - Euro area (changing composition) counterpart, Non-MFIs excluding central government sector, denominated in Euro, data Neither seasonally nor working day adjusted",EUR,6
BSI.M.U2.N.V.M20.X.1.U2.2300.Z01.E,M,U2,N,V,M20,X,1,U2,2300,Z01,E,2017-01,10734715.45553771,A,F,,,P1M,,E,,,,,,,,,2,,,"Monetary aggregate M2, Stocks","Euro area (changing composition), Outstanding amounts at the end of the period (stocks), MFIs, central government and post office giro institutions reporting sector - Monetary aggregate M2, All currencies combined - Euro area (changing composition) counterpart, Non-MFIs excluding central government sector, denominated in Euro, data Neither seasonally nor working day adjusted",EUR,6
BSI.M.U2.N.V.M20.X.1.U2.2300.Z01.E,M,U2,N,V,M20,X,1,U2,2300,Z01,E,2017-02,10769896.16518617,A,F,,,P1M,,E,,,,,,,,,2,,,"Monetary aggregate M2, Stocks","Euro area (changing composition), Outstanding amounts at the end of the period (stocks), MFIs, central government and post office giro institutions reporting sector - Monetary aggregate M2, All currencies combined - Euro area (changing composition) counterpart, Non-MFIs excluding central government sector, denominated in Euro, data Neither seasonally nor working day adjusted",EUR,6
BSI.M.U2.N.V.M20.X.1.U2.2300.Z01.E,M,U2,N,V,M20,X,1,U2,2300,Z01,E,2017-03,10860501.55346385,A,F,,,P1M,,E,,,,,,,,,2,,,"Monetary aggregate M2, Stocks","Euro area (changing composition), Outstanding amounts at the end of the period (stocks), MFIs, central government and post office giro institutions reporting sector - Monetary aggregate M2, All currencies combined - Euro area (changing composition) counterpart, Non-MFIs excluding central government sector, denominated in Euro, data Neither seasonally nor working day adjusted",EUR,6
BSI.M.U2.N.V.M20.X.1.U2.2300.Z01.E,M,U2,N,V,M20,X,1,U2,2300,Z01,E,2017-04,10927124.01342917,A,F,,,P1M,,E,,,,,,,,,2,,,"Monetary aggregate M2, Stocks","Euro area (changing composition), Outstanding amounts at the end of the period (stocks), MFIs, central government and post office giro institutions reporting sector - Monetary aggregate M2, All currencies combined - Euro area (changing composition) counterpart, Non-MFIs excluding central government sector, denominated in Euro, data Neither seasonally nor working day adjusted",EUR,6
BSI.M.U2.N.V.M20.X.1.U2.2300.Z01.E,M,U2,N,V,M20,X,1,U2,2300,Z01,E,2017-05,10939553.71247193,A,F,,,P1M,,E,,,,,,,,,2,,,"Monetary aggregate M2, Stocks","Euro area (changing composition), Outstanding amounts at the end of the period (stocks), MFIs, central government and post office giro institutions reporting sector - Monetary aggregate M2, All currencies combined - Euro area (changing composition) counterpart, Non-MFIs excluding central government sector, denominated in Euro, data Neither seasonally nor working day adjusted",EUR,6
BSI.M.U2.N.V.M20.X.1.U2.2300.Z01.E,M,U2,N,V,M20,X,1,U2,2300,Z01,E,2017-06,11009273.72339425,A,F,,,P1M,,E,,,,,,,,,2,,,"Monetary aggregate M2, Stocks","Euro area (changing composition), Outstanding amounts at the end of the period (stocks), MFIs, central government and post office giro institutions reporting sector - Monetary aggregate M2, All currencies combined - Euro area (changing composition) counterpart, Non-MFIs excluding central government sector, denominated in Euro, data Neither seasonally nor working day adjusted",EUR,6
BSI.M.U2.N.V.M20.X.1.U2.2300.Z01.E,M,U2,N,V,M20,X,1,U2,2300,Z01,E,2017-07,11034102.29010498,A,F,,,P1M,,E,,,,,,,,,2,,,"Monetary aggregate M2, Stocks","Euro area (changing composition), Outstanding amounts at the end of the period (stocks), MFIs, central government and post office giro institutions reporting sector - Monetary aggregate M2, All currencies combined - Euro area (changing composition) counterpart, Non-MFIs excluding central government sector, denominated in Euro, data Neither seasonally nor working day adjusted",EUR,6
BSI.M.U2.N.V.M20.X.1.U2.2300.Z01.E,M,U2,N,V,M20,X,1,U2,2300,Z01,E,2017-08,11077980.56216898,A,F,,,P1M,,E,,,,,,,,,2,,,"Monetary aggregate M2, Stocks","Euro area (changing composition), Outstanding amounts at the end of the period (stocks), MFIs, central government and post office giro institutions reporting sector - Monetary aggregate M2, All currencies combined - Euro area (changing composition) counterpart, Non-MFIs excluding central government sector, denominated in Euro, data Neither seasonally nor working day adjusted",EUR,6
BSI.M.U2.N.V.M20.X.1.U2.2300.Z01.E,M,U2,N,V,M20,X,1,U2,2300,Z01,E,2017-09,11099083.7438082,A,F,,,P1M,,E,,,,,,,,,2,,,"Monetary aggregate M2, Stocks","Euro area (changing composition), Outstanding amounts at the end of the period (stocks), MFIs, central government and post office giro institutions reporting sector - Monetary aggregate M2, All currencies combined - Euro area (changing composition) counterpart, Non-MFIs excluding central government sector, denominated in Euro, data Neither seasonally nor working day adjusted",EUR,6
BSI.M.U2.N.V.M20.X.1.U2.2300.Z01.E,M,U2,N,V,M20,X,1,U2,2300,Z01,E,2017-10,11118282.7567382,A,F,,,P1M,,E,,,,,,,,,2,,,"Monetary aggregate M2, Stocks","Euro area (changing composition), Outstanding amounts at the end of the period (stocks), MFIs, central government and post office giro institutions reporting sector - Monetary aggregate M2, All currencies combined - Euro area (changing composition) counterpart, Non-MFIs excluding central government sector, denominated in Euro, data Neither seasonally nor working day adjusted",EUR,6
BSI.M.U2.N.V.M20.X.1.U2.2300.Z01.E,M,U2,N,V,M20,X,1,U2,2300,Z01,E,2017-11,11177789.10330697,A,F,,,P1M,,E,,,,,,,,,2,,,"Monetary aggregate M2, Stocks","Euro area (changing composition), Outstanding amounts at the end of the period (stocks), MFIs, central government and post office giro institutions reporting sector - Monetary aggregate M2, All currencies combined - Euro area (changing composition) counterpart, Non-MFIs excluding central government sector, denominated in Euro, data Neither seasonally nor working day adjusted",EUR,6
BSI.M.U2.N.V.M20.X.1.U2.2300.Z01.E,M,U2,N,V,M20,X,1,U2,2300,Z01,E,2017-12,11239503.087567251,A,F,,,P1M,,E,,,,,,,,,2,,,"Monetary aggregate M2, Stocks","Euro area (changing composition), Outstanding amounts at the end of the period (stocks), MFIs, central government and post office giro institutions reporting sector - Monetary aggregate M2, All currencies combined - Euro area (changing composition) counterpart, Non-MFIs excluding central government sector, denominated in Euro, data Neither seasonally nor working day adjusted",EUR,6
BSI.M.U2.N.V.M20.X.1.U2.2300.Z01.E,M,U2,N,V,M20,X,1,U2,2300,Z01,E,2018-01,11225585.91680141,A,F,,,P1M,,E,,,,,,,,,2,,,"Monetary aggregate M2, Stocks","Euro area (changing composition), Outstanding amounts at the end of the period (stocks), MFIs, central government and post office giro institutions reporting sector - Monetary aggregate M2, All currencies combined - Euro area (changing composition) counterpart, Non-MFIs excluding central government sector, denominated in Euro, data Neither seasonally nor working day adjusted",EUR,6
BSI.M.U2.N.V.M20.X.1.U2.2300.Z01.E,M,U2,N,V,M20,X,1,U2,2300,Z01,E,2018-02,11222731.902602341,A,F,,,P1M,,E,,,,,,,,,2,,,"Monetary aggregate M2, Stocks","Euro area (changing composition), Outstanding amounts at the end of the period (stocks), MFIs, central government and post office giro institutions reporting sector - Monetary aggregate M2, All currencies combined - Euro area (changing composition) counterpart, Non-MFIs excluding central government sector, denominated in Euro, data Neither seasonally nor working day adjusted",EUR,6
BSI.M.U2.N.V.M20.X.1.U2.2300.Z01.E,M,U2,N,V,M20,X,1,U2,2300,Z01,E,2018-03,11287421.16942744,A,F,,,P1M,,E,,,,,,,,,2,,,"Monetary aggregate M2, Stocks","Euro area (changing composition), Outstanding amounts at the end of the period (stocks), MFIs, central government and post office giro institutions reporting sector - Monetary aggregate M2, All currencies combined - Euro area (changing composition) counterpart, Non-MFIs excluding central government sector, denominated in Euro, data Neither seasonally nor working day adjusted",EUR,6
BSI.M.U2.N.V.M20.X.1.U2.2300.Z01.E,M,U2,N,V,M20,X,1,U2,2300,Z01,E,2018-04,11323921.87461996,A,F,,,P1M,,E,,,,,,,,,2,,,"Monetary aggregate M2, Stocks","Euro area (changing composition), Outstanding amounts at the end of the period (stocks), MFIs, central government and post office giro institutions reporting sector - Monetary aggregate M2, All currencies combined - Euro area (changing composition) counterpart, Non-MFIs excluding central government sector, denominated in Euro, data Neither seasonally nor working day adjusted",EUR,6
BSI.M.U2.N.V.M20.X.1.U2.2300.Z01.E,M,U2,N,V,M20,X,1,U2,2300,Z01,E,2018-05,11430136.86617746,A,F,,,P1M,,E,,,,,,,,,2,,,"Monetary aggregate M2, Stocks","Euro area (changing composition), Outstanding amounts at the end of the period (stocks), MFIs, central government and post office giro institutions reporting sector - Monetary aggregate M2, All currencies combined - Euro area (changing composition) counterpart, Non-MFIs excluding central government sector, denominated in Euro, data Neither seasonally nor working day adjusted",EUR,6
BSI.M.U2.N.V.M20.X.1.U2.2300.Z01.E,M,U2,N,V,M20,X,1,U2,2300,Z01,E,2018-06,11537880.969627999,A,F,,,P1M,,E,,,,,,,,,2,,,"Monetary aggregate M2, Stocks","Euro area (changing composition), Outstanding amounts at the end of the period (stocks), MFIs, central government and post office giro institutions reporting sector - Monetary aggregate M2, All currencies combined - Euro area (changing composition) counterpart, Non-MFIs excluding central government sector, denominated in Euro, data Neither seasonally nor working day adjusted",EUR,6
BSI.M.U2.N.V.M20.X.1.U2.2300.Z01.E,M,U2,N,V,M20,X,1,U2,2300,Z01,E,2018-07,11527923.07577863,A,F,,,P1M,,E,,,,,,,,,2,,,"Monetary aggregate M2, Stocks","Euro area (changing composition), Outstanding amounts at the end of the period (stocks), MFIs, central government and post office giro institutions reporting sector - Monetary aggregate M2, All currencies combined - Euro area (changing composition) counterpart, Non-MFIs excluding central government sector, denominated in Euro, data Neither seasonally nor working day adjusted",EUR,6
BSI.M.U2.N.V.M20.X.1.U2.2300.Z01.E,M,U2,N,V,M20,X,1,U2,2300,Z01,E,2018-08,11528751.971410811,A,F,,,P1M,,E,,,,,,,,,2,,,"Monetary aggregate M2, Stocks","Euro area (changing composition), Outstanding amounts at the end of the period (stocks), MFIs, central government and post office giro institutions reporting sector - Monetary aggregate M2, All currencies combined - Euro area (changing composition) counterpart, Non-MFIs excluding central government sector, denominated in Euro, data Neither seasonally nor working day adjusted",EUR,6
BSI.M.U2.N.V.M20.X.1.U2.2300.Z01.E,M,U2,N,V,M20,X,1,U2,2300,Z01,E,2018-09,11574759.226233691,A,F,,,P1M,,E,,,,,,,,,2,,,"Monetary aggregate M2, Stocks","Euro area (changing composition), Outstanding amounts at the end of the period (stocks), MFIs, central government and post office giro institutions reporting sector - Monetary aggregate M2, All currencies combined - Euro area (changing composition) counterpart, Non-MFIs excluding central government sector, denominated in Euro, data Neither seasonally nor working day adjusted",EUR,6
BSI.M.U2.N.V.M20.X.1.U2.2300.Z01.E,M,U2,N,V,M20,X,1,U2,2300,Z01,E,2018-10,11589383.073302131,A,F,,,P1M,,E,,,,,,,,,2,,,"Monetary aggregate M2, Stocks","Euro area (changing composition), Outstanding amounts at the end of the period (stocks), MFIs, central government and post office giro institutions reporting sector - Monetary aggregate M2, All currencies combined - Euro area (changing composition) counterpart, Non-MFIs excluding central government sector, denominated in Euro, data Neither seasonally nor working day adjusted",EUR,6
BSI.M.U2.N.V.M20.X.1.U2.2300.Z01.E,M,U2,N,V,M20,X,1,U2,2300,Z01,E,2018-11,11675061.942878071,A,F,,,P1M,,E,,,,,,,,,2,,,"Monetary aggregate M2, Stocks","Euro area (changing composition), Outstanding amounts at the end of the period (stocks), MFIs, central government and post office giro institutions reporting sector - Monetary aggregate M2, All currencies combined - Euro area (changing composition) counterpart, Non-MFIs excluding central government sector, denominated in Euro, data Neither seasonally nor working day adjusted",EUR,6
BSI.M.U2.N.V.M20.X.1.U2.2300.Z01.E,M,U2,N,V,M20,X,1,U2,2300,Z01,E,2018-12,11723082.54378978,A,F,,,P1M,,E,,,,,,,,,2,,,"Monetary aggregate M2, Stocks","Euro area (changing composition), Outstanding amounts at the end of the period (stocks), MFIs, central government and post office giro institutions reporting sector - Monetary aggregate M2, All currencies combined - Euro area (changing composition) counterpart, Non-MFIs excluding central government sector, denominated in Euro, data Neither seasonally nor working day adjusted",EUR,6
BSI.M.U2.N.V.M20.X.1.U2.2300.Z01.E,M,U2,N,V,M20,X,1,U2,2300,Z01,E,2019-01,11705988.97063367,A,F,,,P1M,,E,,,,,,,,,2,,,"Monetary aggregate M2, Stocks","Euro area (changing composition), Outstanding amounts at the end of the period (stocks), MFIs, central government and post office giro institutions reporting sector - Monetary aggregate M2, All currencies combined - Euro area (changing composition) counterpart, Non-MFIs excluding central government sector, denominated in Euro, data Neither seasonally nor working day adjusted",EUR,6
BSI.M.U2.N.V.M20.X.1.U2.2300.Z01.E,M,U2,N,V,M20,X,1,U2,2300,Z01,E,2019-02,11753630.50155429,A,F,,,P1M,,E,,,,,,,,,2,,,"Monetary aggregate M2, Stocks","Euro area (changing composition), Outstanding amounts at the end of the period (stocks), MFIs, central government and post office giro institutions reporting sector - Monetary aggregate M2, All currencies combined - Euro area (changing composition) counterpart, Non-MFIs excluding central government sector, denominated in Euro, data Neither seasonally nor working day adjusted",EUR,6
BSI.M.U2.N.V.M20.X.1.U2.2300.Z01.E,M,U2,N,V,M20,X,1,U2,2300,Z01,E,2019-03,11898050.23083266,A,F,,,P1M,,E,,,,,,,,,2,,,"Monetary aggregate M2, Stocks","Euro area (changing composition), Outstanding amounts at the end of the period (stocks), MFIs, central government and post office giro institutions reporting sector - Monetary aggregate M2, All currencies combined - Euro area (changing composition) counterpart, Non-MFIs excluding central government sector, denominated in Euro, data Neither seasonally nor working day adjusted",EUR,6
BSI.M.U2.N.V.M20.X.1.U2.2300.Z01.E,M,U2,N,V,M20,X,1,U2,2300,Z01,E,2019-04,11955136.37369846,A,F,,,P1M,,E,,,,,,,,,2,,,"Monetary aggregate M2, Stocks","Euro area (changing composition), Outstanding amounts at the end of the period (stocks), MFIs, central government and post office giro institutions reporting sector - Monetary aggregate M2, All currencies combined - Euro area (changing composition) counterpart, Non-MFIs excluding central government sector, denominated in Euro, data Neither seasonally nor working day adjusted",EUR,6
BSI.M.U2.N.V.M20.X.1.U2.2300.Z01.E,M,U2,N,V,M20,X,1,U2,2300,Z01,E,2019-05,12041537.43518256,A,F,,,P1M,,E,,,,,,,,,2,,,"Monetary aggregate M2, Stocks","Euro area (changing composition), Outstanding amounts at the end of the period (stocks), MFIs, central government and post office giro institutions reporting sector - Monetary aggregate M2, All currencies combined - Euro area (changing composition) counterpart, Non-MFIs excluding central government sector, denominated in Euro, data Neither seasonally nor working day adjusted",EUR,6
BSI.M.U2.N.V.M20.X.1.U2.2300.Z01.E,M,U2,N,V,M20,X,1,U2,2300,Z01,E,2019-06,12127820.11499582,A,F,,,P1M,,E,,,,,,,,,2,,,"Monetary aggregate M2, Stocks","Euro area (changing composition), Outstanding amounts at the end of the period (stocks), MFIs, central government and post office giro institutions reporting sector - Monetary aggregate M2, All currencies combined - Euro area (changing composition) counterpart, Non-MFIs excluding central government sector, denominated in Euro, data Neither seasonally nor working day adjusted",EUR,6
BSI.M.U2.N.V.M20.X.1.U2.2300.Z01.E,M,U2,N,V,M20,X,1,U2,2300,Z01,E,2019-07,12162641.931454979,A,F,,,P1M,,E,,,,,,,,,2,,,"Monetary aggregate M2, Stocks","Euro area (changing composition), Outstanding amounts at the end of the period (stocks), MFIs, central government and post office giro institutions reporting sector - Monetary aggregate M2, All currencies combined - Euro area (changing composition) counterpart, Non-MFIs excluding central government sector, denominated in Euro, data Neither seasonally nor working day adjusted",EUR,6
BSI.M.U2.N.V.M20.X.1.U2.2300.Z01.E,M,U2,N,V,M20,X,1,U2,2300,Z01,E,2019-08,12274644.3621129,A,F,,,P1M,,E,,,,,,,,,2,,,"Monetary aggregate M2, Stocks","Euro area (changing composition), Outstanding amounts at the end of the period (stocks), MFIs, central government and post office giro institutions reporting sector - Monetary aggregate M2, All currencies combined - Euro area (changing composition) counterpart, Non-MFIs excluding central government sector, denominated in Euro, data Neither seasonally nor working day adjusted",EUR,6
BSI.M.U2.N.V.M20.X.1.U2.2300.Z01.E,M,U2,N,V,M20,X,1,U2,2300,Z01,E,2019-09,12262784.067892771,A,F,,,P1M,,E,,,,,,,,,2,,,"Monetary aggregate M2, Stocks","Euro area (changing composition), Outstanding amounts at the end of the period (stocks), MFIs, central government and post office giro institutions reporting sector - Monetary aggregate M2, All currencies combined - Euro area (changing composition) counterpart, Non-MFIs excluding central government sector, denominated in Euro, data Neither seasonally nor working day adjusted",EUR,6
BSI.M.U2.N.V.M20.X.1.U2.2300.Z01.E,M,U2,N,V,M20,X,1,U2,2300,Z01,E,2019-10,12304764.16270245,A,F,,,P1M,,E,,,,,,,,,2,,,"Monetary aggregate M2, Stocks","Euro area (changing composition), Outstanding amounts at the end of the period (stocks), MFIs, central government and post office giro institutions reporting sector - Monetary aggregate M2, All currencies combined - Euro area (changing composition) counterpart, Non-MFIs excluding central government sector, denominated in Euro, data Neither seasonally nor working day adjusted",EUR,6
BSI.M.U2.N.V.M20.X.1.U2.2300.Z01.E,M,U2,N,V,M20,X,1,U2,2300,Z01,E,2019-11,12408914.24664101,A,F,,,P1M,,E,,,,,,,,,2,,,"Monetary aggregate M2, Stocks","Euro area (changing composition), Outstanding amounts at the end of the period (stocks), MFIs, central government and post office giro institutions reporting sector - Monetary aggregate M2, All currencies combined - Euro area (changing composition) counterpart, Non-MFIs excluding central government sector, denominated in Euro, data Neither seasonally nor working day adjusted",EUR,6
BSI.M.U2.N.V.M20.X.1.U2.2300.Z01.E,M,U2,N,V,M20,X,1,U2,2300,Z01,E,2019-12,12402997.36910988,A,F,,,P1M,,E,,,,,,,,,2,,,"Monetary aggregate M2, Stocks","Euro area (changing composition), Outstanding amounts at the end of the period (stocks), MFIs, central government and post office giro institutions reporting sector - Monetary aggregate M2, All currencies combined - Euro area (changing composition) counterpart, Non-MFIs excluding central government sector, denominated in Euro, data Neither seasonally nor working day adjusted",EUR,6
BSI.M.U2.N.V.M20.X.1.U2.2300.Z01.E,M,U2,N,V,M20,X,1,U2,2300,Z01,E,2020-01,12370898.23830111,A,F,,,P1M,,E,,,,,,,,,2,,,"Monetary aggregate M2, Stocks","Euro area (changing composition), Outstanding amounts at the end of the period (stocks), MFIs, central government and post office giro institutions reporting sector - Monetary aggregate M2, All currencies combined - Euro area (changing composition) counterpart, Non-MFIs excluding central government sector, denominated in Euro, data Neither seasonally nor working day adjusted",EUR,6
BSI.M.U2.N.V.M20.X.1.U2.2300.Z01.E,M,U2,N,V,M20,X,1,U2,2300,Z01,E,2020-02,12450162.239755891,A,F,,,P1M,,E,,,,,,,,,2,,,"Monetary aggregate M2, Stocks","Euro area (changing composition), Outstanding amounts at the end of the period (stocks), MFIs, central government and post office giro institutions reporting sector - Monetary aggregate M2, All currencies combined - Euro area (changing composition) counterpart, Non-MFIs excluding central government sector, denominated in Euro, data Neither seasonally nor working day adjusted",EUR,6
BSI.M.U2.N.V.M20.X.1.U2.2300.Z01.E,M,U2,N,V,M20,X,1,U2,2300,Z01,E,2020-03,12770144.3340333,A,F,,,P1M,,E,,,,,,,,,2,,,"Monetary aggregate M2, Stocks","Euro area (changing composition), Outstanding amounts at the end of the period (stocks), MFIs, central government and post office giro institutions reporting sector - Monetary aggregate M2, All currencies combined - Euro area (changing composition) counterpart, Non-MFIs excluding central government sector, denominated in Euro, data Neither seasonally nor working day adjusted",EUR,6
BSI.M.U2.N.V.M20.X.1.U2.2300.Z01.E,M,U2,N,V,M20,X,1,U2,2300,Z01,E,2020-04,12953319.04900636,A,F,,,P1M,,E,,,,,,,,,2,,,"Monetary aggregate M2, Stocks","Euro area (changing composition), Outstanding amounts at the end of the period (stocks), MFIs, central government and post office giro institutions reporting sector - Monetary aggregate M2, All currencies combined - Euro area (changing composition) counterpart, Non-MFIs excluding central government sector, denominated in Euro, data Neither seasonally nor working day adjusted",EUR,6
BSI.M.U2.N.V.M20.X.1.U2.2300.Z01.E,M,U2,N,V,M20,X,1,U2,2300,Z01,E,2020-05,13173227.70553371,A,F,,,P1M,,E,,,,,,,,,2,,,"Monetary aggregate M2, Stocks","Euro area (changing composition), Outstanding amounts at the end of the period (stocks), MFIs, central government and post office giro institutions reporting sector - Monetary aggregate M2, All currencies combined - Euro area (changing composition) counterpart, Non-MFIs excluding central government sector, denominated in Euro, data Neither seasonally nor working day adjusted",EUR,6
BSI.M.U2.N.V.M20.X.1.U2.2300.Z01.E,M,U2,N,V,M20,X,1,U2,2300,Z01,E,2020-06,13253831.54851702,A,F,,,P1M,,E,,,,,,,,,2,,,"Monetary aggregate M2, Stocks","Euro area (changing composition), Outstanding amounts at the end of the period (stocks), MFIs, central government and post office giro institutions reporting sector - Monetary aggregate M2, All currencies combined - Euro area (changing composition) counterpart, Non-MFIs excluding central government sector, denominated in Euro, data Neither seasonally nor working day adjusted",EUR,6
BSI.M.U2.N.V.M20.X.1.U2.2300.Z01.E,M,U2,N,V,M20,X,1,U2,2300,Z01,E,2020-07,13320783.63897233,A,F,,,P1M,,E,,,,,,,,,2,,,"Monetary aggregate M2, Stocks","Euro area (changing composition), Outstanding amounts at the end of the period (stocks), MFIs, central government and post office giro institutions reporting sector - Monetary aggregate M2, All currencies combined - Euro area (changing composition) counterpart, Non-MFIs excluding central government sector, denominated in Euro, data Neither seasonally nor working day adjusted",EUR,6
BSI.M.U2.N.V.M20.X.1.U2.2300.Z01.E,M,U2,N,V,M20,X,1,U2,2300,Z01,E,2020-08,13354535.7866261,A,F,,,P1M,,E,,,,,,,,,2,,,"Monetary aggregate M2, Stocks","Euro area (changing composition), Outstanding amounts at the end of the period (stocks), MFIs, central government and post office giro institutions reporting sector - Monetary aggregate M2, All currencies combined - Euro area (changing composition) counterpart, Non-MFIs excluding central government sector, denominated in Euro, data Neither seasonally nor working day adjusted",EUR,6
BSI.M.U2.N.V.M20.X.1.U2.2300.Z01.E,M,U2,N,V,M20,X,1,U2,2300,Z01,E,2020-09,13432706.977442421,A,F,,,P1M,,E,,,,,,,,,2,,,"Monetary aggregate M2, Stocks","Euro area (changing composition), Outstanding amounts at the end of the period (stocks), MFIs, central government and post office giro institutions reporting sector - Monetary aggregate M2, All currencies combined - Euro area (changing composition) counterpart, Non-MFIs excluding central government sector, denominated in Euro, data Neither seasonally nor working day adjusted",EUR,6
BSI.M.U2.N.V.M20.X.1.U2.2300.Z01.E,M,U2,N,V,M20,X,1,U2,2300,Z01,E,2020-10,13530659.71399752,A,F,,,P1M,,E,,,,,,,,,2,,,"Monetary aggregate M2, Stocks","Euro area (changing composition), Outstanding amounts at the end of the period (stocks), MFIs, central government and post office giro institutions reporting sector - Monetary aggregate M2, All currencies combined - Euro area (changing composition) counterpart, Non-MFIs excluding central government sector, denominated in Euro, data Neither seasonally nor working day adjusted",EUR,6
BSI.M.U2.N.V.M20.X.1.U2.2300.Z01.E,M,U2,N,V,M20,X,1,U2,2300,Z01,E,2020-11,13645759.35940523,A,F,,,P1M,,E,,,,,,,,,2,,,"Monetary aggregate M2, Stocks","Euro area (changing composition), Outstanding amounts at the end of the period (stocks), MFIs, central government and post office giro institutions reporting sector - Monetary aggregate M2, All currencies combined - Euro area (changing composition) counterpart, Non-MFIs excluding central government sector, denominated in Euro, data Neither seasonally nor working day adjusted",EUR,6
BSI.M.U2.N.V.M20.X.1.U2.2300.Z01.E,M,U2,N,V,M20,X,1,U2,2300,Z01,E,2020-12,13774046.01469545,A,F,,,P1M,,E,,,,,,,,,2,,,"Monetary aggregate M2, Stocks","Euro area (changing composition), Outstanding amounts at the end of the period (stocks), MFIs, central government and post office giro institutions reporting sector - Monetary aggregate M2, All currencies combined - Euro area (changing composition) counterpart, Non-MFIs excluding central government sector, denominated in Euro, data Neither seasonally nor working day adjusted",EUR,6
BSI.M.U2.N.V.M20.X.1.U2.2300.Z01.E,M,U2,N,V,M20,X,1,U2,2300,Z01,E,2021-01,13809813.92614476,A,F,,,P1M,,E,,,,,,,,,2,,,"Monetary aggregate M2, Stocks","Euro area (changing composition), Outstanding amounts at the end of the period (stocks), MFIs, central government and post office giro institutions reporting sector - Monetary aggregate M2, All currencies combined - Euro area (changing composition) counterpart, Non-MFIs excluding central government sector, denominated in Euro, data Neither seasonally nor working day adjusted",EUR,6
BSI.M.U2.N.V.M20.X.1.U2.2300.Z01.E,M,U2,N,V,M20,X,1,U2,2300,Z01,E,2021-02,13884105.53246477,A,F,,,P1M,,E,,,,,,,,,2,,,"Monetary aggregate M2, Stocks","Euro area (changing composition), Outstanding amounts at the end of the period (stocks), MFIs, central government and post office giro institutions reporting sector - Monetary aggregate M2, All currencies combined - Euro area (changing composition) counterpart, Non-MFIs excluding central government sector, denominated in Euro, data Neither seasonally nor working day adjusted",EUR,6
BSI.M.U2.N.V.M20.X.1.U2.2300.Z01.E,M,U2,N,V,M20,X,1,U2,2300,Z01,E,2021-03,13983828.515329141,A,F,,,P1M,,E,,,,,,,,,2,,,"Monetary aggregate M2, Stocks","Euro area (changing composition), Outstanding amounts at the end of the period (stocks), MFIs, central government and post office giro institutions reporting sector - Monetary aggregate M2, All currencies combined - Euro area (changing composition) counterpart, Non-MFIs excluding central government sector, denominated in Euro, data Neither seasonally nor working day adjusted",EUR,6
BSI.M.U2.N.V.M20.X.1.U2.2300.Z01.E,M,U2,N,V,M20,X,1,U2,2300,Z01,E,2021-04,14040812.23702386,A,F,,,P1M,,E,,,,,,,,,2,,,"Monetary aggregate M2, Stocks","Euro area (changing composition), Outstanding amounts at the end of the period (stocks), MFIs, central government and post office giro institutions reporting sector - Monetary aggregate M2, All currencies combined - Euro area (changing composition) counterpart, Non-MFIs excluding central government sector, denominated in Euro, data Neither seasonally nor working day adjusted",EUR,6
BSI.M.U2.N.V.M20.X.1.U2.2300.Z01.E,M,U2,N,V,M20,X,1,U2,2300,Z01,E,2021-05,14157048.25510538,A,F,,,P1M,,E,,,,,,,,,2,,,"Monetary aggregate M2, Stocks","Euro area (changing composition), Outstanding amounts at the end of the period (stocks), MFIs, central government and post office giro institutions reporting sector - Monetary aggregate M2, All currencies combined - Euro area (changing composition) counterpart, Non-MFIs excluding central government sector, denominated in Euro, data Neither seasonally nor working day adjusted",EUR,6
BSI.M.U2.N.V.M20.X.1.U2.2300.Z01.E,M,U2,N,V,M20,X,1,U2,2300,Z01,E,2021-06,14260031.12107303,A,F,,,P1M,,E,,,,,,,,,2,,,"Monetary aggregate M2, Stocks","Euro area (changing composition), Outstanding amounts at the end of the period (stocks), MFIs, central government and post office giro institutions reporting sector - Monetary aggregate M2, All currencies combined - Euro area (changing composition) counterpart, Non-MFIs excluding central government sector, denominated in Euro, data Neither seasonally nor working day adjusted",EUR,6
BSI.M.U2.N.V.M20.X.1.U2.2300.Z01.E,M,U2,N,V,M20,X,1,U2,2300,Z01,E,2021-07,14390415.868000481,A,F,,,P1M,,E,,,,,,,,,2,,,"Monetary aggregate M2, Stocks","Euro area (changing composition), Outstanding amounts at the end of the period (stocks), MFIs, central government and post office giro institutions reporting sector - Monetary aggregate M2, All currencies combined - Euro area (changing composition) counterpart, Non-MFIs excluding central government sector, denominated in Euro, data Neither seasonally nor working day adjusted",EUR,6
BSI.M.U2.N.V.M20.X.1.U2.2300.Z01.E,M,U2,N,V,M20,X,1,U2,2300,Z01,E,2021-08,14435807.91767679,A,F,,,P1M,,E,,,,,,,,,2,,,"Monetary aggregate M2, Stocks","Euro area (changing composition), Outstanding amounts at the end of the period (stocks), MFIs, central government and post office giro institutions reporting sector - Monetary aggregate M2, All currencies combined - Euro area (changing composition) counterpart, Non-MFIs excluding central government sector, denominated in Euro, data Neither seasonally nor working day adjusted",EUR,6
BSI.M.U2.N.V.M20.X.1.U2.2300.Z01.E,M,U2,N,V,M20,X,1,U2,2300,Z01,E,2021-09,14484684.43411538,A,F,,,P1M,,E,,,,,,,,,2,,,"Monetary aggregate M2, Stocks","Euro area (changing composition), Outstanding amounts at the end of the period (stocks), MFIs, central government and post office giro institutions reporting sector - Monetary aggregate M2, All currencies combined - Euro area (changing composition) counterpart, Non-MFIs excluding central government sector, denominated in Euro, data Neither seasonally nor working day adjusted",EUR,6
BSI.M.U2.N.V.M20.X.1.U2.2300.Z01.E,M,U2,N,V,M20,X,1,U2,2300,Z01,E,2021-10,14564999.44340493,A,F,,,P1M,,E,,,,,,,,,2,,,"Monetary aggregate M2, Stocks","Euro area (changing composition), Outstanding amounts at the end of the period (stocks), MFIs, central government and post office giro institutions reporting sector - Monetary aggregate M2, All currencies combined - Euro area (changing composition) counterpart, Non-MFIs excluding central government sector, denominated in Euro, data Neither seasonally nor working day adjusted",EUR,6
BSI.M.U2.N.V.M20.X.1.U2.2300.Z01.E,M,U2,N,V,M20,X,1,U2,2300,Z01,E,2021-11,14635241.75696182,A,F,,,P1M,,E,,,,,,,,,2,,,"Monetary aggregate M2, Stocks","Euro area (changing composition), Outstanding amounts at the end of the period (stocks), MFIs, central government and post office giro institutions reporting sector - Monetary aggregate M2, All currencies combined - Euro area (changing composition) counterpart, Non-MFIs excluding central government sector, denominated in Euro, data Neither seasonally nor working day adjusted",EUR,6
BSI.M.U2.N.V.M20.X.1.U2.2300.Z01.E,M,U2,N,V,M20,X,1,U2,2300,Z01,E,2021-12,14755560.67716334,A,F,,,P1M,,E,,,,,,,,,2,,,"Monetary aggregate M2, Stocks","Euro area (changing composition), Outstanding amounts at the end of the period (stocks), MFIs, central government and post office giro institutions reporting sector - Monetary aggregate M2, All currencies combined - Euro area (changing composition) counterpart, Non-MFIs excluding central government sector, denominated in Euro, data Neither seasonally nor working day adjusted",EUR,6
BSI.M.U2.N.V.M20.X.1.U2.2300.Z01.E,M,U2,N,V,M20,X,1,U2,2300,Z01,E,2022-01,14761530.14833235,A,F,,,P1M,,E,,,,,,,,,2,,,"Monetary aggregate M2, Stocks","Euro area (changing composition), Outstanding amounts at the end of the period (stocks), MFIs, central government and post office giro institutions reporting sector - Monetary aggregate M2, All currencies combined - Euro area (changing composition) counterpart, Non-MFIs excluding central government sector, denominated in Euro, data Neither seasonally nor working day adjusted",EUR,6
BSI.M.U2.N.V.M20.X.1.U2.2300.Z01.E,M,U2,N,V,M20,X,1,U2,2300,Z01,E,2022-02,14830031.27400167,A,F,,,P1M,,E,,,,,,,,,2,,,"Monetary aggregate M2, Stocks","Euro area (changing composition), Outstanding amounts at the end of the period (stocks), MFIs, central government and post office giro institutions reporting sector - Monetary aggregate M2, All currencies combined - Euro area (changing composition) counterpart, Non-MFIs excluding central government sector, denominated in Euro, data Neither seasonally nor working day adjusted",EUR,6
BSI.M.U2.N.V.M20.X.1.U2.2300.Z01.E,M,U2,N,V,M20,X,1,U2,2300,Z01,E,2022-03,14940205.258091219,A,F,,,P1M,,E,,,,,,,,,2,,,"Monetary aggregate M2, Stocks","Euro area (changing composition), Outstanding amounts at the end of the period (stocks), MFIs, central government and post office giro institutions reporting sector - Monetary aggregate M2, All currencies combined - Euro area (changing composition) counterpart, Non-MFIs excluding central government sector, denominated in Euro, data Neither seasonally nor working day adjusted",EUR,6
BSI.M.U2.N.V.M20.X.1.U2.2300.Z01.E,M,U2,N,V,M20,X,1,U2,2300,Z01,E,2022-04,15026453.93055517,A,F,,,P1M,,E,,,,,,,,,2,,,"Monetary aggregate M2, Stocks","Euro area (changing composition), Outstanding amounts at the end of the period (stocks), MFIs, central government and post office giro institutions reporting sector - Monetary aggregate M2, All currencies combined - Euro area (changing composition) counterpart, Non-MFIs excluding central government sector, denominated in Euro, data Neither seasonally nor working day adjusted",EUR,6
BSI.M.U2.N.V.M20.X.1.U2.2300.Z01.E,M,U2,N,V,M20,X,1,U2,2300,Z01,E,2022-05,15082309.85811607,A,F,,,P1M,,E,,,,,,,,,2,,,"Monetary aggregate M2, Stocks","Euro area (changing composition), Outstanding amounts at the end of the period (stocks), MFIs, central government and post office giro institutions reporting sector - Monetary aggregate M2, All currencies combined - Euro area (changing composition) counterpart, Non-MFIs excluding central government sector, denominated in Euro, data Neither seasonally nor working day adjusted",EUR,6
BSI.M.U2.N.V.M20.X.1.U2.2300.Z01.E,M,U2,N,V,M20,X,1,U2,2300,Z01,E,2022-06,15174490.27173271,A,F,,,P1M,,E,,,,,,,,,2,,,"Monetary aggregate M2, Stocks","Euro area (changing composition), Outstanding amounts at the end of the period (stocks), MFIs, central government and post office giro institutions reporting sector - Monetary aggregate M2, All currencies combined - Euro area (changing composition) counterpart, Non-MFIs excluding central government sector, denominated in Euro, data Neither seasonally nor working day adjusted",EUR,6
BSI.M.U2.N.V.M20.X.1.U2.2300.Z01.E,M,U2,N,V,M20,X,1,U2,2300,Z01,E,2022-07,15312125.36003472,A,F,,,P1M,,E,,,,,,,,,2,,,"Monetary aggregate M2, Stocks","Euro area (changing composition), Outstanding amounts at the end of the period (stocks), MFIs, central government and post office giro institutions reporting sector - Monetary aggregate M2, All currencies combined - Euro area (changing composition) counterpart, Non-MFIs excluding central government sector, denominated in Euro, data Neither seasonally nor working day adjusted",EUR,6
BSI.M.U2.N.V.M20.X.1.U2.2300.Z01.E,M,U2,N,V,M20,X,1,U2,2300,Z01,E,2022-08,15378763.38293886,A,F,,,P1M,,E,,,,,,,,,2,,,"Monetary aggregate M2, Stocks","Euro area (changing composition), Outstanding amounts at the end of the period (stocks), MFIs, central government and post office giro institutions reporting sector - Monetary aggregate M2, All currencies combined - Euro area (changing composition) counterpart, Non-MFIs excluding central government sector, denominated in Euro, data Neither seasonally nor working day adjusted",EUR,6
BSI.M.U2.N.V.M20.X.1.U2.2300.Z01.E,M,U2,N,V,M20,X,1,U2,2300,Z01,E,2022-09,15421058.44668857,A,F,,,P1M,,E,,,,,,,,,2,,,"Monetary aggregate M2, Stocks","Euro area (changing composition), Outstanding amounts at the end of the period (stocks), MFIs, central government and post office giro institutions reporting sector - Monetary aggregate M2, All currencies combined - Euro area (changing composition) counterpart, Non-MFIs excluding central government sector, denominated in Euro, data Neither seasonally nor working day adjusted",EUR,6
BSI.M.U2.N.V.M20.X.1.U2.2300.Z01.E,M,U2,N,V,M20,X,1,U2,2300,Z01,E,2022-10,15322893.41316402,A,F,,,P1M,,E,,,,,,,,,2,,,"Monetary aggregate M2, Stocks","Euro area (changing composition), Outstanding amounts at the end of the period (stocks), MFIs, central government and post office giro institutions reporting sector - Monetary aggregate M2, All currencies combined - Euro area (changing composition) counterpart, Non-MFIs excluding central government sector, denominated in Euro, data Neither seasonally nor working day adjusted",EUR,6
BSI.M.U2.N.V.M20.X.1.U2.2300.Z01.E,M,U2,N,V,M20,X,1,U2,2300,Z01,E,2022-11,15323680.695194,A,F,,,P1M,,E,,,,,,,,,2,,,"Monetary aggregate M2, Stocks","Euro area (changing composition), Outstanding amounts at the end of the period (stocks), MFIs, central government and post office giro institutions reporting sector - Monetary aggregate M2, All currencies combined - Euro area (changing composition) counterpart, Non-MFIs excluding central government sector, denominated in Euro, data Neither seasonally nor working day adjusted",EUR,6
BSI.M.U2.N.V.M20.X.1.U2.2300.Z01.E,M,U2,N,V,M20,X,1,U2,2300,Z01,E,2022-12,15316191.344073199,A,F,,,P1M,,E,,,,,,,,,2,,,"Monetary aggregate M2, Stocks","Euro area (changing composition), Outstanding amounts at the end of the period (stocks), MFIs, central government and post office giro institutions reporting sector - Monetary aggregate M2, All currencies combined - Euro area (changing composition) counterpart, Non-MFIs excluding central government sector, denominated in Euro, data Neither seasonally nor working day adjusted",EUR,6
BSI.M.U2.N.V.M20.X.1.U2.2300.Z01.E,M,U2,N,V,M20,X,1,U2,2300,Z01,E,2023-01,15210711.463592969,A,F,,,P1M,,E,,,,,,,,,2,,,"Monetary aggregate M2, Stocks","Euro area (changing composition), Outstanding amounts at the end of the period (stocks), MFIs, central government and post office giro institutions reporting sector - Monetary aggregate M2, All currencies combined - Euro area (changing composition) counterpart, Non-MFIs excluding central government sector, denominated in Euro, data Neither seasonally nor working day adjusted",EUR,6
BSI.M.U2.N.V.M20.X.1.U2.2300.Z01.E,M,U2,N,V,M20,X,1,U2,2300,Z01,E,2023-02,15152462.78176669,A,F,,,P1M,,E,,,,,,,,,2,,,"Monetary aggregate M2, Stocks","Euro area (changing composition), Outstanding amounts at the end of the period (stocks), MFIs, central government and post office giro institutions reporting sector - Monetary aggregate M2, All currencies combined - Euro area (changing composition) counterpart, Non-MFIs excluding central government sector, denominated in Euro, data Neither seasonally nor working day adjusted",EUR,6
BSI.M.U2.N.V.M20.X.1.U2.2300.Z01.E,M,U2,N,V,M20,X,1,U2,2300,Z01,E,2023-03,15153177.23732456,A,F,,,P1M,,E,,,,,,,,,2,,,"Monetary aggregate M2, Stocks","Euro area (changing composition), Outstanding amounts at the end of the period (stocks), MFIs, central government and post office giro institutions reporting sector - Monetary aggregate M2, All currencies combined - Euro area (changing composition) counterpart, Non-MFIs excluding central government sector, denominated in Euro, data Neither seasonally nor working day adjusted",EUR,6
BSI.M.U2.N.V.M20.X.1.U2.2300.Z01.E,M,U2,N,V,M20,X,1,U2,2300,Z01,E,2023-04,15131899.46163497,A,F,,,P1M,,E,,,,,,,,,2,,,"Monetary aggregate M2, Stocks","Euro area (changing composition), Outstanding amounts at the end of the period (stocks), MFIs, central government and post office giro institutions reporting sector - Monetary aggregate M2, All currencies combined - Euro area (changing composition) counterpart, Non-MFIs excluding central government sector, denominated in Euro, data Neither seasonally nor working day adjusted",EUR,6
BSI.M.U2.N.V.M20.X.1.U2.2300.Z01.E,M,U2,N,V,M20,X,1,U2,2300,Z01,E,2023-05,15098276.33856312,A,F,,,P1M,,E,,,,,,,,,2,,,"Monetary aggregate M2, Stocks","Euro area (changing composition), Outstanding amounts at the end of the period (stocks), MFIs, central government and post office giro institutions reporting sector - Monetary aggregate M2, All currencies combined - Euro area (changing composition) counterpart, Non-MFIs excluding central government sector, denominated in Euro, data Neither seasonally nor working day adjusted",EUR,6
BSI.M.U2.N.V.M20.X.1.U2.2300.Z01.E,M,U2,N,V,M20,X,1,U2,2300,Z01,E,2023-06,15115901.37730908,A,F,,,P1M,,E,,,,,,,,,2,,,"Monetary aggregate M2, Stocks","Euro area (changing composition), Outstanding amounts at the end of the period (stocks), MFIs, central government and post office giro institutions reporting sector - Monetary aggregate M2, All currencies combined - Euro area (changing composition) counterpart, Non-MFIs excluding central government sector, denominated in Euro, data Neither seasonally nor working day adjusted",EUR,6
BSI.M.U2.N.V.M20.X.1.U2.2300.Z01.E,M,U2,N,V,M20,X,1,U2,2300,Z01,E,2023-07,15083288.78811422,A,F,,,P1M,,E,,,,,,,,,2,,,"Monetary aggregate M2, Stocks","Euro area (changing composition), Outstanding amounts at the end of the period (stocks), MFIs, central government and post office giro institutions reporting sector - Monetary aggregate M2, All currencies combined - Euro area (changing composition) counterpart, Non-MFIs excluding central government sector, denominated in Euro, data Neither seasonally nor working day adjusted",EUR,6
BSI.M.U2.N.V.M20.X.1.U2.2300.Z01.E,M,U2,N,V,M20,X,1,U2,2300,Z01,E,2023-08,15040767.96993856,A,F,,,P1M,,E,,,,,,,,,2,,,"Monetary aggregate M2, Stocks","Euro area (changing composition), Outstanding amounts at the end of the period (stocks), MFIs, central government and post office giro institutions reporting sector - Monetary aggregate M2, All currencies combined - Euro area (changing composition) counterpart, Non-MFIs excluding central government sector, denominated in Euro, data Neither seasonally nor working day adjusted",EUR,6
BSI.M.U2.N.V.M20.X.1.U2.2300.Z01.E,M,U2,N,V,M20,X,1,U2,2300,Z01,E,2023-09,15093083.72705555,A,F,,,P1M,,E,,,,,,,,,2,,,"Monetary aggregate M2, Stocks","Euro area (changing composition), Outstanding amounts at the end of the period (stocks), MFIs, central government and post office giro institutions reporting sector - Monetary aggregate M2, All currencies combined - Euro area (changing composition) counterpart, Non-MFIs excluding central government sector, denominated in Euro, data Neither seasonally nor working day adjusted",EUR,6
BSI.M.U2.N.V.M20.X.1.U2.2300.Z01.E,M,U2,N,V,M20,X,1,U2,2300,Z01,E,2023-10,15002455.4951773,A,F,,,P1M,,E,,,,,,,,,2,,,"Monetary aggregate M2, Stocks","Euro area (changing composition), Outstanding amounts at the end of the period (stocks), MFIs, central government and post office giro institutions reporting sector - Monetary aggregate M2, All currencies combined - Euro area (changing composition) counterpart, Non-MFIs excluding central government sector, denominated in Euro, data Neither seasonally nor working day adjusted",EUR,6
BSI.M.U2.N.V.M20.X.1.U2.2300.Z01.E,M,U2,N,V,M20,X,1,U2,2300,Z01,E,2023-11,15047000.9960841,A,F,,,P1M,,E,,,,,,,,,2,,,"Monetary aggregate M2, Stocks","Euro area (changing composition), Outstanding amounts at the end of the period (stocks), MFIs, central government and post office giro institutions reporting sector - Monetary aggregate M2, All currencies combined - Euro area (changing composition) counterpart, Non-MFIs excluding central government sector, denominated in Euro, data Neither seasonally nor working day adjusted",EUR,6
BSI.M.U2.N.V.M20.X.1.U2.2300.Z01.E,M,U2,N,V,M20,X,1,U2,2300,Z01,E,2023-12,15198811.55256105,A,F,,,P1M,,E,,,,,,,,,2,,,"Monetary aggregate M2, Stocks","Euro area (changing composition), Outstanding amounts at the end of the period (stocks), MFIs, central government and post office giro institutions reporting sector - Monetary aggregate M2, All currencies combined - Euro area (changing composition) counterpart, Non-MFIs excluding central government sector, denominated in Euro, data Neither seasonally nor working day adjusted",EUR,6
BSI.M.U2.N.V.M20.X.1.U2.2300.Z01.E,M,U2,N,V,M20,X,1,U2,2300,Z01,E,2024-01,15022817.45575452,A,F,,,P1M,,E,,,,,,,,,2,,,"Monetary aggregate M2, Stocks","Euro area (changing composition), Outstanding amounts at the end of the period (stocks), MFIs, central government and post office giro institutions reporting sector - Monetary aggregate M2, All currencies combined - Euro area (changing composition) counterpart, Non-MFIs excluding central government sector, denominated in Euro, data Neither seasonally nor working day adjusted",EUR,6
BSI.M.U2.N.V.M20.X.1.U2.2300.Z01.E,M,U2,N,V,M20,X,1,U2,2300,Z01,E,2024-02,15035511.75685796,A,F,,,P1M,,E,,,,,,,,,2,,,"Monetary aggregate M2, Stocks","Euro area (changing composition), Outstanding amounts at the end of the period (stocks), MFIs, central government and post office giro institutions reporting sector - Monetary aggregate M2, All currencies combined - Euro area (changing composition) counterpart, Non-MFIs excluding central government sector, denominated in Euro, data Neither seasonally nor working day adjusted",EUR,6
BSI.M.U2.N.V.M20.X.1.U2.2300.Z01.E,M,U2,N,V,M20,X,1,U2,2300,Z01,E,2024-03,15139053.60731018,A,F,,,P1M,,E,,,,,,,,,2,,,"Monetary aggregate M2, Stocks","Euro area (changing composition), Outstanding amounts at the end of the period (stocks), MFIs, central government and post office giro institutions reporting sector - Monetary aggregate M2, All currencies combined - Euro area (changing composition) counterpart, Non-MFIs excluding central government sector, denominated in Euro, data Neither seasonally nor working day adjusted",EUR,6
BSI.M.U2.N.V.M20.X.1.U2.2300.Z01.E,M,U2,N,V,M20,X,1,U2,2300,Z01,E,2024-04,15119172.83323892,A,F,,,P1M,,E,,,,,,,,,2,,,"Monetary aggregate M2, Stocks","Euro area (changing composition), Outstanding amounts at the end of the period (stocks), MFIs, central government and post office giro institutions reporting sector - Monetary aggregate M2, All currencies combined - Euro area (changing composition) counterpart, Non-MFIs excluding central government sector, denominated in Euro, data Neither seasonally nor working day adjusted",EUR,6
BSI.M.U2.N.V.M20.X.1.U2.2300.Z01.E,M,U2,N,V,M20,X,1,U2,2300,Z01,E,2024-05,15175457.363630101,A,F,,,P1M,,E,,,,,,,,,2,,,"Monetary aggregate M2, Stocks","Euro area (changing composition), Outstanding amounts at the end of the period (stocks), MFIs, central government and post office giro institutions reporting sector - Monetary aggregate M2, All currencies combined - Euro area (changing composition) counterpart, Non-MFIs excluding central government sector, denominated in Euro, data Neither seasonally nor working day adjusted",EUR,6
BSI.M.U2.N.V.M20.X.1.U2.2300.Z01.E,M,U2,N,V,M20,X,1,U2,2300,Z01,E,2024-06,15345132.577960141,A,F,,,P1M,,E,,,,,,,,,2,,,"Monetary aggregate M2, Stocks","Euro area (changing composition), Outstanding amounts at the end of the period (stocks), MFIs, central government and post office giro institutions reporting sector - Monetary aggregate M2, All currencies combined - Euro area (changing composition) counterpart, Non-MFIs excluding central government sector, denominated in Euro, data Neither seasonally nor working day adjusted",EUR,6
BSI.M.U2.N.V.M20.X.1.U2.2300.Z01.E,M,U2,N,V,M20,X,1,U2,2300,Z01,E,2024-07,15272291.91887035,A,F,,,P1M,,E,,,,,,,,,2,,,"Monetary aggregate M2, Stocks","Euro area (changing composition), Outstanding amounts at the end of the period (stocks), MFIs, central government and post office giro institutions reporting sector - Monetary aggregate M2, All currencies combined - Euro area (changing composition) counterpart, Non-MFIs excluding central government sector, denominated in Euro, data Neither seasonally nor working day adjusted",EUR,6
BSI.M.U2.N.V.M20.X.1.U2.2300.Z01.E,M,U2,N,V,M20,X,1,U2,2300,Z01,E,2024-08,15353552.65499203,A,F,,,P1M,,E,,,,,,,,,2,,,"Monetary aggregate M2, Stocks","Euro area (changing composition), Outstanding amounts at the end of the period (stocks), MFIs, central government and post office giro institutions reporting sector - Monetary aggregate M2, All currencies combined - Euro area (changing composition) counterpart, Non-MFIs excluding central government sector, denominated in Euro, data Neither seasonally nor working day adjusted",EUR,6
BSI.M.U2.N.V.M20.X.1.U2.2300.Z01.E,M,U2,N,V,M20,X,1,U2,2300,Z01,E,2024-09,15404136.28265069,A,F,,,P1M,,E,,,,,,,,,2,,,"Monetary aggregate M2, Stocks","Euro area (changing composition), Outstanding amounts at the end of the period (stocks), MFIs, central government and post office giro institutions reporting sector - Monetary aggregate M2, All currencies combined - Euro area (changing composition) counterpart, Non-MFIs excluding central government sector, denominated in Euro, data Neither seasonally nor working day adjusted",EUR,6
BSI.M.U2.N.V.M20.X.1.U2.2300.Z01.E,M,U2,N,V,M20,X,1,U2,2300,Z01,E,2024-10,15387199.08413628,A,F,,,P1M,,E,,,,,,,,,2,,,"Monetary aggregate M2, Stocks","Euro area (changing composition), Outstanding amounts at the end of the period (stocks), MFIs, central government and post office giro institutions reporting sector - Monetary aggregate M2, All currencies combined - Euro area (changing composition) counterpart, Non-MFIs excluding central government sector, denominated in Euro, data Neither seasonally nor working day adjusted",EUR,6
BSI.M.U2.N.V.M20.X.1.U2.2300.Z01.E,M,U2,N,V,M20,X,1,U2,2300,Z01,E,2024-11,15568936.268128,A,F,,,P1M,,E,,,,,,,,,2,,,"Monetary aggregate M2, Stocks","Euro area (changing composition), Outstanding amounts at the end of the period (stocks), MFIs, central government and post office giro institutions reporting sector - Monetary aggregate M2, All currencies combined - Euro area (changing composition) counterpart, Non-MFIs excluding central government sector, denominated in Euro, data Neither seasonally nor working day adjusted",EUR,6
BSI.M.U2.N.V.M20.X.1.U2.2300.Z01.E,M,U2,N,V,M20,X,1,U2,2300,Z01,E,2024-12,15662255.130115,A,F,,,P1M,,E,,,,,,,,,2,,,"Monetary aggregate M2, Stocks","Euro area (changing composition), Outstanding amounts at the end of the period (stocks), MFIs, central government and post office giro institutions reporting sector - Monetary aggregate M2, All currencies combined - Euro area (changing composition) counterpart, Non-MFIs excluding central government sector, denominated in Euro, data Neither seasonally nor working day adjusted",EUR,6
BSI.M.U2.N.V.M20.X.1.U2.2300.Z01.E,M,U2,N,V,M20,X,1,U2,2300,Z01,E,2025-01,15528880.893779,A,F,,,P1M,,E,,,,,,,,,2,,,"Monetary aggregate M2, Stocks","Euro area (changing composition), Outstanding amounts at the end of the period (stocks), MFIs, central government and post office giro institutions reporting sector - Monetary aggregate M2, All currencies combined - Euro area (changing composition) counterpart, Non-MFIs excluding central government sector, denominated in Euro, data Neither seasonally nor working day adjusted",EUR,6
BSI.M.U2.N.V.M20.X.1.U2.2300.Z01.E,M,U2,N,V,M20,X,1,U2,2300,Z01,E,2025-02,15555001.675622,A,F,,,P1M,,E,,,,,,,,,2,,,"Monetary aggregate M2, Stocks","Euro area (changing composition), Outstanding amounts at the end of the period (stocks), MFIs, central government and post office giro institutions reporting sector - Monetary aggregate M2, All currencies combined - Euro area (changing composition) counterpart, Non-MFIs excluding central government sector, denominated in Euro, data Neither seasonally nor working day adjusted",EUR,6
BSI.M.U2.N.V.M20.X.1.U2.2300.Z01.E,M,U2,N,V,M20,X,1,U2,2300,Z01,E,2025-03,15636681.099704,A,F,,,P1M,,E,,,,,,,,,2,,,"Monetary aggregate M2, Stocks","Euro area (changing composition), Outstanding amounts at the end of the period (stocks), MFIs, central government and post office giro institutions reporting sector - Monetary aggregate M2, All currencies combined - Euro area (changing composition) counterpart, Non-MFIs excluding central government sector, denominated in Euro, data Neither seasonally nor working day adjusted",EUR,6
BSI.M.U2.N.V.M20.X.1.U2.2300.Z01.E,M,U2,N,V,M20,X,1,U2,2300,Z01,E,2025-04,15652209.840561999,A,F,,,P1M,,E,,,,,,,,,2,,,"Monetary aggregate M2, Stocks","Euro area (changing composition), Outstanding amounts at the end of the period (stocks), MFIs, central government and post office giro institutions reporting sector - Monetary aggregate M2, All currencies combined - Euro area (changing composition) counterpart, Non-MFIs excluding central government sector, denominated in Euro, data Neither seasonally nor working day adjusted",EUR,6
BSI.M.U2.N.V.M20.X.1.U2.2300.Z01.E,M,U2,N,V,M20,X,1,U2,2300,Z01,E,2025-05,15742997.685613,A,F,,,P1M,,E,,,,,,,,,2,,,"Monetary aggregate M2, Stocks","Euro area (changing composition), Outstanding amounts at the end of the period (stocks), MFIs, central government and post office giro institutions reporting sector - Monetary aggregate M2, All currencies combined - Euro area (changing composition) counterpart, Non-MFIs excluding central government sector, denominated in Euro, data Neither seasonally nor working day adjusted",EUR,6
BSI.M.U2.N.V.M20.X.1.U2.2300.Z01.E,M,U2,N,V,M20,X,1,U2,2300,Z01,E,2025-06,15746639.188204,A,F,,,P1M,,E,,,,,,,,,2,,,"Monetary aggregate M2, Stocks","Euro area (changing composition), Outstanding amounts at the end of the period (stocks), MFIs, central government and post office giro institutions reporting sector - Monetary aggregate M2, All currencies combined - Euro area (changing composition) counterpart, Non-MFIs excluding central government sector, denominated in Euro, data Neither seasonally nor working day adjusted",EUR,6
BSI.M.U2.N.V.M20.X.1.U2.2300.Z01.E,M,U2,N,V,M20,X,1,U2,2300,Z01,E,2025-07,15755216.22728,A,F,,,P1M,,E,,,,,,,,,2,,,"Monetary aggregate M2, Stocks","Euro area (changing composition), Outstanding amounts at the end of the period (stocks), MFIs, central government and post office giro institutions reporting sector - Monetary aggregate M2, All currencies combined - Euro area (changing composition) counterpart, Non-MFIs excluding central government sector, denominated in Euro, data Neither seasonally nor working day adjusted",EUR,6
BSI.M.U2.N.V.M20.X.1.U2.2300.Z01.E,M,U2,N,V,M20,X,1,U2,2300,Z01,E,2025-08,15789391.396953,A,F,,,P1M,,E,,,,,,,,,2,,,"Monetary aggregate M2, Stocks","Euro area (changing composition), Outstanding amounts at the end of the period (stocks), MFIs, central government and post office giro institutions reporting sector - Monetary aggregate M2, All currencies combined - Euro area (changing composition) counterpart, Non-MFIs excluding central government sector, denominated in Euro, data Neither seasonally nor working day adjusted",EUR,6
BSI.M.U2.N.V.M20.X.1.U2.2300.Z01.E,M,U2,N,V,M20,X,1,U2,2300,Z01,E,2025-09,15803972.399627998,A,F,,,P1M,,E,,,,,,,,,2,,,"Monetary aggregate M2, Stocks","Euro area (changing composition), Outstanding amounts at the end of the period (stocks), MFIs, central government and post office giro institutions reporting sector - Monetary aggregate M2, All currencies combined - Euro area (changing composition) counterpart, Non-MFIs excluding central government sector, denominated in Euro, data Neither seasonally nor working day adjusted",EUR,6
BSI.M.U2.N.V.M20.X.1.U2.2300.Z01.E,M,U2,N,V,M20,X,1,U2,2300,Z01,E,2025-10,15864115.310862001,A,F,,,P1M,,E,,,,,,,,,2,,,"Monetary aggregate M2, Stocks","Euro area (changing composition), Outstanding amounts at the end of the period (stocks), MFIs, central government and post office giro institutions reporting sector - Monetary aggregate M2, All currencies combined - Euro area (changing composition) counterpart, Non-MFIs excluding central government sector, denominated in Euro, data Neither seasonally nor working day adjusted",EUR,6
BSI.M.U2.N.V.M20.X.1.U2.2300.Z01.E,M,U2,N,V,M20,X,1,U2,2300,Z01,E,2025-11,16047814.853595998,A,F,,,P1M,,E,,,,,,,,,2,,,"Monetary aggregate M2, Stocks","Euro area (changing composition), Outstanding amounts at the end of the period (stocks), MFIs, central government and post office giro institutions reporting sector - Monetary aggregate M2, All currencies combined - Euro area (changing composition) counterpart, Non-MFIs excluding central government sector, denominated in Euro, data Neither seasonally nor working day adjusted",EUR,6
BSI.M.U2.N.V.M20.X.1.U2.2300.Z01.E,M,U2,N,V,M20,X,1,U2,2300,Z01,E,2025-12,16146683.60186286,A,F,,,P1M,,E,,,,,,,,,2,,,"Monetary aggregate M2, Stocks","Euro area (changing composition), Outstanding amounts at the end of the period (stocks), MFIs, central government and post office giro institutions reporting sector - Monetary aggregate M2, All currencies combined - Euro area (changing composition) counterpart, Non-MFIs excluding central government sector, denominated in Euro, data Neither seasonally nor working day adjusted",EUR,6
BSI.M.U2.N.V.M20.X.1.U2.2300.Z01.E,M,U2,N,V,M20,X,1,U2,2300,Z01,E,2026-01,16153073.439178,A,F,,,P1M,,E,,,,,,,,,2,,,"Monetary aggregate M2, Stocks","Euro area (changing composition), Outstanding amounts at the end of the period (stocks), MFIs, central government and post office giro institutions reporting sector - Monetary aggregate M2, All currencies combined - Euro area (changing composition) counterpart, Non-MFIs excluding central government sector, denominated in Euro, data Neither seasonally nor working day adjusted",EUR,6
BSI.M.U2.N.V.M20.X.1.U2.2300.Z01.E,M,U2,N,V,M20,X,1,U2,2300,Z01,E,2026-02,16179796.431981,A,F,,,P1M,,E,,,,,,,,,2,,,"Monetary aggregate M2, Stocks","Euro area (changing composition), Outstanding amounts at the end of the period (stocks), MFIs, central government and post office giro institutions reporting sector - Monetary aggregate M2, All currencies combined - Euro area (changing composition) counterpart, Non-MFIs excluding central government sector, denominated in Euro, data Neither seasonally nor working day adjusted",EUR,6
BSI.M.U2.N.V.M20.X.1.U2.2300.Z01.E,M,U2,N,V,M20,X,1,U2,2300,Z01,E,2026-03,16271573.784416,A,F,,,P1M,,E,,,,,,,,,2,,,"Monetary aggregate M2, Stocks","Euro area (changing composition), Outstanding amounts at the end of the period (stocks), MFIs, central government and post office giro institutions reporting sector - Monetary aggregate M2, All currencies combined - Euro area (changing composition) counterpart, Non-MFIs excluding central government sector, denominated in Euro, data Neither seasonally nor working day adjusted",EUR,6
BSI.M.U2.N.V.M20.X.1.U2.2300.Z01.E,M,U2,N,V,M20,X,1,U2,2300,Z01,E,2026-04,16265854.35197,A,F,,,P1M,,E,,,,,,,,,2,,,"Monetary aggregate M2, Stocks","Euro area (changing composition), Outstanding amounts at the end of the period (stocks), MFIs, central government and post office giro institutions reporting sector - Monetary aggregate M2, All currencies combined - Euro area (changing composition) counterpart, Non-MFIs excluding central government sector, denominated in Euro, data Neither seasonally nor working day adjusted",EUR,6
BSI.M.U2.N.V.M20.X.1.U2.2300.Z01.E,M,U2,N,V,M20,X,1,U2,2300,Z01,E,2026-05,16383218.58244437,A,F,,,P1M,,E,,,,,,,,,2,,,"Monetary aggregate M2, Stocks","Euro area (changing composition), Outstanding amounts at the end of the period (stocks), MFIs, central government and post office giro institutions reporting sector - Monetary aggregate M2, All currencies combined - Euro area (changing composition) counterpart, Non-MFIs excluding central government sector, denominated in Euro, data Neither seasonally nor working day adjusted",EUR,6
BSI.M.U2.N.V.M20.X.1.U2.2300.Z01.E,M,U2,N,V,M20,X,1,U2,2300,Z01,E,2026-06,16450066.48665624,A,F,,,P1M,,E,,,,,,,,,2,,,"Monetary aggregate M2, Stocks","Euro area (changing composition), Outstanding amounts at the end of the period (stocks), MFIs, central government and post office giro institutions reporting sector - Monetary aggregate M2, All currencies combined - Euro area (changing composition) counterpart, Non-MFIs excluding central government sector, denominated in Euro, data Neither seasonally nor working day adjusted",EUR,6
BSI.M.U2.N.V.M20.X.1.U2.2300.Z01.E,M,U2,N,V,M20,X,1,U2,2300,Z01,E,2026-07,16455487.060942698,A,F,,,P1M,,E,,,,,,,,,2,,,"Monetary aggregate M2, Stocks","Euro area (changing composition), Outstanding amounts at the end of the period (stocks), MFIs, central government and post office giro institutions reporting sector - Monetary aggregate M2, All currencies combined - Euro area (changing composition) counterpart, Non-MFIs excluding central government sector, denominated in Euro, data Neither seasonally nor working day adjusted",EUR,6
BSI.M.U2.N.V.M20.X.1.U2.2300.Z01.E,M,U2,N,V,M20,X,1,U2,2300,Z01,E,2026-08,16441000.463214898,P,F,,,P1M,,E,,,,,,,,,2,,,"Monetary aggregate M2, Stocks","Euro area (changing composition), Outstanding amounts at the end of the period (stocks), MFIs, central government and post office giro institutions reporting sector - Monetary aggregate M2, All currencies combined - Euro area (changing composition) counterpart, Non-MFIs excluding central government sector, denominated in Euro, data Neither seasonally nor working day adjusted",EUR,6
