KEY,FREQ,REF_AREA,ADJUSTMENT,BS_REP_SECTOR,BS_ITEM,MATURITY_ORIG,DATA_TYPE,COUNT_AREA,BS_COUNT_SECTOR,CURRENCY_TRANS,BS_SUFFIX,TIME_PERIOD,OBS_VALUE,OBS_STATUS,OBS_CONF,OBS_PRE_BREAK,OBS_COM,TIME_FORMAT,BREAKS,COLLECTION,COMPILING_ORG,DISS_ORG,DOM_SER_IDS,PUBL_ECB,PUBL_MU,PUBL_PUBLIC,UNIT_INDEX_BASE,COMPILATION,DECIMALS,NAT_TITLE,SOURCE_AGENCY,TITLE,TITLE_COMPL,UNIT,UNIT_MULT
BSI.M.U2.Y.V.M20.X.1.U2.2300.Z01.E,M,U2,Y,V,M20,X,1,U2,2300,Z01,E,1980-01,1070496,A,F,,,P1M,,E,,,,,,,,,2,,,"Monetary aggregate M2, Stocks","Euro area (changing composition), Outstanding amounts at the end of the period (stocks), MFIs, central government and post office giro institutions reporting sector - Monetary aggregate M2, All currencies combined - Euro area (changing composition) counterpart, Non-MFIs excluding central government sector, denominated in Euro, data Working day and seasonally adjusted",EUR,6
BSI.M.U2.Y.V.M20.X.1.U2.2300.Z01.E,M,U2,Y,V,M20,X,1,U2,2300,Z01,E,1980-02,1078232,A,F,,,P1M,,E,,,,,,,,,2,,,"Monetary aggregate M2, Stocks","Euro area (changing composition), Outstanding amounts at the end of the period (stocks), MFIs, central government and post office giro institutions reporting sector - Monetary aggregate M2, All currencies combined - Euro area (changing composition) counterpart, Non-MFIs excluding central government sector, denominated in Euro, data Working day and seasonally adjusted",EUR,6
BSI.M.U2.Y.V.M20.X.1.U2.2300.Z01.E,M,U2,Y,V,M20,X,1,U2,2300,Z01,E,1980-03,1088333,A,F,,,P1M,,E,,,,,,,,,2,,,"Monetary aggregate M2, Stocks","Euro area (changing composition), Outstanding amounts at the end of the period (stocks), MFIs, central government and post office giro institutions reporting sector - Monetary aggregate M2, All currencies combined - Euro area (changing composition) counterpart, Non-MFIs excluding central government sector, denominated in Euro, data Working day and seasonally adjusted",EUR,6
BSI.M.U2.Y.V.M20.X.1.U2.2300.Z01.E,M,U2,Y,V,M20,X,1,U2,2300,Z01,E,1980-04,1093263,A,F,,,P1M,,E,,,,,,,,,2,,,"Monetary aggregate M2, Stocks","Euro area (changing composition), Outstanding amounts at the end of the period (stocks), MFIs, central government and post office giro institutions reporting sector - Monetary aggregate M2, All currencies combined - Euro area (changing composition) counterpart, Non-MFIs excluding central government sector, denominated in Euro, data Working day and seasonally adjusted",EUR,6
BSI.M.U2.Y.V.M20.X.1.U2.2300.Z01.E,M,U2,Y,V,M20,X,1,U2,2300,Z01,E,1980-05,1100958,A,F,,,P1M,,E,,,,,,,,,2,,,"Monetary aggregate M2, Stocks","Euro area (changing composition), Outstanding amounts at the end of the period (stocks), MFIs, central government and post office giro institutions reporting sector - Monetary aggregate M2, All currencies combined - Euro area (changing composition) counterpart, Non-MFIs excluding central government sector, denominated in Euro, data Working day and seasonally adjusted",EUR,6
BSI.M.U2.Y.V.M20.X.1.U2.2300.Z01.E,M,U2,Y,V,M20,X,1,U2,2300,Z01,E,1980-06,1109205,A,F,,,P1M,,E,,,,,,,,,2,,,"Monetary aggregate M2, Stocks","Euro area (changing composition), Outstanding amounts at the end of the period (stocks), MFIs, central government and post office giro institutions reporting sector - Monetary aggregate M2, All currencies combined - Euro area (changing composition) counterpart, Non-MFIs excluding central government sector, denominated in Euro, data Working day and seasonally adjusted",EUR,6
BSI.M.U2.Y.V.M20.X.1.U2.2300.Z01.E,M,U2,Y,V,M20,X,1,U2,2300,Z01,E,1980-07,1120452,A,F,,,P1M,,E,,,,,,,,,2,,,"Monetary aggregate M2, Stocks","Euro area (changing composition), Outstanding amounts at the end of the period (stocks), MFIs, central government and post office giro institutions reporting sector - Monetary aggregate M2, All currencies combined - Euro area (changing composition) counterpart, Non-MFIs excluding central government sector, denominated in Euro, data Working day and seasonally adjusted",EUR,6
BSI.M.U2.Y.V.M20.X.1.U2.2300.Z01.E,M,U2,Y,V,M20,X,1,U2,2300,Z01,E,1980-08,1127098,A,F,,,P1M,,E,,,,,,,,,2,,,"Monetary aggregate M2, Stocks","Euro area (changing composition), Outstanding amounts at the end of the period (stocks), MFIs, central government and post office giro institutions reporting sector - Monetary aggregate M2, All currencies combined - Euro area (changing composition) counterpart, Non-MFIs excluding central government sector, denominated in Euro, data Working day and seasonally adjusted",EUR,6
BSI.M.U2.Y.V.M20.X.1.U2.2300.Z01.E,M,U2,Y,V,M20,X,1,U2,2300,Z01,E,1980-09,1133419,A,F,,,P1M,,E,,,,,,,,,2,,,"Monetary aggregate M2, Stocks","Euro area (changing composition), Outstanding amounts at the end of the period (stocks), MFIs, central government and post office giro institutions reporting sector - Monetary aggregate M2, All currencies combined - Euro area (changing composition) counterpart, Non-MFIs excluding central government sector, denominated in Euro, data Working day and seasonally adjusted",EUR,6
BSI.M.U2.Y.V.M20.X.1.U2.2300.Z01.E,M,U2,Y,V,M20,X,1,U2,2300,Z01,E,1980-10,1145159,A,F,,,P1M,,E,,,,,,,,,2,,,"Monetary aggregate M2, Stocks","Euro area (changing composition), Outstanding amounts at the end of the period (stocks), MFIs, central government and post office giro institutions reporting sector - Monetary aggregate M2, All currencies combined - Euro area (changing composition) counterpart, Non-MFIs excluding central government sector, denominated in Euro, data Working day and seasonally adjusted",EUR,6
BSI.M.U2.Y.V.M20.X.1.U2.2300.Z01.E,M,U2,Y,V,M20,X,1,U2,2300,Z01,E,1980-11,1160031,A,F,,,P1M,,E,,,,,,,,,2,,,"Monetary aggregate M2, Stocks","Euro area (changing composition), Outstanding amounts at the end of the period (stocks), MFIs, central government and post office giro institutions reporting sector - Monetary aggregate M2, All currencies combined - Euro area (changing composition) counterpart, Non-MFIs excluding central government sector, denominated in Euro, data Working day and seasonally adjusted",EUR,6
BSI.M.U2.Y.V.M20.X.1.U2.2300.Z01.E,M,U2,Y,V,M20,X,1,U2,2300,Z01,E,1980-12,1165452,A,F,,,P1M,,E,,,,,,,,,2,,,"Monetary aggregate M2, Stocks","Euro area (changing composition), Outstanding amounts at the end of the period (stocks), MFIs, central government and post office giro institutions reporting sector - Monetary aggregate M2, All currencies combined - Euro area (changing composition) counterpart, Non-MFIs excluding central government sector, denominated in Euro, data Working day and seasonally adjusted",EUR,6
BSI.M.U2.Y.V.M20.X.1.U2.2300.Z01.E,M,U2,Y,V,M20,X,1,U2,2300,Z01,E,1981-01,1175008,A,F,,,P1M,,E,,,,,,,,,2,,,"Monetary aggregate M2, Stocks","Euro area (changing composition), Outstanding amounts at the end of the period (stocks), MFIs, central government and post office giro institutions reporting sector - Monetary aggregate M2, All currencies combined - Euro area (changing composition) counterpart, Non-MFIs excluding central government sector, denominated in Euro, data Working day and seasonally adjusted",EUR,6
BSI.M.U2.Y.V.M20.X.1.U2.2300.Z01.E,M,U2,Y,V,M20,X,1,U2,2300,Z01,E,1981-02,1186668,A,F,,,P1M,,E,,,,,,,,,2,,,"Monetary aggregate M2, Stocks","Euro area (changing composition), Outstanding amounts at the end of the period (stocks), MFIs, central government and post office giro institutions reporting sector - Monetary aggregate M2, All currencies combined - Euro area (changing composition) counterpart, Non-MFIs excluding central government sector, denominated in Euro, data Working day and seasonally adjusted",EUR,6
BSI.M.U2.Y.V.M20.X.1.U2.2300.Z01.E,M,U2,Y,V,M20,X,1,U2,2300,Z01,E,1981-03,1194414,A,F,,,P1M,,E,,,,,,,,,2,,,"Monetary aggregate M2, Stocks","Euro area (changing composition), Outstanding amounts at the end of the period (stocks), MFIs, central government and post office giro institutions reporting sector - Monetary aggregate M2, All currencies combined - Euro area (changing composition) counterpart, Non-MFIs excluding central government sector, denominated in Euro, data Working day and seasonally adjusted",EUR,6
BSI.M.U2.Y.V.M20.X.1.U2.2300.Z01.E,M,U2,Y,V,M20,X,1,U2,2300,Z01,E,1981-04,1204188,A,F,,,P1M,,E,,,,,,,,,2,,,"Monetary aggregate M2, Stocks","Euro area (changing composition), Outstanding amounts at the end of the period (stocks), MFIs, central government and post office giro institutions reporting sector - Monetary aggregate M2, All currencies combined - Euro area (changing composition) counterpart, Non-MFIs excluding central government sector, denominated in Euro, data Working day and seasonally adjusted",EUR,6
BSI.M.U2.Y.V.M20.X.1.U2.2300.Z01.E,M,U2,Y,V,M20,X,1,U2,2300,Z01,E,1981-05,1215847,A,F,,,P1M,,E,,,,,,,,,2,,,"Monetary aggregate M2, Stocks","Euro area (changing composition), Outstanding amounts at the end of the period (stocks), MFIs, central government and post office giro institutions reporting sector - Monetary aggregate M2, All currencies combined - Euro area (changing composition) counterpart, Non-MFIs excluding central government sector, denominated in Euro, data Working day and seasonally adjusted",EUR,6
BSI.M.U2.Y.V.M20.X.1.U2.2300.Z01.E,M,U2,Y,V,M20,X,1,U2,2300,Z01,E,1981-06,1223076,A,F,,,P1M,,E,,,,,,,,,2,,,"Monetary aggregate M2, Stocks","Euro area (changing composition), Outstanding amounts at the end of the period (stocks), MFIs, central government and post office giro institutions reporting sector - Monetary aggregate M2, All currencies combined - Euro area (changing composition) counterpart, Non-MFIs excluding central government sector, denominated in Euro, data Working day and seasonally adjusted",EUR,6
BSI.M.U2.Y.V.M20.X.1.U2.2300.Z01.E,M,U2,Y,V,M20,X,1,U2,2300,Z01,E,1981-07,1230470,A,F,,,P1M,,E,,,,,,,,,2,,,"Monetary aggregate M2, Stocks","Euro area (changing composition), Outstanding amounts at the end of the period (stocks), MFIs, central government and post office giro institutions reporting sector - Monetary aggregate M2, All currencies combined - Euro area (changing composition) counterpart, Non-MFIs excluding central government sector, denominated in Euro, data Working day and seasonally adjusted",EUR,6
BSI.M.U2.Y.V.M20.X.1.U2.2300.Z01.E,M,U2,Y,V,M20,X,1,U2,2300,Z01,E,1981-08,1234000,A,F,,,P1M,,E,,,,,,,,,2,,,"Monetary aggregate M2, Stocks","Euro area (changing composition), Outstanding amounts at the end of the period (stocks), MFIs, central government and post office giro institutions reporting sector - Monetary aggregate M2, All currencies combined - Euro area (changing composition) counterpart, Non-MFIs excluding central government sector, denominated in Euro, data Working day and seasonally adjusted",EUR,6
BSI.M.U2.Y.V.M20.X.1.U2.2300.Z01.E,M,U2,Y,V,M20,X,1,U2,2300,Z01,E,1981-09,1246150,A,F,,,P1M,,E,,,,,,,,,2,,,"Monetary aggregate M2, Stocks","Euro area (changing composition), Outstanding amounts at the end of the period (stocks), MFIs, central government and post office giro institutions reporting sector - Monetary aggregate M2, All currencies combined - Euro area (changing composition) counterpart, Non-MFIs excluding central government sector, denominated in Euro, data Working day and seasonally adjusted",EUR,6
BSI.M.U2.Y.V.M20.X.1.U2.2300.Z01.E,M,U2,Y,V,M20,X,1,U2,2300,Z01,E,1981-10,1253958,A,F,,,P1M,,E,,,,,,,,,2,,,"Monetary aggregate M2, Stocks","Euro area (changing composition), Outstanding amounts at the end of the period (stocks), MFIs, central government and post office giro institutions reporting sector - Monetary aggregate M2, All currencies combined - Euro area (changing composition) counterpart, Non-MFIs excluding central government sector, denominated in Euro, data Working day and seasonally adjusted",EUR,6
BSI.M.U2.Y.V.M20.X.1.U2.2300.Z01.E,M,U2,Y,V,M20,X,1,U2,2300,Z01,E,1981-11,1264026,A,F,,,P1M,,E,,,,,,,,,2,,,"Monetary aggregate M2, Stocks","Euro area (changing composition), Outstanding amounts at the end of the period (stocks), MFIs, central government and post office giro institutions reporting sector - Monetary aggregate M2, All currencies combined - Euro area (changing composition) counterpart, Non-MFIs excluding central government sector, denominated in Euro, data Working day and seasonally adjusted",EUR,6
BSI.M.U2.Y.V.M20.X.1.U2.2300.Z01.E,M,U2,Y,V,M20,X,1,U2,2300,Z01,E,1981-12,1273805,A,F,,,P1M,,E,,,,,,,,,2,,,"Monetary aggregate M2, Stocks","Euro area (changing composition), Outstanding amounts at the end of the period (stocks), MFIs, central government and post office giro institutions reporting sector - Monetary aggregate M2, All currencies combined - Euro area (changing composition) counterpart, Non-MFIs excluding central government sector, denominated in Euro, data Working day and seasonally adjusted",EUR,6
BSI.M.U2.Y.V.M20.X.1.U2.2300.Z01.E,M,U2,Y,V,M20,X,1,U2,2300,Z01,E,1982-01,1287848,A,F,,,P1M,,E,,,,,,,,,2,,,"Monetary aggregate M2, Stocks","Euro area (changing composition), Outstanding amounts at the end of the period (stocks), MFIs, central government and post office giro institutions reporting sector - Monetary aggregate M2, All currencies combined - Euro area (changing composition) counterpart, Non-MFIs excluding central government sector, denominated in Euro, data Working day and seasonally adjusted",EUR,6
BSI.M.U2.Y.V.M20.X.1.U2.2300.Z01.E,M,U2,Y,V,M20,X,1,U2,2300,Z01,E,1982-02,1299092,A,F,,,P1M,,E,,,,,,,,,2,,,"Monetary aggregate M2, Stocks","Euro area (changing composition), Outstanding amounts at the end of the period (stocks), MFIs, central government and post office giro institutions reporting sector - Monetary aggregate M2, All currencies combined - Euro area (changing composition) counterpart, Non-MFIs excluding central government sector, denominated in Euro, data Working day and seasonally adjusted",EUR,6
BSI.M.U2.Y.V.M20.X.1.U2.2300.Z01.E,M,U2,Y,V,M20,X,1,U2,2300,Z01,E,1982-03,1313351,A,F,,,P1M,,E,,,,,,,,,2,,,"Monetary aggregate M2, Stocks","Euro area (changing composition), Outstanding amounts at the end of the period (stocks), MFIs, central government and post office giro institutions reporting sector - Monetary aggregate M2, All currencies combined - Euro area (changing composition) counterpart, Non-MFIs excluding central government sector, denominated in Euro, data Working day and seasonally adjusted",EUR,6
BSI.M.U2.Y.V.M20.X.1.U2.2300.Z01.E,M,U2,Y,V,M20,X,1,U2,2300,Z01,E,1982-04,1326733,A,F,,,P1M,,E,,,,,,,,,2,,,"Monetary aggregate M2, Stocks","Euro area (changing composition), Outstanding amounts at the end of the period (stocks), MFIs, central government and post office giro institutions reporting sector - Monetary aggregate M2, All currencies combined - Euro area (changing composition) counterpart, Non-MFIs excluding central government sector, denominated in Euro, data Working day and seasonally adjusted",EUR,6
BSI.M.U2.Y.V.M20.X.1.U2.2300.Z01.E,M,U2,Y,V,M20,X,1,U2,2300,Z01,E,1982-05,1334764,A,F,,,P1M,,E,,,,,,,,,2,,,"Monetary aggregate M2, Stocks","Euro area (changing composition), Outstanding amounts at the end of the period (stocks), MFIs, central government and post office giro institutions reporting sector - Monetary aggregate M2, All currencies combined - Euro area (changing composition) counterpart, Non-MFIs excluding central government sector, denominated in Euro, data Working day and seasonally adjusted",EUR,6
BSI.M.U2.Y.V.M20.X.1.U2.2300.Z01.E,M,U2,Y,V,M20,X,1,U2,2300,Z01,E,1982-06,1347524,A,F,,,P1M,,E,,,,,,,,,2,,,"Monetary aggregate M2, Stocks","Euro area (changing composition), Outstanding amounts at the end of the period (stocks), MFIs, central government and post office giro institutions reporting sector - Monetary aggregate M2, All currencies combined - Euro area (changing composition) counterpart, Non-MFIs excluding central government sector, denominated in Euro, data Working day and seasonally adjusted",EUR,6
BSI.M.U2.Y.V.M20.X.1.U2.2300.Z01.E,M,U2,Y,V,M20,X,1,U2,2300,Z01,E,1982-07,1358609,A,F,,,P1M,,E,,,,,,,,,2,,,"Monetary aggregate M2, Stocks","Euro area (changing composition), Outstanding amounts at the end of the period (stocks), MFIs, central government and post office giro institutions reporting sector - Monetary aggregate M2, All currencies combined - Euro area (changing composition) counterpart, Non-MFIs excluding central government sector, denominated in Euro, data Working day and seasonally adjusted",EUR,6
BSI.M.U2.Y.V.M20.X.1.U2.2300.Z01.E,M,U2,Y,V,M20,X,1,U2,2300,Z01,E,1982-08,1372472,A,F,,,P1M,,E,,,,,,,,,2,,,"Monetary aggregate M2, Stocks","Euro area (changing composition), Outstanding amounts at the end of the period (stocks), MFIs, central government and post office giro institutions reporting sector - Monetary aggregate M2, All currencies combined - Euro area (changing composition) counterpart, Non-MFIs excluding central government sector, denominated in Euro, data Working day and seasonally adjusted",EUR,6
BSI.M.U2.Y.V.M20.X.1.U2.2300.Z01.E,M,U2,Y,V,M20,X,1,U2,2300,Z01,E,1982-09,1382740,A,F,,,P1M,,E,,,,,,,,,2,,,"Monetary aggregate M2, Stocks","Euro area (changing composition), Outstanding amounts at the end of the period (stocks), MFIs, central government and post office giro institutions reporting sector - Monetary aggregate M2, All currencies combined - Euro area (changing composition) counterpart, Non-MFIs excluding central government sector, denominated in Euro, data Working day and seasonally adjusted",EUR,6
BSI.M.U2.Y.V.M20.X.1.U2.2300.Z01.E,M,U2,Y,V,M20,X,1,U2,2300,Z01,E,1982-10,1389853,A,F,,,P1M,,E,,,,,,,,,2,,,"Monetary aggregate M2, Stocks","Euro area (changing composition), Outstanding amounts at the end of the period (stocks), MFIs, central government and post office giro institutions reporting sector - Monetary aggregate M2, All currencies combined - Euro area (changing composition) counterpart, Non-MFIs excluding central government sector, denominated in Euro, data Working day and seasonally adjusted",EUR,6
BSI.M.U2.Y.V.M20.X.1.U2.2300.Z01.E,M,U2,Y,V,M20,X,1,U2,2300,Z01,E,1982-11,1401761,A,F,,,P1M,,E,,,,,,,,,2,,,"Monetary aggregate M2, Stocks","Euro area (changing composition), Outstanding amounts at the end of the period (stocks), MFIs, central government and post office giro institutions reporting sector - Monetary aggregate M2, All currencies combined - Euro area (changing composition) counterpart, Non-MFIs excluding central government sector, denominated in Euro, data Working day and seasonally adjusted",EUR,6
BSI.M.U2.Y.V.M20.X.1.U2.2300.Z01.E,M,U2,Y,V,M20,X,1,U2,2300,Z01,E,1982-12,1414556,A,F,,,P1M,,E,,,,,,,,,2,,,"Monetary aggregate M2, Stocks","Euro area (changing composition), Outstanding amounts at the end of the period (stocks), MFIs, central government and post office giro institutions reporting sector - Monetary aggregate M2, All currencies combined - Euro area (changing composition) counterpart, Non-MFIs excluding central government sector, denominated in Euro, data Working day and seasonally adjusted",EUR,6
BSI.M.U2.Y.V.M20.X.1.U2.2300.Z01.E,M,U2,Y,V,M20,X,1,U2,2300,Z01,E,1983-01,1425088,A,F,,,P1M,,E,,,,,,,,,2,,,"Monetary aggregate M2, Stocks","Euro area (changing composition), Outstanding amounts at the end of the period (stocks), MFIs, central government and post office giro institutions reporting sector - Monetary aggregate M2, All currencies combined - Euro area (changing composition) counterpart, Non-MFIs excluding central government sector, denominated in Euro, data Working day and seasonally adjusted",EUR,6
BSI.M.U2.Y.V.M20.X.1.U2.2300.Z01.E,M,U2,Y,V,M20,X,1,U2,2300,Z01,E,1983-02,1435898,A,F,,,P1M,,E,,,,,,,,,2,,,"Monetary aggregate M2, Stocks","Euro area (changing composition), Outstanding amounts at the end of the period (stocks), MFIs, central government and post office giro institutions reporting sector - Monetary aggregate M2, All currencies combined - Euro area (changing composition) counterpart, Non-MFIs excluding central government sector, denominated in Euro, data Working day and seasonally adjusted",EUR,6
BSI.M.U2.Y.V.M20.X.1.U2.2300.Z01.E,M,U2,Y,V,M20,X,1,U2,2300,Z01,E,1983-03,1443423,A,F,,,P1M,,E,,,,,,,,,2,,,"Monetary aggregate M2, Stocks","Euro area (changing composition), Outstanding amounts at the end of the period (stocks), MFIs, central government and post office giro institutions reporting sector - Monetary aggregate M2, All currencies combined - Euro area (changing composition) counterpart, Non-MFIs excluding central government sector, denominated in Euro, data Working day and seasonally adjusted",EUR,6
BSI.M.U2.Y.V.M20.X.1.U2.2300.Z01.E,M,U2,Y,V,M20,X,1,U2,2300,Z01,E,1983-04,1453878,A,F,,,P1M,,E,,,,,,,,,2,,,"Monetary aggregate M2, Stocks","Euro area (changing composition), Outstanding amounts at the end of the period (stocks), MFIs, central government and post office giro institutions reporting sector - Monetary aggregate M2, All currencies combined - Euro area (changing composition) counterpart, Non-MFIs excluding central government sector, denominated in Euro, data Working day and seasonally adjusted",EUR,6
BSI.M.U2.Y.V.M20.X.1.U2.2300.Z01.E,M,U2,Y,V,M20,X,1,U2,2300,Z01,E,1983-05,1464343,A,F,,,P1M,,E,,,,,,,,,2,,,"Monetary aggregate M2, Stocks","Euro area (changing composition), Outstanding amounts at the end of the period (stocks), MFIs, central government and post office giro institutions reporting sector - Monetary aggregate M2, All currencies combined - Euro area (changing composition) counterpart, Non-MFIs excluding central government sector, denominated in Euro, data Working day and seasonally adjusted",EUR,6
BSI.M.U2.Y.V.M20.X.1.U2.2300.Z01.E,M,U2,Y,V,M20,X,1,U2,2300,Z01,E,1983-06,1474969,A,F,,,P1M,,E,,,,,,,,,2,,,"Monetary aggregate M2, Stocks","Euro area (changing composition), Outstanding amounts at the end of the period (stocks), MFIs, central government and post office giro institutions reporting sector - Monetary aggregate M2, All currencies combined - Euro area (changing composition) counterpart, Non-MFIs excluding central government sector, denominated in Euro, data Working day and seasonally adjusted",EUR,6
BSI.M.U2.Y.V.M20.X.1.U2.2300.Z01.E,M,U2,Y,V,M20,X,1,U2,2300,Z01,E,1983-07,1486582,A,F,,,P1M,,E,,,,,,,,,2,,,"Monetary aggregate M2, Stocks","Euro area (changing composition), Outstanding amounts at the end of the period (stocks), MFIs, central government and post office giro institutions reporting sector - Monetary aggregate M2, All currencies combined - Euro area (changing composition) counterpart, Non-MFIs excluding central government sector, denominated in Euro, data Working day and seasonally adjusted",EUR,6
BSI.M.U2.Y.V.M20.X.1.U2.2300.Z01.E,M,U2,Y,V,M20,X,1,U2,2300,Z01,E,1983-08,1498206,A,F,,,P1M,,E,,,,,,,,,2,,,"Monetary aggregate M2, Stocks","Euro area (changing composition), Outstanding amounts at the end of the period (stocks), MFIs, central government and post office giro institutions reporting sector - Monetary aggregate M2, All currencies combined - Euro area (changing composition) counterpart, Non-MFIs excluding central government sector, denominated in Euro, data Working day and seasonally adjusted",EUR,6
BSI.M.U2.Y.V.M20.X.1.U2.2300.Z01.E,M,U2,Y,V,M20,X,1,U2,2300,Z01,E,1983-09,1503408,A,F,,,P1M,,E,,,,,,,,,2,,,"Monetary aggregate M2, Stocks","Euro area (changing composition), Outstanding amounts at the end of the period (stocks), MFIs, central government and post office giro institutions reporting sector - Monetary aggregate M2, All currencies combined - Euro area (changing composition) counterpart, Non-MFIs excluding central government sector, denominated in Euro, data Working day and seasonally adjusted",EUR,6
BSI.M.U2.Y.V.M20.X.1.U2.2300.Z01.E,M,U2,Y,V,M20,X,1,U2,2300,Z01,E,1983-10,1513481,A,F,,,P1M,,E,,,,,,,,,2,,,"Monetary aggregate M2, Stocks","Euro area (changing composition), Outstanding amounts at the end of the period (stocks), MFIs, central government and post office giro institutions reporting sector - Monetary aggregate M2, All currencies combined - Euro area (changing composition) counterpart, Non-MFIs excluding central government sector, denominated in Euro, data Working day and seasonally adjusted",EUR,6
BSI.M.U2.Y.V.M20.X.1.U2.2300.Z01.E,M,U2,Y,V,M20,X,1,U2,2300,Z01,E,1983-11,1526253,A,F,,,P1M,,E,,,,,,,,,2,,,"Monetary aggregate M2, Stocks","Euro area (changing composition), Outstanding amounts at the end of the period (stocks), MFIs, central government and post office giro institutions reporting sector - Monetary aggregate M2, All currencies combined - Euro area (changing composition) counterpart, Non-MFIs excluding central government sector, denominated in Euro, data Working day and seasonally adjusted",EUR,6
BSI.M.U2.Y.V.M20.X.1.U2.2300.Z01.E,M,U2,Y,V,M20,X,1,U2,2300,Z01,E,1983-12,1537092,A,F,,,P1M,,E,,,,,,,,,2,,,"Monetary aggregate M2, Stocks","Euro area (changing composition), Outstanding amounts at the end of the period (stocks), MFIs, central government and post office giro institutions reporting sector - Monetary aggregate M2, All currencies combined - Euro area (changing composition) counterpart, Non-MFIs excluding central government sector, denominated in Euro, data Working day and seasonally adjusted",EUR,6
BSI.M.U2.Y.V.M20.X.1.U2.2300.Z01.E,M,U2,Y,V,M20,X,1,U2,2300,Z01,E,1984-01,1543563,A,F,,,P1M,,E,,,,,,,,,2,,,"Monetary aggregate M2, Stocks","Euro area (changing composition), Outstanding amounts at the end of the period (stocks), MFIs, central government and post office giro institutions reporting sector - Monetary aggregate M2, All currencies combined - Euro area (changing composition) counterpart, Non-MFIs excluding central government sector, denominated in Euro, data Working day and seasonally adjusted",EUR,6
BSI.M.U2.Y.V.M20.X.1.U2.2300.Z01.E,M,U2,Y,V,M20,X,1,U2,2300,Z01,E,1984-02,1549774,A,F,,,P1M,,E,,,,,,,,,2,,,"Monetary aggregate M2, Stocks","Euro area (changing composition), Outstanding amounts at the end of the period (stocks), MFIs, central government and post office giro institutions reporting sector - Monetary aggregate M2, All currencies combined - Euro area (changing composition) counterpart, Non-MFIs excluding central government sector, denominated in Euro, data Working day and seasonally adjusted",EUR,6
BSI.M.U2.Y.V.M20.X.1.U2.2300.Z01.E,M,U2,Y,V,M20,X,1,U2,2300,Z01,E,1984-03,1559014,A,F,,,P1M,,E,,,,,,,,,2,,,"Monetary aggregate M2, Stocks","Euro area (changing composition), Outstanding amounts at the end of the period (stocks), MFIs, central government and post office giro institutions reporting sector - Monetary aggregate M2, All currencies combined - Euro area (changing composition) counterpart, Non-MFIs excluding central government sector, denominated in Euro, data Working day and seasonally adjusted",EUR,6
BSI.M.U2.Y.V.M20.X.1.U2.2300.Z01.E,M,U2,Y,V,M20,X,1,U2,2300,Z01,E,1984-04,1568820,A,F,,,P1M,,E,,,,,,,,,2,,,"Monetary aggregate M2, Stocks","Euro area (changing composition), Outstanding amounts at the end of the period (stocks), MFIs, central government and post office giro institutions reporting sector - Monetary aggregate M2, All currencies combined - Euro area (changing composition) counterpart, Non-MFIs excluding central government sector, denominated in Euro, data Working day and seasonally adjusted",EUR,6
BSI.M.U2.Y.V.M20.X.1.U2.2300.Z01.E,M,U2,Y,V,M20,X,1,U2,2300,Z01,E,1984-05,1583749,A,F,,,P1M,,E,,,,,,,,,2,,,"Monetary aggregate M2, Stocks","Euro area (changing composition), Outstanding amounts at the end of the period (stocks), MFIs, central government and post office giro institutions reporting sector - Monetary aggregate M2, All currencies combined - Euro area (changing composition) counterpart, Non-MFIs excluding central government sector, denominated in Euro, data Working day and seasonally adjusted",EUR,6
BSI.M.U2.Y.V.M20.X.1.U2.2300.Z01.E,M,U2,Y,V,M20,X,1,U2,2300,Z01,E,1984-06,1591965,A,F,,,P1M,,E,,,,,,,,,2,,,"Monetary aggregate M2, Stocks","Euro area (changing composition), Outstanding amounts at the end of the period (stocks), MFIs, central government and post office giro institutions reporting sector - Monetary aggregate M2, All currencies combined - Euro area (changing composition) counterpart, Non-MFIs excluding central government sector, denominated in Euro, data Working day and seasonally adjusted",EUR,6
BSI.M.U2.Y.V.M20.X.1.U2.2300.Z01.E,M,U2,Y,V,M20,X,1,U2,2300,Z01,E,1984-07,1603857,A,F,,,P1M,,E,,,,,,,,,2,,,"Monetary aggregate M2, Stocks","Euro area (changing composition), Outstanding amounts at the end of the period (stocks), MFIs, central government and post office giro institutions reporting sector - Monetary aggregate M2, All currencies combined - Euro area (changing composition) counterpart, Non-MFIs excluding central government sector, denominated in Euro, data Working day and seasonally adjusted",EUR,6
BSI.M.U2.Y.V.M20.X.1.U2.2300.Z01.E,M,U2,Y,V,M20,X,1,U2,2300,Z01,E,1984-08,1617813,A,F,,,P1M,,E,,,,,,,,,2,,,"Monetary aggregate M2, Stocks","Euro area (changing composition), Outstanding amounts at the end of the period (stocks), MFIs, central government and post office giro institutions reporting sector - Monetary aggregate M2, All currencies combined - Euro area (changing composition) counterpart, Non-MFIs excluding central government sector, denominated in Euro, data Working day and seasonally adjusted",EUR,6
BSI.M.U2.Y.V.M20.X.1.U2.2300.Z01.E,M,U2,Y,V,M20,X,1,U2,2300,Z01,E,1984-09,1631220,A,F,,,P1M,,E,,,,,,,,,2,,,"Monetary aggregate M2, Stocks","Euro area (changing composition), Outstanding amounts at the end of the period (stocks), MFIs, central government and post office giro institutions reporting sector - Monetary aggregate M2, All currencies combined - Euro area (changing composition) counterpart, Non-MFIs excluding central government sector, denominated in Euro, data Working day and seasonally adjusted",EUR,6
BSI.M.U2.Y.V.M20.X.1.U2.2300.Z01.E,M,U2,Y,V,M20,X,1,U2,2300,Z01,E,1984-10,1638411,A,F,,,P1M,,E,,,,,,,,,2,,,"Monetary aggregate M2, Stocks","Euro area (changing composition), Outstanding amounts at the end of the period (stocks), MFIs, central government and post office giro institutions reporting sector - Monetary aggregate M2, All currencies combined - Euro area (changing composition) counterpart, Non-MFIs excluding central government sector, denominated in Euro, data Working day and seasonally adjusted",EUR,6
BSI.M.U2.Y.V.M20.X.1.U2.2300.Z01.E,M,U2,Y,V,M20,X,1,U2,2300,Z01,E,1984-11,1649653,A,F,,,P1M,,E,,,,,,,,,2,,,"Monetary aggregate M2, Stocks","Euro area (changing composition), Outstanding amounts at the end of the period (stocks), MFIs, central government and post office giro institutions reporting sector - Monetary aggregate M2, All currencies combined - Euro area (changing composition) counterpart, Non-MFIs excluding central government sector, denominated in Euro, data Working day and seasonally adjusted",EUR,6
BSI.M.U2.Y.V.M20.X.1.U2.2300.Z01.E,M,U2,Y,V,M20,X,1,U2,2300,Z01,E,1984-12,1661882,A,F,,,P1M,,E,,,,,,,,,2,,,"Monetary aggregate M2, Stocks","Euro area (changing composition), Outstanding amounts at the end of the period (stocks), MFIs, central government and post office giro institutions reporting sector - Monetary aggregate M2, All currencies combined - Euro area (changing composition) counterpart, Non-MFIs excluding central government sector, denominated in Euro, data Working day and seasonally adjusted",EUR,6
BSI.M.U2.Y.V.M20.X.1.U2.2300.Z01.E,M,U2,Y,V,M20,X,1,U2,2300,Z01,E,1985-01,1676415,A,F,,,P1M,,E,,,,,,,,,2,,,"Monetary aggregate M2, Stocks","Euro area (changing composition), Outstanding amounts at the end of the period (stocks), MFIs, central government and post office giro institutions reporting sector - Monetary aggregate M2, All currencies combined - Euro area (changing composition) counterpart, Non-MFIs excluding central government sector, denominated in Euro, data Working day and seasonally adjusted",EUR,6
BSI.M.U2.Y.V.M20.X.1.U2.2300.Z01.E,M,U2,Y,V,M20,X,1,U2,2300,Z01,E,1985-02,1691806,A,F,,,P1M,,E,,,,,,,,,2,,,"Monetary aggregate M2, Stocks","Euro area (changing composition), Outstanding amounts at the end of the period (stocks), MFIs, central government and post office giro institutions reporting sector - Monetary aggregate M2, All currencies combined - Euro area (changing composition) counterpart, Non-MFIs excluding central government sector, denominated in Euro, data Working day and seasonally adjusted",EUR,6
BSI.M.U2.Y.V.M20.X.1.U2.2300.Z01.E,M,U2,Y,V,M20,X,1,U2,2300,Z01,E,1985-03,1700138,A,F,,,P1M,,E,,,,,,,,,2,,,"Monetary aggregate M2, Stocks","Euro area (changing composition), Outstanding amounts at the end of the period (stocks), MFIs, central government and post office giro institutions reporting sector - Monetary aggregate M2, All currencies combined - Euro area (changing composition) counterpart, Non-MFIs excluding central government sector, denominated in Euro, data Working day and seasonally adjusted",EUR,6
BSI.M.U2.Y.V.M20.X.1.U2.2300.Z01.E,M,U2,Y,V,M20,X,1,U2,2300,Z01,E,1985-04,1709983,A,F,,,P1M,,E,,,,,,,,,2,,,"Monetary aggregate M2, Stocks","Euro area (changing composition), Outstanding amounts at the end of the period (stocks), MFIs, central government and post office giro institutions reporting sector - Monetary aggregate M2, All currencies combined - Euro area (changing composition) counterpart, Non-MFIs excluding central government sector, denominated in Euro, data Working day and seasonally adjusted",EUR,6
BSI.M.U2.Y.V.M20.X.1.U2.2300.Z01.E,M,U2,Y,V,M20,X,1,U2,2300,Z01,E,1985-05,1715317,A,F,,,P1M,,E,,,,,,,,,2,,,"Monetary aggregate M2, Stocks","Euro area (changing composition), Outstanding amounts at the end of the period (stocks), MFIs, central government and post office giro institutions reporting sector - Monetary aggregate M2, All currencies combined - Euro area (changing composition) counterpart, Non-MFIs excluding central government sector, denominated in Euro, data Working day and seasonally adjusted",EUR,6
BSI.M.U2.Y.V.M20.X.1.U2.2300.Z01.E,M,U2,Y,V,M20,X,1,U2,2300,Z01,E,1985-06,1722006,A,F,,,P1M,,E,,,,,,,,,2,,,"Monetary aggregate M2, Stocks","Euro area (changing composition), Outstanding amounts at the end of the period (stocks), MFIs, central government and post office giro institutions reporting sector - Monetary aggregate M2, All currencies combined - Euro area (changing composition) counterpart, Non-MFIs excluding central government sector, denominated in Euro, data Working day and seasonally adjusted",EUR,6
BSI.M.U2.Y.V.M20.X.1.U2.2300.Z01.E,M,U2,Y,V,M20,X,1,U2,2300,Z01,E,1985-07,1731220,A,F,,,P1M,,E,,,,,,,,,2,,,"Monetary aggregate M2, Stocks","Euro area (changing composition), Outstanding amounts at the end of the period (stocks), MFIs, central government and post office giro institutions reporting sector - Monetary aggregate M2, All currencies combined - Euro area (changing composition) counterpart, Non-MFIs excluding central government sector, denominated in Euro, data Working day and seasonally adjusted",EUR,6
BSI.M.U2.Y.V.M20.X.1.U2.2300.Z01.E,M,U2,Y,V,M20,X,1,U2,2300,Z01,E,1985-08,1738364,A,F,,,P1M,,E,,,,,,,,,2,,,"Monetary aggregate M2, Stocks","Euro area (changing composition), Outstanding amounts at the end of the period (stocks), MFIs, central government and post office giro institutions reporting sector - Monetary aggregate M2, All currencies combined - Euro area (changing composition) counterpart, Non-MFIs excluding central government sector, denominated in Euro, data Working day and seasonally adjusted",EUR,6
BSI.M.U2.Y.V.M20.X.1.U2.2300.Z01.E,M,U2,Y,V,M20,X,1,U2,2300,Z01,E,1985-09,1746936,A,F,,,P1M,,E,,,,,,,,,2,,,"Monetary aggregate M2, Stocks","Euro area (changing composition), Outstanding amounts at the end of the period (stocks), MFIs, central government and post office giro institutions reporting sector - Monetary aggregate M2, All currencies combined - Euro area (changing composition) counterpart, Non-MFIs excluding central government sector, denominated in Euro, data Working day and seasonally adjusted",EUR,6
BSI.M.U2.Y.V.M20.X.1.U2.2300.Z01.E,M,U2,Y,V,M20,X,1,U2,2300,Z01,E,1985-10,1755357,A,F,,,P1M,,E,,,,,,,,,2,,,"Monetary aggregate M2, Stocks","Euro area (changing composition), Outstanding amounts at the end of the period (stocks), MFIs, central government and post office giro institutions reporting sector - Monetary aggregate M2, All currencies combined - Euro area (changing composition) counterpart, Non-MFIs excluding central government sector, denominated in Euro, data Working day and seasonally adjusted",EUR,6
BSI.M.U2.Y.V.M20.X.1.U2.2300.Z01.E,M,U2,Y,V,M20,X,1,U2,2300,Z01,E,1985-11,1760581,A,F,,,P1M,,E,,,,,,,,,2,,,"Monetary aggregate M2, Stocks","Euro area (changing composition), Outstanding amounts at the end of the period (stocks), MFIs, central government and post office giro institutions reporting sector - Monetary aggregate M2, All currencies combined - Euro area (changing composition) counterpart, Non-MFIs excluding central government sector, denominated in Euro, data Working day and seasonally adjusted",EUR,6
BSI.M.U2.Y.V.M20.X.1.U2.2300.Z01.E,M,U2,Y,V,M20,X,1,U2,2300,Z01,E,1985-12,1784034,A,F,,,P1M,,E,,,,,,,,,2,,,"Monetary aggregate M2, Stocks","Euro area (changing composition), Outstanding amounts at the end of the period (stocks), MFIs, central government and post office giro institutions reporting sector - Monetary aggregate M2, All currencies combined - Euro area (changing composition) counterpart, Non-MFIs excluding central government sector, denominated in Euro, data Working day and seasonally adjusted",EUR,6
BSI.M.U2.Y.V.M20.X.1.U2.2300.Z01.E,M,U2,Y,V,M20,X,1,U2,2300,Z01,E,1986-01,1792537,A,F,,,P1M,,E,,,,,,,,,2,,,"Monetary aggregate M2, Stocks","Euro area (changing composition), Outstanding amounts at the end of the period (stocks), MFIs, central government and post office giro institutions reporting sector - Monetary aggregate M2, All currencies combined - Euro area (changing composition) counterpart, Non-MFIs excluding central government sector, denominated in Euro, data Working day and seasonally adjusted",EUR,6
BSI.M.U2.Y.V.M20.X.1.U2.2300.Z01.E,M,U2,Y,V,M20,X,1,U2,2300,Z01,E,1986-02,1800828,A,F,,,P1M,,E,,,,,,,,,2,,,"Monetary aggregate M2, Stocks","Euro area (changing composition), Outstanding amounts at the end of the period (stocks), MFIs, central government and post office giro institutions reporting sector - Monetary aggregate M2, All currencies combined - Euro area (changing composition) counterpart, Non-MFIs excluding central government sector, denominated in Euro, data Working day and seasonally adjusted",EUR,6
BSI.M.U2.Y.V.M20.X.1.U2.2300.Z01.E,M,U2,Y,V,M20,X,1,U2,2300,Z01,E,1986-03,1818276,A,F,,,P1M,,E,,,,,,,,,2,,,"Monetary aggregate M2, Stocks","Euro area (changing composition), Outstanding amounts at the end of the period (stocks), MFIs, central government and post office giro institutions reporting sector - Monetary aggregate M2, All currencies combined - Euro area (changing composition) counterpart, Non-MFIs excluding central government sector, denominated in Euro, data Working day and seasonally adjusted",EUR,6
BSI.M.U2.Y.V.M20.X.1.U2.2300.Z01.E,M,U2,Y,V,M20,X,1,U2,2300,Z01,E,1986-04,1815354,A,F,,,P1M,,E,,,,,,,,,2,,,"Monetary aggregate M2, Stocks","Euro area (changing composition), Outstanding amounts at the end of the period (stocks), MFIs, central government and post office giro institutions reporting sector - Monetary aggregate M2, All currencies combined - Euro area (changing composition) counterpart, Non-MFIs excluding central government sector, denominated in Euro, data Working day and seasonally adjusted",EUR,6
BSI.M.U2.Y.V.M20.X.1.U2.2300.Z01.E,M,U2,Y,V,M20,X,1,U2,2300,Z01,E,1986-05,1824547,A,F,,,P1M,,E,,,,,,,,,2,,,"Monetary aggregate M2, Stocks","Euro area (changing composition), Outstanding amounts at the end of the period (stocks), MFIs, central government and post office giro institutions reporting sector - Monetary aggregate M2, All currencies combined - Euro area (changing composition) counterpart, Non-MFIs excluding central government sector, denominated in Euro, data Working day and seasonally adjusted",EUR,6
BSI.M.U2.Y.V.M20.X.1.U2.2300.Z01.E,M,U2,Y,V,M20,X,1,U2,2300,Z01,E,1986-06,1832456,A,F,,,P1M,,E,,,,,,,,,2,,,"Monetary aggregate M2, Stocks","Euro area (changing composition), Outstanding amounts at the end of the period (stocks), MFIs, central government and post office giro institutions reporting sector - Monetary aggregate M2, All currencies combined - Euro area (changing composition) counterpart, Non-MFIs excluding central government sector, denominated in Euro, data Working day and seasonally adjusted",EUR,6
BSI.M.U2.Y.V.M20.X.1.U2.2300.Z01.E,M,U2,Y,V,M20,X,1,U2,2300,Z01,E,1986-07,1847233,A,F,,,P1M,,E,,,,,,,,,2,,,"Monetary aggregate M2, Stocks","Euro area (changing composition), Outstanding amounts at the end of the period (stocks), MFIs, central government and post office giro institutions reporting sector - Monetary aggregate M2, All currencies combined - Euro area (changing composition) counterpart, Non-MFIs excluding central government sector, denominated in Euro, data Working day and seasonally adjusted",EUR,6
BSI.M.U2.Y.V.M20.X.1.U2.2300.Z01.E,M,U2,Y,V,M20,X,1,U2,2300,Z01,E,1986-08,1858580,A,F,,,P1M,,E,,,,,,,,,2,,,"Monetary aggregate M2, Stocks","Euro area (changing composition), Outstanding amounts at the end of the period (stocks), MFIs, central government and post office giro institutions reporting sector - Monetary aggregate M2, All currencies combined - Euro area (changing composition) counterpart, Non-MFIs excluding central government sector, denominated in Euro, data Working day and seasonally adjusted",EUR,6
BSI.M.U2.Y.V.M20.X.1.U2.2300.Z01.E,M,U2,Y,V,M20,X,1,U2,2300,Z01,E,1986-09,1872837,A,F,,,P1M,,E,,,,,,,,,2,,,"Monetary aggregate M2, Stocks","Euro area (changing composition), Outstanding amounts at the end of the period (stocks), MFIs, central government and post office giro institutions reporting sector - Monetary aggregate M2, All currencies combined - Euro area (changing composition) counterpart, Non-MFIs excluding central government sector, denominated in Euro, data Working day and seasonally adjusted",EUR,6
BSI.M.U2.Y.V.M20.X.1.U2.2300.Z01.E,M,U2,Y,V,M20,X,1,U2,2300,Z01,E,1986-10,1889296,A,F,,,P1M,,E,,,,,,,,,2,,,"Monetary aggregate M2, Stocks","Euro area (changing composition), Outstanding amounts at the end of the period (stocks), MFIs, central government and post office giro institutions reporting sector - Monetary aggregate M2, All currencies combined - Euro area (changing composition) counterpart, Non-MFIs excluding central government sector, denominated in Euro, data Working day and seasonally adjusted",EUR,6
BSI.M.U2.Y.V.M20.X.1.U2.2300.Z01.E,M,U2,Y,V,M20,X,1,U2,2300,Z01,E,1986-11,1896941,A,F,,,P1M,,E,,,,,,,,,2,,,"Monetary aggregate M2, Stocks","Euro area (changing composition), Outstanding amounts at the end of the period (stocks), MFIs, central government and post office giro institutions reporting sector - Monetary aggregate M2, All currencies combined - Euro area (changing composition) counterpart, Non-MFIs excluding central government sector, denominated in Euro, data Working day and seasonally adjusted",EUR,6
BSI.M.U2.Y.V.M20.X.1.U2.2300.Z01.E,M,U2,Y,V,M20,X,1,U2,2300,Z01,E,1986-12,1903734,A,F,,,P1M,,E,,,,,,,,,2,,,"Monetary aggregate M2, Stocks","Euro area (changing composition), Outstanding amounts at the end of the period (stocks), MFIs, central government and post office giro institutions reporting sector - Monetary aggregate M2, All currencies combined - Euro area (changing composition) counterpart, Non-MFIs excluding central government sector, denominated in Euro, data Working day and seasonally adjusted",EUR,6
BSI.M.U2.Y.V.M20.X.1.U2.2300.Z01.E,M,U2,Y,V,M20,X,1,U2,2300,Z01,E,1987-01,1918425,A,F,,,P1M,,E,,,,,,,,,2,,,"Monetary aggregate M2, Stocks","Euro area (changing composition), Outstanding amounts at the end of the period (stocks), MFIs, central government and post office giro institutions reporting sector - Monetary aggregate M2, All currencies combined - Euro area (changing composition) counterpart, Non-MFIs excluding central government sector, denominated in Euro, data Working day and seasonally adjusted",EUR,6
BSI.M.U2.Y.V.M20.X.1.U2.2300.Z01.E,M,U2,Y,V,M20,X,1,U2,2300,Z01,E,1987-02,1927091,A,F,,,P1M,,E,,,,,,,,,2,,,"Monetary aggregate M2, Stocks","Euro area (changing composition), Outstanding amounts at the end of the period (stocks), MFIs, central government and post office giro institutions reporting sector - Monetary aggregate M2, All currencies combined - Euro area (changing composition) counterpart, Non-MFIs excluding central government sector, denominated in Euro, data Working day and seasonally adjusted",EUR,6
BSI.M.U2.Y.V.M20.X.1.U2.2300.Z01.E,M,U2,Y,V,M20,X,1,U2,2300,Z01,E,1987-03,1940390,A,F,,,P1M,,E,,,,,,,,,2,,,"Monetary aggregate M2, Stocks","Euro area (changing composition), Outstanding amounts at the end of the period (stocks), MFIs, central government and post office giro institutions reporting sector - Monetary aggregate M2, All currencies combined - Euro area (changing composition) counterpart, Non-MFIs excluding central government sector, denominated in Euro, data Working day and seasonally adjusted",EUR,6
BSI.M.U2.Y.V.M20.X.1.U2.2300.Z01.E,M,U2,Y,V,M20,X,1,U2,2300,Z01,E,1987-04,1952955,A,F,,,P1M,,E,,,,,,,,,2,,,"Monetary aggregate M2, Stocks","Euro area (changing composition), Outstanding amounts at the end of the period (stocks), MFIs, central government and post office giro institutions reporting sector - Monetary aggregate M2, All currencies combined - Euro area (changing composition) counterpart, Non-MFIs excluding central government sector, denominated in Euro, data Working day and seasonally adjusted",EUR,6
BSI.M.U2.Y.V.M20.X.1.U2.2300.Z01.E,M,U2,Y,V,M20,X,1,U2,2300,Z01,E,1987-05,1962800,A,F,,,P1M,,E,,,,,,,,,2,,,"Monetary aggregate M2, Stocks","Euro area (changing composition), Outstanding amounts at the end of the period (stocks), MFIs, central government and post office giro institutions reporting sector - Monetary aggregate M2, All currencies combined - Euro area (changing composition) counterpart, Non-MFIs excluding central government sector, denominated in Euro, data Working day and seasonally adjusted",EUR,6
BSI.M.U2.Y.V.M20.X.1.U2.2300.Z01.E,M,U2,Y,V,M20,X,1,U2,2300,Z01,E,1987-06,1975973,A,F,,,P1M,,E,,,,,,,,,2,,,"Monetary aggregate M2, Stocks","Euro area (changing composition), Outstanding amounts at the end of the period (stocks), MFIs, central government and post office giro institutions reporting sector - Monetary aggregate M2, All currencies combined - Euro area (changing composition) counterpart, Non-MFIs excluding central government sector, denominated in Euro, data Working day and seasonally adjusted",EUR,6
BSI.M.U2.Y.V.M20.X.1.U2.2300.Z01.E,M,U2,Y,V,M20,X,1,U2,2300,Z01,E,1987-07,1985755,A,F,,,P1M,,E,,,,,,,,,2,,,"Monetary aggregate M2, Stocks","Euro area (changing composition), Outstanding amounts at the end of the period (stocks), MFIs, central government and post office giro institutions reporting sector - Monetary aggregate M2, All currencies combined - Euro area (changing composition) counterpart, Non-MFIs excluding central government sector, denominated in Euro, data Working day and seasonally adjusted",EUR,6
BSI.M.U2.Y.V.M20.X.1.U2.2300.Z01.E,M,U2,Y,V,M20,X,1,U2,2300,Z01,E,1987-08,1992865,A,F,,,P1M,,E,,,,,,,,,2,,,"Monetary aggregate M2, Stocks","Euro area (changing composition), Outstanding amounts at the end of the period (stocks), MFIs, central government and post office giro institutions reporting sector - Monetary aggregate M2, All currencies combined - Euro area (changing composition) counterpart, Non-MFIs excluding central government sector, denominated in Euro, data Working day and seasonally adjusted",EUR,6
BSI.M.U2.Y.V.M20.X.1.U2.2300.Z01.E,M,U2,Y,V,M20,X,1,U2,2300,Z01,E,1987-09,2002177,A,F,,,P1M,,E,,,,,,,,,2,,,"Monetary aggregate M2, Stocks","Euro area (changing composition), Outstanding amounts at the end of the period (stocks), MFIs, central government and post office giro institutions reporting sector - Monetary aggregate M2, All currencies combined - Euro area (changing composition) counterpart, Non-MFIs excluding central government sector, denominated in Euro, data Working day and seasonally adjusted",EUR,6
BSI.M.U2.Y.V.M20.X.1.U2.2300.Z01.E,M,U2,Y,V,M20,X,1,U2,2300,Z01,E,1987-10,2016290,A,F,,,P1M,,E,,,,,,,,,2,,,"Monetary aggregate M2, Stocks","Euro area (changing composition), Outstanding amounts at the end of the period (stocks), MFIs, central government and post office giro institutions reporting sector - Monetary aggregate M2, All currencies combined - Euro area (changing composition) counterpart, Non-MFIs excluding central government sector, denominated in Euro, data Working day and seasonally adjusted",EUR,6
BSI.M.U2.Y.V.M20.X.1.U2.2300.Z01.E,M,U2,Y,V,M20,X,1,U2,2300,Z01,E,1987-11,2024128,A,F,,,P1M,,E,,,,,,,,,2,,,"Monetary aggregate M2, Stocks","Euro area (changing composition), Outstanding amounts at the end of the period (stocks), MFIs, central government and post office giro institutions reporting sector - Monetary aggregate M2, All currencies combined - Euro area (changing composition) counterpart, Non-MFIs excluding central government sector, denominated in Euro, data Working day and seasonally adjusted",EUR,6
BSI.M.U2.Y.V.M20.X.1.U2.2300.Z01.E,M,U2,Y,V,M20,X,1,U2,2300,Z01,E,1987-12,2027444,A,F,,,P1M,,E,,,,,,,,,2,,,"Monetary aggregate M2, Stocks","Euro area (changing composition), Outstanding amounts at the end of the period (stocks), MFIs, central government and post office giro institutions reporting sector - Monetary aggregate M2, All currencies combined - Euro area (changing composition) counterpart, Non-MFIs excluding central government sector, denominated in Euro, data Working day and seasonally adjusted",EUR,6
BSI.M.U2.Y.V.M20.X.1.U2.2300.Z01.E,M,U2,Y,V,M20,X,1,U2,2300,Z01,E,1988-01,2037581,A,F,,,P1M,,E,,,,,,,,,2,,,"Monetary aggregate M2, Stocks","Euro area (changing composition), Outstanding amounts at the end of the period (stocks), MFIs, central government and post office giro institutions reporting sector - Monetary aggregate M2, All currencies combined - Euro area (changing composition) counterpart, Non-MFIs excluding central government sector, denominated in Euro, data Working day and seasonally adjusted",EUR,6
BSI.M.U2.Y.V.M20.X.1.U2.2300.Z01.E,M,U2,Y,V,M20,X,1,U2,2300,Z01,E,1988-02,2046281,A,F,,,P1M,,E,,,,,,,,,2,,,"Monetary aggregate M2, Stocks","Euro area (changing composition), Outstanding amounts at the end of the period (stocks), MFIs, central government and post office giro institutions reporting sector - Monetary aggregate M2, All currencies combined - Euro area (changing composition) counterpart, Non-MFIs excluding central government sector, denominated in Euro, data Working day and seasonally adjusted",EUR,6
BSI.M.U2.Y.V.M20.X.1.U2.2300.Z01.E,M,U2,Y,V,M20,X,1,U2,2300,Z01,E,1988-03,2057427,A,F,,,P1M,,E,,,,,,,,,2,,,"Monetary aggregate M2, Stocks","Euro area (changing composition), Outstanding amounts at the end of the period (stocks), MFIs, central government and post office giro institutions reporting sector - Monetary aggregate M2, All currencies combined - Euro area (changing composition) counterpart, Non-MFIs excluding central government sector, denominated in Euro, data Working day and seasonally adjusted",EUR,6
BSI.M.U2.Y.V.M20.X.1.U2.2300.Z01.E,M,U2,Y,V,M20,X,1,U2,2300,Z01,E,1988-04,2076081,A,F,,,P1M,,E,,,,,,,,,2,,,"Monetary aggregate M2, Stocks","Euro area (changing composition), Outstanding amounts at the end of the period (stocks), MFIs, central government and post office giro institutions reporting sector - Monetary aggregate M2, All currencies combined - Euro area (changing composition) counterpart, Non-MFIs excluding central government sector, denominated in Euro, data Working day and seasonally adjusted",EUR,6
BSI.M.U2.Y.V.M20.X.1.U2.2300.Z01.E,M,U2,Y,V,M20,X,1,U2,2300,Z01,E,1988-05,2090533,A,F,,,P1M,,E,,,,,,,,,2,,,"Monetary aggregate M2, Stocks","Euro area (changing composition), Outstanding amounts at the end of the period (stocks), MFIs, central government and post office giro institutions reporting sector - Monetary aggregate M2, All currencies combined - Euro area (changing composition) counterpart, Non-MFIs excluding central government sector, denominated in Euro, data Working day and seasonally adjusted",EUR,6
BSI.M.U2.Y.V.M20.X.1.U2.2300.Z01.E,M,U2,Y,V,M20,X,1,U2,2300,Z01,E,1988-06,2100900,A,F,,,P1M,,E,,,,,,,,,2,,,"Monetary aggregate M2, Stocks","Euro area (changing composition), Outstanding amounts at the end of the period (stocks), MFIs, central government and post office giro institutions reporting sector - Monetary aggregate M2, All currencies combined - Euro area (changing composition) counterpart, Non-MFIs excluding central government sector, denominated in Euro, data Working day and seasonally adjusted",EUR,6
BSI.M.U2.Y.V.M20.X.1.U2.2300.Z01.E,M,U2,Y,V,M20,X,1,U2,2300,Z01,E,1988-07,2116901,A,F,,,P1M,,E,,,,,,,,,2,,,"Monetary aggregate M2, Stocks","Euro area (changing composition), Outstanding amounts at the end of the period (stocks), MFIs, central government and post office giro institutions reporting sector - Monetary aggregate M2, All currencies combined - Euro area (changing composition) counterpart, Non-MFIs excluding central government sector, denominated in Euro, data Working day and seasonally adjusted",EUR,6
BSI.M.U2.Y.V.M20.X.1.U2.2300.Z01.E,M,U2,Y,V,M20,X,1,U2,2300,Z01,E,1988-08,2131825,A,F,,,P1M,,E,,,,,,,,,2,,,"Monetary aggregate M2, Stocks","Euro area (changing composition), Outstanding amounts at the end of the period (stocks), MFIs, central government and post office giro institutions reporting sector - Monetary aggregate M2, All currencies combined - Euro area (changing composition) counterpart, Non-MFIs excluding central government sector, denominated in Euro, data Working day and seasonally adjusted",EUR,6
BSI.M.U2.Y.V.M20.X.1.U2.2300.Z01.E,M,U2,Y,V,M20,X,1,U2,2300,Z01,E,1988-09,2139817,A,F,,,P1M,,E,,,,,,,,,2,,,"Monetary aggregate M2, Stocks","Euro area (changing composition), Outstanding amounts at the end of the period (stocks), MFIs, central government and post office giro institutions reporting sector - Monetary aggregate M2, All currencies combined - Euro area (changing composition) counterpart, Non-MFIs excluding central government sector, denominated in Euro, data Working day and seasonally adjusted",EUR,6
BSI.M.U2.Y.V.M20.X.1.U2.2300.Z01.E,M,U2,Y,V,M20,X,1,U2,2300,Z01,E,1988-10,2154925,A,F,,,P1M,,E,,,,,,,,,2,,,"Monetary aggregate M2, Stocks","Euro area (changing composition), Outstanding amounts at the end of the period (stocks), MFIs, central government and post office giro institutions reporting sector - Monetary aggregate M2, All currencies combined - Euro area (changing composition) counterpart, Non-MFIs excluding central government sector, denominated in Euro, data Working day and seasonally adjusted",EUR,6
BSI.M.U2.Y.V.M20.X.1.U2.2300.Z01.E,M,U2,Y,V,M20,X,1,U2,2300,Z01,E,1988-11,2167024,A,F,,,P1M,,E,,,,,,,,,2,,,"Monetary aggregate M2, Stocks","Euro area (changing composition), Outstanding amounts at the end of the period (stocks), MFIs, central government and post office giro institutions reporting sector - Monetary aggregate M2, All currencies combined - Euro area (changing composition) counterpart, Non-MFIs excluding central government sector, denominated in Euro, data Working day and seasonally adjusted",EUR,6
BSI.M.U2.Y.V.M20.X.1.U2.2300.Z01.E,M,U2,Y,V,M20,X,1,U2,2300,Z01,E,1988-12,2173774,A,F,,,P1M,,E,,,,,,,,,2,,,"Monetary aggregate M2, Stocks","Euro area (changing composition), Outstanding amounts at the end of the period (stocks), MFIs, central government and post office giro institutions reporting sector - Monetary aggregate M2, All currencies combined - Euro area (changing composition) counterpart, Non-MFIs excluding central government sector, denominated in Euro, data Working day and seasonally adjusted",EUR,6
BSI.M.U2.Y.V.M20.X.1.U2.2300.Z01.E,M,U2,Y,V,M20,X,1,U2,2300,Z01,E,1989-01,2185797,A,F,,,P1M,,E,,,,,,,,,2,,,"Monetary aggregate M2, Stocks","Euro area (changing composition), Outstanding amounts at the end of the period (stocks), MFIs, central government and post office giro institutions reporting sector - Monetary aggregate M2, All currencies combined - Euro area (changing composition) counterpart, Non-MFIs excluding central government sector, denominated in Euro, data Working day and seasonally adjusted",EUR,6
BSI.M.U2.Y.V.M20.X.1.U2.2300.Z01.E,M,U2,Y,V,M20,X,1,U2,2300,Z01,E,1989-02,2197853,A,F,,,P1M,,E,,,,,,,,,2,,,"Monetary aggregate M2, Stocks","Euro area (changing composition), Outstanding amounts at the end of the period (stocks), MFIs, central government and post office giro institutions reporting sector - Monetary aggregate M2, All currencies combined - Euro area (changing composition) counterpart, Non-MFIs excluding central government sector, denominated in Euro, data Working day and seasonally adjusted",EUR,6
BSI.M.U2.Y.V.M20.X.1.U2.2300.Z01.E,M,U2,Y,V,M20,X,1,U2,2300,Z01,E,1989-03,2222161,A,F,,,P1M,,E,,,,,,,,,2,,,"Monetary aggregate M2, Stocks","Euro area (changing composition), Outstanding amounts at the end of the period (stocks), MFIs, central government and post office giro institutions reporting sector - Monetary aggregate M2, All currencies combined - Euro area (changing composition) counterpart, Non-MFIs excluding central government sector, denominated in Euro, data Working day and seasonally adjusted",EUR,6
BSI.M.U2.Y.V.M20.X.1.U2.2300.Z01.E,M,U2,Y,V,M20,X,1,U2,2300,Z01,E,1989-04,2224430,A,F,,,P1M,,E,,,,,,,,,2,,,"Monetary aggregate M2, Stocks","Euro area (changing composition), Outstanding amounts at the end of the period (stocks), MFIs, central government and post office giro institutions reporting sector - Monetary aggregate M2, All currencies combined - Euro area (changing composition) counterpart, Non-MFIs excluding central government sector, denominated in Euro, data Working day and seasonally adjusted",EUR,6
BSI.M.U2.Y.V.M20.X.1.U2.2300.Z01.E,M,U2,Y,V,M20,X,1,U2,2300,Z01,E,1989-05,2240671,A,F,,,P1M,,E,,,,,,,,,2,,,"Monetary aggregate M2, Stocks","Euro area (changing composition), Outstanding amounts at the end of the period (stocks), MFIs, central government and post office giro institutions reporting sector - Monetary aggregate M2, All currencies combined - Euro area (changing composition) counterpart, Non-MFIs excluding central government sector, denominated in Euro, data Working day and seasonally adjusted",EUR,6
BSI.M.U2.Y.V.M20.X.1.U2.2300.Z01.E,M,U2,Y,V,M20,X,1,U2,2300,Z01,E,1989-06,2263203,A,F,,,P1M,,E,,,,,,,,,2,,,"Monetary aggregate M2, Stocks","Euro area (changing composition), Outstanding amounts at the end of the period (stocks), MFIs, central government and post office giro institutions reporting sector - Monetary aggregate M2, All currencies combined - Euro area (changing composition) counterpart, Non-MFIs excluding central government sector, denominated in Euro, data Working day and seasonally adjusted",EUR,6
BSI.M.U2.Y.V.M20.X.1.U2.2300.Z01.E,M,U2,Y,V,M20,X,1,U2,2300,Z01,E,1989-07,2280165,A,F,,,P1M,,E,,,,,,,,,2,,,"Monetary aggregate M2, Stocks","Euro area (changing composition), Outstanding amounts at the end of the period (stocks), MFIs, central government and post office giro institutions reporting sector - Monetary aggregate M2, All currencies combined - Euro area (changing composition) counterpart, Non-MFIs excluding central government sector, denominated in Euro, data Working day and seasonally adjusted",EUR,6
BSI.M.U2.Y.V.M20.X.1.U2.2300.Z01.E,M,U2,Y,V,M20,X,1,U2,2300,Z01,E,1989-08,2292824,A,F,,,P1M,,E,,,,,,,,,2,,,"Monetary aggregate M2, Stocks","Euro area (changing composition), Outstanding amounts at the end of the period (stocks), MFIs, central government and post office giro institutions reporting sector - Monetary aggregate M2, All currencies combined - Euro area (changing composition) counterpart, Non-MFIs excluding central government sector, denominated in Euro, data Working day and seasonally adjusted",EUR,6
BSI.M.U2.Y.V.M20.X.1.U2.2300.Z01.E,M,U2,Y,V,M20,X,1,U2,2300,Z01,E,1989-09,2303555,A,F,,,P1M,,E,,,,,,,,,2,,,"Monetary aggregate M2, Stocks","Euro area (changing composition), Outstanding amounts at the end of the period (stocks), MFIs, central government and post office giro institutions reporting sector - Monetary aggregate M2, All currencies combined - Euro area (changing composition) counterpart, Non-MFIs excluding central government sector, denominated in Euro, data Working day and seasonally adjusted",EUR,6
BSI.M.U2.Y.V.M20.X.1.U2.2300.Z01.E,M,U2,Y,V,M20,X,1,U2,2300,Z01,E,1989-10,2312607,A,F,,,P1M,,E,,,,,,,,,2,,,"Monetary aggregate M2, Stocks","Euro area (changing composition), Outstanding amounts at the end of the period (stocks), MFIs, central government and post office giro institutions reporting sector - Monetary aggregate M2, All currencies combined - Euro area (changing composition) counterpart, Non-MFIs excluding central government sector, denominated in Euro, data Working day and seasonally adjusted",EUR,6
BSI.M.U2.Y.V.M20.X.1.U2.2300.Z01.E,M,U2,Y,V,M20,X,1,U2,2300,Z01,E,1989-11,2326287,A,F,,,P1M,,E,,,,,,,,,2,,,"Monetary aggregate M2, Stocks","Euro area (changing composition), Outstanding amounts at the end of the period (stocks), MFIs, central government and post office giro institutions reporting sector - Monetary aggregate M2, All currencies combined - Euro area (changing composition) counterpart, Non-MFIs excluding central government sector, denominated in Euro, data Working day and seasonally adjusted",EUR,6
BSI.M.U2.Y.V.M20.X.1.U2.2300.Z01.E,M,U2,Y,V,M20,X,1,U2,2300,Z01,E,1989-12,2343345,A,F,,,P1M,,E,,,,,,,,,2,,,"Monetary aggregate M2, Stocks","Euro area (changing composition), Outstanding amounts at the end of the period (stocks), MFIs, central government and post office giro institutions reporting sector - Monetary aggregate M2, All currencies combined - Euro area (changing composition) counterpart, Non-MFIs excluding central government sector, denominated in Euro, data Working day and seasonally adjusted",EUR,6
BSI.M.U2.Y.V.M20.X.1.U2.2300.Z01.E,M,U2,Y,V,M20,X,1,U2,2300,Z01,E,1990-01,2360748,A,F,,,P1M,,E,,,,,,,,,2,,,"Monetary aggregate M2, Stocks","Euro area (changing composition), Outstanding amounts at the end of the period (stocks), MFIs, central government and post office giro institutions reporting sector - Monetary aggregate M2, All currencies combined - Euro area (changing composition) counterpart, Non-MFIs excluding central government sector, denominated in Euro, data Working day and seasonally adjusted",EUR,6
BSI.M.U2.Y.V.M20.X.1.U2.2300.Z01.E,M,U2,Y,V,M20,X,1,U2,2300,Z01,E,1990-02,2368976,A,F,,,P1M,,E,,,,,,,,,2,,,"Monetary aggregate M2, Stocks","Euro area (changing composition), Outstanding amounts at the end of the period (stocks), MFIs, central government and post office giro institutions reporting sector - Monetary aggregate M2, All currencies combined - Euro area (changing composition) counterpart, Non-MFIs excluding central government sector, denominated in Euro, data Working day and seasonally adjusted",EUR,6
BSI.M.U2.Y.V.M20.X.1.U2.2300.Z01.E,M,U2,Y,V,M20,X,1,U2,2300,Z01,E,1990-03,2371264,A,F,,,P1M,,E,,,,,,,,,2,,,"Monetary aggregate M2, Stocks","Euro area (changing composition), Outstanding amounts at the end of the period (stocks), MFIs, central government and post office giro institutions reporting sector - Monetary aggregate M2, All currencies combined - Euro area (changing composition) counterpart, Non-MFIs excluding central government sector, denominated in Euro, data Working day and seasonally adjusted",EUR,6
BSI.M.U2.Y.V.M20.X.1.U2.2300.Z01.E,M,U2,Y,V,M20,X,1,U2,2300,Z01,E,1990-04,2378067,A,F,,,P1M,,E,,,,,,,,,2,,,"Monetary aggregate M2, Stocks","Euro area (changing composition), Outstanding amounts at the end of the period (stocks), MFIs, central government and post office giro institutions reporting sector - Monetary aggregate M2, All currencies combined - Euro area (changing composition) counterpart, Non-MFIs excluding central government sector, denominated in Euro, data Working day and seasonally adjusted",EUR,6
BSI.M.U2.Y.V.M20.X.1.U2.2300.Z01.E,M,U2,Y,V,M20,X,1,U2,2300,Z01,E,1990-05,2386578,A,F,,,P1M,,E,,,,,,,,,2,,,"Monetary aggregate M2, Stocks","Euro area (changing composition), Outstanding amounts at the end of the period (stocks), MFIs, central government and post office giro institutions reporting sector - Monetary aggregate M2, All currencies combined - Euro area (changing composition) counterpart, Non-MFIs excluding central government sector, denominated in Euro, data Working day and seasonally adjusted",EUR,6
BSI.M.U2.Y.V.M20.X.1.U2.2300.Z01.E,M,U2,Y,V,M20,X,1,U2,2300,Z01,E,1990-06,2494707,A,F,,,P1M,,E,,,,,,,,,2,,,"Monetary aggregate M2, Stocks","Euro area (changing composition), Outstanding amounts at the end of the period (stocks), MFIs, central government and post office giro institutions reporting sector - Monetary aggregate M2, All currencies combined - Euro area (changing composition) counterpart, Non-MFIs excluding central government sector, denominated in Euro, data Working day and seasonally adjusted",EUR,6
BSI.M.U2.Y.V.M20.X.1.U2.2300.Z01.E,M,U2,Y,V,M20,X,1,U2,2300,Z01,E,1990-07,2506891,A,F,,,P1M,,E,,,,,,,,,2,,,"Monetary aggregate M2, Stocks","Euro area (changing composition), Outstanding amounts at the end of the period (stocks), MFIs, central government and post office giro institutions reporting sector - Monetary aggregate M2, All currencies combined - Euro area (changing composition) counterpart, Non-MFIs excluding central government sector, denominated in Euro, data Working day and seasonally adjusted",EUR,6
BSI.M.U2.Y.V.M20.X.1.U2.2300.Z01.E,M,U2,Y,V,M20,X,1,U2,2300,Z01,E,1990-08,2521801,A,F,,,P1M,,E,,,,,,,,,2,,,"Monetary aggregate M2, Stocks","Euro area (changing composition), Outstanding amounts at the end of the period (stocks), MFIs, central government and post office giro institutions reporting sector - Monetary aggregate M2, All currencies combined - Euro area (changing composition) counterpart, Non-MFIs excluding central government sector, denominated in Euro, data Working day and seasonally adjusted",EUR,6
BSI.M.U2.Y.V.M20.X.1.U2.2300.Z01.E,M,U2,Y,V,M20,X,1,U2,2300,Z01,E,1990-09,2539282,A,F,,,P1M,,E,,,,,,,,,2,,,"Monetary aggregate M2, Stocks","Euro area (changing composition), Outstanding amounts at the end of the period (stocks), MFIs, central government and post office giro institutions reporting sector - Monetary aggregate M2, All currencies combined - Euro area (changing composition) counterpart, Non-MFIs excluding central government sector, denominated in Euro, data Working day and seasonally adjusted",EUR,6
BSI.M.U2.Y.V.M20.X.1.U2.2300.Z01.E,M,U2,Y,V,M20,X,1,U2,2300,Z01,E,1990-10,2548320,A,F,,,P1M,,E,,,,,,,,,2,,,"Monetary aggregate M2, Stocks","Euro area (changing composition), Outstanding amounts at the end of the period (stocks), MFIs, central government and post office giro institutions reporting sector - Monetary aggregate M2, All currencies combined - Euro area (changing composition) counterpart, Non-MFIs excluding central government sector, denominated in Euro, data Working day and seasonally adjusted",EUR,6
BSI.M.U2.Y.V.M20.X.1.U2.2300.Z01.E,M,U2,Y,V,M20,X,1,U2,2300,Z01,E,1990-11,2560619,A,F,,,P1M,,E,,,,,,,,,2,,,"Monetary aggregate M2, Stocks","Euro area (changing composition), Outstanding amounts at the end of the period (stocks), MFIs, central government and post office giro institutions reporting sector - Monetary aggregate M2, All currencies combined - Euro area (changing composition) counterpart, Non-MFIs excluding central government sector, denominated in Euro, data Working day and seasonally adjusted",EUR,6
BSI.M.U2.Y.V.M20.X.1.U2.2300.Z01.E,M,U2,Y,V,M20,X,1,U2,2300,Z01,E,1990-12,2573883,A,F,,,P1M,,E,,,,,,,,,2,,,"Monetary aggregate M2, Stocks","Euro area (changing composition), Outstanding amounts at the end of the period (stocks), MFIs, central government and post office giro institutions reporting sector - Monetary aggregate M2, All currencies combined - Euro area (changing composition) counterpart, Non-MFIs excluding central government sector, denominated in Euro, data Working day and seasonally adjusted",EUR,6
BSI.M.U2.Y.V.M20.X.1.U2.2300.Z01.E,M,U2,Y,V,M20,X,1,U2,2300,Z01,E,1991-01,2583655,A,F,,,P1M,,E,,,,,,,,,2,,,"Monetary aggregate M2, Stocks","Euro area (changing composition), Outstanding amounts at the end of the period (stocks), MFIs, central government and post office giro institutions reporting sector - Monetary aggregate M2, All currencies combined - Euro area (changing composition) counterpart, Non-MFIs excluding central government sector, denominated in Euro, data Working day and seasonally adjusted",EUR,6
BSI.M.U2.Y.V.M20.X.1.U2.2300.Z01.E,M,U2,Y,V,M20,X,1,U2,2300,Z01,E,1991-02,2601663,A,F,,,P1M,,E,,,,,,,,,2,,,"Monetary aggregate M2, Stocks","Euro area (changing composition), Outstanding amounts at the end of the period (stocks), MFIs, central government and post office giro institutions reporting sector - Monetary aggregate M2, All currencies combined - Euro area (changing composition) counterpart, Non-MFIs excluding central government sector, denominated in Euro, data Working day and seasonally adjusted",EUR,6
BSI.M.U2.Y.V.M20.X.1.U2.2300.Z01.E,M,U2,Y,V,M20,X,1,U2,2300,Z01,E,1991-03,2601696,A,F,,,P1M,,E,,,,,,,,,2,,,"Monetary aggregate M2, Stocks","Euro area (changing composition), Outstanding amounts at the end of the period (stocks), MFIs, central government and post office giro institutions reporting sector - Monetary aggregate M2, All currencies combined - Euro area (changing composition) counterpart, Non-MFIs excluding central government sector, denominated in Euro, data Working day and seasonally adjusted",EUR,6
BSI.M.U2.Y.V.M20.X.1.U2.2300.Z01.E,M,U2,Y,V,M20,X,1,U2,2300,Z01,E,1991-04,2615487,A,F,,,P1M,,E,,,,,,,,,2,,,"Monetary aggregate M2, Stocks","Euro area (changing composition), Outstanding amounts at the end of the period (stocks), MFIs, central government and post office giro institutions reporting sector - Monetary aggregate M2, All currencies combined - Euro area (changing composition) counterpart, Non-MFIs excluding central government sector, denominated in Euro, data Working day and seasonally adjusted",EUR,6
BSI.M.U2.Y.V.M20.X.1.U2.2300.Z01.E,M,U2,Y,V,M20,X,1,U2,2300,Z01,E,1991-05,2630099,A,F,,,P1M,,E,,,,,,,,,2,,,"Monetary aggregate M2, Stocks","Euro area (changing composition), Outstanding amounts at the end of the period (stocks), MFIs, central government and post office giro institutions reporting sector - Monetary aggregate M2, All currencies combined - Euro area (changing composition) counterpart, Non-MFIs excluding central government sector, denominated in Euro, data Working day and seasonally adjusted",EUR,6
BSI.M.U2.Y.V.M20.X.1.U2.2300.Z01.E,M,U2,Y,V,M20,X,1,U2,2300,Z01,E,1991-06,2639742,A,F,,,P1M,,E,,,,,,,,,2,,,"Monetary aggregate M2, Stocks","Euro area (changing composition), Outstanding amounts at the end of the period (stocks), MFIs, central government and post office giro institutions reporting sector - Monetary aggregate M2, All currencies combined - Euro area (changing composition) counterpart, Non-MFIs excluding central government sector, denominated in Euro, data Working day and seasonally adjusted",EUR,6
BSI.M.U2.Y.V.M20.X.1.U2.2300.Z01.E,M,U2,Y,V,M20,X,1,U2,2300,Z01,E,1991-07,2650528,A,F,,,P1M,,E,,,,,,,,,2,,,"Monetary aggregate M2, Stocks","Euro area (changing composition), Outstanding amounts at the end of the period (stocks), MFIs, central government and post office giro institutions reporting sector - Monetary aggregate M2, All currencies combined - Euro area (changing composition) counterpart, Non-MFIs excluding central government sector, denominated in Euro, data Working day and seasonally adjusted",EUR,6
BSI.M.U2.Y.V.M20.X.1.U2.2300.Z01.E,M,U2,Y,V,M20,X,1,U2,2300,Z01,E,1991-08,2665240,A,F,,,P1M,,E,,,,,,,,,2,,,"Monetary aggregate M2, Stocks","Euro area (changing composition), Outstanding amounts at the end of the period (stocks), MFIs, central government and post office giro institutions reporting sector - Monetary aggregate M2, All currencies combined - Euro area (changing composition) counterpart, Non-MFIs excluding central government sector, denominated in Euro, data Working day and seasonally adjusted",EUR,6
BSI.M.U2.Y.V.M20.X.1.U2.2300.Z01.E,M,U2,Y,V,M20,X,1,U2,2300,Z01,E,1991-09,2672023,A,F,,,P1M,,E,,,,,,,,,2,,,"Monetary aggregate M2, Stocks","Euro area (changing composition), Outstanding amounts at the end of the period (stocks), MFIs, central government and post office giro institutions reporting sector - Monetary aggregate M2, All currencies combined - Euro area (changing composition) counterpart, Non-MFIs excluding central government sector, denominated in Euro, data Working day and seasonally adjusted",EUR,6
BSI.M.U2.Y.V.M20.X.1.U2.2300.Z01.E,M,U2,Y,V,M20,X,1,U2,2300,Z01,E,1991-10,2683318,A,F,,,P1M,,E,,,,,,,,,2,,,"Monetary aggregate M2, Stocks","Euro area (changing composition), Outstanding amounts at the end of the period (stocks), MFIs, central government and post office giro institutions reporting sector - Monetary aggregate M2, All currencies combined - Euro area (changing composition) counterpart, Non-MFIs excluding central government sector, denominated in Euro, data Working day and seasonally adjusted",EUR,6
BSI.M.U2.Y.V.M20.X.1.U2.2300.Z01.E,M,U2,Y,V,M20,X,1,U2,2300,Z01,E,1991-11,2704448,A,F,,,P1M,,E,,,,,,,,,2,,,"Monetary aggregate M2, Stocks","Euro area (changing composition), Outstanding amounts at the end of the period (stocks), MFIs, central government and post office giro institutions reporting sector - Monetary aggregate M2, All currencies combined - Euro area (changing composition) counterpart, Non-MFIs excluding central government sector, denominated in Euro, data Working day and seasonally adjusted",EUR,6
BSI.M.U2.Y.V.M20.X.1.U2.2300.Z01.E,M,U2,Y,V,M20,X,1,U2,2300,Z01,E,1991-12,2722085,A,F,,,P1M,,E,,,,,,,,,2,,,"Monetary aggregate M2, Stocks","Euro area (changing composition), Outstanding amounts at the end of the period (stocks), MFIs, central government and post office giro institutions reporting sector - Monetary aggregate M2, All currencies combined - Euro area (changing composition) counterpart, Non-MFIs excluding central government sector, denominated in Euro, data Working day and seasonally adjusted",EUR,6
BSI.M.U2.Y.V.M20.X.1.U2.2300.Z01.E,M,U2,Y,V,M20,X,1,U2,2300,Z01,E,1992-01,2720803,A,F,,,P1M,,E,,,,,,,,,2,,,"Monetary aggregate M2, Stocks","Euro area (changing composition), Outstanding amounts at the end of the period (stocks), MFIs, central government and post office giro institutions reporting sector - Monetary aggregate M2, All currencies combined - Euro area (changing composition) counterpart, Non-MFIs excluding central government sector, denominated in Euro, data Working day and seasonally adjusted",EUR,6
BSI.M.U2.Y.V.M20.X.1.U2.2300.Z01.E,M,U2,Y,V,M20,X,1,U2,2300,Z01,E,1992-02,2729621,A,F,,,P1M,,E,,,,,,,,,2,,,"Monetary aggregate M2, Stocks","Euro area (changing composition), Outstanding amounts at the end of the period (stocks), MFIs, central government and post office giro institutions reporting sector - Monetary aggregate M2, All currencies combined - Euro area (changing composition) counterpart, Non-MFIs excluding central government sector, denominated in Euro, data Working day and seasonally adjusted",EUR,6
BSI.M.U2.Y.V.M20.X.1.U2.2300.Z01.E,M,U2,Y,V,M20,X,1,U2,2300,Z01,E,1992-03,2747609,A,F,,,P1M,,E,,,,,,,,,2,,,"Monetary aggregate M2, Stocks","Euro area (changing composition), Outstanding amounts at the end of the period (stocks), MFIs, central government and post office giro institutions reporting sector - Monetary aggregate M2, All currencies combined - Euro area (changing composition) counterpart, Non-MFIs excluding central government sector, denominated in Euro, data Working day and seasonally adjusted",EUR,6
BSI.M.U2.Y.V.M20.X.1.U2.2300.Z01.E,M,U2,Y,V,M20,X,1,U2,2300,Z01,E,1992-04,2764811,A,F,,,P1M,,E,,,,,,,,,2,,,"Monetary aggregate M2, Stocks","Euro area (changing composition), Outstanding amounts at the end of the period (stocks), MFIs, central government and post office giro institutions reporting sector - Monetary aggregate M2, All currencies combined - Euro area (changing composition) counterpart, Non-MFIs excluding central government sector, denominated in Euro, data Working day and seasonally adjusted",EUR,6
BSI.M.U2.Y.V.M20.X.1.U2.2300.Z01.E,M,U2,Y,V,M20,X,1,U2,2300,Z01,E,1992-05,2778249,A,F,,,P1M,,E,,,,,,,,,2,,,"Monetary aggregate M2, Stocks","Euro area (changing composition), Outstanding amounts at the end of the period (stocks), MFIs, central government and post office giro institutions reporting sector - Monetary aggregate M2, All currencies combined - Euro area (changing composition) counterpart, Non-MFIs excluding central government sector, denominated in Euro, data Working day and seasonally adjusted",EUR,6
BSI.M.U2.Y.V.M20.X.1.U2.2300.Z01.E,M,U2,Y,V,M20,X,1,U2,2300,Z01,E,1992-06,2784130,A,F,,,P1M,,E,,,,,,,,,2,,,"Monetary aggregate M2, Stocks","Euro area (changing composition), Outstanding amounts at the end of the period (stocks), MFIs, central government and post office giro institutions reporting sector - Monetary aggregate M2, All currencies combined - Euro area (changing composition) counterpart, Non-MFIs excluding central government sector, denominated in Euro, data Working day and seasonally adjusted",EUR,6
BSI.M.U2.Y.V.M20.X.1.U2.2300.Z01.E,M,U2,Y,V,M20,X,1,U2,2300,Z01,E,1992-07,2792853,A,F,,,P1M,,E,,,,,,,,,2,,,"Monetary aggregate M2, Stocks","Euro area (changing composition), Outstanding amounts at the end of the period (stocks), MFIs, central government and post office giro institutions reporting sector - Monetary aggregate M2, All currencies combined - Euro area (changing composition) counterpart, Non-MFIs excluding central government sector, denominated in Euro, data Working day and seasonally adjusted",EUR,6
BSI.M.U2.Y.V.M20.X.1.U2.2300.Z01.E,M,U2,Y,V,M20,X,1,U2,2300,Z01,E,1992-08,2803439,A,F,,,P1M,,E,,,,,,,,,2,,,"Monetary aggregate M2, Stocks","Euro area (changing composition), Outstanding amounts at the end of the period (stocks), MFIs, central government and post office giro institutions reporting sector - Monetary aggregate M2, All currencies combined - Euro area (changing composition) counterpart, Non-MFIs excluding central government sector, denominated in Euro, data Working day and seasonally adjusted",EUR,6
BSI.M.U2.Y.V.M20.X.1.U2.2300.Z01.E,M,U2,Y,V,M20,X,1,U2,2300,Z01,E,1992-09,2836589,A,F,,,P1M,,E,,,,,,,,,2,,,"Monetary aggregate M2, Stocks","Euro area (changing composition), Outstanding amounts at the end of the period (stocks), MFIs, central government and post office giro institutions reporting sector - Monetary aggregate M2, All currencies combined - Euro area (changing composition) counterpart, Non-MFIs excluding central government sector, denominated in Euro, data Working day and seasonally adjusted",EUR,6
BSI.M.U2.Y.V.M20.X.1.U2.2300.Z01.E,M,U2,Y,V,M20,X,1,U2,2300,Z01,E,1992-10,2839113,A,F,,,P1M,,E,,,,,,,,,2,,,"Monetary aggregate M2, Stocks","Euro area (changing composition), Outstanding amounts at the end of the period (stocks), MFIs, central government and post office giro institutions reporting sector - Monetary aggregate M2, All currencies combined - Euro area (changing composition) counterpart, Non-MFIs excluding central government sector, denominated in Euro, data Working day and seasonally adjusted",EUR,6
BSI.M.U2.Y.V.M20.X.1.U2.2300.Z01.E,M,U2,Y,V,M20,X,1,U2,2300,Z01,E,1992-11,2860628,A,F,,,P1M,,E,,,,,,,,,2,,,"Monetary aggregate M2, Stocks","Euro area (changing composition), Outstanding amounts at the end of the period (stocks), MFIs, central government and post office giro institutions reporting sector - Monetary aggregate M2, All currencies combined - Euro area (changing composition) counterpart, Non-MFIs excluding central government sector, denominated in Euro, data Working day and seasonally adjusted",EUR,6
BSI.M.U2.Y.V.M20.X.1.U2.2300.Z01.E,M,U2,Y,V,M20,X,1,U2,2300,Z01,E,1992-12,2853356,A,F,,,P1M,,E,,,,,,,,,2,,,"Monetary aggregate M2, Stocks","Euro area (changing composition), Outstanding amounts at the end of the period (stocks), MFIs, central government and post office giro institutions reporting sector - Monetary aggregate M2, All currencies combined - Euro area (changing composition) counterpart, Non-MFIs excluding central government sector, denominated in Euro, data Working day and seasonally adjusted",EUR,6
BSI.M.U2.Y.V.M20.X.1.U2.2300.Z01.E,M,U2,Y,V,M20,X,1,U2,2300,Z01,E,1993-01,2861813,A,F,,,P1M,,E,,,,,,,,,2,,,"Monetary aggregate M2, Stocks","Euro area (changing composition), Outstanding amounts at the end of the period (stocks), MFIs, central government and post office giro institutions reporting sector - Monetary aggregate M2, All currencies combined - Euro area (changing composition) counterpart, Non-MFIs excluding central government sector, denominated in Euro, data Working day and seasonally adjusted",EUR,6
BSI.M.U2.Y.V.M20.X.1.U2.2300.Z01.E,M,U2,Y,V,M20,X,1,U2,2300,Z01,E,1993-02,2876975,A,F,,,P1M,,E,,,,,,,,,2,,,"Monetary aggregate M2, Stocks","Euro area (changing composition), Outstanding amounts at the end of the period (stocks), MFIs, central government and post office giro institutions reporting sector - Monetary aggregate M2, All currencies combined - Euro area (changing composition) counterpart, Non-MFIs excluding central government sector, denominated in Euro, data Working day and seasonally adjusted",EUR,6
BSI.M.U2.Y.V.M20.X.1.U2.2300.Z01.E,M,U2,Y,V,M20,X,1,U2,2300,Z01,E,1993-03,2905799,A,F,,,P1M,,E,,,,,,,,,2,,,"Monetary aggregate M2, Stocks","Euro area (changing composition), Outstanding amounts at the end of the period (stocks), MFIs, central government and post office giro institutions reporting sector - Monetary aggregate M2, All currencies combined - Euro area (changing composition) counterpart, Non-MFIs excluding central government sector, denominated in Euro, data Working day and seasonally adjusted",EUR,6
BSI.M.U2.Y.V.M20.X.1.U2.2300.Z01.E,M,U2,Y,V,M20,X,1,U2,2300,Z01,E,1993-04,2918598,A,F,,,P1M,,E,,,,,,,,,2,,,"Monetary aggregate M2, Stocks","Euro area (changing composition), Outstanding amounts at the end of the period (stocks), MFIs, central government and post office giro institutions reporting sector - Monetary aggregate M2, All currencies combined - Euro area (changing composition) counterpart, Non-MFIs excluding central government sector, denominated in Euro, data Working day and seasonally adjusted",EUR,6
BSI.M.U2.Y.V.M20.X.1.U2.2300.Z01.E,M,U2,Y,V,M20,X,1,U2,2300,Z01,E,1993-05,2937506,A,F,,,P1M,,E,,,,,,,,,2,,,"Monetary aggregate M2, Stocks","Euro area (changing composition), Outstanding amounts at the end of the period (stocks), MFIs, central government and post office giro institutions reporting sector - Monetary aggregate M2, All currencies combined - Euro area (changing composition) counterpart, Non-MFIs excluding central government sector, denominated in Euro, data Working day and seasonally adjusted",EUR,6
BSI.M.U2.Y.V.M20.X.1.U2.2300.Z01.E,M,U2,Y,V,M20,X,1,U2,2300,Z01,E,1993-06,2950419,A,F,,,P1M,,E,,,,,,,,,2,,,"Monetary aggregate M2, Stocks","Euro area (changing composition), Outstanding amounts at the end of the period (stocks), MFIs, central government and post office giro institutions reporting sector - Monetary aggregate M2, All currencies combined - Euro area (changing composition) counterpart, Non-MFIs excluding central government sector, denominated in Euro, data Working day and seasonally adjusted",EUR,6
BSI.M.U2.Y.V.M20.X.1.U2.2300.Z01.E,M,U2,Y,V,M20,X,1,U2,2300,Z01,E,1993-07,2962145,A,F,,,P1M,,E,,,,,,,,,2,,,"Monetary aggregate M2, Stocks","Euro area (changing composition), Outstanding amounts at the end of the period (stocks), MFIs, central government and post office giro institutions reporting sector - Monetary aggregate M2, All currencies combined - Euro area (changing composition) counterpart, Non-MFIs excluding central government sector, denominated in Euro, data Working day and seasonally adjusted",EUR,6
BSI.M.U2.Y.V.M20.X.1.U2.2300.Z01.E,M,U2,Y,V,M20,X,1,U2,2300,Z01,E,1993-08,2977872,A,F,,,P1M,,E,,,,,,,,,2,,,"Monetary aggregate M2, Stocks","Euro area (changing composition), Outstanding amounts at the end of the period (stocks), MFIs, central government and post office giro institutions reporting sector - Monetary aggregate M2, All currencies combined - Euro area (changing composition) counterpart, Non-MFIs excluding central government sector, denominated in Euro, data Working day and seasonally adjusted",EUR,6
BSI.M.U2.Y.V.M20.X.1.U2.2300.Z01.E,M,U2,Y,V,M20,X,1,U2,2300,Z01,E,1993-09,2989060,A,F,,,P1M,,E,,,,,,,,,2,,,"Monetary aggregate M2, Stocks","Euro area (changing composition), Outstanding amounts at the end of the period (stocks), MFIs, central government and post office giro institutions reporting sector - Monetary aggregate M2, All currencies combined - Euro area (changing composition) counterpart, Non-MFIs excluding central government sector, denominated in Euro, data Working day and seasonally adjusted",EUR,6
BSI.M.U2.Y.V.M20.X.1.U2.2300.Z01.E,M,U2,Y,V,M20,X,1,U2,2300,Z01,E,1993-10,3013455,A,F,,,P1M,,E,,,,,,,,,2,,,"Monetary aggregate M2, Stocks","Euro area (changing composition), Outstanding amounts at the end of the period (stocks), MFIs, central government and post office giro institutions reporting sector - Monetary aggregate M2, All currencies combined - Euro area (changing composition) counterpart, Non-MFIs excluding central government sector, denominated in Euro, data Working day and seasonally adjusted",EUR,6
BSI.M.U2.Y.V.M20.X.1.U2.2300.Z01.E,M,U2,Y,V,M20,X,1,U2,2300,Z01,E,1993-11,3037935,A,F,,,P1M,,E,,,,,,,,,2,,,"Monetary aggregate M2, Stocks","Euro area (changing composition), Outstanding amounts at the end of the period (stocks), MFIs, central government and post office giro institutions reporting sector - Monetary aggregate M2, All currencies combined - Euro area (changing composition) counterpart, Non-MFIs excluding central government sector, denominated in Euro, data Working day and seasonally adjusted",EUR,6
BSI.M.U2.Y.V.M20.X.1.U2.2300.Z01.E,M,U2,Y,V,M20,X,1,U2,2300,Z01,E,1993-12,3067025,A,F,,,P1M,,E,,,,,,,,,2,,,"Monetary aggregate M2, Stocks","Euro area (changing composition), Outstanding amounts at the end of the period (stocks), MFIs, central government and post office giro institutions reporting sector - Monetary aggregate M2, All currencies combined - Euro area (changing composition) counterpart, Non-MFIs excluding central government sector, denominated in Euro, data Working day and seasonally adjusted",EUR,6
BSI.M.U2.Y.V.M20.X.1.U2.2300.Z01.E,M,U2,Y,V,M20,X,1,U2,2300,Z01,E,1994-01,3085865,A,F,,,P1M,,E,,,,,,,,,2,,,"Monetary aggregate M2, Stocks","Euro area (changing composition), Outstanding amounts at the end of the period (stocks), MFIs, central government and post office giro institutions reporting sector - Monetary aggregate M2, All currencies combined - Euro area (changing composition) counterpart, Non-MFIs excluding central government sector, denominated in Euro, data Working day and seasonally adjusted",EUR,6
BSI.M.U2.Y.V.M20.X.1.U2.2300.Z01.E,M,U2,Y,V,M20,X,1,U2,2300,Z01,E,1994-02,3101072,A,F,,,P1M,,E,,,,,,,,,2,,,"Monetary aggregate M2, Stocks","Euro area (changing composition), Outstanding amounts at the end of the period (stocks), MFIs, central government and post office giro institutions reporting sector - Monetary aggregate M2, All currencies combined - Euro area (changing composition) counterpart, Non-MFIs excluding central government sector, denominated in Euro, data Working day and seasonally adjusted",EUR,6
BSI.M.U2.Y.V.M20.X.1.U2.2300.Z01.E,M,U2,Y,V,M20,X,1,U2,2300,Z01,E,1994-03,3125371,A,F,,,P1M,,E,,,,,,,,,2,,,"Monetary aggregate M2, Stocks","Euro area (changing composition), Outstanding amounts at the end of the period (stocks), MFIs, central government and post office giro institutions reporting sector - Monetary aggregate M2, All currencies combined - Euro area (changing composition) counterpart, Non-MFIs excluding central government sector, denominated in Euro, data Working day and seasonally adjusted",EUR,6
BSI.M.U2.Y.V.M20.X.1.U2.2300.Z01.E,M,U2,Y,V,M20,X,1,U2,2300,Z01,E,1994-04,3133464,A,F,,,P1M,,E,,,,,,,,,2,,,"Monetary aggregate M2, Stocks","Euro area (changing composition), Outstanding amounts at the end of the period (stocks), MFIs, central government and post office giro institutions reporting sector - Monetary aggregate M2, All currencies combined - Euro area (changing composition) counterpart, Non-MFIs excluding central government sector, denominated in Euro, data Working day and seasonally adjusted",EUR,6
BSI.M.U2.Y.V.M20.X.1.U2.2300.Z01.E,M,U2,Y,V,M20,X,1,U2,2300,Z01,E,1994-05,3135071,A,F,,,P1M,,E,,,,,,,,,2,,,"Monetary aggregate M2, Stocks","Euro area (changing composition), Outstanding amounts at the end of the period (stocks), MFIs, central government and post office giro institutions reporting sector - Monetary aggregate M2, All currencies combined - Euro area (changing composition) counterpart, Non-MFIs excluding central government sector, denominated in Euro, data Working day and seasonally adjusted",EUR,6
BSI.M.U2.Y.V.M20.X.1.U2.2300.Z01.E,M,U2,Y,V,M20,X,1,U2,2300,Z01,E,1994-06,3145542,A,F,,,P1M,,E,,,,,,,,,2,,,"Monetary aggregate M2, Stocks","Euro area (changing composition), Outstanding amounts at the end of the period (stocks), MFIs, central government and post office giro institutions reporting sector - Monetary aggregate M2, All currencies combined - Euro area (changing composition) counterpart, Non-MFIs excluding central government sector, denominated in Euro, data Working day and seasonally adjusted",EUR,6
BSI.M.U2.Y.V.M20.X.1.U2.2300.Z01.E,M,U2,Y,V,M20,X,1,U2,2300,Z01,E,1994-07,3155590,A,F,,,P1M,,E,,,,,,,,,2,,,"Monetary aggregate M2, Stocks","Euro area (changing composition), Outstanding amounts at the end of the period (stocks), MFIs, central government and post office giro institutions reporting sector - Monetary aggregate M2, All currencies combined - Euro area (changing composition) counterpart, Non-MFIs excluding central government sector, denominated in Euro, data Working day and seasonally adjusted",EUR,6
BSI.M.U2.Y.V.M20.X.1.U2.2300.Z01.E,M,U2,Y,V,M20,X,1,U2,2300,Z01,E,1994-08,3157950,A,F,,,P1M,,E,,,,,,,,,2,,,"Monetary aggregate M2, Stocks","Euro area (changing composition), Outstanding amounts at the end of the period (stocks), MFIs, central government and post office giro institutions reporting sector - Monetary aggregate M2, All currencies combined - Euro area (changing composition) counterpart, Non-MFIs excluding central government sector, denominated in Euro, data Working day and seasonally adjusted",EUR,6
BSI.M.U2.Y.V.M20.X.1.U2.2300.Z01.E,M,U2,Y,V,M20,X,1,U2,2300,Z01,E,1994-09,3162985,A,F,,,P1M,,E,,,,,,,,,2,,,"Monetary aggregate M2, Stocks","Euro area (changing composition), Outstanding amounts at the end of the period (stocks), MFIs, central government and post office giro institutions reporting sector - Monetary aggregate M2, All currencies combined - Euro area (changing composition) counterpart, Non-MFIs excluding central government sector, denominated in Euro, data Working day and seasonally adjusted",EUR,6
BSI.M.U2.Y.V.M20.X.1.U2.2300.Z01.E,M,U2,Y,V,M20,X,1,U2,2300,Z01,E,1994-10,3169833,A,F,,,P1M,,E,,,,,,,,,2,,,"Monetary aggregate M2, Stocks","Euro area (changing composition), Outstanding amounts at the end of the period (stocks), MFIs, central government and post office giro institutions reporting sector - Monetary aggregate M2, All currencies combined - Euro area (changing composition) counterpart, Non-MFIs excluding central government sector, denominated in Euro, data Working day and seasonally adjusted",EUR,6
BSI.M.U2.Y.V.M20.X.1.U2.2300.Z01.E,M,U2,Y,V,M20,X,1,U2,2300,Z01,E,1994-11,3167131,A,F,,,P1M,,E,,,,,,,,,2,,,"Monetary aggregate M2, Stocks","Euro area (changing composition), Outstanding amounts at the end of the period (stocks), MFIs, central government and post office giro institutions reporting sector - Monetary aggregate M2, All currencies combined - Euro area (changing composition) counterpart, Non-MFIs excluding central government sector, denominated in Euro, data Working day and seasonally adjusted",EUR,6
BSI.M.U2.Y.V.M20.X.1.U2.2300.Z01.E,M,U2,Y,V,M20,X,1,U2,2300,Z01,E,1994-12,3159101,A,F,,,P1M,,E,,,,,,,,,2,,,"Monetary aggregate M2, Stocks","Euro area (changing composition), Outstanding amounts at the end of the period (stocks), MFIs, central government and post office giro institutions reporting sector - Monetary aggregate M2, All currencies combined - Euro area (changing composition) counterpart, Non-MFIs excluding central government sector, denominated in Euro, data Working day and seasonally adjusted",EUR,6
BSI.M.U2.Y.V.M20.X.1.U2.2300.Z01.E,M,U2,Y,V,M20,X,1,U2,2300,Z01,E,1995-01,3158136,A,F,,,P1M,,E,,,,,,,,,2,,,"Monetary aggregate M2, Stocks","Euro area (changing composition), Outstanding amounts at the end of the period (stocks), MFIs, central government and post office giro institutions reporting sector - Monetary aggregate M2, All currencies combined - Euro area (changing composition) counterpart, Non-MFIs excluding central government sector, denominated in Euro, data Working day and seasonally adjusted",EUR,6
BSI.M.U2.Y.V.M20.X.1.U2.2300.Z01.E,M,U2,Y,V,M20,X,1,U2,2300,Z01,E,1995-02,3172336,A,F,,,P1M,,E,,,,,,,,,2,,,"Monetary aggregate M2, Stocks","Euro area (changing composition), Outstanding amounts at the end of the period (stocks), MFIs, central government and post office giro institutions reporting sector - Monetary aggregate M2, All currencies combined - Euro area (changing composition) counterpart, Non-MFIs excluding central government sector, denominated in Euro, data Working day and seasonally adjusted",EUR,6
BSI.M.U2.Y.V.M20.X.1.U2.2300.Z01.E,M,U2,Y,V,M20,X,1,U2,2300,Z01,E,1995-03,3176992,A,F,,,P1M,,E,,,,,,,,,2,,,"Monetary aggregate M2, Stocks","Euro area (changing composition), Outstanding amounts at the end of the period (stocks), MFIs, central government and post office giro institutions reporting sector - Monetary aggregate M2, All currencies combined - Euro area (changing composition) counterpart, Non-MFIs excluding central government sector, denominated in Euro, data Working day and seasonally adjusted",EUR,6
BSI.M.U2.Y.V.M20.X.1.U2.2300.Z01.E,M,U2,Y,V,M20,X,1,U2,2300,Z01,E,1995-04,3182541,A,F,,,P1M,,E,,,,,,,,,2,,,"Monetary aggregate M2, Stocks","Euro area (changing composition), Outstanding amounts at the end of the period (stocks), MFIs, central government and post office giro institutions reporting sector - Monetary aggregate M2, All currencies combined - Euro area (changing composition) counterpart, Non-MFIs excluding central government sector, denominated in Euro, data Working day and seasonally adjusted",EUR,6
BSI.M.U2.Y.V.M20.X.1.U2.2300.Z01.E,M,U2,Y,V,M20,X,1,U2,2300,Z01,E,1995-05,3197971,A,F,,,P1M,,E,,,,,,,,,2,,,"Monetary aggregate M2, Stocks","Euro area (changing composition), Outstanding amounts at the end of the period (stocks), MFIs, central government and post office giro institutions reporting sector - Monetary aggregate M2, All currencies combined - Euro area (changing composition) counterpart, Non-MFIs excluding central government sector, denominated in Euro, data Working day and seasonally adjusted",EUR,6
BSI.M.U2.Y.V.M20.X.1.U2.2300.Z01.E,M,U2,Y,V,M20,X,1,U2,2300,Z01,E,1995-06,3212302,A,F,,,P1M,,E,,,,,,,,,2,,,"Monetary aggregate M2, Stocks","Euro area (changing composition), Outstanding amounts at the end of the period (stocks), MFIs, central government and post office giro institutions reporting sector - Monetary aggregate M2, All currencies combined - Euro area (changing composition) counterpart, Non-MFIs excluding central government sector, denominated in Euro, data Working day and seasonally adjusted",EUR,6
BSI.M.U2.Y.V.M20.X.1.U2.2300.Z01.E,M,U2,Y,V,M20,X,1,U2,2300,Z01,E,1995-07,3220407,A,F,,,P1M,,E,,,,,,,,,2,,,"Monetary aggregate M2, Stocks","Euro area (changing composition), Outstanding amounts at the end of the period (stocks), MFIs, central government and post office giro institutions reporting sector - Monetary aggregate M2, All currencies combined - Euro area (changing composition) counterpart, Non-MFIs excluding central government sector, denominated in Euro, data Working day and seasonally adjusted",EUR,6
BSI.M.U2.Y.V.M20.X.1.U2.2300.Z01.E,M,U2,Y,V,M20,X,1,U2,2300,Z01,E,1995-08,3233209,A,F,,,P1M,,E,,,,,,,,,2,,,"Monetary aggregate M2, Stocks","Euro area (changing composition), Outstanding amounts at the end of the period (stocks), MFIs, central government and post office giro institutions reporting sector - Monetary aggregate M2, All currencies combined - Euro area (changing composition) counterpart, Non-MFIs excluding central government sector, denominated in Euro, data Working day and seasonally adjusted",EUR,6
BSI.M.U2.Y.V.M20.X.1.U2.2300.Z01.E,M,U2,Y,V,M20,X,1,U2,2300,Z01,E,1995-09,3256397,A,F,,,P1M,,E,,,,,,,,,2,,,"Monetary aggregate M2, Stocks","Euro area (changing composition), Outstanding amounts at the end of the period (stocks), MFIs, central government and post office giro institutions reporting sector - Monetary aggregate M2, All currencies combined - Euro area (changing composition) counterpart, Non-MFIs excluding central government sector, denominated in Euro, data Working day and seasonally adjusted",EUR,6
BSI.M.U2.Y.V.M20.X.1.U2.2300.Z01.E,M,U2,Y,V,M20,X,1,U2,2300,Z01,E,1995-10,3269129,A,F,,,P1M,,E,,,,,,,,,2,,,"Monetary aggregate M2, Stocks","Euro area (changing composition), Outstanding amounts at the end of the period (stocks), MFIs, central government and post office giro institutions reporting sector - Monetary aggregate M2, All currencies combined - Euro area (changing composition) counterpart, Non-MFIs excluding central government sector, denominated in Euro, data Working day and seasonally adjusted",EUR,6
BSI.M.U2.Y.V.M20.X.1.U2.2300.Z01.E,M,U2,Y,V,M20,X,1,U2,2300,Z01,E,1995-11,3280691,A,F,,,P1M,,E,,,,,,,,,2,,,"Monetary aggregate M2, Stocks","Euro area (changing composition), Outstanding amounts at the end of the period (stocks), MFIs, central government and post office giro institutions reporting sector - Monetary aggregate M2, All currencies combined - Euro area (changing composition) counterpart, Non-MFIs excluding central government sector, denominated in Euro, data Working day and seasonally adjusted",EUR,6
BSI.M.U2.Y.V.M20.X.1.U2.2300.Z01.E,M,U2,Y,V,M20,X,1,U2,2300,Z01,E,1995-12,3312463,A,F,,,P1M,,E,,,,,,,,,2,,,"Monetary aggregate M2, Stocks","Euro area (changing composition), Outstanding amounts at the end of the period (stocks), MFIs, central government and post office giro institutions reporting sector - Monetary aggregate M2, All currencies combined - Euro area (changing composition) counterpart, Non-MFIs excluding central government sector, denominated in Euro, data Working day and seasonally adjusted",EUR,6
BSI.M.U2.Y.V.M20.X.1.U2.2300.Z01.E,M,U2,Y,V,M20,X,1,U2,2300,Z01,E,1996-01,3319911,A,F,,,P1M,,E,,,,,,,,,2,,,"Monetary aggregate M2, Stocks","Euro area (changing composition), Outstanding amounts at the end of the period (stocks), MFIs, central government and post office giro institutions reporting sector - Monetary aggregate M2, All currencies combined - Euro area (changing composition) counterpart, Non-MFIs excluding central government sector, denominated in Euro, data Working day and seasonally adjusted",EUR,6
BSI.M.U2.Y.V.M20.X.1.U2.2300.Z01.E,M,U2,Y,V,M20,X,1,U2,2300,Z01,E,1996-02,3329074,A,F,,,P1M,,E,,,,,,,,,2,,,"Monetary aggregate M2, Stocks","Euro area (changing composition), Outstanding amounts at the end of the period (stocks), MFIs, central government and post office giro institutions reporting sector - Monetary aggregate M2, All currencies combined - Euro area (changing composition) counterpart, Non-MFIs excluding central government sector, denominated in Euro, data Working day and seasonally adjusted",EUR,6
BSI.M.U2.Y.V.M20.X.1.U2.2300.Z01.E,M,U2,Y,V,M20,X,1,U2,2300,Z01,E,1996-03,3337370,A,F,,,P1M,,E,,,,,,,,,2,,,"Monetary aggregate M2, Stocks","Euro area (changing composition), Outstanding amounts at the end of the period (stocks), MFIs, central government and post office giro institutions reporting sector - Monetary aggregate M2, All currencies combined - Euro area (changing composition) counterpart, Non-MFIs excluding central government sector, denominated in Euro, data Working day and seasonally adjusted",EUR,6
BSI.M.U2.Y.V.M20.X.1.U2.2300.Z01.E,M,U2,Y,V,M20,X,1,U2,2300,Z01,E,1996-04,3358564,A,F,,,P1M,,E,,,,,,,,,2,,,"Monetary aggregate M2, Stocks","Euro area (changing composition), Outstanding amounts at the end of the period (stocks), MFIs, central government and post office giro institutions reporting sector - Monetary aggregate M2, All currencies combined - Euro area (changing composition) counterpart, Non-MFIs excluding central government sector, denominated in Euro, data Working day and seasonally adjusted",EUR,6
BSI.M.U2.Y.V.M20.X.1.U2.2300.Z01.E,M,U2,Y,V,M20,X,1,U2,2300,Z01,E,1996-05,3368180,A,F,,,P1M,,E,,,,,,,,,2,,,"Monetary aggregate M2, Stocks","Euro area (changing composition), Outstanding amounts at the end of the period (stocks), MFIs, central government and post office giro institutions reporting sector - Monetary aggregate M2, All currencies combined - Euro area (changing composition) counterpart, Non-MFIs excluding central government sector, denominated in Euro, data Working day and seasonally adjusted",EUR,6
BSI.M.U2.Y.V.M20.X.1.U2.2300.Z01.E,M,U2,Y,V,M20,X,1,U2,2300,Z01,E,1996-06,3382265,A,F,,,P1M,,E,,,,,,,,,2,,,"Monetary aggregate M2, Stocks","Euro area (changing composition), Outstanding amounts at the end of the period (stocks), MFIs, central government and post office giro institutions reporting sector - Monetary aggregate M2, All currencies combined - Euro area (changing composition) counterpart, Non-MFIs excluding central government sector, denominated in Euro, data Working day and seasonally adjusted",EUR,6
BSI.M.U2.Y.V.M20.X.1.U2.2300.Z01.E,M,U2,Y,V,M20,X,1,U2,2300,Z01,E,1996-07,3397399,A,F,,,P1M,,E,,,,,,,,,2,,,"Monetary aggregate M2, Stocks","Euro area (changing composition), Outstanding amounts at the end of the period (stocks), MFIs, central government and post office giro institutions reporting sector - Monetary aggregate M2, All currencies combined - Euro area (changing composition) counterpart, Non-MFIs excluding central government sector, denominated in Euro, data Working day and seasonally adjusted",EUR,6
BSI.M.U2.Y.V.M20.X.1.U2.2300.Z01.E,M,U2,Y,V,M20,X,1,U2,2300,Z01,E,1996-08,3412208,A,F,,,P1M,,E,,,,,,,,,2,,,"Monetary aggregate M2, Stocks","Euro area (changing composition), Outstanding amounts at the end of the period (stocks), MFIs, central government and post office giro institutions reporting sector - Monetary aggregate M2, All currencies combined - Euro area (changing composition) counterpart, Non-MFIs excluding central government sector, denominated in Euro, data Working day and seasonally adjusted",EUR,6
BSI.M.U2.Y.V.M20.X.1.U2.2300.Z01.E,M,U2,Y,V,M20,X,1,U2,2300,Z01,E,1996-09,3430659,A,F,,,P1M,,E,,,,,,,,,2,,,"Monetary aggregate M2, Stocks","Euro area (changing composition), Outstanding amounts at the end of the period (stocks), MFIs, central government and post office giro institutions reporting sector - Monetary aggregate M2, All currencies combined - Euro area (changing composition) counterpart, Non-MFIs excluding central government sector, denominated in Euro, data Working day and seasonally adjusted",EUR,6
BSI.M.U2.Y.V.M20.X.1.U2.2300.Z01.E,M,U2,Y,V,M20,X,1,U2,2300,Z01,E,1996-10,3436406,A,F,,,P1M,,E,,,,,,,,,2,,,"Monetary aggregate M2, Stocks","Euro area (changing composition), Outstanding amounts at the end of the period (stocks), MFIs, central government and post office giro institutions reporting sector - Monetary aggregate M2, All currencies combined - Euro area (changing composition) counterpart, Non-MFIs excluding central government sector, denominated in Euro, data Working day and seasonally adjusted",EUR,6
BSI.M.U2.Y.V.M20.X.1.U2.2300.Z01.E,M,U2,Y,V,M20,X,1,U2,2300,Z01,E,1996-11,3455104,A,F,,,P1M,,E,,,,,,,,,2,,,"Monetary aggregate M2, Stocks","Euro area (changing composition), Outstanding amounts at the end of the period (stocks), MFIs, central government and post office giro institutions reporting sector - Monetary aggregate M2, All currencies combined - Euro area (changing composition) counterpart, Non-MFIs excluding central government sector, denominated in Euro, data Working day and seasonally adjusted",EUR,6
BSI.M.U2.Y.V.M20.X.1.U2.2300.Z01.E,M,U2,Y,V,M20,X,1,U2,2300,Z01,E,1996-12,3485231,A,F,,,P1M,,E,,,,,,,,,2,,,"Monetary aggregate M2, Stocks","Euro area (changing composition), Outstanding amounts at the end of the period (stocks), MFIs, central government and post office giro institutions reporting sector - Monetary aggregate M2, All currencies combined - Euro area (changing composition) counterpart, Non-MFIs excluding central government sector, denominated in Euro, data Working day and seasonally adjusted",EUR,6
BSI.M.U2.Y.V.M20.X.1.U2.2300.Z01.E,M,U2,Y,V,M20,X,1,U2,2300,Z01,E,1997-01,3482856,A,F,,,P1M,,E,,,,,,,,,2,,,"Monetary aggregate M2, Stocks","Euro area (changing composition), Outstanding amounts at the end of the period (stocks), MFIs, central government and post office giro institutions reporting sector - Monetary aggregate M2, All currencies combined - Euro area (changing composition) counterpart, Non-MFIs excluding central government sector, denominated in Euro, data Working day and seasonally adjusted",EUR,6
BSI.M.U2.Y.V.M20.X.1.U2.2300.Z01.E,M,U2,Y,V,M20,X,1,U2,2300,Z01,E,1997-02,3493517,A,F,,,P1M,,E,,,,,,,,,2,,,"Monetary aggregate M2, Stocks","Euro area (changing composition), Outstanding amounts at the end of the period (stocks), MFIs, central government and post office giro institutions reporting sector - Monetary aggregate M2, All currencies combined - Euro area (changing composition) counterpart, Non-MFIs excluding central government sector, denominated in Euro, data Working day and seasonally adjusted",EUR,6
BSI.M.U2.Y.V.M20.X.1.U2.2300.Z01.E,M,U2,Y,V,M20,X,1,U2,2300,Z01,E,1997-03,3496684,A,F,,,P1M,,E,,,,,,,,,2,,,"Monetary aggregate M2, Stocks","Euro area (changing composition), Outstanding amounts at the end of the period (stocks), MFIs, central government and post office giro institutions reporting sector - Monetary aggregate M2, All currencies combined - Euro area (changing composition) counterpart, Non-MFIs excluding central government sector, denominated in Euro, data Working day and seasonally adjusted",EUR,6
BSI.M.U2.Y.V.M20.X.1.U2.2300.Z01.E,M,U2,Y,V,M20,X,1,U2,2300,Z01,E,1997-04,3498629,A,F,,,P1M,,E,,,,,,,,,2,,,"Monetary aggregate M2, Stocks","Euro area (changing composition), Outstanding amounts at the end of the period (stocks), MFIs, central government and post office giro institutions reporting sector - Monetary aggregate M2, All currencies combined - Euro area (changing composition) counterpart, Non-MFIs excluding central government sector, denominated in Euro, data Working day and seasonally adjusted",EUR,6
BSI.M.U2.Y.V.M20.X.1.U2.2300.Z01.E,M,U2,Y,V,M20,X,1,U2,2300,Z01,E,1997-05,3514659,A,F,,,P1M,,E,,,,,,,,,2,,,"Monetary aggregate M2, Stocks","Euro area (changing composition), Outstanding amounts at the end of the period (stocks), MFIs, central government and post office giro institutions reporting sector - Monetary aggregate M2, All currencies combined - Euro area (changing composition) counterpart, Non-MFIs excluding central government sector, denominated in Euro, data Working day and seasonally adjusted",EUR,6
BSI.M.U2.Y.V.M20.X.1.U2.2300.Z01.E,M,U2,Y,V,M20,X,1,U2,2300,Z01,E,1997-06,3533982,A,F,,,P1M,,E,,,,,,,,,2,,,"Monetary aggregate M2, Stocks","Euro area (changing composition), Outstanding amounts at the end of the period (stocks), MFIs, central government and post office giro institutions reporting sector - Monetary aggregate M2, All currencies combined - Euro area (changing composition) counterpart, Non-MFIs excluding central government sector, denominated in Euro, data Working day and seasonally adjusted",EUR,6
BSI.M.U2.Y.V.M20.X.1.U2.2300.Z01.E,M,U2,Y,V,M20,X,1,U2,2300,Z01,E,1997-07,3548645,A,F,,,P1M,,E,,,,,,,,,2,,,"Monetary aggregate M2, Stocks","Euro area (changing composition), Outstanding amounts at the end of the period (stocks), MFIs, central government and post office giro institutions reporting sector - Monetary aggregate M2, All currencies combined - Euro area (changing composition) counterpart, Non-MFIs excluding central government sector, denominated in Euro, data Working day and seasonally adjusted",EUR,6
BSI.M.U2.Y.V.M20.X.1.U2.2300.Z01.E,M,U2,Y,V,M20,X,1,U2,2300,Z01,E,1997-08,3558109,A,F,,,P1M,,E,,,,,,,,,2,,,"Monetary aggregate M2, Stocks","Euro area (changing composition), Outstanding amounts at the end of the period (stocks), MFIs, central government and post office giro institutions reporting sector - Monetary aggregate M2, All currencies combined - Euro area (changing composition) counterpart, Non-MFIs excluding central government sector, denominated in Euro, data Working day and seasonally adjusted",EUR,6
BSI.M.U2.Y.V.M20.X.1.U2.2300.Z01.E,M,U2,Y,V,M20,X,1,U2,2300,Z01,E,1997-09,3570962,A,F,,,P1M,,E,,,,,,,,,2,,,"Monetary aggregate M2, Stocks","Euro area (changing composition), Outstanding amounts at the end of the period (stocks), MFIs, central government and post office giro institutions reporting sector - Monetary aggregate M2, All currencies combined - Euro area (changing composition) counterpart, Non-MFIs excluding central government sector, denominated in Euro, data Working day and seasonally adjusted",EUR,6
BSI.M.U2.Y.V.M20.X.1.U2.2300.Z01.E,M,U2,Y,V,M20,X,1,U2,2300,Z01,E,1997-10,3595263,A,F,,,P1M,,E,,,,,,,,,2,,,"Monetary aggregate M2, Stocks","Euro area (changing composition), Outstanding amounts at the end of the period (stocks), MFIs, central government and post office giro institutions reporting sector - Monetary aggregate M2, All currencies combined - Euro area (changing composition) counterpart, Non-MFIs excluding central government sector, denominated in Euro, data Working day and seasonally adjusted",EUR,6
BSI.M.U2.Y.V.M20.X.1.U2.2300.Z01.E,M,U2,Y,V,M20,X,1,U2,2300,Z01,E,1997-11,3600773,A,F,,,P1M,,E,,,,,,,,,2,,,"Monetary aggregate M2, Stocks","Euro area (changing composition), Outstanding amounts at the end of the period (stocks), MFIs, central government and post office giro institutions reporting sector - Monetary aggregate M2, All currencies combined - Euro area (changing composition) counterpart, Non-MFIs excluding central government sector, denominated in Euro, data Working day and seasonally adjusted",EUR,6
BSI.M.U2.Y.V.M20.X.1.U2.2300.Z01.E,M,U2,Y,V,M20,X,1,U2,2300,Z01,E,1997-12,3615677,A,F,,,P1M,,E,,,,,,,,,2,,,"Monetary aggregate M2, Stocks","Euro area (changing composition), Outstanding amounts at the end of the period (stocks), MFIs, central government and post office giro institutions reporting sector - Monetary aggregate M2, All currencies combined - Euro area (changing composition) counterpart, Non-MFIs excluding central government sector, denominated in Euro, data Working day and seasonally adjusted",EUR,6
BSI.M.U2.Y.V.M20.X.1.U2.2300.Z01.E,M,U2,Y,V,M20,X,1,U2,2300,Z01,E,1998-01,3638426,A,F,,,P1M,,E,,,,,,,,,2,,,"Monetary aggregate M2, Stocks","Euro area (changing composition), Outstanding amounts at the end of the period (stocks), MFIs, central government and post office giro institutions reporting sector - Monetary aggregate M2, All currencies combined - Euro area (changing composition) counterpart, Non-MFIs excluding central government sector, denominated in Euro, data Working day and seasonally adjusted",EUR,6
BSI.M.U2.Y.V.M20.X.1.U2.2300.Z01.E,M,U2,Y,V,M20,X,1,U2,2300,Z01,E,1998-02,3656642,A,F,,,P1M,,E,,,,,,,,,2,,,"Monetary aggregate M2, Stocks","Euro area (changing composition), Outstanding amounts at the end of the period (stocks), MFIs, central government and post office giro institutions reporting sector - Monetary aggregate M2, All currencies combined - Euro area (changing composition) counterpart, Non-MFIs excluding central government sector, denominated in Euro, data Working day and seasonally adjusted",EUR,6
BSI.M.U2.Y.V.M20.X.1.U2.2300.Z01.E,M,U2,Y,V,M20,X,1,U2,2300,Z01,E,1998-03,3666674,A,F,,,P1M,,E,,,,,,,,,2,,,"Monetary aggregate M2, Stocks","Euro area (changing composition), Outstanding amounts at the end of the period (stocks), MFIs, central government and post office giro institutions reporting sector - Monetary aggregate M2, All currencies combined - Euro area (changing composition) counterpart, Non-MFIs excluding central government sector, denominated in Euro, data Working day and seasonally adjusted",EUR,6
BSI.M.U2.Y.V.M20.X.1.U2.2300.Z01.E,M,U2,Y,V,M20,X,1,U2,2300,Z01,E,1998-04,3695000,A,F,,,P1M,,E,,,,,,,,,2,,,"Monetary aggregate M2, Stocks","Euro area (changing composition), Outstanding amounts at the end of the period (stocks), MFIs, central government and post office giro institutions reporting sector - Monetary aggregate M2, All currencies combined - Euro area (changing composition) counterpart, Non-MFIs excluding central government sector, denominated in Euro, data Working day and seasonally adjusted",EUR,6
BSI.M.U2.Y.V.M20.X.1.U2.2300.Z01.E,M,U2,Y,V,M20,X,1,U2,2300,Z01,E,1998-05,3718207,A,F,,,P1M,,E,,,,,,,,,2,,,"Monetary aggregate M2, Stocks","Euro area (changing composition), Outstanding amounts at the end of the period (stocks), MFIs, central government and post office giro institutions reporting sector - Monetary aggregate M2, All currencies combined - Euro area (changing composition) counterpart, Non-MFIs excluding central government sector, denominated in Euro, data Working day and seasonally adjusted",EUR,6
BSI.M.U2.Y.V.M20.X.1.U2.2300.Z01.E,M,U2,Y,V,M20,X,1,U2,2300,Z01,E,1998-06,3742800,A,F,,,P1M,,E,,,,,,,,,2,,,"Monetary aggregate M2, Stocks","Euro area (changing composition), Outstanding amounts at the end of the period (stocks), MFIs, central government and post office giro institutions reporting sector - Monetary aggregate M2, All currencies combined - Euro area (changing composition) counterpart, Non-MFIs excluding central government sector, denominated in Euro, data Working day and seasonally adjusted",EUR,6
BSI.M.U2.Y.V.M20.X.1.U2.2300.Z01.E,M,U2,Y,V,M20,X,1,U2,2300,Z01,E,1998-07,3735036,A,F,,,P1M,,E,,,,,,,,,2,,,"Monetary aggregate M2, Stocks","Euro area (changing composition), Outstanding amounts at the end of the period (stocks), MFIs, central government and post office giro institutions reporting sector - Monetary aggregate M2, All currencies combined - Euro area (changing composition) counterpart, Non-MFIs excluding central government sector, denominated in Euro, data Working day and seasonally adjusted",EUR,6
BSI.M.U2.Y.V.M20.X.1.U2.2300.Z01.E,M,U2,Y,V,M20,X,1,U2,2300,Z01,E,1998-08,3747240,A,F,,,P1M,,E,,,,,,,,,2,,,"Monetary aggregate M2, Stocks","Euro area (changing composition), Outstanding amounts at the end of the period (stocks), MFIs, central government and post office giro institutions reporting sector - Monetary aggregate M2, All currencies combined - Euro area (changing composition) counterpart, Non-MFIs excluding central government sector, denominated in Euro, data Working day and seasonally adjusted",EUR,6
BSI.M.U2.Y.V.M20.X.1.U2.2300.Z01.E,M,U2,Y,V,M20,X,1,U2,2300,Z01,E,1998-09,3756213,A,F,,,P1M,,E,,,,,,,,,2,,,"Monetary aggregate M2, Stocks","Euro area (changing composition), Outstanding amounts at the end of the period (stocks), MFIs, central government and post office giro institutions reporting sector - Monetary aggregate M2, All currencies combined - Euro area (changing composition) counterpart, Non-MFIs excluding central government sector, denominated in Euro, data Working day and seasonally adjusted",EUR,6
BSI.M.U2.Y.V.M20.X.1.U2.2300.Z01.E,M,U2,Y,V,M20,X,1,U2,2300,Z01,E,1998-10,3776275,A,F,,,P1M,,E,,,,,,,,,2,,,"Monetary aggregate M2, Stocks","Euro area (changing composition), Outstanding amounts at the end of the period (stocks), MFIs, central government and post office giro institutions reporting sector - Monetary aggregate M2, All currencies combined - Euro area (changing composition) counterpart, Non-MFIs excluding central government sector, denominated in Euro, data Working day and seasonally adjusted",EUR,6
BSI.M.U2.Y.V.M20.X.1.U2.2300.Z01.E,M,U2,Y,V,M20,X,1,U2,2300,Z01,E,1998-11,3805327,A,F,,,P1M,,E,,,,,,,,,2,,,"Monetary aggregate M2, Stocks","Euro area (changing composition), Outstanding amounts at the end of the period (stocks), MFIs, central government and post office giro institutions reporting sector - Monetary aggregate M2, All currencies combined - Euro area (changing composition) counterpart, Non-MFIs excluding central government sector, denominated in Euro, data Working day and seasonally adjusted",EUR,6
BSI.M.U2.Y.V.M20.X.1.U2.2300.Z01.E,M,U2,Y,V,M20,X,1,U2,2300,Z01,E,1998-12,3848054,A,F,,,P1M,,E,,,,,,,,,2,,,"Monetary aggregate M2, Stocks","Euro area (changing composition), Outstanding amounts at the end of the period (stocks), MFIs, central government and post office giro institutions reporting sector - Monetary aggregate M2, All currencies combined - Euro area (changing composition) counterpart, Non-MFIs excluding central government sector, denominated in Euro, data Working day and seasonally adjusted",EUR,6
BSI.M.U2.Y.V.M20.X.1.U2.2300.Z01.E,M,U2,Y,V,M20,X,1,U2,2300,Z01,E,1999-01,3930982,A,F,,,P1M,,E,,,,,,,,,2,,,"Monetary aggregate M2, Stocks","Euro area (changing composition), Outstanding amounts at the end of the period (stocks), MFIs, central government and post office giro institutions reporting sector - Monetary aggregate M2, All currencies combined - Euro area (changing composition) counterpart, Non-MFIs excluding central government sector, denominated in Euro, data Working day and seasonally adjusted",EUR,6
BSI.M.U2.Y.V.M20.X.1.U2.2300.Z01.E,M,U2,Y,V,M20,X,1,U2,2300,Z01,E,1999-02,3905442,A,F,,,P1M,,E,,,,,,,,,2,,,"Monetary aggregate M2, Stocks","Euro area (changing composition), Outstanding amounts at the end of the period (stocks), MFIs, central government and post office giro institutions reporting sector - Monetary aggregate M2, All currencies combined - Euro area (changing composition) counterpart, Non-MFIs excluding central government sector, denominated in Euro, data Working day and seasonally adjusted",EUR,6
BSI.M.U2.Y.V.M20.X.1.U2.2300.Z01.E,M,U2,Y,V,M20,X,1,U2,2300,Z01,E,1999-03,3930847,A,F,,,P1M,,E,,,,,,,,,2,,,"Monetary aggregate M2, Stocks","Euro area (changing composition), Outstanding amounts at the end of the period (stocks), MFIs, central government and post office giro institutions reporting sector - Monetary aggregate M2, All currencies combined - Euro area (changing composition) counterpart, Non-MFIs excluding central government sector, denominated in Euro, data Working day and seasonally adjusted",EUR,6
BSI.M.U2.Y.V.M20.X.1.U2.2300.Z01.E,M,U2,Y,V,M20,X,1,U2,2300,Z01,E,1999-04,3952443,A,F,,,P1M,,E,,,,,,,,,2,,,"Monetary aggregate M2, Stocks","Euro area (changing composition), Outstanding amounts at the end of the period (stocks), MFIs, central government and post office giro institutions reporting sector - Monetary aggregate M2, All currencies combined - Euro area (changing composition) counterpart, Non-MFIs excluding central government sector, denominated in Euro, data Working day and seasonally adjusted",EUR,6
BSI.M.U2.Y.V.M20.X.1.U2.2300.Z01.E,M,U2,Y,V,M20,X,1,U2,2300,Z01,E,1999-05,3968746,A,F,,,P1M,,E,,,,,,,,,2,,,"Monetary aggregate M2, Stocks","Euro area (changing composition), Outstanding amounts at the end of the period (stocks), MFIs, central government and post office giro institutions reporting sector - Monetary aggregate M2, All currencies combined - Euro area (changing composition) counterpart, Non-MFIs excluding central government sector, denominated in Euro, data Working day and seasonally adjusted",EUR,6
BSI.M.U2.Y.V.M20.X.1.U2.2300.Z01.E,M,U2,Y,V,M20,X,1,U2,2300,Z01,E,1999-06,3988595,A,F,,,P1M,,E,,,,,,,,,2,,,"Monetary aggregate M2, Stocks","Euro area (changing composition), Outstanding amounts at the end of the period (stocks), MFIs, central government and post office giro institutions reporting sector - Monetary aggregate M2, All currencies combined - Euro area (changing composition) counterpart, Non-MFIs excluding central government sector, denominated in Euro, data Working day and seasonally adjusted",EUR,6
BSI.M.U2.Y.V.M20.X.1.U2.2300.Z01.E,M,U2,Y,V,M20,X,1,U2,2300,Z01,E,1999-07,4023726,A,F,,,P1M,,E,,,,,,,,,2,,,"Monetary aggregate M2, Stocks","Euro area (changing composition), Outstanding amounts at the end of the period (stocks), MFIs, central government and post office giro institutions reporting sector - Monetary aggregate M2, All currencies combined - Euro area (changing composition) counterpart, Non-MFIs excluding central government sector, denominated in Euro, data Working day and seasonally adjusted",EUR,6
BSI.M.U2.Y.V.M20.X.1.U2.2300.Z01.E,M,U2,Y,V,M20,X,1,U2,2300,Z01,E,1999-08,4024225,A,F,,,P1M,,E,,,,,,,,,2,,,"Monetary aggregate M2, Stocks","Euro area (changing composition), Outstanding amounts at the end of the period (stocks), MFIs, central government and post office giro institutions reporting sector - Monetary aggregate M2, All currencies combined - Euro area (changing composition) counterpart, Non-MFIs excluding central government sector, denominated in Euro, data Working day and seasonally adjusted",EUR,6
BSI.M.U2.Y.V.M20.X.1.U2.2300.Z01.E,M,U2,Y,V,M20,X,1,U2,2300,Z01,E,1999-09,4029253,A,F,,,P1M,,E,,,,,,,,,2,,,"Monetary aggregate M2, Stocks","Euro area (changing composition), Outstanding amounts at the end of the period (stocks), MFIs, central government and post office giro institutions reporting sector - Monetary aggregate M2, All currencies combined - Euro area (changing composition) counterpart, Non-MFIs excluding central government sector, denominated in Euro, data Working day and seasonally adjusted",EUR,6
BSI.M.U2.Y.V.M20.X.1.U2.2300.Z01.E,M,U2,Y,V,M20,X,1,U2,2300,Z01,E,1999-10,4052935,A,F,,,P1M,,E,,,,,,,,,2,,,"Monetary aggregate M2, Stocks","Euro area (changing composition), Outstanding amounts at the end of the period (stocks), MFIs, central government and post office giro institutions reporting sector - Monetary aggregate M2, All currencies combined - Euro area (changing composition) counterpart, Non-MFIs excluding central government sector, denominated in Euro, data Working day and seasonally adjusted",EUR,6
BSI.M.U2.Y.V.M20.X.1.U2.2300.Z01.E,M,U2,Y,V,M20,X,1,U2,2300,Z01,E,1999-11,4066747,A,F,,,P1M,,E,,,,,,,,,2,,,"Monetary aggregate M2, Stocks","Euro area (changing composition), Outstanding amounts at the end of the period (stocks), MFIs, central government and post office giro institutions reporting sector - Monetary aggregate M2, All currencies combined - Euro area (changing composition) counterpart, Non-MFIs excluding central government sector, denominated in Euro, data Working day and seasonally adjusted",EUR,6
BSI.M.U2.Y.V.M20.X.1.U2.2300.Z01.E,M,U2,Y,V,M20,X,1,U2,2300,Z01,E,1999-12,4078868,A,F,,,P1M,,E,,,,,,,,,2,,,"Monetary aggregate M2, Stocks","Euro area (changing composition), Outstanding amounts at the end of the period (stocks), MFIs, central government and post office giro institutions reporting sector - Monetary aggregate M2, All currencies combined - Euro area (changing composition) counterpart, Non-MFIs excluding central government sector, denominated in Euro, data Working day and seasonally adjusted",EUR,6
BSI.M.U2.Y.V.M20.X.1.U2.2300.Z01.E,M,U2,Y,V,M20,X,1,U2,2300,Z01,E,2000-01,4121606,A,F,,,P1M,,E,,,,,,,,,2,,,"Monetary aggregate M2, Stocks","Euro area (changing composition), Outstanding amounts at the end of the period (stocks), MFIs, central government and post office giro institutions reporting sector - Monetary aggregate M2, All currencies combined - Euro area (changing composition) counterpart, Non-MFIs excluding central government sector, denominated in Euro, data Working day and seasonally adjusted",EUR,6
BSI.M.U2.Y.V.M20.X.1.U2.2300.Z01.E,M,U2,Y,V,M20,X,1,U2,2300,Z01,E,2000-02,4136412,A,F,,,P1M,,E,,,,,,,,,2,,,"Monetary aggregate M2, Stocks","Euro area (changing composition), Outstanding amounts at the end of the period (stocks), MFIs, central government and post office giro institutions reporting sector - Monetary aggregate M2, All currencies combined - Euro area (changing composition) counterpart, Non-MFIs excluding central government sector, denominated in Euro, data Working day and seasonally adjusted",EUR,6
BSI.M.U2.Y.V.M20.X.1.U2.2300.Z01.E,M,U2,Y,V,M20,X,1,U2,2300,Z01,E,2000-03,4149339,A,F,,,P1M,,E,,,,,,,,,2,,,"Monetary aggregate M2, Stocks","Euro area (changing composition), Outstanding amounts at the end of the period (stocks), MFIs, central government and post office giro institutions reporting sector - Monetary aggregate M2, All currencies combined - Euro area (changing composition) counterpart, Non-MFIs excluding central government sector, denominated in Euro, data Working day and seasonally adjusted",EUR,6
BSI.M.U2.Y.V.M20.X.1.U2.2300.Z01.E,M,U2,Y,V,M20,X,1,U2,2300,Z01,E,2000-04,4174322,A,F,,,P1M,,E,,,,,,,,,2,,,"Monetary aggregate M2, Stocks","Euro area (changing composition), Outstanding amounts at the end of the period (stocks), MFIs, central government and post office giro institutions reporting sector - Monetary aggregate M2, All currencies combined - Euro area (changing composition) counterpart, Non-MFIs excluding central government sector, denominated in Euro, data Working day and seasonally adjusted",EUR,6
BSI.M.U2.Y.V.M20.X.1.U2.2300.Z01.E,M,U2,Y,V,M20,X,1,U2,2300,Z01,E,2000-05,4168507,A,F,,,P1M,,E,,,,,,,,,2,,,"Monetary aggregate M2, Stocks","Euro area (changing composition), Outstanding amounts at the end of the period (stocks), MFIs, central government and post office giro institutions reporting sector - Monetary aggregate M2, All currencies combined - Euro area (changing composition) counterpart, Non-MFIs excluding central government sector, denominated in Euro, data Working day and seasonally adjusted",EUR,6
BSI.M.U2.Y.V.M20.X.1.U2.2300.Z01.E,M,U2,Y,V,M20,X,1,U2,2300,Z01,E,2000-06,4171277,A,F,,,P1M,,E,,,,,,,,,2,,,"Monetary aggregate M2, Stocks","Euro area (changing composition), Outstanding amounts at the end of the period (stocks), MFIs, central government and post office giro institutions reporting sector - Monetary aggregate M2, All currencies combined - Euro area (changing composition) counterpart, Non-MFIs excluding central government sector, denominated in Euro, data Working day and seasonally adjusted",EUR,6
BSI.M.U2.Y.V.M20.X.1.U2.2300.Z01.E,M,U2,Y,V,M20,X,1,U2,2300,Z01,E,2000-07,4183450,A,F,,,P1M,,E,,,,,,,,,2,,,"Monetary aggregate M2, Stocks","Euro area (changing composition), Outstanding amounts at the end of the period (stocks), MFIs, central government and post office giro institutions reporting sector - Monetary aggregate M2, All currencies combined - Euro area (changing composition) counterpart, Non-MFIs excluding central government sector, denominated in Euro, data Working day and seasonally adjusted",EUR,6
BSI.M.U2.Y.V.M20.X.1.U2.2300.Z01.E,M,U2,Y,V,M20,X,1,U2,2300,Z01,E,2000-08,4209465,A,F,,,P1M,,E,,,,,,,,,2,,,"Monetary aggregate M2, Stocks","Euro area (changing composition), Outstanding amounts at the end of the period (stocks), MFIs, central government and post office giro institutions reporting sector - Monetary aggregate M2, All currencies combined - Euro area (changing composition) counterpart, Non-MFIs excluding central government sector, denominated in Euro, data Working day and seasonally adjusted",EUR,6
BSI.M.U2.Y.V.M20.X.1.U2.2300.Z01.E,M,U2,Y,V,M20,X,1,U2,2300,Z01,E,2000-09,4212330,A,F,,,P1M,,E,,,,,,,,,2,,,"Monetary aggregate M2, Stocks","Euro area (changing composition), Outstanding amounts at the end of the period (stocks), MFIs, central government and post office giro institutions reporting sector - Monetary aggregate M2, All currencies combined - Euro area (changing composition) counterpart, Non-MFIs excluding central government sector, denominated in Euro, data Working day and seasonally adjusted",EUR,6
BSI.M.U2.Y.V.M20.X.1.U2.2300.Z01.E,M,U2,Y,V,M20,X,1,U2,2300,Z01,E,2000-10,4225858,A,F,,,P1M,,E,,,,,,,,,2,,,"Monetary aggregate M2, Stocks","Euro area (changing composition), Outstanding amounts at the end of the period (stocks), MFIs, central government and post office giro institutions reporting sector - Monetary aggregate M2, All currencies combined - Euro area (changing composition) counterpart, Non-MFIs excluding central government sector, denominated in Euro, data Working day and seasonally adjusted",EUR,6
BSI.M.U2.Y.V.M20.X.1.U2.2300.Z01.E,M,U2,Y,V,M20,X,1,U2,2300,Z01,E,2000-11,4226830,A,F,,,P1M,,E,,,,,,,,,2,,,"Monetary aggregate M2, Stocks","Euro area (changing composition), Outstanding amounts at the end of the period (stocks), MFIs, central government and post office giro institutions reporting sector - Monetary aggregate M2, All currencies combined - Euro area (changing composition) counterpart, Non-MFIs excluding central government sector, denominated in Euro, data Working day and seasonally adjusted",EUR,6
BSI.M.U2.Y.V.M20.X.1.U2.2300.Z01.E,M,U2,Y,V,M20,X,1,U2,2300,Z01,E,2000-12,4226952,A,F,,,P1M,,E,,,,,,,,,2,,,"Monetary aggregate M2, Stocks","Euro area (changing composition), Outstanding amounts at the end of the period (stocks), MFIs, central government and post office giro institutions reporting sector - Monetary aggregate M2, All currencies combined - Euro area (changing composition) counterpart, Non-MFIs excluding central government sector, denominated in Euro, data Working day and seasonally adjusted",EUR,6
BSI.M.U2.Y.V.M20.X.1.U2.2300.Z01.E,M,U2,Y,V,M20,X,1,U2,2300,Z01,E,2001-01,4340387,A,F,,,P1M,,E,,,,,,,,,2,,,"Monetary aggregate M2, Stocks","Euro area (changing composition), Outstanding amounts at the end of the period (stocks), MFIs, central government and post office giro institutions reporting sector - Monetary aggregate M2, All currencies combined - Euro area (changing composition) counterpart, Non-MFIs excluding central government sector, denominated in Euro, data Working day and seasonally adjusted",EUR,6
BSI.M.U2.Y.V.M20.X.1.U2.2300.Z01.E,M,U2,Y,V,M20,X,1,U2,2300,Z01,E,2001-02,4363192,A,F,,,P1M,,E,,,,,,,,,2,,,"Monetary aggregate M2, Stocks","Euro area (changing composition), Outstanding amounts at the end of the period (stocks), MFIs, central government and post office giro institutions reporting sector - Monetary aggregate M2, All currencies combined - Euro area (changing composition) counterpart, Non-MFIs excluding central government sector, denominated in Euro, data Working day and seasonally adjusted",EUR,6
BSI.M.U2.Y.V.M20.X.1.U2.2300.Z01.E,M,U2,Y,V,M20,X,1,U2,2300,Z01,E,2001-03,4382791,A,F,,,P1M,,E,,,,,,,,,2,,,"Monetary aggregate M2, Stocks","Euro area (changing composition), Outstanding amounts at the end of the period (stocks), MFIs, central government and post office giro institutions reporting sector - Monetary aggregate M2, All currencies combined - Euro area (changing composition) counterpart, Non-MFIs excluding central government sector, denominated in Euro, data Working day and seasonally adjusted",EUR,6
BSI.M.U2.Y.V.M20.X.1.U2.2300.Z01.E,M,U2,Y,V,M20,X,1,U2,2300,Z01,E,2001-04,4412550,A,F,,,P1M,,E,,,,,,,,,2,,,"Monetary aggregate M2, Stocks","Euro area (changing composition), Outstanding amounts at the end of the period (stocks), MFIs, central government and post office giro institutions reporting sector - Monetary aggregate M2, All currencies combined - Euro area (changing composition) counterpart, Non-MFIs excluding central government sector, denominated in Euro, data Working day and seasonally adjusted",EUR,6
BSI.M.U2.Y.V.M20.X.1.U2.2300.Z01.E,M,U2,Y,V,M20,X,1,U2,2300,Z01,E,2001-05,4429759,A,F,,,P1M,,E,,,,,,,,,2,,,"Monetary aggregate M2, Stocks","Euro area (changing composition), Outstanding amounts at the end of the period (stocks), MFIs, central government and post office giro institutions reporting sector - Monetary aggregate M2, All currencies combined - Euro area (changing composition) counterpart, Non-MFIs excluding central government sector, denominated in Euro, data Working day and seasonally adjusted",EUR,6
BSI.M.U2.Y.V.M20.X.1.U2.2300.Z01.E,M,U2,Y,V,M20,X,1,U2,2300,Z01,E,2001-06,4467986,A,F,,,P1M,,E,,,,,,,,,2,,,"Monetary aggregate M2, Stocks","Euro area (changing composition), Outstanding amounts at the end of the period (stocks), MFIs, central government and post office giro institutions reporting sector - Monetary aggregate M2, All currencies combined - Euro area (changing composition) counterpart, Non-MFIs excluding central government sector, denominated in Euro, data Working day and seasonally adjusted",EUR,6
BSI.M.U2.Y.V.M20.X.1.U2.2300.Z01.E,M,U2,Y,V,M20,X,1,U2,2300,Z01,E,2001-07,4481145,A,F,,,P1M,,E,,,,,,,,,2,,,"Monetary aggregate M2, Stocks","Euro area (changing composition), Outstanding amounts at the end of the period (stocks), MFIs, central government and post office giro institutions reporting sector - Monetary aggregate M2, All currencies combined - Euro area (changing composition) counterpart, Non-MFIs excluding central government sector, denominated in Euro, data Working day and seasonally adjusted",EUR,6
BSI.M.U2.Y.V.M20.X.1.U2.2300.Z01.E,M,U2,Y,V,M20,X,1,U2,2300,Z01,E,2001-08,4501923,A,F,,,P1M,,E,,,,,,,,,2,,,"Monetary aggregate M2, Stocks","Euro area (changing composition), Outstanding amounts at the end of the period (stocks), MFIs, central government and post office giro institutions reporting sector - Monetary aggregate M2, All currencies combined - Euro area (changing composition) counterpart, Non-MFIs excluding central government sector, denominated in Euro, data Working day and seasonally adjusted",EUR,6
BSI.M.U2.Y.V.M20.X.1.U2.2300.Z01.E,M,U2,Y,V,M20,X,1,U2,2300,Z01,E,2001-09,4533918,A,F,,,P1M,,E,,,,,,,,,2,,,"Monetary aggregate M2, Stocks","Euro area (changing composition), Outstanding amounts at the end of the period (stocks), MFIs, central government and post office giro institutions reporting sector - Monetary aggregate M2, All currencies combined - Euro area (changing composition) counterpart, Non-MFIs excluding central government sector, denominated in Euro, data Working day and seasonally adjusted",EUR,6
BSI.M.U2.Y.V.M20.X.1.U2.2300.Z01.E,M,U2,Y,V,M20,X,1,U2,2300,Z01,E,2001-10,4553696,A,F,,,P1M,,E,,,,,,,,,2,,,"Monetary aggregate M2, Stocks","Euro area (changing composition), Outstanding amounts at the end of the period (stocks), MFIs, central government and post office giro institutions reporting sector - Monetary aggregate M2, All currencies combined - Euro area (changing composition) counterpart, Non-MFIs excluding central government sector, denominated in Euro, data Working day and seasonally adjusted",EUR,6
BSI.M.U2.Y.V.M20.X.1.U2.2300.Z01.E,M,U2,Y,V,M20,X,1,U2,2300,Z01,E,2001-11,4588671,A,F,,,P1M,,E,,,,,,,,,2,,,"Monetary aggregate M2, Stocks","Euro area (changing composition), Outstanding amounts at the end of the period (stocks), MFIs, central government and post office giro institutions reporting sector - Monetary aggregate M2, All currencies combined - Euro area (changing composition) counterpart, Non-MFIs excluding central government sector, denominated in Euro, data Working day and seasonally adjusted",EUR,6
BSI.M.U2.Y.V.M20.X.1.U2.2300.Z01.E,M,U2,Y,V,M20,X,1,U2,2300,Z01,E,2001-12,4615510,A,F,,,P1M,,E,,,,,,,,,2,,,"Monetary aggregate M2, Stocks","Euro area (changing composition), Outstanding amounts at the end of the period (stocks), MFIs, central government and post office giro institutions reporting sector - Monetary aggregate M2, All currencies combined - Euro area (changing composition) counterpart, Non-MFIs excluding central government sector, denominated in Euro, data Working day and seasonally adjusted",EUR,6
BSI.M.U2.Y.V.M20.X.1.U2.2300.Z01.E,M,U2,Y,V,M20,X,1,U2,2300,Z01,E,2002-01,4645232,A,F,,,P1M,,E,,,,,,,,,2,,,"Monetary aggregate M2, Stocks","Euro area (changing composition), Outstanding amounts at the end of the period (stocks), MFIs, central government and post office giro institutions reporting sector - Monetary aggregate M2, All currencies combined - Euro area (changing composition) counterpart, Non-MFIs excluding central government sector, denominated in Euro, data Working day and seasonally adjusted",EUR,6
BSI.M.U2.Y.V.M20.X.1.U2.2300.Z01.E,M,U2,Y,V,M20,X,1,U2,2300,Z01,E,2002-02,4650397,A,F,,,P1M,,E,,,,,,,,,2,,,"Monetary aggregate M2, Stocks","Euro area (changing composition), Outstanding amounts at the end of the period (stocks), MFIs, central government and post office giro institutions reporting sector - Monetary aggregate M2, All currencies combined - Euro area (changing composition) counterpart, Non-MFIs excluding central government sector, denominated in Euro, data Working day and seasonally adjusted",EUR,6
BSI.M.U2.Y.V.M20.X.1.U2.2300.Z01.E,M,U2,Y,V,M20,X,1,U2,2300,Z01,E,2002-03,4662027,A,F,,,P1M,,E,,,,,,,,,2,,,"Monetary aggregate M2, Stocks","Euro area (changing composition), Outstanding amounts at the end of the period (stocks), MFIs, central government and post office giro institutions reporting sector - Monetary aggregate M2, All currencies combined - Euro area (changing composition) counterpart, Non-MFIs excluding central government sector, denominated in Euro, data Working day and seasonally adjusted",EUR,6
BSI.M.U2.Y.V.M20.X.1.U2.2300.Z01.E,M,U2,Y,V,M20,X,1,U2,2300,Z01,E,2002-04,4697507,A,F,,,P1M,,E,,,,,,,,,2,,,"Monetary aggregate M2, Stocks","Euro area (changing composition), Outstanding amounts at the end of the period (stocks), MFIs, central government and post office giro institutions reporting sector - Monetary aggregate M2, All currencies combined - Euro area (changing composition) counterpart, Non-MFIs excluding central government sector, denominated in Euro, data Working day and seasonally adjusted",EUR,6
BSI.M.U2.Y.V.M20.X.1.U2.2300.Z01.E,M,U2,Y,V,M20,X,1,U2,2300,Z01,E,2002-05,4719009,A,F,,,P1M,,E,,,,,,,,,2,,,"Monetary aggregate M2, Stocks","Euro area (changing composition), Outstanding amounts at the end of the period (stocks), MFIs, central government and post office giro institutions reporting sector - Monetary aggregate M2, All currencies combined - Euro area (changing composition) counterpart, Non-MFIs excluding central government sector, denominated in Euro, data Working day and seasonally adjusted",EUR,6
BSI.M.U2.Y.V.M20.X.1.U2.2300.Z01.E,M,U2,Y,V,M20,X,1,U2,2300,Z01,E,2002-06,4735880,A,F,,,P1M,,E,,,,,,,,,2,,,"Monetary aggregate M2, Stocks","Euro area (changing composition), Outstanding amounts at the end of the period (stocks), MFIs, central government and post office giro institutions reporting sector - Monetary aggregate M2, All currencies combined - Euro area (changing composition) counterpart, Non-MFIs excluding central government sector, denominated in Euro, data Working day and seasonally adjusted",EUR,6
BSI.M.U2.Y.V.M20.X.1.U2.2300.Z01.E,M,U2,Y,V,M20,X,1,U2,2300,Z01,E,2002-07,4761547,A,F,,,P1M,,E,,,,,,,,,2,,,"Monetary aggregate M2, Stocks","Euro area (changing composition), Outstanding amounts at the end of the period (stocks), MFIs, central government and post office giro institutions reporting sector - Monetary aggregate M2, All currencies combined - Euro area (changing composition) counterpart, Non-MFIs excluding central government sector, denominated in Euro, data Working day and seasonally adjusted",EUR,6
BSI.M.U2.Y.V.M20.X.1.U2.2300.Z01.E,M,U2,Y,V,M20,X,1,U2,2300,Z01,E,2002-08,4785365,A,F,,,P1M,,E,,,,,,,,,2,,,"Monetary aggregate M2, Stocks","Euro area (changing composition), Outstanding amounts at the end of the period (stocks), MFIs, central government and post office giro institutions reporting sector - Monetary aggregate M2, All currencies combined - Euro area (changing composition) counterpart, Non-MFIs excluding central government sector, denominated in Euro, data Working day and seasonally adjusted",EUR,6
BSI.M.U2.Y.V.M20.X.1.U2.2300.Z01.E,M,U2,Y,V,M20,X,1,U2,2300,Z01,E,2002-09,4821013,A,F,,,P1M,,E,,,,,,,,,2,,,"Monetary aggregate M2, Stocks","Euro area (changing composition), Outstanding amounts at the end of the period (stocks), MFIs, central government and post office giro institutions reporting sector - Monetary aggregate M2, All currencies combined - Euro area (changing composition) counterpart, Non-MFIs excluding central government sector, denominated in Euro, data Working day and seasonally adjusted",EUR,6
BSI.M.U2.Y.V.M20.X.1.U2.2300.Z01.E,M,U2,Y,V,M20,X,1,U2,2300,Z01,E,2002-10,4847022,A,F,,,P1M,,E,,,,,,,,,2,,,"Monetary aggregate M2, Stocks","Euro area (changing composition), Outstanding amounts at the end of the period (stocks), MFIs, central government and post office giro institutions reporting sector - Monetary aggregate M2, All currencies combined - Euro area (changing composition) counterpart, Non-MFIs excluding central government sector, denominated in Euro, data Working day and seasonally adjusted",EUR,6
BSI.M.U2.Y.V.M20.X.1.U2.2300.Z01.E,M,U2,Y,V,M20,X,1,U2,2300,Z01,E,2002-11,4890882,A,F,,,P1M,,E,,,,,,,,,2,,,"Monetary aggregate M2, Stocks","Euro area (changing composition), Outstanding amounts at the end of the period (stocks), MFIs, central government and post office giro institutions reporting sector - Monetary aggregate M2, All currencies combined - Euro area (changing composition) counterpart, Non-MFIs excluding central government sector, denominated in Euro, data Working day and seasonally adjusted",EUR,6
BSI.M.U2.Y.V.M20.X.1.U2.2300.Z01.E,M,U2,Y,V,M20,X,1,U2,2300,Z01,E,2002-12,4915147,A,F,,,P1M,,E,,,,,,,,,2,,,"Monetary aggregate M2, Stocks","Euro area (changing composition), Outstanding amounts at the end of the period (stocks), MFIs, central government and post office giro institutions reporting sector - Monetary aggregate M2, All currencies combined - Euro area (changing composition) counterpart, Non-MFIs excluding central government sector, denominated in Euro, data Working day and seasonally adjusted",EUR,6
BSI.M.U2.Y.V.M20.X.1.U2.2300.Z01.E,M,U2,Y,V,M20,X,1,U2,2300,Z01,E,2003-01,4922129,A,F,,,P1M,,E,,,,,,,,,2,,,"Monetary aggregate M2, Stocks","Euro area (changing composition), Outstanding amounts at the end of the period (stocks), MFIs, central government and post office giro institutions reporting sector - Monetary aggregate M2, All currencies combined - Euro area (changing composition) counterpart, Non-MFIs excluding central government sector, denominated in Euro, data Working day and seasonally adjusted",EUR,6
BSI.M.U2.Y.V.M20.X.1.U2.2300.Z01.E,M,U2,Y,V,M20,X,1,U2,2300,Z01,E,2003-02,4968610,A,F,,,P1M,,E,,,,,,,,,2,,,"Monetary aggregate M2, Stocks","Euro area (changing composition), Outstanding amounts at the end of the period (stocks), MFIs, central government and post office giro institutions reporting sector - Monetary aggregate M2, All currencies combined - Euro area (changing composition) counterpart, Non-MFIs excluding central government sector, denominated in Euro, data Working day and seasonally adjusted",EUR,6
BSI.M.U2.Y.V.M20.X.1.U2.2300.Z01.E,M,U2,Y,V,M20,X,1,U2,2300,Z01,E,2003-03,5000011,A,F,,,P1M,,E,,,,,,,,,2,,,"Monetary aggregate M2, Stocks","Euro area (changing composition), Outstanding amounts at the end of the period (stocks), MFIs, central government and post office giro institutions reporting sector - Monetary aggregate M2, All currencies combined - Euro area (changing composition) counterpart, Non-MFIs excluding central government sector, denominated in Euro, data Working day and seasonally adjusted",EUR,6
BSI.M.U2.Y.V.M20.X.1.U2.2300.Z01.E,M,U2,Y,V,M20,X,1,U2,2300,Z01,E,2003-04,5048210,A,F,,,P1M,,E,,,,,,,,,2,,,"Monetary aggregate M2, Stocks","Euro area (changing composition), Outstanding amounts at the end of the period (stocks), MFIs, central government and post office giro institutions reporting sector - Monetary aggregate M2, All currencies combined - Euro area (changing composition) counterpart, Non-MFIs excluding central government sector, denominated in Euro, data Working day and seasonally adjusted",EUR,6
BSI.M.U2.Y.V.M20.X.1.U2.2300.Z01.E,M,U2,Y,V,M20,X,1,U2,2300,Z01,E,2003-05,5088934,A,F,,,P1M,,E,,,,,,,,,2,,,"Monetary aggregate M2, Stocks","Euro area (changing composition), Outstanding amounts at the end of the period (stocks), MFIs, central government and post office giro institutions reporting sector - Monetary aggregate M2, All currencies combined - Euro area (changing composition) counterpart, Non-MFIs excluding central government sector, denominated in Euro, data Working day and seasonally adjusted",EUR,6
BSI.M.U2.Y.V.M20.X.1.U2.2300.Z01.E,M,U2,Y,V,M20,X,1,U2,2300,Z01,E,2003-06,5096544,A,F,,,P1M,,E,,,,,,,,,2,,,"Monetary aggregate M2, Stocks","Euro area (changing composition), Outstanding amounts at the end of the period (stocks), MFIs, central government and post office giro institutions reporting sector - Monetary aggregate M2, All currencies combined - Euro area (changing composition) counterpart, Non-MFIs excluding central government sector, denominated in Euro, data Working day and seasonally adjusted",EUR,6
BSI.M.U2.Y.V.M20.X.1.U2.2300.Z01.E,M,U2,Y,V,M20,X,1,U2,2300,Z01,E,2003-07,5123636,A,F,,,P1M,,E,,,,,,,,,2,,,"Monetary aggregate M2, Stocks","Euro area (changing composition), Outstanding amounts at the end of the period (stocks), MFIs, central government and post office giro institutions reporting sector - Monetary aggregate M2, All currencies combined - Euro area (changing composition) counterpart, Non-MFIs excluding central government sector, denominated in Euro, data Working day and seasonally adjusted",EUR,6
BSI.M.U2.Y.V.M20.X.1.U2.2300.Z01.E,M,U2,Y,V,M20,X,1,U2,2300,Z01,E,2003-08,5160933,A,F,,,P1M,,E,,,,,,,,,2,,,"Monetary aggregate M2, Stocks","Euro area (changing composition), Outstanding amounts at the end of the period (stocks), MFIs, central government and post office giro institutions reporting sector - Monetary aggregate M2, All currencies combined - Euro area (changing composition) counterpart, Non-MFIs excluding central government sector, denominated in Euro, data Working day and seasonally adjusted",EUR,6
BSI.M.U2.Y.V.M20.X.1.U2.2300.Z01.E,M,U2,Y,V,M20,X,1,U2,2300,Z01,E,2003-09,5167505,A,F,,,P1M,,E,,,,,,,,,2,,,"Monetary aggregate M2, Stocks","Euro area (changing composition), Outstanding amounts at the end of the period (stocks), MFIs, central government and post office giro institutions reporting sector - Monetary aggregate M2, All currencies combined - Euro area (changing composition) counterpart, Non-MFIs excluding central government sector, denominated in Euro, data Working day and seasonally adjusted",EUR,6
BSI.M.U2.Y.V.M20.X.1.U2.2300.Z01.E,M,U2,Y,V,M20,X,1,U2,2300,Z01,E,2003-10,5200531,A,F,,,P1M,,E,,,,,,,,,2,,,"Monetary aggregate M2, Stocks","Euro area (changing composition), Outstanding amounts at the end of the period (stocks), MFIs, central government and post office giro institutions reporting sector - Monetary aggregate M2, All currencies combined - Euro area (changing composition) counterpart, Non-MFIs excluding central government sector, denominated in Euro, data Working day and seasonally adjusted",EUR,6
BSI.M.U2.Y.V.M20.X.1.U2.2300.Z01.E,M,U2,Y,V,M20,X,1,U2,2300,Z01,E,2003-11,5217471,A,F,,,P1M,,E,,,,,,,,,2,,,"Monetary aggregate M2, Stocks","Euro area (changing composition), Outstanding amounts at the end of the period (stocks), MFIs, central government and post office giro institutions reporting sector - Monetary aggregate M2, All currencies combined - Euro area (changing composition) counterpart, Non-MFIs excluding central government sector, denominated in Euro, data Working day and seasonally adjusted",EUR,6
BSI.M.U2.Y.V.M20.X.1.U2.2300.Z01.E,M,U2,Y,V,M20,X,1,U2,2300,Z01,E,2003-12,5238327,A,F,,,P1M,,E,,,,,,,,,2,,,"Monetary aggregate M2, Stocks","Euro area (changing composition), Outstanding amounts at the end of the period (stocks), MFIs, central government and post office giro institutions reporting sector - Monetary aggregate M2, All currencies combined - Euro area (changing composition) counterpart, Non-MFIs excluding central government sector, denominated in Euro, data Working day and seasonally adjusted",EUR,6
BSI.M.U2.Y.V.M20.X.1.U2.2300.Z01.E,M,U2,Y,V,M20,X,1,U2,2300,Z01,E,2004-01,5259980,A,F,,,P1M,,E,,,,,,,,,2,,,"Monetary aggregate M2, Stocks","Euro area (changing composition), Outstanding amounts at the end of the period (stocks), MFIs, central government and post office giro institutions reporting sector - Monetary aggregate M2, All currencies combined - Euro area (changing composition) counterpart, Non-MFIs excluding central government sector, denominated in Euro, data Working day and seasonally adjusted",EUR,6
BSI.M.U2.Y.V.M20.X.1.U2.2300.Z01.E,M,U2,Y,V,M20,X,1,U2,2300,Z01,E,2004-02,5281581,A,F,,,P1M,,E,,,,,,,,,2,,,"Monetary aggregate M2, Stocks","Euro area (changing composition), Outstanding amounts at the end of the period (stocks), MFIs, central government and post office giro institutions reporting sector - Monetary aggregate M2, All currencies combined - Euro area (changing composition) counterpart, Non-MFIs excluding central government sector, denominated in Euro, data Working day and seasonally adjusted",EUR,6
BSI.M.U2.Y.V.M20.X.1.U2.2300.Z01.E,M,U2,Y,V,M20,X,1,U2,2300,Z01,E,2004-03,5316424,A,F,,,P1M,,E,,,,,,,,,2,,,"Monetary aggregate M2, Stocks","Euro area (changing composition), Outstanding amounts at the end of the period (stocks), MFIs, central government and post office giro institutions reporting sector - Monetary aggregate M2, All currencies combined - Euro area (changing composition) counterpart, Non-MFIs excluding central government sector, denominated in Euro, data Working day and seasonally adjusted",EUR,6
BSI.M.U2.Y.V.M20.X.1.U2.2300.Z01.E,M,U2,Y,V,M20,X,1,U2,2300,Z01,E,2004-04,5341144,A,F,,,P1M,,E,,,,,,,,,2,,,"Monetary aggregate M2, Stocks","Euro area (changing composition), Outstanding amounts at the end of the period (stocks), MFIs, central government and post office giro institutions reporting sector - Monetary aggregate M2, All currencies combined - Euro area (changing composition) counterpart, Non-MFIs excluding central government sector, denominated in Euro, data Working day and seasonally adjusted",EUR,6
BSI.M.U2.Y.V.M20.X.1.U2.2300.Z01.E,M,U2,Y,V,M20,X,1,U2,2300,Z01,E,2004-05,5355734,A,F,,,P1M,,E,,,,,,,,,2,,,"Monetary aggregate M2, Stocks","Euro area (changing composition), Outstanding amounts at the end of the period (stocks), MFIs, central government and post office giro institutions reporting sector - Monetary aggregate M2, All currencies combined - Euro area (changing composition) counterpart, Non-MFIs excluding central government sector, denominated in Euro, data Working day and seasonally adjusted",EUR,6
BSI.M.U2.Y.V.M20.X.1.U2.2300.Z01.E,M,U2,Y,V,M20,X,1,U2,2300,Z01,E,2004-06,5385279,A,F,,,P1M,,E,,,,,,,,,2,,,"Monetary aggregate M2, Stocks","Euro area (changing composition), Outstanding amounts at the end of the period (stocks), MFIs, central government and post office giro institutions reporting sector - Monetary aggregate M2, All currencies combined - Euro area (changing composition) counterpart, Non-MFIs excluding central government sector, denominated in Euro, data Working day and seasonally adjusted",EUR,6
BSI.M.U2.Y.V.M20.X.1.U2.2300.Z01.E,M,U2,Y,V,M20,X,1,U2,2300,Z01,E,2004-07,5421035,A,F,,,P1M,,E,,,,,,,,,2,,,"Monetary aggregate M2, Stocks","Euro area (changing composition), Outstanding amounts at the end of the period (stocks), MFIs, central government and post office giro institutions reporting sector - Monetary aggregate M2, All currencies combined - Euro area (changing composition) counterpart, Non-MFIs excluding central government sector, denominated in Euro, data Working day and seasonally adjusted",EUR,6
BSI.M.U2.Y.V.M20.X.1.U2.2300.Z01.E,M,U2,Y,V,M20,X,1,U2,2300,Z01,E,2004-08,5438154,A,F,,,P1M,,E,,,,,,,,,2,,,"Monetary aggregate M2, Stocks","Euro area (changing composition), Outstanding amounts at the end of the period (stocks), MFIs, central government and post office giro institutions reporting sector - Monetary aggregate M2, All currencies combined - Euro area (changing composition) counterpart, Non-MFIs excluding central government sector, denominated in Euro, data Working day and seasonally adjusted",EUR,6
BSI.M.U2.Y.V.M20.X.1.U2.2300.Z01.E,M,U2,Y,V,M20,X,1,U2,2300,Z01,E,2004-09,5484081,A,F,,,P1M,,E,,,,,,,,,2,,,"Monetary aggregate M2, Stocks","Euro area (changing composition), Outstanding amounts at the end of the period (stocks), MFIs, central government and post office giro institutions reporting sector - Monetary aggregate M2, All currencies combined - Euro area (changing composition) counterpart, Non-MFIs excluding central government sector, denominated in Euro, data Working day and seasonally adjusted",EUR,6
BSI.M.U2.Y.V.M20.X.1.U2.2300.Z01.E,M,U2,Y,V,M20,X,1,U2,2300,Z01,E,2004-10,5518152,A,F,,,P1M,,E,,,,,,,,,2,,,"Monetary aggregate M2, Stocks","Euro area (changing composition), Outstanding amounts at the end of the period (stocks), MFIs, central government and post office giro institutions reporting sector - Monetary aggregate M2, All currencies combined - Euro area (changing composition) counterpart, Non-MFIs excluding central government sector, denominated in Euro, data Working day and seasonally adjusted",EUR,6
BSI.M.U2.Y.V.M20.X.1.U2.2300.Z01.E,M,U2,Y,V,M20,X,1,U2,2300,Z01,E,2004-11,5542737,A,F,,,P1M,,E,,,,,,,,,2,,,"Monetary aggregate M2, Stocks","Euro area (changing composition), Outstanding amounts at the end of the period (stocks), MFIs, central government and post office giro institutions reporting sector - Monetary aggregate M2, All currencies combined - Euro area (changing composition) counterpart, Non-MFIs excluding central government sector, denominated in Euro, data Working day and seasonally adjusted",EUR,6
BSI.M.U2.Y.V.M20.X.1.U2.2300.Z01.E,M,U2,Y,V,M20,X,1,U2,2300,Z01,E,2004-12,5573540,A,F,,,P1M,,E,,,,,,,,,2,,,"Monetary aggregate M2, Stocks","Euro area (changing composition), Outstanding amounts at the end of the period (stocks), MFIs, central government and post office giro institutions reporting sector - Monetary aggregate M2, All currencies combined - Euro area (changing composition) counterpart, Non-MFIs excluding central government sector, denominated in Euro, data Working day and seasonally adjusted",EUR,6
BSI.M.U2.Y.V.M20.X.1.U2.2300.Z01.E,M,U2,Y,V,M20,X,1,U2,2300,Z01,E,2005-01,5623288,A,F,,,P1M,,E,,,,,,,,,2,,,"Monetary aggregate M2, Stocks","Euro area (changing composition), Outstanding amounts at the end of the period (stocks), MFIs, central government and post office giro institutions reporting sector - Monetary aggregate M2, All currencies combined - Euro area (changing composition) counterpart, Non-MFIs excluding central government sector, denominated in Euro, data Working day and seasonally adjusted",EUR,6
BSI.M.U2.Y.V.M20.X.1.U2.2300.Z01.E,M,U2,Y,V,M20,X,1,U2,2300,Z01,E,2005-02,5653315,A,F,,,P1M,,E,,,,,,,,,2,,,"Monetary aggregate M2, Stocks","Euro area (changing composition), Outstanding amounts at the end of the period (stocks), MFIs, central government and post office giro institutions reporting sector - Monetary aggregate M2, All currencies combined - Euro area (changing composition) counterpart, Non-MFIs excluding central government sector, denominated in Euro, data Working day and seasonally adjusted",EUR,6
BSI.M.U2.Y.V.M20.X.1.U2.2300.Z01.E,M,U2,Y,V,M20,X,1,U2,2300,Z01,E,2005-03,5679341,A,F,,,P1M,,E,,,,,,,,,2,,,"Monetary aggregate M2, Stocks","Euro area (changing composition), Outstanding amounts at the end of the period (stocks), MFIs, central government and post office giro institutions reporting sector - Monetary aggregate M2, All currencies combined - Euro area (changing composition) counterpart, Non-MFIs excluding central government sector, denominated in Euro, data Working day and seasonally adjusted",EUR,6
BSI.M.U2.Y.V.M20.X.1.U2.2300.Z01.E,M,U2,Y,V,M20,X,1,U2,2300,Z01,E,2005-04,5721454,A,F,,,P1M,,E,,,,,,,,,2,,,"Monetary aggregate M2, Stocks","Euro area (changing composition), Outstanding amounts at the end of the period (stocks), MFIs, central government and post office giro institutions reporting sector - Monetary aggregate M2, All currencies combined - Euro area (changing composition) counterpart, Non-MFIs excluding central government sector, denominated in Euro, data Working day and seasonally adjusted",EUR,6
BSI.M.U2.Y.V.M20.X.1.U2.2300.Z01.E,M,U2,Y,V,M20,X,1,U2,2300,Z01,E,2005-05,5762299,A,F,,,P1M,,E,,,,,,,,,2,,,"Monetary aggregate M2, Stocks","Euro area (changing composition), Outstanding amounts at the end of the period (stocks), MFIs, central government and post office giro institutions reporting sector - Monetary aggregate M2, All currencies combined - Euro area (changing composition) counterpart, Non-MFIs excluding central government sector, denominated in Euro, data Working day and seasonally adjusted",EUR,6
BSI.M.U2.Y.V.M20.X.1.U2.2300.Z01.E,M,U2,Y,V,M20,X,1,U2,2300,Z01,E,2005-06,5824959,A,F,,,P1M,,E,,,,,,,,,2,,,"Monetary aggregate M2, Stocks","Euro area (changing composition), Outstanding amounts at the end of the period (stocks), MFIs, central government and post office giro institutions reporting sector - Monetary aggregate M2, All currencies combined - Euro area (changing composition) counterpart, Non-MFIs excluding central government sector, denominated in Euro, data Working day and seasonally adjusted",EUR,6
BSI.M.U2.Y.V.M20.X.1.U2.2300.Z01.E,M,U2,Y,V,M20,X,1,U2,2300,Z01,E,2005-07,5885266,A,F,,,P1M,,E,,,,,,,,,2,,,"Monetary aggregate M2, Stocks","Euro area (changing composition), Outstanding amounts at the end of the period (stocks), MFIs, central government and post office giro institutions reporting sector - Monetary aggregate M2, All currencies combined - Euro area (changing composition) counterpart, Non-MFIs excluding central government sector, denominated in Euro, data Working day and seasonally adjusted",EUR,6
BSI.M.U2.Y.V.M20.X.1.U2.2300.Z01.E,M,U2,Y,V,M20,X,1,U2,2300,Z01,E,2005-08,5914509,A,F,,,P1M,,E,,,,,,,,,2,,,"Monetary aggregate M2, Stocks","Euro area (changing composition), Outstanding amounts at the end of the period (stocks), MFIs, central government and post office giro institutions reporting sector - Monetary aggregate M2, All currencies combined - Euro area (changing composition) counterpart, Non-MFIs excluding central government sector, denominated in Euro, data Working day and seasonally adjusted",EUR,6
BSI.M.U2.Y.V.M20.X.1.U2.2300.Z01.E,M,U2,Y,V,M20,X,1,U2,2300,Z01,E,2005-09,5980748,A,F,,,P1M,,E,,,,,,,,,2,,,"Monetary aggregate M2, Stocks","Euro area (changing composition), Outstanding amounts at the end of the period (stocks), MFIs, central government and post office giro institutions reporting sector - Monetary aggregate M2, All currencies combined - Euro area (changing composition) counterpart, Non-MFIs excluding central government sector, denominated in Euro, data Working day and seasonally adjusted",EUR,6
BSI.M.U2.Y.V.M20.X.1.U2.2300.Z01.E,M,U2,Y,V,M20,X,1,U2,2300,Z01,E,2005-10,6001860,A,F,,,P1M,,E,,,,,,,,,2,,,"Monetary aggregate M2, Stocks","Euro area (changing composition), Outstanding amounts at the end of the period (stocks), MFIs, central government and post office giro institutions reporting sector - Monetary aggregate M2, All currencies combined - Euro area (changing composition) counterpart, Non-MFIs excluding central government sector, denominated in Euro, data Working day and seasonally adjusted",EUR,6
BSI.M.U2.Y.V.M20.X.1.U2.2300.Z01.E,M,U2,Y,V,M20,X,1,U2,2300,Z01,E,2005-11,6027064,A,F,,,P1M,,E,,,,,,,,,2,,,"Monetary aggregate M2, Stocks","Euro area (changing composition), Outstanding amounts at the end of the period (stocks), MFIs, central government and post office giro institutions reporting sector - Monetary aggregate M2, All currencies combined - Euro area (changing composition) counterpart, Non-MFIs excluding central government sector, denominated in Euro, data Working day and seasonally adjusted",EUR,6
BSI.M.U2.Y.V.M20.X.1.U2.2300.Z01.E,M,U2,Y,V,M20,X,1,U2,2300,Z01,E,2005-12,6093186,A,F,,,P1M,,E,,,,,,,,,2,,,"Monetary aggregate M2, Stocks","Euro area (changing composition), Outstanding amounts at the end of the period (stocks), MFIs, central government and post office giro institutions reporting sector - Monetary aggregate M2, All currencies combined - Euro area (changing composition) counterpart, Non-MFIs excluding central government sector, denominated in Euro, data Working day and seasonally adjusted",EUR,6
BSI.M.U2.Y.V.M20.X.1.U2.2300.Z01.E,M,U2,Y,V,M20,X,1,U2,2300,Z01,E,2006-01,6124570,A,F,,,P1M,,E,,,,,,,,,2,,,"Monetary aggregate M2, Stocks","Euro area (changing composition), Outstanding amounts at the end of the period (stocks), MFIs, central government and post office giro institutions reporting sector - Monetary aggregate M2, All currencies combined - Euro area (changing composition) counterpart, Non-MFIs excluding central government sector, denominated in Euro, data Working day and seasonally adjusted",EUR,6
BSI.M.U2.Y.V.M20.X.1.U2.2300.Z01.E,M,U2,Y,V,M20,X,1,U2,2300,Z01,E,2006-02,6175649,A,F,,,P1M,,E,,,,,,,,,2,,,"Monetary aggregate M2, Stocks","Euro area (changing composition), Outstanding amounts at the end of the period (stocks), MFIs, central government and post office giro institutions reporting sector - Monetary aggregate M2, All currencies combined - Euro area (changing composition) counterpart, Non-MFIs excluding central government sector, denominated in Euro, data Working day and seasonally adjusted",EUR,6
BSI.M.U2.Y.V.M20.X.1.U2.2300.Z01.E,M,U2,Y,V,M20,X,1,U2,2300,Z01,E,2006-03,6222149,A,F,,,P1M,,E,,,,,,,,,2,,,"Monetary aggregate M2, Stocks","Euro area (changing composition), Outstanding amounts at the end of the period (stocks), MFIs, central government and post office giro institutions reporting sector - Monetary aggregate M2, All currencies combined - Euro area (changing composition) counterpart, Non-MFIs excluding central government sector, denominated in Euro, data Working day and seasonally adjusted",EUR,6
BSI.M.U2.Y.V.M20.X.1.U2.2300.Z01.E,M,U2,Y,V,M20,X,1,U2,2300,Z01,E,2006-04,6295495,A,F,,,P1M,,E,,,,,,,,,2,,,"Monetary aggregate M2, Stocks","Euro area (changing composition), Outstanding amounts at the end of the period (stocks), MFIs, central government and post office giro institutions reporting sector - Monetary aggregate M2, All currencies combined - Euro area (changing composition) counterpart, Non-MFIs excluding central government sector, denominated in Euro, data Working day and seasonally adjusted",EUR,6
BSI.M.U2.Y.V.M20.X.1.U2.2300.Z01.E,M,U2,Y,V,M20,X,1,U2,2300,Z01,E,2006-05,6317503,A,F,,,P1M,,E,,,,,,,,,2,,,"Monetary aggregate M2, Stocks","Euro area (changing composition), Outstanding amounts at the end of the period (stocks), MFIs, central government and post office giro institutions reporting sector - Monetary aggregate M2, All currencies combined - Euro area (changing composition) counterpart, Non-MFIs excluding central government sector, denominated in Euro, data Working day and seasonally adjusted",EUR,6
BSI.M.U2.Y.V.M20.X.1.U2.2300.Z01.E,M,U2,Y,V,M20,X,1,U2,2300,Z01,E,2006-06,6363553,A,F,,,P1M,,E,,,,,,,,,2,,,"Monetary aggregate M2, Stocks","Euro area (changing composition), Outstanding amounts at the end of the period (stocks), MFIs, central government and post office giro institutions reporting sector - Monetary aggregate M2, All currencies combined - Euro area (changing composition) counterpart, Non-MFIs excluding central government sector, denominated in Euro, data Working day and seasonally adjusted",EUR,6
BSI.M.U2.Y.V.M20.X.1.U2.2300.Z01.E,M,U2,Y,V,M20,X,1,U2,2300,Z01,E,2006-07,6369246,A,F,,,P1M,,E,,,,,,,,,2,,,"Monetary aggregate M2, Stocks","Euro area (changing composition), Outstanding amounts at the end of the period (stocks), MFIs, central government and post office giro institutions reporting sector - Monetary aggregate M2, All currencies combined - Euro area (changing composition) counterpart, Non-MFIs excluding central government sector, denominated in Euro, data Working day and seasonally adjusted",EUR,6
BSI.M.U2.Y.V.M20.X.1.U2.2300.Z01.E,M,U2,Y,V,M20,X,1,U2,2300,Z01,E,2006-08,6406721,A,F,,,P1M,,E,,,,,,,,,2,,,"Monetary aggregate M2, Stocks","Euro area (changing composition), Outstanding amounts at the end of the period (stocks), MFIs, central government and post office giro institutions reporting sector - Monetary aggregate M2, All currencies combined - Euro area (changing composition) counterpart, Non-MFIs excluding central government sector, denominated in Euro, data Working day and seasonally adjusted",EUR,6
BSI.M.U2.Y.V.M20.X.1.U2.2300.Z01.E,M,U2,Y,V,M20,X,1,U2,2300,Z01,E,2006-09,6486139,A,F,,,P1M,,E,,,,,,,,,2,,,"Monetary aggregate M2, Stocks","Euro area (changing composition), Outstanding amounts at the end of the period (stocks), MFIs, central government and post office giro institutions reporting sector - Monetary aggregate M2, All currencies combined - Euro area (changing composition) counterpart, Non-MFIs excluding central government sector, denominated in Euro, data Working day and seasonally adjusted",EUR,6
BSI.M.U2.Y.V.M20.X.1.U2.2300.Z01.E,M,U2,Y,V,M20,X,1,U2,2300,Z01,E,2006-10,6500180,A,F,,,P1M,,E,,,,,,,,,2,,,"Monetary aggregate M2, Stocks","Euro area (changing composition), Outstanding amounts at the end of the period (stocks), MFIs, central government and post office giro institutions reporting sector - Monetary aggregate M2, All currencies combined - Euro area (changing composition) counterpart, Non-MFIs excluding central government sector, denominated in Euro, data Working day and seasonally adjusted",EUR,6
BSI.M.U2.Y.V.M20.X.1.U2.2300.Z01.E,M,U2,Y,V,M20,X,1,U2,2300,Z01,E,2006-11,6556170,A,F,,,P1M,,E,,,,,,,,,2,,,"Monetary aggregate M2, Stocks","Euro area (changing composition), Outstanding amounts at the end of the period (stocks), MFIs, central government and post office giro institutions reporting sector - Monetary aggregate M2, All currencies combined - Euro area (changing composition) counterpart, Non-MFIs excluding central government sector, denominated in Euro, data Working day and seasonally adjusted",EUR,6
BSI.M.U2.Y.V.M20.X.1.U2.2300.Z01.E,M,U2,Y,V,M20,X,1,U2,2300,Z01,E,2006-12,6663329,A,F,,,P1M,,E,,,,,,,,,2,,,"Monetary aggregate M2, Stocks","Euro area (changing composition), Outstanding amounts at the end of the period (stocks), MFIs, central government and post office giro institutions reporting sector - Monetary aggregate M2, All currencies combined - Euro area (changing composition) counterpart, Non-MFIs excluding central government sector, denominated in Euro, data Working day and seasonally adjusted",EUR,6
BSI.M.U2.Y.V.M20.X.1.U2.2300.Z01.E,M,U2,Y,V,M20,X,1,U2,2300,Z01,E,2007-01,6705357,A,F,,,P1M,,E,,,,,,,,,2,,,"Monetary aggregate M2, Stocks","Euro area (changing composition), Outstanding amounts at the end of the period (stocks), MFIs, central government and post office giro institutions reporting sector - Monetary aggregate M2, All currencies combined - Euro area (changing composition) counterpart, Non-MFIs excluding central government sector, denominated in Euro, data Working day and seasonally adjusted",EUR,6
BSI.M.U2.Y.V.M20.X.1.U2.2300.Z01.E,M,U2,Y,V,M20,X,1,U2,2300,Z01,E,2007-02,6739280,A,F,,,P1M,,E,,,,,,,,,2,,,"Monetary aggregate M2, Stocks","Euro area (changing composition), Outstanding amounts at the end of the period (stocks), MFIs, central government and post office giro institutions reporting sector - Monetary aggregate M2, All currencies combined - Euro area (changing composition) counterpart, Non-MFIs excluding central government sector, denominated in Euro, data Working day and seasonally adjusted",EUR,6
BSI.M.U2.Y.V.M20.X.1.U2.2300.Z01.E,M,U2,Y,V,M20,X,1,U2,2300,Z01,E,2007-03,6825507,A,F,,,P1M,,E,,,,,,,,,2,,,"Monetary aggregate M2, Stocks","Euro area (changing composition), Outstanding amounts at the end of the period (stocks), MFIs, central government and post office giro institutions reporting sector - Monetary aggregate M2, All currencies combined - Euro area (changing composition) counterpart, Non-MFIs excluding central government sector, denominated in Euro, data Working day and seasonally adjusted",EUR,6
BSI.M.U2.Y.V.M20.X.1.U2.2300.Z01.E,M,U2,Y,V,M20,X,1,U2,2300,Z01,E,2007-04,6850746,A,F,,,P1M,,E,,,,,,,,,2,,,"Monetary aggregate M2, Stocks","Euro area (changing composition), Outstanding amounts at the end of the period (stocks), MFIs, central government and post office giro institutions reporting sector - Monetary aggregate M2, All currencies combined - Euro area (changing composition) counterpart, Non-MFIs excluding central government sector, denominated in Euro, data Working day and seasonally adjusted",EUR,6
BSI.M.U2.Y.V.M20.X.1.U2.2300.Z01.E,M,U2,Y,V,M20,X,1,U2,2300,Z01,E,2007-05,6917829,A,F,,,P1M,,E,,,,,,,,,2,,,"Monetary aggregate M2, Stocks","Euro area (changing composition), Outstanding amounts at the end of the period (stocks), MFIs, central government and post office giro institutions reporting sector - Monetary aggregate M2, All currencies combined - Euro area (changing composition) counterpart, Non-MFIs excluding central government sector, denominated in Euro, data Working day and seasonally adjusted",EUR,6
BSI.M.U2.Y.V.M20.X.1.U2.2300.Z01.E,M,U2,Y,V,M20,X,1,U2,2300,Z01,E,2007-06,6987296,A,F,,,P1M,,E,,,,,,,,,2,,,"Monetary aggregate M2, Stocks","Euro area (changing composition), Outstanding amounts at the end of the period (stocks), MFIs, central government and post office giro institutions reporting sector - Monetary aggregate M2, All currencies combined - Euro area (changing composition) counterpart, Non-MFIs excluding central government sector, denominated in Euro, data Working day and seasonally adjusted",EUR,6
BSI.M.U2.Y.V.M20.X.1.U2.2300.Z01.E,M,U2,Y,V,M20,X,1,U2,2300,Z01,E,2007-07,7057569,A,F,,,P1M,,E,,,,,,,,,2,,,"Monetary aggregate M2, Stocks","Euro area (changing composition), Outstanding amounts at the end of the period (stocks), MFIs, central government and post office giro institutions reporting sector - Monetary aggregate M2, All currencies combined - Euro area (changing composition) counterpart, Non-MFIs excluding central government sector, denominated in Euro, data Working day and seasonally adjusted",EUR,6
BSI.M.U2.Y.V.M20.X.1.U2.2300.Z01.E,M,U2,Y,V,M20,X,1,U2,2300,Z01,E,2007-08,7100108,A,F,,,P1M,,E,,,,,,,,,2,,,"Monetary aggregate M2, Stocks","Euro area (changing composition), Outstanding amounts at the end of the period (stocks), MFIs, central government and post office giro institutions reporting sector - Monetary aggregate M2, All currencies combined - Euro area (changing composition) counterpart, Non-MFIs excluding central government sector, denominated in Euro, data Working day and seasonally adjusted",EUR,6
BSI.M.U2.Y.V.M20.X.1.U2.2300.Z01.E,M,U2,Y,V,M20,X,1,U2,2300,Z01,E,2007-09,7161755,A,F,,,P1M,,E,,,,,,,,,2,,,"Monetary aggregate M2, Stocks","Euro area (changing composition), Outstanding amounts at the end of the period (stocks), MFIs, central government and post office giro institutions reporting sector - Monetary aggregate M2, All currencies combined - Euro area (changing composition) counterpart, Non-MFIs excluding central government sector, denominated in Euro, data Working day and seasonally adjusted",EUR,6
BSI.M.U2.Y.V.M20.X.1.U2.2300.Z01.E,M,U2,Y,V,M20,X,1,U2,2300,Z01,E,2007-10,7267682,A,F,,,P1M,,E,,,,,,,,,2,,,"Monetary aggregate M2, Stocks","Euro area (changing composition), Outstanding amounts at the end of the period (stocks), MFIs, central government and post office giro institutions reporting sector - Monetary aggregate M2, All currencies combined - Euro area (changing composition) counterpart, Non-MFIs excluding central government sector, denominated in Euro, data Working day and seasonally adjusted",EUR,6
BSI.M.U2.Y.V.M20.X.1.U2.2300.Z01.E,M,U2,Y,V,M20,X,1,U2,2300,Z01,E,2007-11,7323179,A,F,,,P1M,,E,,,,,,,,,2,,,"Monetary aggregate M2, Stocks","Euro area (changing composition), Outstanding amounts at the end of the period (stocks), MFIs, central government and post office giro institutions reporting sector - Monetary aggregate M2, All currencies combined - Euro area (changing composition) counterpart, Non-MFIs excluding central government sector, denominated in Euro, data Working day and seasonally adjusted",EUR,6
BSI.M.U2.Y.V.M20.X.1.U2.2300.Z01.E,M,U2,Y,V,M20,X,1,U2,2300,Z01,E,2007-12,7356073,A,F,,,P1M,,E,,,,,,,,,2,,,"Monetary aggregate M2, Stocks","Euro area (changing composition), Outstanding amounts at the end of the period (stocks), MFIs, central government and post office giro institutions reporting sector - Monetary aggregate M2, All currencies combined - Euro area (changing composition) counterpart, Non-MFIs excluding central government sector, denominated in Euro, data Working day and seasonally adjusted",EUR,6
BSI.M.U2.Y.V.M20.X.1.U2.2300.Z01.E,M,U2,Y,V,M20,X,1,U2,2300,Z01,E,2008-01,7440745,A,F,,,P1M,,E,,,,,,,,,2,,,"Monetary aggregate M2, Stocks","Euro area (changing composition), Outstanding amounts at the end of the period (stocks), MFIs, central government and post office giro institutions reporting sector - Monetary aggregate M2, All currencies combined - Euro area (changing composition) counterpart, Non-MFIs excluding central government sector, denominated in Euro, data Working day and seasonally adjusted",EUR,6
BSI.M.U2.Y.V.M20.X.1.U2.2300.Z01.E,M,U2,Y,V,M20,X,1,U2,2300,Z01,E,2008-02,7505318,A,F,,,P1M,,E,,,,,,,,,2,,,"Monetary aggregate M2, Stocks","Euro area (changing composition), Outstanding amounts at the end of the period (stocks), MFIs, central government and post office giro institutions reporting sector - Monetary aggregate M2, All currencies combined - Euro area (changing composition) counterpart, Non-MFIs excluding central government sector, denominated in Euro, data Working day and seasonally adjusted",EUR,6
BSI.M.U2.Y.V.M20.X.1.U2.2300.Z01.E,M,U2,Y,V,M20,X,1,U2,2300,Z01,E,2008-03,7536659,A,F,,,P1M,,E,,,,,,,,,2,,,"Monetary aggregate M2, Stocks","Euro area (changing composition), Outstanding amounts at the end of the period (stocks), MFIs, central government and post office giro institutions reporting sector - Monetary aggregate M2, All currencies combined - Euro area (changing composition) counterpart, Non-MFIs excluding central government sector, denominated in Euro, data Working day and seasonally adjusted",EUR,6
BSI.M.U2.Y.V.M20.X.1.U2.2300.Z01.E,M,U2,Y,V,M20,X,1,U2,2300,Z01,E,2008-04,7616022,A,F,,,P1M,,E,,,,,,,,,2,,,"Monetary aggregate M2, Stocks","Euro area (changing composition), Outstanding amounts at the end of the period (stocks), MFIs, central government and post office giro institutions reporting sector - Monetary aggregate M2, All currencies combined - Euro area (changing composition) counterpart, Non-MFIs excluding central government sector, denominated in Euro, data Working day and seasonally adjusted",EUR,6
BSI.M.U2.Y.V.M20.X.1.U2.2300.Z01.E,M,U2,Y,V,M20,X,1,U2,2300,Z01,E,2008-05,7674618,A,F,,,P1M,,E,,,,,,,,,2,,,"Monetary aggregate M2, Stocks","Euro area (changing composition), Outstanding amounts at the end of the period (stocks), MFIs, central government and post office giro institutions reporting sector - Monetary aggregate M2, All currencies combined - Euro area (changing composition) counterpart, Non-MFIs excluding central government sector, denominated in Euro, data Working day and seasonally adjusted",EUR,6
BSI.M.U2.Y.V.M20.X.1.U2.2300.Z01.E,M,U2,Y,V,M20,X,1,U2,2300,Z01,E,2008-06,7700435,A,F,,,P1M,,E,,,,,,,,,2,,,"Monetary aggregate M2, Stocks","Euro area (changing composition), Outstanding amounts at the end of the period (stocks), MFIs, central government and post office giro institutions reporting sector - Monetary aggregate M2, All currencies combined - Euro area (changing composition) counterpart, Non-MFIs excluding central government sector, denominated in Euro, data Working day and seasonally adjusted",EUR,6
BSI.M.U2.Y.V.M20.X.1.U2.2300.Z01.E,M,U2,Y,V,M20,X,1,U2,2300,Z01,E,2008-07,7750811,A,F,,,P1M,,E,,,,,,,,,2,,,"Monetary aggregate M2, Stocks","Euro area (changing composition), Outstanding amounts at the end of the period (stocks), MFIs, central government and post office giro institutions reporting sector - Monetary aggregate M2, All currencies combined - Euro area (changing composition) counterpart, Non-MFIs excluding central government sector, denominated in Euro, data Working day and seasonally adjusted",EUR,6
BSI.M.U2.Y.V.M20.X.1.U2.2300.Z01.E,M,U2,Y,V,M20,X,1,U2,2300,Z01,E,2008-08,7787840,A,F,,,P1M,,E,,,,,,,,,2,,,"Monetary aggregate M2, Stocks","Euro area (changing composition), Outstanding amounts at the end of the period (stocks), MFIs, central government and post office giro institutions reporting sector - Monetary aggregate M2, All currencies combined - Euro area (changing composition) counterpart, Non-MFIs excluding central government sector, denominated in Euro, data Working day and seasonally adjusted",EUR,6
BSI.M.U2.Y.V.M20.X.1.U2.2300.Z01.E,M,U2,Y,V,M20,X,1,U2,2300,Z01,E,2008-09,7865188,A,F,,,P1M,,E,,,,,,,,,2,,,"Monetary aggregate M2, Stocks","Euro area (changing composition), Outstanding amounts at the end of the period (stocks), MFIs, central government and post office giro institutions reporting sector - Monetary aggregate M2, All currencies combined - Euro area (changing composition) counterpart, Non-MFIs excluding central government sector, denominated in Euro, data Working day and seasonally adjusted",EUR,6
BSI.M.U2.Y.V.M20.X.1.U2.2300.Z01.E,M,U2,Y,V,M20,X,1,U2,2300,Z01,E,2008-10,8010727,A,F,,,P1M,,E,,,,,,,,,2,,,"Monetary aggregate M2, Stocks","Euro area (changing composition), Outstanding amounts at the end of the period (stocks), MFIs, central government and post office giro institutions reporting sector - Monetary aggregate M2, All currencies combined - Euro area (changing composition) counterpart, Non-MFIs excluding central government sector, denominated in Euro, data Working day and seasonally adjusted",EUR,6
BSI.M.U2.Y.V.M20.X.1.U2.2300.Z01.E,M,U2,Y,V,M20,X,1,U2,2300,Z01,E,2008-11,8035211,A,F,,,P1M,,E,,,,,,,,,2,,,"Monetary aggregate M2, Stocks","Euro area (changing composition), Outstanding amounts at the end of the period (stocks), MFIs, central government and post office giro institutions reporting sector - Monetary aggregate M2, All currencies combined - Euro area (changing composition) counterpart, Non-MFIs excluding central government sector, denominated in Euro, data Working day and seasonally adjusted",EUR,6
BSI.M.U2.Y.V.M20.X.1.U2.2300.Z01.E,M,U2,Y,V,M20,X,1,U2,2300,Z01,E,2008-12,8041762,A,F,,,P1M,,E,,,,,,,,,2,,,"Monetary aggregate M2, Stocks","Euro area (changing composition), Outstanding amounts at the end of the period (stocks), MFIs, central government and post office giro institutions reporting sector - Monetary aggregate M2, All currencies combined - Euro area (changing composition) counterpart, Non-MFIs excluding central government sector, denominated in Euro, data Working day and seasonally adjusted",EUR,6
BSI.M.U2.Y.V.M20.X.1.U2.2300.Z01.E,M,U2,Y,V,M20,X,1,U2,2300,Z01,E,2009-01,8089401,A,F,,,P1M,,E,,,,,,,,,2,,,"Monetary aggregate M2, Stocks","Euro area (changing composition), Outstanding amounts at the end of the period (stocks), MFIs, central government and post office giro institutions reporting sector - Monetary aggregate M2, All currencies combined - Euro area (changing composition) counterpart, Non-MFIs excluding central government sector, denominated in Euro, data Working day and seasonally adjusted",EUR,6
BSI.M.U2.Y.V.M20.X.1.U2.2300.Z01.E,M,U2,Y,V,M20,X,1,U2,2300,Z01,E,2009-02,8112143,A,F,,,P1M,,E,,,,,,,,,2,,,"Monetary aggregate M2, Stocks","Euro area (changing composition), Outstanding amounts at the end of the period (stocks), MFIs, central government and post office giro institutions reporting sector - Monetary aggregate M2, All currencies combined - Euro area (changing composition) counterpart, Non-MFIs excluding central government sector, denominated in Euro, data Working day and seasonally adjusted",EUR,6
BSI.M.U2.Y.V.M20.X.1.U2.2300.Z01.E,M,U2,Y,V,M20,X,1,U2,2300,Z01,E,2009-03,8093515,A,F,,,P1M,,E,,,,,,,,,2,,,"Monetary aggregate M2, Stocks","Euro area (changing composition), Outstanding amounts at the end of the period (stocks), MFIs, central government and post office giro institutions reporting sector - Monetary aggregate M2, All currencies combined - Euro area (changing composition) counterpart, Non-MFIs excluding central government sector, denominated in Euro, data Working day and seasonally adjusted",EUR,6
BSI.M.U2.Y.V.M20.X.1.U2.2300.Z01.E,M,U2,Y,V,M20,X,1,U2,2300,Z01,E,2009-04,8145669,A,F,,,P1M,,E,,,,,,,,,2,,,"Monetary aggregate M2, Stocks","Euro area (changing composition), Outstanding amounts at the end of the period (stocks), MFIs, central government and post office giro institutions reporting sector - Monetary aggregate M2, All currencies combined - Euro area (changing composition) counterpart, Non-MFIs excluding central government sector, denominated in Euro, data Working day and seasonally adjusted",EUR,6
BSI.M.U2.Y.V.M20.X.1.U2.2300.Z01.E,M,U2,Y,V,M20,X,1,U2,2300,Z01,E,2009-05,8140833,A,F,,,P1M,,E,,,,,,,,,2,,,"Monetary aggregate M2, Stocks","Euro area (changing composition), Outstanding amounts at the end of the period (stocks), MFIs, central government and post office giro institutions reporting sector - Monetary aggregate M2, All currencies combined - Euro area (changing composition) counterpart, Non-MFIs excluding central government sector, denominated in Euro, data Working day and seasonally adjusted",EUR,6
BSI.M.U2.Y.V.M20.X.1.U2.2300.Z01.E,M,U2,Y,V,M20,X,1,U2,2300,Z01,E,2009-06,8155197,A,F,,,P1M,,E,,,,,,,,,2,,,"Monetary aggregate M2, Stocks","Euro area (changing composition), Outstanding amounts at the end of the period (stocks), MFIs, central government and post office giro institutions reporting sector - Monetary aggregate M2, All currencies combined - Euro area (changing composition) counterpart, Non-MFIs excluding central government sector, denominated in Euro, data Working day and seasonally adjusted",EUR,6
BSI.M.U2.Y.V.M20.X.1.U2.2300.Z01.E,M,U2,Y,V,M20,X,1,U2,2300,Z01,E,2009-07,8184207,A,F,,,P1M,,E,,,,,,,,,2,,,"Monetary aggregate M2, Stocks","Euro area (changing composition), Outstanding amounts at the end of the period (stocks), MFIs, central government and post office giro institutions reporting sector - Monetary aggregate M2, All currencies combined - Euro area (changing composition) counterpart, Non-MFIs excluding central government sector, denominated in Euro, data Working day and seasonally adjusted",EUR,6
BSI.M.U2.Y.V.M20.X.1.U2.2300.Z01.E,M,U2,Y,V,M20,X,1,U2,2300,Z01,E,2009-08,8176976,A,F,,,P1M,,E,,,,,,,,,2,,,"Monetary aggregate M2, Stocks","Euro area (changing composition), Outstanding amounts at the end of the period (stocks), MFIs, central government and post office giro institutions reporting sector - Monetary aggregate M2, All currencies combined - Euro area (changing composition) counterpart, Non-MFIs excluding central government sector, denominated in Euro, data Working day and seasonally adjusted",EUR,6
BSI.M.U2.Y.V.M20.X.1.U2.2300.Z01.E,M,U2,Y,V,M20,X,1,U2,2300,Z01,E,2009-09,8189516,A,F,,,P1M,,E,,,,,,,,,2,,,"Monetary aggregate M2, Stocks","Euro area (changing composition), Outstanding amounts at the end of the period (stocks), MFIs, central government and post office giro institutions reporting sector - Monetary aggregate M2, All currencies combined - Euro area (changing composition) counterpart, Non-MFIs excluding central government sector, denominated in Euro, data Working day and seasonally adjusted",EUR,6
BSI.M.U2.Y.V.M20.X.1.U2.2300.Z01.E,M,U2,Y,V,M20,X,1,U2,2300,Z01,E,2009-10,8195862,A,F,,,P1M,,E,,,,,,,,,2,,,"Monetary aggregate M2, Stocks","Euro area (changing composition), Outstanding amounts at the end of the period (stocks), MFIs, central government and post office giro institutions reporting sector - Monetary aggregate M2, All currencies combined - Euro area (changing composition) counterpart, Non-MFIs excluding central government sector, denominated in Euro, data Working day and seasonally adjusted",EUR,6
BSI.M.U2.Y.V.M20.X.1.U2.2300.Z01.E,M,U2,Y,V,M20,X,1,U2,2300,Z01,E,2009-11,8181093,A,F,,,P1M,,E,,,,,,,,,2,,,"Monetary aggregate M2, Stocks","Euro area (changing composition), Outstanding amounts at the end of the period (stocks), MFIs, central government and post office giro institutions reporting sector - Monetary aggregate M2, All currencies combined - Euro area (changing composition) counterpart, Non-MFIs excluding central government sector, denominated in Euro, data Working day and seasonally adjusted",EUR,6
BSI.M.U2.Y.V.M20.X.1.U2.2300.Z01.E,M,U2,Y,V,M20,X,1,U2,2300,Z01,E,2009-12,8207839,A,F,,,P1M,,E,,,,,,,,,2,,,"Monetary aggregate M2, Stocks","Euro area (changing composition), Outstanding amounts at the end of the period (stocks), MFIs, central government and post office giro institutions reporting sector - Monetary aggregate M2, All currencies combined - Euro area (changing composition) counterpart, Non-MFIs excluding central government sector, denominated in Euro, data Working day and seasonally adjusted",EUR,6
BSI.M.U2.Y.V.M20.X.1.U2.2300.Z01.E,M,U2,Y,V,M20,X,1,U2,2300,Z01,E,2010-01,8220765,A,F,,,P1M,,E,,,,,,,,,2,,,"Monetary aggregate M2, Stocks","Euro area (changing composition), Outstanding amounts at the end of the period (stocks), MFIs, central government and post office giro institutions reporting sector - Monetary aggregate M2, All currencies combined - Euro area (changing composition) counterpart, Non-MFIs excluding central government sector, denominated in Euro, data Working day and seasonally adjusted",EUR,6
BSI.M.U2.Y.V.M20.X.1.U2.2300.Z01.E,M,U2,Y,V,M20,X,1,U2,2300,Z01,E,2010-02,8228832,A,F,,,P1M,,E,,,,,,,,,2,,,"Monetary aggregate M2, Stocks","Euro area (changing composition), Outstanding amounts at the end of the period (stocks), MFIs, central government and post office giro institutions reporting sector - Monetary aggregate M2, All currencies combined - Euro area (changing composition) counterpart, Non-MFIs excluding central government sector, denominated in Euro, data Working day and seasonally adjusted",EUR,6
BSI.M.U2.Y.V.M20.X.1.U2.2300.Z01.E,M,U2,Y,V,M20,X,1,U2,2300,Z01,E,2010-03,8230444,A,F,,,P1M,,E,,,,,,,,,2,,,"Monetary aggregate M2, Stocks","Euro area (changing composition), Outstanding amounts at the end of the period (stocks), MFIs, central government and post office giro institutions reporting sector - Monetary aggregate M2, All currencies combined - Euro area (changing composition) counterpart, Non-MFIs excluding central government sector, denominated in Euro, data Working day and seasonally adjusted",EUR,6
BSI.M.U2.Y.V.M20.X.1.U2.2300.Z01.E,M,U2,Y,V,M20,X,1,U2,2300,Z01,E,2010-04,8264563,A,F,,,P1M,,E,,,,,,,,,2,,,"Monetary aggregate M2, Stocks","Euro area (changing composition), Outstanding amounts at the end of the period (stocks), MFIs, central government and post office giro institutions reporting sector - Monetary aggregate M2, All currencies combined - Euro area (changing composition) counterpart, Non-MFIs excluding central government sector, denominated in Euro, data Working day and seasonally adjusted",EUR,6
BSI.M.U2.Y.V.M20.X.1.U2.2300.Z01.E,M,U2,Y,V,M20,X,1,U2,2300,Z01,E,2010-05,8283333,A,F,,,P1M,,E,,,,,,,,,2,,,"Monetary aggregate M2, Stocks","Euro area (changing composition), Outstanding amounts at the end of the period (stocks), MFIs, central government and post office giro institutions reporting sector - Monetary aggregate M2, All currencies combined - Euro area (changing composition) counterpart, Non-MFIs excluding central government sector, denominated in Euro, data Working day and seasonally adjusted",EUR,6
BSI.M.U2.Y.V.M20.X.1.U2.2300.Z01.E,M,U2,Y,V,M20,X,1,U2,2300,Z01,E,2010-06,8314433,A,F,,,P1M,,E,,,,,,,,,2,,,"Monetary aggregate M2, Stocks","Euro area (changing composition), Outstanding amounts at the end of the period (stocks), MFIs, central government and post office giro institutions reporting sector - Monetary aggregate M2, All currencies combined - Euro area (changing composition) counterpart, Non-MFIs excluding central government sector, denominated in Euro, data Working day and seasonally adjusted",EUR,6
BSI.M.U2.Y.V.M20.X.1.U2.2300.Z01.E,M,U2,Y,V,M20,X,1,U2,2300,Z01,E,2010-07,8331067,A,F,,,P1M,,E,,,,,,,,,2,,,"Monetary aggregate M2, Stocks","Euro area (changing composition), Outstanding amounts at the end of the period (stocks), MFIs, central government and post office giro institutions reporting sector - Monetary aggregate M2, All currencies combined - Euro area (changing composition) counterpart, Non-MFIs excluding central government sector, denominated in Euro, data Working day and seasonally adjusted",EUR,6
BSI.M.U2.Y.V.M20.X.1.U2.2300.Z01.E,M,U2,Y,V,M20,X,1,U2,2300,Z01,E,2010-08,8367919,A,F,,,P1M,,E,,,,,,,,,2,,,"Monetary aggregate M2, Stocks","Euro area (changing composition), Outstanding amounts at the end of the period (stocks), MFIs, central government and post office giro institutions reporting sector - Monetary aggregate M2, All currencies combined - Euro area (changing composition) counterpart, Non-MFIs excluding central government sector, denominated in Euro, data Working day and seasonally adjusted",EUR,6
BSI.M.U2.Y.V.M20.X.1.U2.2300.Z01.E,M,U2,Y,V,M20,X,1,U2,2300,Z01,E,2010-09,8367910,A,F,,,P1M,,E,,,,,,,,,2,,,"Monetary aggregate M2, Stocks","Euro area (changing composition), Outstanding amounts at the end of the period (stocks), MFIs, central government and post office giro institutions reporting sector - Monetary aggregate M2, All currencies combined - Euro area (changing composition) counterpart, Non-MFIs excluding central government sector, denominated in Euro, data Working day and seasonally adjusted",EUR,6
BSI.M.U2.Y.V.M20.X.1.U2.2300.Z01.E,M,U2,Y,V,M20,X,1,U2,2300,Z01,E,2010-10,8387527,A,F,,,P1M,,E,,,,,,,,,2,,,"Monetary aggregate M2, Stocks","Euro area (changing composition), Outstanding amounts at the end of the period (stocks), MFIs, central government and post office giro institutions reporting sector - Monetary aggregate M2, All currencies combined - Euro area (changing composition) counterpart, Non-MFIs excluding central government sector, denominated in Euro, data Working day and seasonally adjusted",EUR,6
BSI.M.U2.Y.V.M20.X.1.U2.2300.Z01.E,M,U2,Y,V,M20,X,1,U2,2300,Z01,E,2010-11,8404159,A,F,,,P1M,,E,,,,,,,,,2,,,"Monetary aggregate M2, Stocks","Euro area (changing composition), Outstanding amounts at the end of the period (stocks), MFIs, central government and post office giro institutions reporting sector - Monetary aggregate M2, All currencies combined - Euro area (changing composition) counterpart, Non-MFIs excluding central government sector, denominated in Euro, data Working day and seasonally adjusted",EUR,6
BSI.M.U2.Y.V.M20.X.1.U2.2300.Z01.E,M,U2,Y,V,M20,X,1,U2,2300,Z01,E,2010-12,8423299,A,F,,,P1M,,E,,,,,,,,,2,,,"Monetary aggregate M2, Stocks","Euro area (changing composition), Outstanding amounts at the end of the period (stocks), MFIs, central government and post office giro institutions reporting sector - Monetary aggregate M2, All currencies combined - Euro area (changing composition) counterpart, Non-MFIs excluding central government sector, denominated in Euro, data Working day and seasonally adjusted",EUR,6
BSI.M.U2.Y.V.M20.X.1.U2.2300.Z01.E,M,U2,Y,V,M20,X,1,U2,2300,Z01,E,2011-01,8436054,A,F,,,P1M,,E,,,,,,,,,2,,,"Monetary aggregate M2, Stocks","Euro area (changing composition), Outstanding amounts at the end of the period (stocks), MFIs, central government and post office giro institutions reporting sector - Monetary aggregate M2, All currencies combined - Euro area (changing composition) counterpart, Non-MFIs excluding central government sector, denominated in Euro, data Working day and seasonally adjusted",EUR,6
BSI.M.U2.Y.V.M20.X.1.U2.2300.Z01.E,M,U2,Y,V,M20,X,1,U2,2300,Z01,E,2011-02,8444617,A,F,,,P1M,,E,,,,,,,,,2,,,"Monetary aggregate M2, Stocks","Euro area (changing composition), Outstanding amounts at the end of the period (stocks), MFIs, central government and post office giro institutions reporting sector - Monetary aggregate M2, All currencies combined - Euro area (changing composition) counterpart, Non-MFIs excluding central government sector, denominated in Euro, data Working day and seasonally adjusted",EUR,6
BSI.M.U2.Y.V.M20.X.1.U2.2300.Z01.E,M,U2,Y,V,M20,X,1,U2,2300,Z01,E,2011-03,8458122,A,F,,,P1M,,E,,,,,,,,,2,,,"Monetary aggregate M2, Stocks","Euro area (changing composition), Outstanding amounts at the end of the period (stocks), MFIs, central government and post office giro institutions reporting sector - Monetary aggregate M2, All currencies combined - Euro area (changing composition) counterpart, Non-MFIs excluding central government sector, denominated in Euro, data Working day and seasonally adjusted",EUR,6
BSI.M.U2.Y.V.M20.X.1.U2.2300.Z01.E,M,U2,Y,V,M20,X,1,U2,2300,Z01,E,2011-04,8456009,A,F,,,P1M,,E,,,,,,,,,2,,,"Monetary aggregate M2, Stocks","Euro area (changing composition), Outstanding amounts at the end of the period (stocks), MFIs, central government and post office giro institutions reporting sector - Monetary aggregate M2, All currencies combined - Euro area (changing composition) counterpart, Non-MFIs excluding central government sector, denominated in Euro, data Working day and seasonally adjusted",EUR,6
BSI.M.U2.Y.V.M20.X.1.U2.2300.Z01.E,M,U2,Y,V,M20,X,1,U2,2300,Z01,E,2011-05,8480338,A,F,,,P1M,,E,,,,,,,,,2,,,"Monetary aggregate M2, Stocks","Euro area (changing composition), Outstanding amounts at the end of the period (stocks), MFIs, central government and post office giro institutions reporting sector - Monetary aggregate M2, All currencies combined - Euro area (changing composition) counterpart, Non-MFIs excluding central government sector, denominated in Euro, data Working day and seasonally adjusted",EUR,6
BSI.M.U2.Y.V.M20.X.1.U2.2300.Z01.E,M,U2,Y,V,M20,X,1,U2,2300,Z01,E,2011-06,8495988,A,F,,,P1M,,E,,,,,,,,,2,,,"Monetary aggregate M2, Stocks","Euro area (changing composition), Outstanding amounts at the end of the period (stocks), MFIs, central government and post office giro institutions reporting sector - Monetary aggregate M2, All currencies combined - Euro area (changing composition) counterpart, Non-MFIs excluding central government sector, denominated in Euro, data Working day and seasonally adjusted",EUR,6
BSI.M.U2.Y.V.M20.X.1.U2.2300.Z01.E,M,U2,Y,V,M20,X,1,U2,2300,Z01,E,2011-07,8509521,A,F,,,P1M,,E,,,,,,,,,2,,,"Monetary aggregate M2, Stocks","Euro area (changing composition), Outstanding amounts at the end of the period (stocks), MFIs, central government and post office giro institutions reporting sector - Monetary aggregate M2, All currencies combined - Euro area (changing composition) counterpart, Non-MFIs excluding central government sector, denominated in Euro, data Working day and seasonally adjusted",EUR,6
BSI.M.U2.Y.V.M20.X.1.U2.2300.Z01.E,M,U2,Y,V,M20,X,1,U2,2300,Z01,E,2011-08,8558299,A,F,,,P1M,,E,,,,,,,,,2,,,"Monetary aggregate M2, Stocks","Euro area (changing composition), Outstanding amounts at the end of the period (stocks), MFIs, central government and post office giro institutions reporting sector - Monetary aggregate M2, All currencies combined - Euro area (changing composition) counterpart, Non-MFIs excluding central government sector, denominated in Euro, data Working day and seasonally adjusted",EUR,6
BSI.M.U2.Y.V.M20.X.1.U2.2300.Z01.E,M,U2,Y,V,M20,X,1,U2,2300,Z01,E,2011-09,8593759,A,F,,,P1M,,E,,,,,,,,,2,,,"Monetary aggregate M2, Stocks","Euro area (changing composition), Outstanding amounts at the end of the period (stocks), MFIs, central government and post office giro institutions reporting sector - Monetary aggregate M2, All currencies combined - Euro area (changing composition) counterpart, Non-MFIs excluding central government sector, denominated in Euro, data Working day and seasonally adjusted",EUR,6
BSI.M.U2.Y.V.M20.X.1.U2.2300.Z01.E,M,U2,Y,V,M20,X,1,U2,2300,Z01,E,2011-10,8572193,A,F,,,P1M,,E,,,,,,,,,2,,,"Monetary aggregate M2, Stocks","Euro area (changing composition), Outstanding amounts at the end of the period (stocks), MFIs, central government and post office giro institutions reporting sector - Monetary aggregate M2, All currencies combined - Euro area (changing composition) counterpart, Non-MFIs excluding central government sector, denominated in Euro, data Working day and seasonally adjusted",EUR,6
BSI.M.U2.Y.V.M20.X.1.U2.2300.Z01.E,M,U2,Y,V,M20,X,1,U2,2300,Z01,E,2011-11,8588089,A,F,,,P1M,,E,,,,,,,,,2,,,"Monetary aggregate M2, Stocks","Euro area (changing composition), Outstanding amounts at the end of the period (stocks), MFIs, central government and post office giro institutions reporting sector - Monetary aggregate M2, All currencies combined - Euro area (changing composition) counterpart, Non-MFIs excluding central government sector, denominated in Euro, data Working day and seasonally adjusted",EUR,6
BSI.M.U2.Y.V.M20.X.1.U2.2300.Z01.E,M,U2,Y,V,M20,X,1,U2,2300,Z01,E,2011-12,8607320,A,F,,,P1M,,E,,,,,,,,,2,,,"Monetary aggregate M2, Stocks","Euro area (changing composition), Outstanding amounts at the end of the period (stocks), MFIs, central government and post office giro institutions reporting sector - Monetary aggregate M2, All currencies combined - Euro area (changing composition) counterpart, Non-MFIs excluding central government sector, denominated in Euro, data Working day and seasonally adjusted",EUR,6
BSI.M.U2.Y.V.M20.X.1.U2.2300.Z01.E,M,U2,Y,V,M20,X,1,U2,2300,Z01,E,2012-01,8644031,A,F,,,P1M,,E,,,,,,,,,2,,,"Monetary aggregate M2, Stocks","Euro area (changing composition), Outstanding amounts at the end of the period (stocks), MFIs, central government and post office giro institutions reporting sector - Monetary aggregate M2, All currencies combined - Euro area (changing composition) counterpart, Non-MFIs excluding central government sector, denominated in Euro, data Working day and seasonally adjusted",EUR,6
BSI.M.U2.Y.V.M20.X.1.U2.2300.Z01.E,M,U2,Y,V,M20,X,1,U2,2300,Z01,E,2012-02,8679871,A,F,,,P1M,,E,,,,,,,,,2,,,"Monetary aggregate M2, Stocks","Euro area (changing composition), Outstanding amounts at the end of the period (stocks), MFIs, central government and post office giro institutions reporting sector - Monetary aggregate M2, All currencies combined - Euro area (changing composition) counterpart, Non-MFIs excluding central government sector, denominated in Euro, data Working day and seasonally adjusted",EUR,6
BSI.M.U2.Y.V.M20.X.1.U2.2300.Z01.E,M,U2,Y,V,M20,X,1,U2,2300,Z01,E,2012-03,8723292,A,F,,,P1M,,E,,,,,,,,,2,,,"Monetary aggregate M2, Stocks","Euro area (changing composition), Outstanding amounts at the end of the period (stocks), MFIs, central government and post office giro institutions reporting sector - Monetary aggregate M2, All currencies combined - Euro area (changing composition) counterpart, Non-MFIs excluding central government sector, denominated in Euro, data Working day and seasonally adjusted",EUR,6
BSI.M.U2.Y.V.M20.X.1.U2.2300.Z01.E,M,U2,Y,V,M20,X,1,U2,2300,Z01,E,2012-04,8704188,A,F,,,P1M,,E,,,,,,,,,2,,,"Monetary aggregate M2, Stocks","Euro area (changing composition), Outstanding amounts at the end of the period (stocks), MFIs, central government and post office giro institutions reporting sector - Monetary aggregate M2, All currencies combined - Euro area (changing composition) counterpart, Non-MFIs excluding central government sector, denominated in Euro, data Working day and seasonally adjusted",EUR,6
BSI.M.U2.Y.V.M20.X.1.U2.2300.Z01.E,M,U2,Y,V,M20,X,1,U2,2300,Z01,E,2012-05,8746773,A,F,,,P1M,,E,,,,,,,,,2,,,"Monetary aggregate M2, Stocks","Euro area (changing composition), Outstanding amounts at the end of the period (stocks), MFIs, central government and post office giro institutions reporting sector - Monetary aggregate M2, All currencies combined - Euro area (changing composition) counterpart, Non-MFIs excluding central government sector, denominated in Euro, data Working day and seasonally adjusted",EUR,6
BSI.M.U2.Y.V.M20.X.1.U2.2300.Z01.E,M,U2,Y,V,M20,X,1,U2,2300,Z01,E,2012-06,8779098,A,F,,,P1M,,E,,,,,,,,,2,,,"Monetary aggregate M2, Stocks","Euro area (changing composition), Outstanding amounts at the end of the period (stocks), MFIs, central government and post office giro institutions reporting sector - Monetary aggregate M2, All currencies combined - Euro area (changing composition) counterpart, Non-MFIs excluding central government sector, denominated in Euro, data Working day and seasonally adjusted",EUR,6
BSI.M.U2.Y.V.M20.X.1.U2.2300.Z01.E,M,U2,Y,V,M20,X,1,U2,2300,Z01,E,2012-07,8829323,A,F,,,P1M,,E,,,,,,,,,2,,,"Monetary aggregate M2, Stocks","Euro area (changing composition), Outstanding amounts at the end of the period (stocks), MFIs, central government and post office giro institutions reporting sector - Monetary aggregate M2, All currencies combined - Euro area (changing composition) counterpart, Non-MFIs excluding central government sector, denominated in Euro, data Working day and seasonally adjusted",EUR,6
BSI.M.U2.Y.V.M20.X.1.U2.2300.Z01.E,M,U2,Y,V,M20,X,1,U2,2300,Z01,E,2012-08,8846566,A,F,,,P1M,,E,,,,,,,,,2,,,"Monetary aggregate M2, Stocks","Euro area (changing composition), Outstanding amounts at the end of the period (stocks), MFIs, central government and post office giro institutions reporting sector - Monetary aggregate M2, All currencies combined - Euro area (changing composition) counterpart, Non-MFIs excluding central government sector, denominated in Euro, data Working day and seasonally adjusted",EUR,6
BSI.M.U2.Y.V.M20.X.1.U2.2300.Z01.E,M,U2,Y,V,M20,X,1,U2,2300,Z01,E,2012-09,8875881,A,F,,,P1M,,E,,,,,,,,,2,,,"Monetary aggregate M2, Stocks","Euro area (changing composition), Outstanding amounts at the end of the period (stocks), MFIs, central government and post office giro institutions reporting sector - Monetary aggregate M2, All currencies combined - Euro area (changing composition) counterpart, Non-MFIs excluding central government sector, denominated in Euro, data Working day and seasonally adjusted",EUR,6
BSI.M.U2.Y.V.M20.X.1.U2.2300.Z01.E,M,U2,Y,V,M20,X,1,U2,2300,Z01,E,2012-10,8948155,A,F,,,P1M,,E,,,,,,,,,2,,,"Monetary aggregate M2, Stocks","Euro area (changing composition), Outstanding amounts at the end of the period (stocks), MFIs, central government and post office giro institutions reporting sector - Monetary aggregate M2, All currencies combined - Euro area (changing composition) counterpart, Non-MFIs excluding central government sector, denominated in Euro, data Working day and seasonally adjusted",EUR,6
BSI.M.U2.Y.V.M20.X.1.U2.2300.Z01.E,M,U2,Y,V,M20,X,1,U2,2300,Z01,E,2012-11,8975122,A,F,,,P1M,,E,,,,,,,,,2,,,"Monetary aggregate M2, Stocks","Euro area (changing composition), Outstanding amounts at the end of the period (stocks), MFIs, central government and post office giro institutions reporting sector - Monetary aggregate M2, All currencies combined - Euro area (changing composition) counterpart, Non-MFIs excluding central government sector, denominated in Euro, data Working day and seasonally adjusted",EUR,6
BSI.M.U2.Y.V.M20.X.1.U2.2300.Z01.E,M,U2,Y,V,M20,X,1,U2,2300,Z01,E,2012-12,8998474,A,F,,,P1M,,E,,,,,,,,,2,,,"Monetary aggregate M2, Stocks","Euro area (changing composition), Outstanding amounts at the end of the period (stocks), MFIs, central government and post office giro institutions reporting sector - Monetary aggregate M2, All currencies combined - Euro area (changing composition) counterpart, Non-MFIs excluding central government sector, denominated in Euro, data Working day and seasonally adjusted",EUR,6
BSI.M.U2.Y.V.M20.X.1.U2.2300.Z01.E,M,U2,Y,V,M20,X,1,U2,2300,Z01,E,2013-01,9014275,A,F,,,P1M,,E,,,,,,,,,2,,,"Monetary aggregate M2, Stocks","Euro area (changing composition), Outstanding amounts at the end of the period (stocks), MFIs, central government and post office giro institutions reporting sector - Monetary aggregate M2, All currencies combined - Euro area (changing composition) counterpart, Non-MFIs excluding central government sector, denominated in Euro, data Working day and seasonally adjusted",EUR,6
BSI.M.U2.Y.V.M20.X.1.U2.2300.Z01.E,M,U2,Y,V,M20,X,1,U2,2300,Z01,E,2013-02,9049240,A,F,,,P1M,,E,,,,,,,,,2,,,"Monetary aggregate M2, Stocks","Euro area (changing composition), Outstanding amounts at the end of the period (stocks), MFIs, central government and post office giro institutions reporting sector - Monetary aggregate M2, All currencies combined - Euro area (changing composition) counterpart, Non-MFIs excluding central government sector, denominated in Euro, data Working day and seasonally adjusted",EUR,6
BSI.M.U2.Y.V.M20.X.1.U2.2300.Z01.E,M,U2,Y,V,M20,X,1,U2,2300,Z01,E,2013-03,9079682,A,F,,,P1M,,E,,,,,,,,,2,,,"Monetary aggregate M2, Stocks","Euro area (changing composition), Outstanding amounts at the end of the period (stocks), MFIs, central government and post office giro institutions reporting sector - Monetary aggregate M2, All currencies combined - Euro area (changing composition) counterpart, Non-MFIs excluding central government sector, denominated in Euro, data Working day and seasonally adjusted",EUR,6
BSI.M.U2.Y.V.M20.X.1.U2.2300.Z01.E,M,U2,Y,V,M20,X,1,U2,2300,Z01,E,2013-04,9108326,A,F,,,P1M,,E,,,,,,,,,2,,,"Monetary aggregate M2, Stocks","Euro area (changing composition), Outstanding amounts at the end of the period (stocks), MFIs, central government and post office giro institutions reporting sector - Monetary aggregate M2, All currencies combined - Euro area (changing composition) counterpart, Non-MFIs excluding central government sector, denominated in Euro, data Working day and seasonally adjusted",EUR,6
BSI.M.U2.Y.V.M20.X.1.U2.2300.Z01.E,M,U2,Y,V,M20,X,1,U2,2300,Z01,E,2013-05,9129445,A,F,,,P1M,,E,,,,,,,,,2,,,"Monetary aggregate M2, Stocks","Euro area (changing composition), Outstanding amounts at the end of the period (stocks), MFIs, central government and post office giro institutions reporting sector - Monetary aggregate M2, All currencies combined - Euro area (changing composition) counterpart, Non-MFIs excluding central government sector, denominated in Euro, data Working day and seasonally adjusted",EUR,6
BSI.M.U2.Y.V.M20.X.1.U2.2300.Z01.E,M,U2,Y,V,M20,X,1,U2,2300,Z01,E,2013-06,9126627,A,F,,,P1M,,E,,,,,,,,,2,,,"Monetary aggregate M2, Stocks","Euro area (changing composition), Outstanding amounts at the end of the period (stocks), MFIs, central government and post office giro institutions reporting sector - Monetary aggregate M2, All currencies combined - Euro area (changing composition) counterpart, Non-MFIs excluding central government sector, denominated in Euro, data Working day and seasonally adjusted",EUR,6
BSI.M.U2.Y.V.M20.X.1.U2.2300.Z01.E,M,U2,Y,V,M20,X,1,U2,2300,Z01,E,2013-07,9147571,A,F,,,P1M,,E,,,,,,,,,2,,,"Monetary aggregate M2, Stocks","Euro area (changing composition), Outstanding amounts at the end of the period (stocks), MFIs, central government and post office giro institutions reporting sector - Monetary aggregate M2, All currencies combined - Euro area (changing composition) counterpart, Non-MFIs excluding central government sector, denominated in Euro, data Working day and seasonally adjusted",EUR,6
BSI.M.U2.Y.V.M20.X.1.U2.2300.Z01.E,M,U2,Y,V,M20,X,1,U2,2300,Z01,E,2013-08,9183775,A,F,,,P1M,,E,,,,,,,,,2,,,"Monetary aggregate M2, Stocks","Euro area (changing composition), Outstanding amounts at the end of the period (stocks), MFIs, central government and post office giro institutions reporting sector - Monetary aggregate M2, All currencies combined - Euro area (changing composition) counterpart, Non-MFIs excluding central government sector, denominated in Euro, data Working day and seasonally adjusted",EUR,6
BSI.M.U2.Y.V.M20.X.1.U2.2300.Z01.E,M,U2,Y,V,M20,X,1,U2,2300,Z01,E,2013-09,9198843,A,F,,,P1M,,E,,,,,,,,,2,,,"Monetary aggregate M2, Stocks","Euro area (changing composition), Outstanding amounts at the end of the period (stocks), MFIs, central government and post office giro institutions reporting sector - Monetary aggregate M2, All currencies combined - Euro area (changing composition) counterpart, Non-MFIs excluding central government sector, denominated in Euro, data Working day and seasonally adjusted",EUR,6
BSI.M.U2.Y.V.M20.X.1.U2.2300.Z01.E,M,U2,Y,V,M20,X,1,U2,2300,Z01,E,2013-10,9219721,A,F,,,P1M,,E,,,,,,,,,2,,,"Monetary aggregate M2, Stocks","Euro area (changing composition), Outstanding amounts at the end of the period (stocks), MFIs, central government and post office giro institutions reporting sector - Monetary aggregate M2, All currencies combined - Euro area (changing composition) counterpart, Non-MFIs excluding central government sector, denominated in Euro, data Working day and seasonally adjusted",EUR,6
BSI.M.U2.Y.V.M20.X.1.U2.2300.Z01.E,M,U2,Y,V,M20,X,1,U2,2300,Z01,E,2013-11,9235023,A,F,,,P1M,,E,,,,,,,,,2,,,"Monetary aggregate M2, Stocks","Euro area (changing composition), Outstanding amounts at the end of the period (stocks), MFIs, central government and post office giro institutions reporting sector - Monetary aggregate M2, All currencies combined - Euro area (changing composition) counterpart, Non-MFIs excluding central government sector, denominated in Euro, data Working day and seasonally adjusted",EUR,6
BSI.M.U2.Y.V.M20.X.1.U2.2300.Z01.E,M,U2,Y,V,M20,X,1,U2,2300,Z01,E,2013-12,9212026,A,F,,,P1M,,E,,,,,,,,,2,,,"Monetary aggregate M2, Stocks","Euro area (changing composition), Outstanding amounts at the end of the period (stocks), MFIs, central government and post office giro institutions reporting sector - Monetary aggregate M2, All currencies combined - Euro area (changing composition) counterpart, Non-MFIs excluding central government sector, denominated in Euro, data Working day and seasonally adjusted",EUR,6
BSI.M.U2.Y.V.M20.X.1.U2.2300.Z01.E,M,U2,Y,V,M20,X,1,U2,2300,Z01,E,2014-01,9239268,A,F,,,P1M,,E,,,,,,,,,2,,,"Monetary aggregate M2, Stocks","Euro area (changing composition), Outstanding amounts at the end of the period (stocks), MFIs, central government and post office giro institutions reporting sector - Monetary aggregate M2, All currencies combined - Euro area (changing composition) counterpart, Non-MFIs excluding central government sector, denominated in Euro, data Working day and seasonally adjusted",EUR,6
BSI.M.U2.Y.V.M20.X.1.U2.2300.Z01.E,M,U2,Y,V,M20,X,1,U2,2300,Z01,E,2014-02,9267544,A,F,,,P1M,,E,,,,,,,,,2,,,"Monetary aggregate M2, Stocks","Euro area (changing composition), Outstanding amounts at the end of the period (stocks), MFIs, central government and post office giro institutions reporting sector - Monetary aggregate M2, All currencies combined - Euro area (changing composition) counterpart, Non-MFIs excluding central government sector, denominated in Euro, data Working day and seasonally adjusted",EUR,6
BSI.M.U2.Y.V.M20.X.1.U2.2300.Z01.E,M,U2,Y,V,M20,X,1,U2,2300,Z01,E,2014-03,9284719,A,F,,,P1M,,E,,,,,,,,,2,,,"Monetary aggregate M2, Stocks","Euro area (changing composition), Outstanding amounts at the end of the period (stocks), MFIs, central government and post office giro institutions reporting sector - Monetary aggregate M2, All currencies combined - Euro area (changing composition) counterpart, Non-MFIs excluding central government sector, denominated in Euro, data Working day and seasonally adjusted",EUR,6
BSI.M.U2.Y.V.M20.X.1.U2.2300.Z01.E,M,U2,Y,V,M20,X,1,U2,2300,Z01,E,2014-04,9287884,A,F,,,P1M,,E,,,,,,,,,2,,,"Monetary aggregate M2, Stocks","Euro area (changing composition), Outstanding amounts at the end of the period (stocks), MFIs, central government and post office giro institutions reporting sector - Monetary aggregate M2, All currencies combined - Euro area (changing composition) counterpart, Non-MFIs excluding central government sector, denominated in Euro, data Working day and seasonally adjusted",EUR,6
BSI.M.U2.Y.V.M20.X.1.U2.2300.Z01.E,M,U2,Y,V,M20,X,1,U2,2300,Z01,E,2014-05,9337820,A,F,,,P1M,,E,,,,,,,,,2,,,"Monetary aggregate M2, Stocks","Euro area (changing composition), Outstanding amounts at the end of the period (stocks), MFIs, central government and post office giro institutions reporting sector - Monetary aggregate M2, All currencies combined - Euro area (changing composition) counterpart, Non-MFIs excluding central government sector, denominated in Euro, data Working day and seasonally adjusted",EUR,6
BSI.M.U2.Y.V.M20.X.1.U2.2300.Z01.E,M,U2,Y,V,M20,X,1,U2,2300,Z01,E,2014-06,9362807,A,F,,,P1M,,E,,,,,,,,,2,,,"Monetary aggregate M2, Stocks","Euro area (changing composition), Outstanding amounts at the end of the period (stocks), MFIs, central government and post office giro institutions reporting sector - Monetary aggregate M2, All currencies combined - Euro area (changing composition) counterpart, Non-MFIs excluding central government sector, denominated in Euro, data Working day and seasonally adjusted",EUR,6
BSI.M.U2.Y.V.M20.X.1.U2.2300.Z01.E,M,U2,Y,V,M20,X,1,U2,2300,Z01,E,2014-07,9390708,A,F,,,P1M,,E,,,,,,,,,2,,,"Monetary aggregate M2, Stocks","Euro area (changing composition), Outstanding amounts at the end of the period (stocks), MFIs, central government and post office giro institutions reporting sector - Monetary aggregate M2, All currencies combined - Euro area (changing composition) counterpart, Non-MFIs excluding central government sector, denominated in Euro, data Working day and seasonally adjusted",EUR,6
BSI.M.U2.Y.V.M20.X.1.U2.2300.Z01.E,M,U2,Y,V,M20,X,1,U2,2300,Z01,E,2014-08,9433034,A,F,,,P1M,,E,,,,,,,,,2,,,"Monetary aggregate M2, Stocks","Euro area (changing composition), Outstanding amounts at the end of the period (stocks), MFIs, central government and post office giro institutions reporting sector - Monetary aggregate M2, All currencies combined - Euro area (changing composition) counterpart, Non-MFIs excluding central government sector, denominated in Euro, data Working day and seasonally adjusted",EUR,6
BSI.M.U2.Y.V.M20.X.1.U2.2300.Z01.E,M,U2,Y,V,M20,X,1,U2,2300,Z01,E,2014-09,9482753,A,F,,,P1M,,E,,,,,,,,,2,,,"Monetary aggregate M2, Stocks","Euro area (changing composition), Outstanding amounts at the end of the period (stocks), MFIs, central government and post office giro institutions reporting sector - Monetary aggregate M2, All currencies combined - Euro area (changing composition) counterpart, Non-MFIs excluding central government sector, denominated in Euro, data Working day and seasonally adjusted",EUR,6
BSI.M.U2.Y.V.M20.X.1.U2.2300.Z01.E,M,U2,Y,V,M20,X,1,U2,2300,Z01,E,2014-10,9500212,A,F,,,P1M,,E,,,,,,,,,2,,,"Monetary aggregate M2, Stocks","Euro area (changing composition), Outstanding amounts at the end of the period (stocks), MFIs, central government and post office giro institutions reporting sector - Monetary aggregate M2, All currencies combined - Euro area (changing composition) counterpart, Non-MFIs excluding central government sector, denominated in Euro, data Working day and seasonally adjusted",EUR,6
BSI.M.U2.Y.V.M20.X.1.U2.2300.Z01.E,M,U2,Y,V,M20,X,1,U2,2300,Z01,E,2014-11,9559214,A,F,,,P1M,,E,,,,,,,,,2,,,"Monetary aggregate M2, Stocks","Euro area (changing composition), Outstanding amounts at the end of the period (stocks), MFIs, central government and post office giro institutions reporting sector - Monetary aggregate M2, All currencies combined - Euro area (changing composition) counterpart, Non-MFIs excluding central government sector, denominated in Euro, data Working day and seasonally adjusted",EUR,6
BSI.M.U2.Y.V.M20.X.1.U2.2300.Z01.E,M,U2,Y,V,M20,X,1,U2,2300,Z01,E,2014-12,9676028,A,F,,,P1M,,E,,,,,,,,,2,,,"Monetary aggregate M2, Stocks","Euro area (changing composition), Outstanding amounts at the end of the period (stocks), MFIs, central government and post office giro institutions reporting sector - Monetary aggregate M2, All currencies combined - Euro area (changing composition) counterpart, Non-MFIs excluding central government sector, denominated in Euro, data Working day and seasonally adjusted",EUR,6
BSI.M.U2.Y.V.M20.X.1.U2.2300.Z01.E,M,U2,Y,V,M20,X,1,U2,2300,Z01,E,2015-01,9745960,A,F,,,P1M,,E,,,,,,,,,2,,,"Monetary aggregate M2, Stocks","Euro area (changing composition), Outstanding amounts at the end of the period (stocks), MFIs, central government and post office giro institutions reporting sector - Monetary aggregate M2, All currencies combined - Euro area (changing composition) counterpart, Non-MFIs excluding central government sector, denominated in Euro, data Working day and seasonally adjusted",EUR,6
BSI.M.U2.Y.V.M20.X.1.U2.2300.Z01.E,M,U2,Y,V,M20,X,1,U2,2300,Z01,E,2015-02,9761926,A,F,,,P1M,,E,,,,,,,,,2,,,"Monetary aggregate M2, Stocks","Euro area (changing composition), Outstanding amounts at the end of the period (stocks), MFIs, central government and post office giro institutions reporting sector - Monetary aggregate M2, All currencies combined - Euro area (changing composition) counterpart, Non-MFIs excluding central government sector, denominated in Euro, data Working day and seasonally adjusted",EUR,6
BSI.M.U2.Y.V.M20.X.1.U2.2300.Z01.E,M,U2,Y,V,M20,X,1,U2,2300,Z01,E,2015-03,9815782,A,F,,,P1M,,E,,,,,,,,,2,,,"Monetary aggregate M2, Stocks","Euro area (changing composition), Outstanding amounts at the end of the period (stocks), MFIs, central government and post office giro institutions reporting sector - Monetary aggregate M2, All currencies combined - Euro area (changing composition) counterpart, Non-MFIs excluding central government sector, denominated in Euro, data Working day and seasonally adjusted",EUR,6
BSI.M.U2.Y.V.M20.X.1.U2.2300.Z01.E,M,U2,Y,V,M20,X,1,U2,2300,Z01,E,2015-04,9865617,A,F,,,P1M,,E,,,,,,,,,2,,,"Monetary aggregate M2, Stocks","Euro area (changing composition), Outstanding amounts at the end of the period (stocks), MFIs, central government and post office giro institutions reporting sector - Monetary aggregate M2, All currencies combined - Euro area (changing composition) counterpart, Non-MFIs excluding central government sector, denominated in Euro, data Working day and seasonally adjusted",EUR,6
BSI.M.U2.Y.V.M20.X.1.U2.2300.Z01.E,M,U2,Y,V,M20,X,1,U2,2300,Z01,E,2015-05,9909778,A,F,,,P1M,,E,,,,,,,,,2,,,"Monetary aggregate M2, Stocks","Euro area (changing composition), Outstanding amounts at the end of the period (stocks), MFIs, central government and post office giro institutions reporting sector - Monetary aggregate M2, All currencies combined - Euro area (changing composition) counterpart, Non-MFIs excluding central government sector, denominated in Euro, data Working day and seasonally adjusted",EUR,6
BSI.M.U2.Y.V.M20.X.1.U2.2300.Z01.E,M,U2,Y,V,M20,X,1,U2,2300,Z01,E,2015-06,9947884,A,F,,,P1M,,E,,,,,,,,,2,,,"Monetary aggregate M2, Stocks","Euro area (changing composition), Outstanding amounts at the end of the period (stocks), MFIs, central government and post office giro institutions reporting sector - Monetary aggregate M2, All currencies combined - Euro area (changing composition) counterpart, Non-MFIs excluding central government sector, denominated in Euro, data Working day and seasonally adjusted",EUR,6
BSI.M.U2.Y.V.M20.X.1.U2.2300.Z01.E,M,U2,Y,V,M20,X,1,U2,2300,Z01,E,2015-07,10012113,A,F,,,P1M,,E,,,,,,,,,2,,,"Monetary aggregate M2, Stocks","Euro area (changing composition), Outstanding amounts at the end of the period (stocks), MFIs, central government and post office giro institutions reporting sector - Monetary aggregate M2, All currencies combined - Euro area (changing composition) counterpart, Non-MFIs excluding central government sector, denominated in Euro, data Working day and seasonally adjusted",EUR,6
BSI.M.U2.Y.V.M20.X.1.U2.2300.Z01.E,M,U2,Y,V,M20,X,1,U2,2300,Z01,E,2015-08,10030998,A,F,,,P1M,,E,,,,,,,,,2,,,"Monetary aggregate M2, Stocks","Euro area (changing composition), Outstanding amounts at the end of the period (stocks), MFIs, central government and post office giro institutions reporting sector - Monetary aggregate M2, All currencies combined - Euro area (changing composition) counterpart, Non-MFIs excluding central government sector, denominated in Euro, data Working day and seasonally adjusted",EUR,6
BSI.M.U2.Y.V.M20.X.1.U2.2300.Z01.E,M,U2,Y,V,M20,X,1,U2,2300,Z01,E,2015-09,10060424,A,F,,,P1M,,E,,,,,,,,,2,,,"Monetary aggregate M2, Stocks","Euro area (changing composition), Outstanding amounts at the end of the period (stocks), MFIs, central government and post office giro institutions reporting sector - Monetary aggregate M2, All currencies combined - Euro area (changing composition) counterpart, Non-MFIs excluding central government sector, denominated in Euro, data Working day and seasonally adjusted",EUR,6
BSI.M.U2.Y.V.M20.X.1.U2.2300.Z01.E,M,U2,Y,V,M20,X,1,U2,2300,Z01,E,2015-10,10124558,A,F,,,P1M,,E,,,,,,,,,2,,,"Monetary aggregate M2, Stocks","Euro area (changing composition), Outstanding amounts at the end of the period (stocks), MFIs, central government and post office giro institutions reporting sector - Monetary aggregate M2, All currencies combined - Euro area (changing composition) counterpart, Non-MFIs excluding central government sector, denominated in Euro, data Working day and seasonally adjusted",EUR,6
BSI.M.U2.Y.V.M20.X.1.U2.2300.Z01.E,M,U2,Y,V,M20,X,1,U2,2300,Z01,E,2015-11,10182417,A,F,,,P1M,,E,,,,,,,,,2,,,"Monetary aggregate M2, Stocks","Euro area (changing composition), Outstanding amounts at the end of the period (stocks), MFIs, central government and post office giro institutions reporting sector - Monetary aggregate M2, All currencies combined - Euro area (changing composition) counterpart, Non-MFIs excluding central government sector, denominated in Euro, data Working day and seasonally adjusted",EUR,6
BSI.M.U2.Y.V.M20.X.1.U2.2300.Z01.E,M,U2,Y,V,M20,X,1,U2,2300,Z01,E,2015-12,10217313,A,F,,,P1M,,E,,,,,,,,,2,,,"Monetary aggregate M2, Stocks","Euro area (changing composition), Outstanding amounts at the end of the period (stocks), MFIs, central government and post office giro institutions reporting sector - Monetary aggregate M2, All currencies combined - Euro area (changing composition) counterpart, Non-MFIs excluding central government sector, denominated in Euro, data Working day and seasonally adjusted",EUR,6
BSI.M.U2.Y.V.M20.X.1.U2.2300.Z01.E,M,U2,Y,V,M20,X,1,U2,2300,Z01,E,2016-01,10268839,A,F,,,P1M,,E,,,,,,,,,2,,,"Monetary aggregate M2, Stocks","Euro area (changing composition), Outstanding amounts at the end of the period (stocks), MFIs, central government and post office giro institutions reporting sector - Monetary aggregate M2, All currencies combined - Euro area (changing composition) counterpart, Non-MFIs excluding central government sector, denominated in Euro, data Working day and seasonally adjusted",EUR,6
BSI.M.U2.Y.V.M20.X.1.U2.2300.Z01.E,M,U2,Y,V,M20,X,1,U2,2300,Z01,E,2016-02,10320213,A,F,,,P1M,,E,,,,,,,,,2,,,"Monetary aggregate M2, Stocks","Euro area (changing composition), Outstanding amounts at the end of the period (stocks), MFIs, central government and post office giro institutions reporting sector - Monetary aggregate M2, All currencies combined - Euro area (changing composition) counterpart, Non-MFIs excluding central government sector, denominated in Euro, data Working day and seasonally adjusted",EUR,6
BSI.M.U2.Y.V.M20.X.1.U2.2300.Z01.E,M,U2,Y,V,M20,X,1,U2,2300,Z01,E,2016-03,10342705,A,F,,,P1M,,E,,,,,,,,,2,,,"Monetary aggregate M2, Stocks","Euro area (changing composition), Outstanding amounts at the end of the period (stocks), MFIs, central government and post office giro institutions reporting sector - Monetary aggregate M2, All currencies combined - Euro area (changing composition) counterpart, Non-MFIs excluding central government sector, denominated in Euro, data Working day and seasonally adjusted",EUR,6
BSI.M.U2.Y.V.M20.X.1.U2.2300.Z01.E,M,U2,Y,V,M20,X,1,U2,2300,Z01,E,2016-04,10383940,A,F,,,P1M,,E,,,,,,,,,2,,,"Monetary aggregate M2, Stocks","Euro area (changing composition), Outstanding amounts at the end of the period (stocks), MFIs, central government and post office giro institutions reporting sector - Monetary aggregate M2, All currencies combined - Euro area (changing composition) counterpart, Non-MFIs excluding central government sector, denominated in Euro, data Working day and seasonally adjusted",EUR,6
BSI.M.U2.Y.V.M20.X.1.U2.2300.Z01.E,M,U2,Y,V,M20,X,1,U2,2300,Z01,E,2016-05,10423954,A,F,,,P1M,,E,,,,,,,,,2,,,"Monetary aggregate M2, Stocks","Euro area (changing composition), Outstanding amounts at the end of the period (stocks), MFIs, central government and post office giro institutions reporting sector - Monetary aggregate M2, All currencies combined - Euro area (changing composition) counterpart, Non-MFIs excluding central government sector, denominated in Euro, data Working day and seasonally adjusted",EUR,6
BSI.M.U2.Y.V.M20.X.1.U2.2300.Z01.E,M,U2,Y,V,M20,X,1,U2,2300,Z01,E,2016-06,10452292,A,F,,,P1M,,E,,,,,,,,,2,,,"Monetary aggregate M2, Stocks","Euro area (changing composition), Outstanding amounts at the end of the period (stocks), MFIs, central government and post office giro institutions reporting sector - Monetary aggregate M2, All currencies combined - Euro area (changing composition) counterpart, Non-MFIs excluding central government sector, denominated in Euro, data Working day and seasonally adjusted",EUR,6
BSI.M.U2.Y.V.M20.X.1.U2.2300.Z01.E,M,U2,Y,V,M20,X,1,U2,2300,Z01,E,2016-07,10502607,A,F,,,P1M,,E,,,,,,,,,2,,,"Monetary aggregate M2, Stocks","Euro area (changing composition), Outstanding amounts at the end of the period (stocks), MFIs, central government and post office giro institutions reporting sector - Monetary aggregate M2, All currencies combined - Euro area (changing composition) counterpart, Non-MFIs excluding central government sector, denominated in Euro, data Working day and seasonally adjusted",EUR,6
BSI.M.U2.Y.V.M20.X.1.U2.2300.Z01.E,M,U2,Y,V,M20,X,1,U2,2300,Z01,E,2016-08,10528589,A,F,,,P1M,,E,,,,,,,,,2,,,"Monetary aggregate M2, Stocks","Euro area (changing composition), Outstanding amounts at the end of the period (stocks), MFIs, central government and post office giro institutions reporting sector - Monetary aggregate M2, All currencies combined - Euro area (changing composition) counterpart, Non-MFIs excluding central government sector, denominated in Euro, data Working day and seasonally adjusted",EUR,6
BSI.M.U2.Y.V.M20.X.1.U2.2300.Z01.E,M,U2,Y,V,M20,X,1,U2,2300,Z01,E,2016-09,10569166,A,F,,,P1M,,E,,,,,,,,,2,,,"Monetary aggregate M2, Stocks","Euro area (changing composition), Outstanding amounts at the end of the period (stocks), MFIs, central government and post office giro institutions reporting sector - Monetary aggregate M2, All currencies combined - Euro area (changing composition) counterpart, Non-MFIs excluding central government sector, denominated in Euro, data Working day and seasonally adjusted",EUR,6
BSI.M.U2.Y.V.M20.X.1.U2.2300.Z01.E,M,U2,Y,V,M20,X,1,U2,2300,Z01,E,2016-10,10591645,A,F,,,P1M,,E,,,,,,,,,2,,,"Monetary aggregate M2, Stocks","Euro area (changing composition), Outstanding amounts at the end of the period (stocks), MFIs, central government and post office giro institutions reporting sector - Monetary aggregate M2, All currencies combined - Euro area (changing composition) counterpart, Non-MFIs excluding central government sector, denominated in Euro, data Working day and seasonally adjusted",EUR,6
BSI.M.U2.Y.V.M20.X.1.U2.2300.Z01.E,M,U2,Y,V,M20,X,1,U2,2300,Z01,E,2016-11,10662425,A,F,,,P1M,,E,,,,,,,,,2,,,"Monetary aggregate M2, Stocks","Euro area (changing composition), Outstanding amounts at the end of the period (stocks), MFIs, central government and post office giro institutions reporting sector - Monetary aggregate M2, All currencies combined - Euro area (changing composition) counterpart, Non-MFIs excluding central government sector, denominated in Euro, data Working day and seasonally adjusted",EUR,6
BSI.M.U2.Y.V.M20.X.1.U2.2300.Z01.E,M,U2,Y,V,M20,X,1,U2,2300,Z01,E,2016-12,10710530,A,F,,,P1M,,E,,,,,,,,,2,,,"Monetary aggregate M2, Stocks","Euro area (changing composition), Outstanding amounts at the end of the period (stocks), MFIs, central government and post office giro institutions reporting sector - Monetary aggregate M2, All currencies combined - Euro area (changing composition) counterpart, Non-MFIs excluding central government sector, denominated in Euro, data Working day and seasonally adjusted",EUR,6
BSI.M.U2.Y.V.M20.X.1.U2.2300.Z01.E,M,U2,Y,V,M20,X,1,U2,2300,Z01,E,2017-01,10759056,A,F,,,P1M,,E,,,,,,,,,2,,,"Monetary aggregate M2, Stocks","Euro area (changing composition), Outstanding amounts at the end of the period (stocks), MFIs, central government and post office giro institutions reporting sector - Monetary aggregate M2, All currencies combined - Euro area (changing composition) counterpart, Non-MFIs excluding central government sector, denominated in Euro, data Working day and seasonally adjusted",EUR,6
BSI.M.U2.Y.V.M20.X.1.U2.2300.Z01.E,M,U2,Y,V,M20,X,1,U2,2300,Z01,E,2017-02,10814115,A,F,,,P1M,,E,,,,,,,,,2,,,"Monetary aggregate M2, Stocks","Euro area (changing composition), Outstanding amounts at the end of the period (stocks), MFIs, central government and post office giro institutions reporting sector - Monetary aggregate M2, All currencies combined - Euro area (changing composition) counterpart, Non-MFIs excluding central government sector, denominated in Euro, data Working day and seasonally adjusted",EUR,6
BSI.M.U2.Y.V.M20.X.1.U2.2300.Z01.E,M,U2,Y,V,M20,X,1,U2,2300,Z01,E,2017-03,10881654,A,F,,,P1M,,E,,,,,,,,,2,,,"Monetary aggregate M2, Stocks","Euro area (changing composition), Outstanding amounts at the end of the period (stocks), MFIs, central government and post office giro institutions reporting sector - Monetary aggregate M2, All currencies combined - Euro area (changing composition) counterpart, Non-MFIs excluding central government sector, denominated in Euro, data Working day and seasonally adjusted",EUR,6
BSI.M.U2.Y.V.M20.X.1.U2.2300.Z01.E,M,U2,Y,V,M20,X,1,U2,2300,Z01,E,2017-04,10912228,A,F,,,P1M,,E,,,,,,,,,2,,,"Monetary aggregate M2, Stocks","Euro area (changing composition), Outstanding amounts at the end of the period (stocks), MFIs, central government and post office giro institutions reporting sector - Monetary aggregate M2, All currencies combined - Euro area (changing composition) counterpart, Non-MFIs excluding central government sector, denominated in Euro, data Working day and seasonally adjusted",EUR,6
BSI.M.U2.Y.V.M20.X.1.U2.2300.Z01.E,M,U2,Y,V,M20,X,1,U2,2300,Z01,E,2017-05,10928508,A,F,,,P1M,,E,,,,,,,,,2,,,"Monetary aggregate M2, Stocks","Euro area (changing composition), Outstanding amounts at the end of the period (stocks), MFIs, central government and post office giro institutions reporting sector - Monetary aggregate M2, All currencies combined - Euro area (changing composition) counterpart, Non-MFIs excluding central government sector, denominated in Euro, data Working day and seasonally adjusted",EUR,6
BSI.M.U2.Y.V.M20.X.1.U2.2300.Z01.E,M,U2,Y,V,M20,X,1,U2,2300,Z01,E,2017-06,10988182,A,F,,,P1M,,E,,,,,,,,,2,,,"Monetary aggregate M2, Stocks","Euro area (changing composition), Outstanding amounts at the end of the period (stocks), MFIs, central government and post office giro institutions reporting sector - Monetary aggregate M2, All currencies combined - Euro area (changing composition) counterpart, Non-MFIs excluding central government sector, denominated in Euro, data Working day and seasonally adjusted",EUR,6
BSI.M.U2.Y.V.M20.X.1.U2.2300.Z01.E,M,U2,Y,V,M20,X,1,U2,2300,Z01,E,2017-07,11008582,A,F,,,P1M,,E,,,,,,,,,2,,,"Monetary aggregate M2, Stocks","Euro area (changing composition), Outstanding amounts at the end of the period (stocks), MFIs, central government and post office giro institutions reporting sector - Monetary aggregate M2, All currencies combined - Euro area (changing composition) counterpart, Non-MFIs excluding central government sector, denominated in Euro, data Working day and seasonally adjusted",EUR,6
BSI.M.U2.Y.V.M20.X.1.U2.2300.Z01.E,M,U2,Y,V,M20,X,1,U2,2300,Z01,E,2017-08,11066852,A,F,,,P1M,,E,,,,,,,,,2,,,"Monetary aggregate M2, Stocks","Euro area (changing composition), Outstanding amounts at the end of the period (stocks), MFIs, central government and post office giro institutions reporting sector - Monetary aggregate M2, All currencies combined - Euro area (changing composition) counterpart, Non-MFIs excluding central government sector, denominated in Euro, data Working day and seasonally adjusted",EUR,6
BSI.M.U2.Y.V.M20.X.1.U2.2300.Z01.E,M,U2,Y,V,M20,X,1,U2,2300,Z01,E,2017-09,11095402,A,F,,,P1M,,E,,,,,,,,,2,,,"Monetary aggregate M2, Stocks","Euro area (changing composition), Outstanding amounts at the end of the period (stocks), MFIs, central government and post office giro institutions reporting sector - Monetary aggregate M2, All currencies combined - Euro area (changing composition) counterpart, Non-MFIs excluding central government sector, denominated in Euro, data Working day and seasonally adjusted",EUR,6
BSI.M.U2.Y.V.M20.X.1.U2.2300.Z01.E,M,U2,Y,V,M20,X,1,U2,2300,Z01,E,2017-10,11139576,A,F,,,P1M,,E,,,,,,,,,2,,,"Monetary aggregate M2, Stocks","Euro area (changing composition), Outstanding amounts at the end of the period (stocks), MFIs, central government and post office giro institutions reporting sector - Monetary aggregate M2, All currencies combined - Euro area (changing composition) counterpart, Non-MFIs excluding central government sector, denominated in Euro, data Working day and seasonally adjusted",EUR,6
BSI.M.U2.Y.V.M20.X.1.U2.2300.Z01.E,M,U2,Y,V,M20,X,1,U2,2300,Z01,E,2017-11,11176686,A,F,,,P1M,,E,,,,,,,,,2,,,"Monetary aggregate M2, Stocks","Euro area (changing composition), Outstanding amounts at the end of the period (stocks), MFIs, central government and post office giro institutions reporting sector - Monetary aggregate M2, All currencies combined - Euro area (changing composition) counterpart, Non-MFIs excluding central government sector, denominated in Euro, data Working day and seasonally adjusted",EUR,6
BSI.M.U2.Y.V.M20.X.1.U2.2300.Z01.E,M,U2,Y,V,M20,X,1,U2,2300,Z01,E,2017-12,11208278,A,F,,,P1M,,E,,,,,,,,,2,,,"Monetary aggregate M2, Stocks","Euro area (changing composition), Outstanding amounts at the end of the period (stocks), MFIs, central government and post office giro institutions reporting sector - Monetary aggregate M2, All currencies combined - Euro area (changing composition) counterpart, Non-MFIs excluding central government sector, denominated in Euro, data Working day and seasonally adjusted",EUR,6
BSI.M.U2.Y.V.M20.X.1.U2.2300.Z01.E,M,U2,Y,V,M20,X,1,U2,2300,Z01,E,2018-01,11268435,A,F,,,P1M,,E,,,,,,,,,2,,,"Monetary aggregate M2, Stocks","Euro area (changing composition), Outstanding amounts at the end of the period (stocks), MFIs, central government and post office giro institutions reporting sector - Monetary aggregate M2, All currencies combined - Euro area (changing composition) counterpart, Non-MFIs excluding central government sector, denominated in Euro, data Working day and seasonally adjusted",EUR,6
BSI.M.U2.Y.V.M20.X.1.U2.2300.Z01.E,M,U2,Y,V,M20,X,1,U2,2300,Z01,E,2018-02,11278453,A,F,,,P1M,,E,,,,,,,,,2,,,"Monetary aggregate M2, Stocks","Euro area (changing composition), Outstanding amounts at the end of the period (stocks), MFIs, central government and post office giro institutions reporting sector - Monetary aggregate M2, All currencies combined - Euro area (changing composition) counterpart, Non-MFIs excluding central government sector, denominated in Euro, data Working day and seasonally adjusted",EUR,6
BSI.M.U2.Y.V.M20.X.1.U2.2300.Z01.E,M,U2,Y,V,M20,X,1,U2,2300,Z01,E,2018-03,11291026,A,F,,,P1M,,E,,,,,,,,,2,,,"Monetary aggregate M2, Stocks","Euro area (changing composition), Outstanding amounts at the end of the period (stocks), MFIs, central government and post office giro institutions reporting sector - Monetary aggregate M2, All currencies combined - Euro area (changing composition) counterpart, Non-MFIs excluding central government sector, denominated in Euro, data Working day and seasonally adjusted",EUR,6
BSI.M.U2.Y.V.M20.X.1.U2.2300.Z01.E,M,U2,Y,V,M20,X,1,U2,2300,Z01,E,2018-04,11338734,A,F,,,P1M,,E,,,,,,,,,2,,,"Monetary aggregate M2, Stocks","Euro area (changing composition), Outstanding amounts at the end of the period (stocks), MFIs, central government and post office giro institutions reporting sector - Monetary aggregate M2, All currencies combined - Euro area (changing composition) counterpart, Non-MFIs excluding central government sector, denominated in Euro, data Working day and seasonally adjusted",EUR,6
BSI.M.U2.Y.V.M20.X.1.U2.2300.Z01.E,M,U2,Y,V,M20,X,1,U2,2300,Z01,E,2018-05,11422841,A,F,,,P1M,,E,,,,,,,,,2,,,"Monetary aggregate M2, Stocks","Euro area (changing composition), Outstanding amounts at the end of the period (stocks), MFIs, central government and post office giro institutions reporting sector - Monetary aggregate M2, All currencies combined - Euro area (changing composition) counterpart, Non-MFIs excluding central government sector, denominated in Euro, data Working day and seasonally adjusted",EUR,6
BSI.M.U2.Y.V.M20.X.1.U2.2300.Z01.E,M,U2,Y,V,M20,X,1,U2,2300,Z01,E,2018-06,11493849,A,F,,,P1M,,E,,,,,,,,,2,,,"Monetary aggregate M2, Stocks","Euro area (changing composition), Outstanding amounts at the end of the period (stocks), MFIs, central government and post office giro institutions reporting sector - Monetary aggregate M2, All currencies combined - Euro area (changing composition) counterpart, Non-MFIs excluding central government sector, denominated in Euro, data Working day and seasonally adjusted",EUR,6
BSI.M.U2.Y.V.M20.X.1.U2.2300.Z01.E,M,U2,Y,V,M20,X,1,U2,2300,Z01,E,2018-07,11495564,A,F,,,P1M,,E,,,,,,,,,2,,,"Monetary aggregate M2, Stocks","Euro area (changing composition), Outstanding amounts at the end of the period (stocks), MFIs, central government and post office giro institutions reporting sector - Monetary aggregate M2, All currencies combined - Euro area (changing composition) counterpart, Non-MFIs excluding central government sector, denominated in Euro, data Working day and seasonally adjusted",EUR,6
BSI.M.U2.Y.V.M20.X.1.U2.2300.Z01.E,M,U2,Y,V,M20,X,1,U2,2300,Z01,E,2018-08,11513479,A,F,,,P1M,,E,,,,,,,,,2,,,"Monetary aggregate M2, Stocks","Euro area (changing composition), Outstanding amounts at the end of the period (stocks), MFIs, central government and post office giro institutions reporting sector - Monetary aggregate M2, All currencies combined - Euro area (changing composition) counterpart, Non-MFIs excluding central government sector, denominated in Euro, data Working day and seasonally adjusted",EUR,6
BSI.M.U2.Y.V.M20.X.1.U2.2300.Z01.E,M,U2,Y,V,M20,X,1,U2,2300,Z01,E,2018-09,11561802,A,F,,,P1M,,E,,,,,,,,,2,,,"Monetary aggregate M2, Stocks","Euro area (changing composition), Outstanding amounts at the end of the period (stocks), MFIs, central government and post office giro institutions reporting sector - Monetary aggregate M2, All currencies combined - Euro area (changing composition) counterpart, Non-MFIs excluding central government sector, denominated in Euro, data Working day and seasonally adjusted",EUR,6
BSI.M.U2.Y.V.M20.X.1.U2.2300.Z01.E,M,U2,Y,V,M20,X,1,U2,2300,Z01,E,2018-10,11622419,A,F,,,P1M,,E,,,,,,,,,2,,,"Monetary aggregate M2, Stocks","Euro area (changing composition), Outstanding amounts at the end of the period (stocks), MFIs, central government and post office giro institutions reporting sector - Monetary aggregate M2, All currencies combined - Euro area (changing composition) counterpart, Non-MFIs excluding central government sector, denominated in Euro, data Working day and seasonally adjusted",EUR,6
BSI.M.U2.Y.V.M20.X.1.U2.2300.Z01.E,M,U2,Y,V,M20,X,1,U2,2300,Z01,E,2018-11,11665857,A,F,,,P1M,,E,,,,,,,,,2,,,"Monetary aggregate M2, Stocks","Euro area (changing composition), Outstanding amounts at the end of the period (stocks), MFIs, central government and post office giro institutions reporting sector - Monetary aggregate M2, All currencies combined - Euro area (changing composition) counterpart, Non-MFIs excluding central government sector, denominated in Euro, data Working day and seasonally adjusted",EUR,6
BSI.M.U2.Y.V.M20.X.1.U2.2300.Z01.E,M,U2,Y,V,M20,X,1,U2,2300,Z01,E,2018-12,11709917,A,F,,,P1M,,E,,,,,,,,,2,,,"Monetary aggregate M2, Stocks","Euro area (changing composition), Outstanding amounts at the end of the period (stocks), MFIs, central government and post office giro institutions reporting sector - Monetary aggregate M2, All currencies combined - Euro area (changing composition) counterpart, Non-MFIs excluding central government sector, denominated in Euro, data Working day and seasonally adjusted",EUR,6
BSI.M.U2.Y.V.M20.X.1.U2.2300.Z01.E,M,U2,Y,V,M20,X,1,U2,2300,Z01,E,2019-01,11749372,A,F,,,P1M,,E,,,,,,,,,2,,,"Monetary aggregate M2, Stocks","Euro area (changing composition), Outstanding amounts at the end of the period (stocks), MFIs, central government and post office giro institutions reporting sector - Monetary aggregate M2, All currencies combined - Euro area (changing composition) counterpart, Non-MFIs excluding central government sector, denominated in Euro, data Working day and seasonally adjusted",EUR,6
BSI.M.U2.Y.V.M20.X.1.U2.2300.Z01.E,M,U2,Y,V,M20,X,1,U2,2300,Z01,E,2019-02,11810026,A,F,,,P1M,,E,,,,,,,,,2,,,"Monetary aggregate M2, Stocks","Euro area (changing composition), Outstanding amounts at the end of the period (stocks), MFIs, central government and post office giro institutions reporting sector - Monetary aggregate M2, All currencies combined - Euro area (changing composition) counterpart, Non-MFIs excluding central government sector, denominated in Euro, data Working day and seasonally adjusted",EUR,6
BSI.M.U2.Y.V.M20.X.1.U2.2300.Z01.E,M,U2,Y,V,M20,X,1,U2,2300,Z01,E,2019-03,11892106,A,F,,,P1M,,E,,,,,,,,,2,,,"Monetary aggregate M2, Stocks","Euro area (changing composition), Outstanding amounts at the end of the period (stocks), MFIs, central government and post office giro institutions reporting sector - Monetary aggregate M2, All currencies combined - Euro area (changing composition) counterpart, Non-MFIs excluding central government sector, denominated in Euro, data Working day and seasonally adjusted",EUR,6
BSI.M.U2.Y.V.M20.X.1.U2.2300.Z01.E,M,U2,Y,V,M20,X,1,U2,2300,Z01,E,2019-04,11966995,A,F,,,P1M,,E,,,,,,,,,2,,,"Monetary aggregate M2, Stocks","Euro area (changing composition), Outstanding amounts at the end of the period (stocks), MFIs, central government and post office giro institutions reporting sector - Monetary aggregate M2, All currencies combined - Euro area (changing composition) counterpart, Non-MFIs excluding central government sector, denominated in Euro, data Working day and seasonally adjusted",EUR,6
BSI.M.U2.Y.V.M20.X.1.U2.2300.Z01.E,M,U2,Y,V,M20,X,1,U2,2300,Z01,E,2019-05,12031672,A,F,,,P1M,,E,,,,,,,,,2,,,"Monetary aggregate M2, Stocks","Euro area (changing composition), Outstanding amounts at the end of the period (stocks), MFIs, central government and post office giro institutions reporting sector - Monetary aggregate M2, All currencies combined - Euro area (changing composition) counterpart, Non-MFIs excluding central government sector, denominated in Euro, data Working day and seasonally adjusted",EUR,6
BSI.M.U2.Y.V.M20.X.1.U2.2300.Z01.E,M,U2,Y,V,M20,X,1,U2,2300,Z01,E,2019-06,12072408,A,F,,,P1M,,E,,,,,,,,,2,,,"Monetary aggregate M2, Stocks","Euro area (changing composition), Outstanding amounts at the end of the period (stocks), MFIs, central government and post office giro institutions reporting sector - Monetary aggregate M2, All currencies combined - Euro area (changing composition) counterpart, Non-MFIs excluding central government sector, denominated in Euro, data Working day and seasonally adjusted",EUR,6
BSI.M.U2.Y.V.M20.X.1.U2.2300.Z01.E,M,U2,Y,V,M20,X,1,U2,2300,Z01,E,2019-07,12138309,A,F,,,P1M,,E,,,,,,,,,2,,,"Monetary aggregate M2, Stocks","Euro area (changing composition), Outstanding amounts at the end of the period (stocks), MFIs, central government and post office giro institutions reporting sector - Monetary aggregate M2, All currencies combined - Euro area (changing composition) counterpart, Non-MFIs excluding central government sector, denominated in Euro, data Working day and seasonally adjusted",EUR,6
BSI.M.U2.Y.V.M20.X.1.U2.2300.Z01.E,M,U2,Y,V,M20,X,1,U2,2300,Z01,E,2019-08,12240547,A,F,,,P1M,,E,,,,,,,,,2,,,"Monetary aggregate M2, Stocks","Euro area (changing composition), Outstanding amounts at the end of the period (stocks), MFIs, central government and post office giro institutions reporting sector - Monetary aggregate M2, All currencies combined - Euro area (changing composition) counterpart, Non-MFIs excluding central government sector, denominated in Euro, data Working day and seasonally adjusted",EUR,6
BSI.M.U2.Y.V.M20.X.1.U2.2300.Z01.E,M,U2,Y,V,M20,X,1,U2,2300,Z01,E,2019-09,12280081,A,F,,,P1M,,E,,,,,,,,,2,,,"Monetary aggregate M2, Stocks","Euro area (changing composition), Outstanding amounts at the end of the period (stocks), MFIs, central government and post office giro institutions reporting sector - Monetary aggregate M2, All currencies combined - Euro area (changing composition) counterpart, Non-MFIs excluding central government sector, denominated in Euro, data Working day and seasonally adjusted",EUR,6
BSI.M.U2.Y.V.M20.X.1.U2.2300.Z01.E,M,U2,Y,V,M20,X,1,U2,2300,Z01,E,2019-10,12339342,A,F,,,P1M,,E,,,,,,,,,2,,,"Monetary aggregate M2, Stocks","Euro area (changing composition), Outstanding amounts at the end of the period (stocks), MFIs, central government and post office giro institutions reporting sector - Monetary aggregate M2, All currencies combined - Euro area (changing composition) counterpart, Non-MFIs excluding central government sector, denominated in Euro, data Working day and seasonally adjusted",EUR,6
BSI.M.U2.Y.V.M20.X.1.U2.2300.Z01.E,M,U2,Y,V,M20,X,1,U2,2300,Z01,E,2019-11,12376134,A,F,,,P1M,,E,,,,,,,,,2,,,"Monetary aggregate M2, Stocks","Euro area (changing composition), Outstanding amounts at the end of the period (stocks), MFIs, central government and post office giro institutions reporting sector - Monetary aggregate M2, All currencies combined - Euro area (changing composition) counterpart, Non-MFIs excluding central government sector, denominated in Euro, data Working day and seasonally adjusted",EUR,6
BSI.M.U2.Y.V.M20.X.1.U2.2300.Z01.E,M,U2,Y,V,M20,X,1,U2,2300,Z01,E,2019-12,12374612,A,F,,,P1M,,E,,,,,,,,,2,,,"Monetary aggregate M2, Stocks","Euro area (changing composition), Outstanding amounts at the end of the period (stocks), MFIs, central government and post office giro institutions reporting sector - Monetary aggregate M2, All currencies combined - Euro area (changing composition) counterpart, Non-MFIs excluding central government sector, denominated in Euro, data Working day and seasonally adjusted",EUR,6
BSI.M.U2.Y.V.M20.X.1.U2.2300.Z01.E,M,U2,Y,V,M20,X,1,U2,2300,Z01,E,2020-01,12414758,A,F,,,P1M,,E,,,,,,,,,2,,,"Monetary aggregate M2, Stocks","Euro area (changing composition), Outstanding amounts at the end of the period (stocks), MFIs, central government and post office giro institutions reporting sector - Monetary aggregate M2, All currencies combined - Euro area (changing composition) counterpart, Non-MFIs excluding central government sector, denominated in Euro, data Working day and seasonally adjusted",EUR,6
BSI.M.U2.Y.V.M20.X.1.U2.2300.Z01.E,M,U2,Y,V,M20,X,1,U2,2300,Z01,E,2020-02,12485614,A,F,,,P1M,,E,,,,,,,,,2,,,"Monetary aggregate M2, Stocks","Euro area (changing composition), Outstanding amounts at the end of the period (stocks), MFIs, central government and post office giro institutions reporting sector - Monetary aggregate M2, All currencies combined - Euro area (changing composition) counterpart, Non-MFIs excluding central government sector, denominated in Euro, data Working day and seasonally adjusted",EUR,6
BSI.M.U2.Y.V.M20.X.1.U2.2300.Z01.E,M,U2,Y,V,M20,X,1,U2,2300,Z01,E,2020-03,12791700,A,F,,,P1M,,E,,,,,,,,,2,,,"Monetary aggregate M2, Stocks","Euro area (changing composition), Outstanding amounts at the end of the period (stocks), MFIs, central government and post office giro institutions reporting sector - Monetary aggregate M2, All currencies combined - Euro area (changing composition) counterpart, Non-MFIs excluding central government sector, denominated in Euro, data Working day and seasonally adjusted",EUR,6
BSI.M.U2.Y.V.M20.X.1.U2.2300.Z01.E,M,U2,Y,V,M20,X,1,U2,2300,Z01,E,2020-04,12976712,A,F,,,P1M,,E,,,,,,,,,2,,,"Monetary aggregate M2, Stocks","Euro area (changing composition), Outstanding amounts at the end of the period (stocks), MFIs, central government and post office giro institutions reporting sector - Monetary aggregate M2, All currencies combined - Euro area (changing composition) counterpart, Non-MFIs excluding central government sector, denominated in Euro, data Working day and seasonally adjusted",EUR,6
BSI.M.U2.Y.V.M20.X.1.U2.2300.Z01.E,M,U2,Y,V,M20,X,1,U2,2300,Z01,E,2020-05,13131206,A,F,,,P1M,,E,,,,,,,,,2,,,"Monetary aggregate M2, Stocks","Euro area (changing composition), Outstanding amounts at the end of the period (stocks), MFIs, central government and post office giro institutions reporting sector - Monetary aggregate M2, All currencies combined - Euro area (changing composition) counterpart, Non-MFIs excluding central government sector, denominated in Euro, data Working day and seasonally adjusted",EUR,6
BSI.M.U2.Y.V.M20.X.1.U2.2300.Z01.E,M,U2,Y,V,M20,X,1,U2,2300,Z01,E,2020-06,13221345,A,F,,,P1M,,E,,,,,,,,,2,,,"Monetary aggregate M2, Stocks","Euro area (changing composition), Outstanding amounts at the end of the period (stocks), MFIs, central government and post office giro institutions reporting sector - Monetary aggregate M2, All currencies combined - Euro area (changing composition) counterpart, Non-MFIs excluding central government sector, denominated in Euro, data Working day and seasonally adjusted",EUR,6
BSI.M.U2.Y.V.M20.X.1.U2.2300.Z01.E,M,U2,Y,V,M20,X,1,U2,2300,Z01,E,2020-07,13290586,A,F,,,P1M,,E,,,,,,,,,2,,,"Monetary aggregate M2, Stocks","Euro area (changing composition), Outstanding amounts at the end of the period (stocks), MFIs, central government and post office giro institutions reporting sector - Monetary aggregate M2, All currencies combined - Euro area (changing composition) counterpart, Non-MFIs excluding central government sector, denominated in Euro, data Working day and seasonally adjusted",EUR,6
BSI.M.U2.Y.V.M20.X.1.U2.2300.Z01.E,M,U2,Y,V,M20,X,1,U2,2300,Z01,E,2020-08,13349883,A,F,,,P1M,,E,,,,,,,,,2,,,"Monetary aggregate M2, Stocks","Euro area (changing composition), Outstanding amounts at the end of the period (stocks), MFIs, central government and post office giro institutions reporting sector - Monetary aggregate M2, All currencies combined - Euro area (changing composition) counterpart, Non-MFIs excluding central government sector, denominated in Euro, data Working day and seasonally adjusted",EUR,6
BSI.M.U2.Y.V.M20.X.1.U2.2300.Z01.E,M,U2,Y,V,M20,X,1,U2,2300,Z01,E,2020-09,13448807,A,F,,,P1M,,E,,,,,,,,,2,,,"Monetary aggregate M2, Stocks","Euro area (changing composition), Outstanding amounts at the end of the period (stocks), MFIs, central government and post office giro institutions reporting sector - Monetary aggregate M2, All currencies combined - Euro area (changing composition) counterpart, Non-MFIs excluding central government sector, denominated in Euro, data Working day and seasonally adjusted",EUR,6
BSI.M.U2.Y.V.M20.X.1.U2.2300.Z01.E,M,U2,Y,V,M20,X,1,U2,2300,Z01,E,2020-10,13542286,A,F,,,P1M,,E,,,,,,,,,2,,,"Monetary aggregate M2, Stocks","Euro area (changing composition), Outstanding amounts at the end of the period (stocks), MFIs, central government and post office giro institutions reporting sector - Monetary aggregate M2, All currencies combined - Euro area (changing composition) counterpart, Non-MFIs excluding central government sector, denominated in Euro, data Working day and seasonally adjusted",EUR,6
BSI.M.U2.Y.V.M20.X.1.U2.2300.Z01.E,M,U2,Y,V,M20,X,1,U2,2300,Z01,E,2020-11,13637152,A,F,,,P1M,,E,,,,,,,,,2,,,"Monetary aggregate M2, Stocks","Euro area (changing composition), Outstanding amounts at the end of the period (stocks), MFIs, central government and post office giro institutions reporting sector - Monetary aggregate M2, All currencies combined - Euro area (changing composition) counterpart, Non-MFIs excluding central government sector, denominated in Euro, data Working day and seasonally adjusted",EUR,6
BSI.M.U2.Y.V.M20.X.1.U2.2300.Z01.E,M,U2,Y,V,M20,X,1,U2,2300,Z01,E,2020-12,13739962,A,F,,,P1M,,E,,,,,,,,,2,,,"Monetary aggregate M2, Stocks","Euro area (changing composition), Outstanding amounts at the end of the period (stocks), MFIs, central government and post office giro institutions reporting sector - Monetary aggregate M2, All currencies combined - Euro area (changing composition) counterpart, Non-MFIs excluding central government sector, denominated in Euro, data Working day and seasonally adjusted",EUR,6
BSI.M.U2.Y.V.M20.X.1.U2.2300.Z01.E,M,U2,Y,V,M20,X,1,U2,2300,Z01,E,2021-01,13826659,A,F,,,P1M,,E,,,,,,,,,2,,,"Monetary aggregate M2, Stocks","Euro area (changing composition), Outstanding amounts at the end of the period (stocks), MFIs, central government and post office giro institutions reporting sector - Monetary aggregate M2, All currencies combined - Euro area (changing composition) counterpart, Non-MFIs excluding central government sector, denominated in Euro, data Working day and seasonally adjusted",EUR,6
BSI.M.U2.Y.V.M20.X.1.U2.2300.Z01.E,M,U2,Y,V,M20,X,1,U2,2300,Z01,E,2021-02,13914526,A,F,,,P1M,,E,,,,,,,,,2,,,"Monetary aggregate M2, Stocks","Euro area (changing composition), Outstanding amounts at the end of the period (stocks), MFIs, central government and post office giro institutions reporting sector - Monetary aggregate M2, All currencies combined - Euro area (changing composition) counterpart, Non-MFIs excluding central government sector, denominated in Euro, data Working day and seasonally adjusted",EUR,6
BSI.M.U2.Y.V.M20.X.1.U2.2300.Z01.E,M,U2,Y,V,M20,X,1,U2,2300,Z01,E,2021-03,14017030,A,F,,,P1M,,E,,,,,,,,,2,,,"Monetary aggregate M2, Stocks","Euro area (changing composition), Outstanding amounts at the end of the period (stocks), MFIs, central government and post office giro institutions reporting sector - Monetary aggregate M2, All currencies combined - Euro area (changing composition) counterpart, Non-MFIs excluding central government sector, denominated in Euro, data Working day and seasonally adjusted",EUR,6
BSI.M.U2.Y.V.M20.X.1.U2.2300.Z01.E,M,U2,Y,V,M20,X,1,U2,2300,Z01,E,2021-04,14065961,A,F,,,P1M,,E,,,,,,,,,2,,,"Monetary aggregate M2, Stocks","Euro area (changing composition), Outstanding amounts at the end of the period (stocks), MFIs, central government and post office giro institutions reporting sector - Monetary aggregate M2, All currencies combined - Euro area (changing composition) counterpart, Non-MFIs excluding central government sector, denominated in Euro, data Working day and seasonally adjusted",EUR,6
BSI.M.U2.Y.V.M20.X.1.U2.2300.Z01.E,M,U2,Y,V,M20,X,1,U2,2300,Z01,E,2021-05,14155693,A,F,,,P1M,,E,,,,,,,,,2,,,"Monetary aggregate M2, Stocks","Euro area (changing composition), Outstanding amounts at the end of the period (stocks), MFIs, central government and post office giro institutions reporting sector - Monetary aggregate M2, All currencies combined - Euro area (changing composition) counterpart, Non-MFIs excluding central government sector, denominated in Euro, data Working day and seasonally adjusted",EUR,6
BSI.M.U2.Y.V.M20.X.1.U2.2300.Z01.E,M,U2,Y,V,M20,X,1,U2,2300,Z01,E,2021-06,14233356,A,F,,,P1M,,E,,,,,,,,,2,,,"Monetary aggregate M2, Stocks","Euro area (changing composition), Outstanding amounts at the end of the period (stocks), MFIs, central government and post office giro institutions reporting sector - Monetary aggregate M2, All currencies combined - Euro area (changing composition) counterpart, Non-MFIs excluding central government sector, denominated in Euro, data Working day and seasonally adjusted",EUR,6
BSI.M.U2.Y.V.M20.X.1.U2.2300.Z01.E,M,U2,Y,V,M20,X,1,U2,2300,Z01,E,2021-07,14334088,A,F,,,P1M,,E,,,,,,,,,2,,,"Monetary aggregate M2, Stocks","Euro area (changing composition), Outstanding amounts at the end of the period (stocks), MFIs, central government and post office giro institutions reporting sector - Monetary aggregate M2, All currencies combined - Euro area (changing composition) counterpart, Non-MFIs excluding central government sector, denominated in Euro, data Working day and seasonally adjusted",EUR,6
BSI.M.U2.Y.V.M20.X.1.U2.2300.Z01.E,M,U2,Y,V,M20,X,1,U2,2300,Z01,E,2021-08,14425369,A,F,,,P1M,,E,,,,,,,,,2,,,"Monetary aggregate M2, Stocks","Euro area (changing composition), Outstanding amounts at the end of the period (stocks), MFIs, central government and post office giro institutions reporting sector - Monetary aggregate M2, All currencies combined - Euro area (changing composition) counterpart, Non-MFIs excluding central government sector, denominated in Euro, data Working day and seasonally adjusted",EUR,6
BSI.M.U2.Y.V.M20.X.1.U2.2300.Z01.E,M,U2,Y,V,M20,X,1,U2,2300,Z01,E,2021-09,14496442,A,F,,,P1M,,E,,,,,,,,,2,,,"Monetary aggregate M2, Stocks","Euro area (changing composition), Outstanding amounts at the end of the period (stocks), MFIs, central government and post office giro institutions reporting sector - Monetary aggregate M2, All currencies combined - Euro area (changing composition) counterpart, Non-MFIs excluding central government sector, denominated in Euro, data Working day and seasonally adjusted",EUR,6
BSI.M.U2.Y.V.M20.X.1.U2.2300.Z01.E,M,U2,Y,V,M20,X,1,U2,2300,Z01,E,2021-10,14567394,A,F,,,P1M,,E,,,,,,,,,2,,,"Monetary aggregate M2, Stocks","Euro area (changing composition), Outstanding amounts at the end of the period (stocks), MFIs, central government and post office giro institutions reporting sector - Monetary aggregate M2, All currencies combined - Euro area (changing composition) counterpart, Non-MFIs excluding central government sector, denominated in Euro, data Working day and seasonally adjusted",EUR,6
BSI.M.U2.Y.V.M20.X.1.U2.2300.Z01.E,M,U2,Y,V,M20,X,1,U2,2300,Z01,E,2021-11,14613598,A,F,,,P1M,,E,,,,,,,,,2,,,"Monetary aggregate M2, Stocks","Euro area (changing composition), Outstanding amounts at the end of the period (stocks), MFIs, central government and post office giro institutions reporting sector - Monetary aggregate M2, All currencies combined - Euro area (changing composition) counterpart, Non-MFIs excluding central government sector, denominated in Euro, data Working day and seasonally adjusted",EUR,6
BSI.M.U2.Y.V.M20.X.1.U2.2300.Z01.E,M,U2,Y,V,M20,X,1,U2,2300,Z01,E,2021-12,14704178,A,F,,,P1M,,E,,,,,,,,,2,,,"Monetary aggregate M2, Stocks","Euro area (changing composition), Outstanding amounts at the end of the period (stocks), MFIs, central government and post office giro institutions reporting sector - Monetary aggregate M2, All currencies combined - Euro area (changing composition) counterpart, Non-MFIs excluding central government sector, denominated in Euro, data Working day and seasonally adjusted",EUR,6
BSI.M.U2.Y.V.M20.X.1.U2.2300.Z01.E,M,U2,Y,V,M20,X,1,U2,2300,Z01,E,2022-01,14827973,A,F,,,P1M,,E,,,,,,,,,2,,,"Monetary aggregate M2, Stocks","Euro area (changing composition), Outstanding amounts at the end of the period (stocks), MFIs, central government and post office giro institutions reporting sector - Monetary aggregate M2, All currencies combined - Euro area (changing composition) counterpart, Non-MFIs excluding central government sector, denominated in Euro, data Working day and seasonally adjusted",EUR,6
BSI.M.U2.Y.V.M20.X.1.U2.2300.Z01.E,M,U2,Y,V,M20,X,1,U2,2300,Z01,E,2022-02,14911495,A,F,,,P1M,,E,,,,,,,,,2,,,"Monetary aggregate M2, Stocks","Euro area (changing composition), Outstanding amounts at the end of the period (stocks), MFIs, central government and post office giro institutions reporting sector - Monetary aggregate M2, All currencies combined - Euro area (changing composition) counterpart, Non-MFIs excluding central government sector, denominated in Euro, data Working day and seasonally adjusted",EUR,6
BSI.M.U2.Y.V.M20.X.1.U2.2300.Z01.E,M,U2,Y,V,M20,X,1,U2,2300,Z01,E,2022-03,14972711,A,F,,,P1M,,E,,,,,,,,,2,,,"Monetary aggregate M2, Stocks","Euro area (changing composition), Outstanding amounts at the end of the period (stocks), MFIs, central government and post office giro institutions reporting sector - Monetary aggregate M2, All currencies combined - Euro area (changing composition) counterpart, Non-MFIs excluding central government sector, denominated in Euro, data Working day and seasonally adjusted",EUR,6
BSI.M.U2.Y.V.M20.X.1.U2.2300.Z01.E,M,U2,Y,V,M20,X,1,U2,2300,Z01,E,2022-04,15026571,A,F,,,P1M,,E,,,,,,,,,2,,,"Monetary aggregate M2, Stocks","Euro area (changing composition), Outstanding amounts at the end of the period (stocks), MFIs, central government and post office giro institutions reporting sector - Monetary aggregate M2, All currencies combined - Euro area (changing composition) counterpart, Non-MFIs excluding central government sector, denominated in Euro, data Working day and seasonally adjusted",EUR,6
BSI.M.U2.Y.V.M20.X.1.U2.2300.Z01.E,M,U2,Y,V,M20,X,1,U2,2300,Z01,E,2022-05,15073392,A,F,,,P1M,,E,,,,,,,,,2,,,"Monetary aggregate M2, Stocks","Euro area (changing composition), Outstanding amounts at the end of the period (stocks), MFIs, central government and post office giro institutions reporting sector - Monetary aggregate M2, All currencies combined - Euro area (changing composition) counterpart, Non-MFIs excluding central government sector, denominated in Euro, data Working day and seasonally adjusted",EUR,6
BSI.M.U2.Y.V.M20.X.1.U2.2300.Z01.E,M,U2,Y,V,M20,X,1,U2,2300,Z01,E,2022-06,15144213,A,F,,,P1M,,E,,,,,,,,,2,,,"Monetary aggregate M2, Stocks","Euro area (changing composition), Outstanding amounts at the end of the period (stocks), MFIs, central government and post office giro institutions reporting sector - Monetary aggregate M2, All currencies combined - Euro area (changing composition) counterpart, Non-MFIs excluding central government sector, denominated in Euro, data Working day and seasonally adjusted",EUR,6
BSI.M.U2.Y.V.M20.X.1.U2.2300.Z01.E,M,U2,Y,V,M20,X,1,U2,2300,Z01,E,2022-07,15243279,A,F,,,P1M,,E,,,,,,,,,2,,,"Monetary aggregate M2, Stocks","Euro area (changing composition), Outstanding amounts at the end of the period (stocks), MFIs, central government and post office giro institutions reporting sector - Monetary aggregate M2, All currencies combined - Euro area (changing composition) counterpart, Non-MFIs excluding central government sector, denominated in Euro, data Working day and seasonally adjusted",EUR,6
BSI.M.U2.Y.V.M20.X.1.U2.2300.Z01.E,M,U2,Y,V,M20,X,1,U2,2300,Z01,E,2022-08,15382038,A,F,,,P1M,,E,,,,,,,,,2,,,"Monetary aggregate M2, Stocks","Euro area (changing composition), Outstanding amounts at the end of the period (stocks), MFIs, central government and post office giro institutions reporting sector - Monetary aggregate M2, All currencies combined - Euro area (changing composition) counterpart, Non-MFIs excluding central government sector, denominated in Euro, data Working day and seasonally adjusted",EUR,6
BSI.M.U2.Y.V.M20.X.1.U2.2300.Z01.E,M,U2,Y,V,M20,X,1,U2,2300,Z01,E,2022-09,15425262,A,F,,,P1M,,E,,,,,,,,,2,,,"Monetary aggregate M2, Stocks","Euro area (changing composition), Outstanding amounts at the end of the period (stocks), MFIs, central government and post office giro institutions reporting sector - Monetary aggregate M2, All currencies combined - Euro area (changing composition) counterpart, Non-MFIs excluding central government sector, denominated in Euro, data Working day and seasonally adjusted",EUR,6
BSI.M.U2.Y.V.M20.X.1.U2.2300.Z01.E,M,U2,Y,V,M20,X,1,U2,2300,Z01,E,2022-10,15372392,A,F,,,P1M,,E,,,,,,,,,2,,,"Monetary aggregate M2, Stocks","Euro area (changing composition), Outstanding amounts at the end of the period (stocks), MFIs, central government and post office giro institutions reporting sector - Monetary aggregate M2, All currencies combined - Euro area (changing composition) counterpart, Non-MFIs excluding central government sector, denominated in Euro, data Working day and seasonally adjusted",EUR,6
BSI.M.U2.Y.V.M20.X.1.U2.2300.Z01.E,M,U2,Y,V,M20,X,1,U2,2300,Z01,E,2022-11,15313425,A,F,,,P1M,,E,,,,,,,,,2,,,"Monetary aggregate M2, Stocks","Euro area (changing composition), Outstanding amounts at the end of the period (stocks), MFIs, central government and post office giro institutions reporting sector - Monetary aggregate M2, All currencies combined - Euro area (changing composition) counterpart, Non-MFIs excluding central government sector, denominated in Euro, data Working day and seasonally adjusted",EUR,6
BSI.M.U2.Y.V.M20.X.1.U2.2300.Z01.E,M,U2,Y,V,M20,X,1,U2,2300,Z01,E,2022-12,15229110,A,F,,,P1M,,E,,,,,,,,,2,,,"Monetary aggregate M2, Stocks","Euro area (changing composition), Outstanding amounts at the end of the period (stocks), MFIs, central government and post office giro institutions reporting sector - Monetary aggregate M2, All currencies combined - Euro area (changing composition) counterpart, Non-MFIs excluding central government sector, denominated in Euro, data Working day and seasonally adjusted",EUR,6
BSI.M.U2.Y.V.M20.X.1.U2.2300.Z01.E,M,U2,Y,V,M20,X,1,U2,2300,Z01,E,2023-01,15265375,A,F,,,P1M,,E,,,,,,,,,2,,,"Monetary aggregate M2, Stocks","Euro area (changing composition), Outstanding amounts at the end of the period (stocks), MFIs, central government and post office giro institutions reporting sector - Monetary aggregate M2, All currencies combined - Euro area (changing composition) counterpart, Non-MFIs excluding central government sector, denominated in Euro, data Working day and seasonally adjusted",EUR,6
BSI.M.U2.Y.V.M20.X.1.U2.2300.Z01.E,M,U2,Y,V,M20,X,1,U2,2300,Z01,E,2023-02,15221069,A,F,,,P1M,,E,,,,,,,,,2,,,"Monetary aggregate M2, Stocks","Euro area (changing composition), Outstanding amounts at the end of the period (stocks), MFIs, central government and post office giro institutions reporting sector - Monetary aggregate M2, All currencies combined - Euro area (changing composition) counterpart, Non-MFIs excluding central government sector, denominated in Euro, data Working day and seasonally adjusted",EUR,6
BSI.M.U2.Y.V.M20.X.1.U2.2300.Z01.E,M,U2,Y,V,M20,X,1,U2,2300,Z01,E,2023-03,15170877,A,F,,,P1M,,E,,,,,,,,,2,,,"Monetary aggregate M2, Stocks","Euro area (changing composition), Outstanding amounts at the end of the period (stocks), MFIs, central government and post office giro institutions reporting sector - Monetary aggregate M2, All currencies combined - Euro area (changing composition) counterpart, Non-MFIs excluding central government sector, denominated in Euro, data Working day and seasonally adjusted",EUR,6
BSI.M.U2.Y.V.M20.X.1.U2.2300.Z01.E,M,U2,Y,V,M20,X,1,U2,2300,Z01,E,2023-04,15122833,A,F,,,P1M,,E,,,,,,,,,2,,,"Monetary aggregate M2, Stocks","Euro area (changing composition), Outstanding amounts at the end of the period (stocks), MFIs, central government and post office giro institutions reporting sector - Monetary aggregate M2, All currencies combined - Euro area (changing composition) counterpart, Non-MFIs excluding central government sector, denominated in Euro, data Working day and seasonally adjusted",EUR,6
BSI.M.U2.Y.V.M20.X.1.U2.2300.Z01.E,M,U2,Y,V,M20,X,1,U2,2300,Z01,E,2023-05,15105756,A,F,,,P1M,,E,,,,,,,,,2,,,"Monetary aggregate M2, Stocks","Euro area (changing composition), Outstanding amounts at the end of the period (stocks), MFIs, central government and post office giro institutions reporting sector - Monetary aggregate M2, All currencies combined - Euro area (changing composition) counterpart, Non-MFIs excluding central government sector, denominated in Euro, data Working day and seasonally adjusted",EUR,6
BSI.M.U2.Y.V.M20.X.1.U2.2300.Z01.E,M,U2,Y,V,M20,X,1,U2,2300,Z01,E,2023-06,15087868,A,F,,,P1M,,E,,,,,,,,,2,,,"Monetary aggregate M2, Stocks","Euro area (changing composition), Outstanding amounts at the end of the period (stocks), MFIs, central government and post office giro institutions reporting sector - Monetary aggregate M2, All currencies combined - Euro area (changing composition) counterpart, Non-MFIs excluding central government sector, denominated in Euro, data Working day and seasonally adjusted",EUR,6
BSI.M.U2.Y.V.M20.X.1.U2.2300.Z01.E,M,U2,Y,V,M20,X,1,U2,2300,Z01,E,2023-07,15067816,A,F,,,P1M,,E,,,,,,,,,2,,,"Monetary aggregate M2, Stocks","Euro area (changing composition), Outstanding amounts at the end of the period (stocks), MFIs, central government and post office giro institutions reporting sector - Monetary aggregate M2, All currencies combined - Euro area (changing composition) counterpart, Non-MFIs excluding central government sector, denominated in Euro, data Working day and seasonally adjusted",EUR,6
BSI.M.U2.Y.V.M20.X.1.U2.2300.Z01.E,M,U2,Y,V,M20,X,1,U2,2300,Z01,E,2023-08,15045220,A,F,,,P1M,,E,,,,,,,,,2,,,"Monetary aggregate M2, Stocks","Euro area (changing composition), Outstanding amounts at the end of the period (stocks), MFIs, central government and post office giro institutions reporting sector - Monetary aggregate M2, All currencies combined - Euro area (changing composition) counterpart, Non-MFIs excluding central government sector, denominated in Euro, data Working day and seasonally adjusted",EUR,6
BSI.M.U2.Y.V.M20.X.1.U2.2300.Z01.E,M,U2,Y,V,M20,X,1,U2,2300,Z01,E,2023-09,15067828,A,F,,,P1M,,E,,,,,,,,,2,,,"Monetary aggregate M2, Stocks","Euro area (changing composition), Outstanding amounts at the end of the period (stocks), MFIs, central government and post office giro institutions reporting sector - Monetary aggregate M2, All currencies combined - Euro area (changing composition) counterpart, Non-MFIs excluding central government sector, denominated in Euro, data Working day and seasonally adjusted",EUR,6
BSI.M.U2.Y.V.M20.X.1.U2.2300.Z01.E,M,U2,Y,V,M20,X,1,U2,2300,Z01,E,2023-10,15037533,A,F,,,P1M,,E,,,,,,,,,2,,,"Monetary aggregate M2, Stocks","Euro area (changing composition), Outstanding amounts at the end of the period (stocks), MFIs, central government and post office giro institutions reporting sector - Monetary aggregate M2, All currencies combined - Euro area (changing composition) counterpart, Non-MFIs excluding central government sector, denominated in Euro, data Working day and seasonally adjusted",EUR,6
BSI.M.U2.Y.V.M20.X.1.U2.2300.Z01.E,M,U2,Y,V,M20,X,1,U2,2300,Z01,E,2023-11,15039438,A,F,,,P1M,,E,,,,,,,,,2,,,"Monetary aggregate M2, Stocks","Euro area (changing composition), Outstanding amounts at the end of the period (stocks), MFIs, central government and post office giro institutions reporting sector - Monetary aggregate M2, All currencies combined - Euro area (changing composition) counterpart, Non-MFIs excluding central government sector, denominated in Euro, data Working day and seasonally adjusted",EUR,6
BSI.M.U2.Y.V.M20.X.1.U2.2300.Z01.E,M,U2,Y,V,M20,X,1,U2,2300,Z01,E,2023-12,15103105,A,F,,,P1M,,E,,,,,,,,,2,,,"Monetary aggregate M2, Stocks","Euro area (changing composition), Outstanding amounts at the end of the period (stocks), MFIs, central government and post office giro institutions reporting sector - Monetary aggregate M2, All currencies combined - Euro area (changing composition) counterpart, Non-MFIs excluding central government sector, denominated in Euro, data Working day and seasonally adjusted",EUR,6
BSI.M.U2.Y.V.M20.X.1.U2.2300.Z01.E,M,U2,Y,V,M20,X,1,U2,2300,Z01,E,2024-01,15079850,A,F,,,P1M,,E,,,,,,,,,2,,,"Monetary aggregate M2, Stocks","Euro area (changing composition), Outstanding amounts at the end of the period (stocks), MFIs, central government and post office giro institutions reporting sector - Monetary aggregate M2, All currencies combined - Euro area (changing composition) counterpart, Non-MFIs excluding central government sector, denominated in Euro, data Working day and seasonally adjusted",EUR,6
BSI.M.U2.Y.V.M20.X.1.U2.2300.Z01.E,M,U2,Y,V,M20,X,1,U2,2300,Z01,E,2024-02,15105037,A,F,,,P1M,,E,,,,,,,,,2,,,"Monetary aggregate M2, Stocks","Euro area (changing composition), Outstanding amounts at the end of the period (stocks), MFIs, central government and post office giro institutions reporting sector - Monetary aggregate M2, All currencies combined - Euro area (changing composition) counterpart, Non-MFIs excluding central government sector, denominated in Euro, data Working day and seasonally adjusted",EUR,6
BSI.M.U2.Y.V.M20.X.1.U2.2300.Z01.E,M,U2,Y,V,M20,X,1,U2,2300,Z01,E,2024-03,15112182,A,F,,,P1M,,E,,,,,,,,,2,,,"Monetary aggregate M2, Stocks","Euro area (changing composition), Outstanding amounts at the end of the period (stocks), MFIs, central government and post office giro institutions reporting sector - Monetary aggregate M2, All currencies combined - Euro area (changing composition) counterpart, Non-MFIs excluding central government sector, denominated in Euro, data Working day and seasonally adjusted",EUR,6
BSI.M.U2.Y.V.M20.X.1.U2.2300.Z01.E,M,U2,Y,V,M20,X,1,U2,2300,Z01,E,2024-04,15143738,A,F,,,P1M,,E,,,,,,,,,2,,,"Monetary aggregate M2, Stocks","Euro area (changing composition), Outstanding amounts at the end of the period (stocks), MFIs, central government and post office giro institutions reporting sector - Monetary aggregate M2, All currencies combined - Euro area (changing composition) counterpart, Non-MFIs excluding central government sector, denominated in Euro, data Working day and seasonally adjusted",EUR,6
BSI.M.U2.Y.V.M20.X.1.U2.2300.Z01.E,M,U2,Y,V,M20,X,1,U2,2300,Z01,E,2024-05,15178913,A,F,,,P1M,,E,,,,,,,,,2,,,"Monetary aggregate M2, Stocks","Euro area (changing composition), Outstanding amounts at the end of the period (stocks), MFIs, central government and post office giro institutions reporting sector - Monetary aggregate M2, All currencies combined - Euro area (changing composition) counterpart, Non-MFIs excluding central government sector, denominated in Euro, data Working day and seasonally adjusted",EUR,6
BSI.M.U2.Y.V.M20.X.1.U2.2300.Z01.E,M,U2,Y,V,M20,X,1,U2,2300,Z01,E,2024-06,15286910,A,F,,,P1M,,E,,,,,,,,,2,,,"Monetary aggregate M2, Stocks","Euro area (changing composition), Outstanding amounts at the end of the period (stocks), MFIs, central government and post office giro institutions reporting sector - Monetary aggregate M2, All currencies combined - Euro area (changing composition) counterpart, Non-MFIs excluding central government sector, denominated in Euro, data Working day and seasonally adjusted",EUR,6
BSI.M.U2.Y.V.M20.X.1.U2.2300.Z01.E,M,U2,Y,V,M20,X,1,U2,2300,Z01,E,2024-07,15262244,A,F,,,P1M,,E,,,,,,,,,2,,,"Monetary aggregate M2, Stocks","Euro area (changing composition), Outstanding amounts at the end of the period (stocks), MFIs, central government and post office giro institutions reporting sector - Monetary aggregate M2, All currencies combined - Euro area (changing composition) counterpart, Non-MFIs excluding central government sector, denominated in Euro, data Working day and seasonally adjusted",EUR,6
BSI.M.U2.Y.V.M20.X.1.U2.2300.Z01.E,M,U2,Y,V,M20,X,1,U2,2300,Z01,E,2024-08,15333734,A,F,,,P1M,,E,,,,,,,,,2,,,"Monetary aggregate M2, Stocks","Euro area (changing composition), Outstanding amounts at the end of the period (stocks), MFIs, central government and post office giro institutions reporting sector - Monetary aggregate M2, All currencies combined - Euro area (changing composition) counterpart, Non-MFIs excluding central government sector, denominated in Euro, data Working day and seasonally adjusted",EUR,6
BSI.M.U2.Y.V.M20.X.1.U2.2300.Z01.E,M,U2,Y,V,M20,X,1,U2,2300,Z01,E,2024-09,15407061,A,F,,,P1M,,E,,,,,,,,,2,,,"Monetary aggregate M2, Stocks","Euro area (changing composition), Outstanding amounts at the end of the period (stocks), MFIs, central government and post office giro institutions reporting sector - Monetary aggregate M2, All currencies combined - Euro area (changing composition) counterpart, Non-MFIs excluding central government sector, denominated in Euro, data Working day and seasonally adjusted",EUR,6
BSI.M.U2.Y.V.M20.X.1.U2.2300.Z01.E,M,U2,Y,V,M20,X,1,U2,2300,Z01,E,2024-10,15429857,A,F,,,P1M,,E,,,,,,,,,2,,,"Monetary aggregate M2, Stocks","Euro area (changing composition), Outstanding amounts at the end of the period (stocks), MFIs, central government and post office giro institutions reporting sector - Monetary aggregate M2, All currencies combined - Euro area (changing composition) counterpart, Non-MFIs excluding central government sector, denominated in Euro, data Working day and seasonally adjusted",EUR,6
BSI.M.U2.Y.V.M20.X.1.U2.2300.Z01.E,M,U2,Y,V,M20,X,1,U2,2300,Z01,E,2024-11,15533065,A,F,,,P1M,,E,,,,,,,,,2,,,"Monetary aggregate M2, Stocks","Euro area (changing composition), Outstanding amounts at the end of the period (stocks), MFIs, central government and post office giro institutions reporting sector - Monetary aggregate M2, All currencies combined - Euro area (changing composition) counterpart, Non-MFIs excluding central government sector, denominated in Euro, data Working day and seasonally adjusted",EUR,6
BSI.M.U2.Y.V.M20.X.1.U2.2300.Z01.E,M,U2,Y,V,M20,X,1,U2,2300,Z01,E,2024-12,15591606,A,F,,,P1M,,E,,,,,,,,,2,,,"Monetary aggregate M2, Stocks","Euro area (changing composition), Outstanding amounts at the end of the period (stocks), MFIs, central government and post office giro institutions reporting sector - Monetary aggregate M2, All currencies combined - Euro area (changing composition) counterpart, Non-MFIs excluding central government sector, denominated in Euro, data Working day and seasonally adjusted",EUR,6
BSI.M.U2.Y.V.M20.X.1.U2.2300.Z01.E,M,U2,Y,V,M20,X,1,U2,2300,Z01,E,2025-01,15577354,A,F,,,P1M,,E,,,,,,,,,2,,,"Monetary aggregate M2, Stocks","Euro area (changing composition), Outstanding amounts at the end of the period (stocks), MFIs, central government and post office giro institutions reporting sector - Monetary aggregate M2, All currencies combined - Euro area (changing composition) counterpart, Non-MFIs excluding central government sector, denominated in Euro, data Working day and seasonally adjusted",EUR,6
BSI.M.U2.Y.V.M20.X.1.U2.2300.Z01.E,M,U2,Y,V,M20,X,1,U2,2300,Z01,E,2025-02,15621953,A,F,,,P1M,,E,,,,,,,,,2,,,"Monetary aggregate M2, Stocks","Euro area (changing composition), Outstanding amounts at the end of the period (stocks), MFIs, central government and post office giro institutions reporting sector - Monetary aggregate M2, All currencies combined - Euro area (changing composition) counterpart, Non-MFIs excluding central government sector, denominated in Euro, data Working day and seasonally adjusted",EUR,6
BSI.M.U2.Y.V.M20.X.1.U2.2300.Z01.E,M,U2,Y,V,M20,X,1,U2,2300,Z01,E,2025-03,15648761,A,F,,,P1M,,E,,,,,,,,,2,,,"Monetary aggregate M2, Stocks","Euro area (changing composition), Outstanding amounts at the end of the period (stocks), MFIs, central government and post office giro institutions reporting sector - Monetary aggregate M2, All currencies combined - Euro area (changing composition) counterpart, Non-MFIs excluding central government sector, denominated in Euro, data Working day and seasonally adjusted",EUR,6
BSI.M.U2.Y.V.M20.X.1.U2.2300.Z01.E,M,U2,Y,V,M20,X,1,U2,2300,Z01,E,2025-04,15689953,A,F,,,P1M,,E,,,,,,,,,2,,,"Monetary aggregate M2, Stocks","Euro area (changing composition), Outstanding amounts at the end of the period (stocks), MFIs, central government and post office giro institutions reporting sector - Monetary aggregate M2, All currencies combined - Euro area (changing composition) counterpart, Non-MFIs excluding central government sector, denominated in Euro, data Working day and seasonally adjusted",EUR,6
BSI.M.U2.Y.V.M20.X.1.U2.2300.Z01.E,M,U2,Y,V,M20,X,1,U2,2300,Z01,E,2025-05,15724159,A,F,,,P1M,,E,,,,,,,,,2,,,"Monetary aggregate M2, Stocks","Euro area (changing composition), Outstanding amounts at the end of the period (stocks), MFIs, central government and post office giro institutions reporting sector - Monetary aggregate M2, All currencies combined - Euro area (changing composition) counterpart, Non-MFIs excluding central government sector, denominated in Euro, data Working day and seasonally adjusted",EUR,6
BSI.M.U2.Y.V.M20.X.1.U2.2300.Z01.E,M,U2,Y,V,M20,X,1,U2,2300,Z01,E,2025-06,15725981,A,F,,,P1M,,E,,,,,,,,,2,,,"Monetary aggregate M2, Stocks","Euro area (changing composition), Outstanding amounts at the end of the period (stocks), MFIs, central government and post office giro institutions reporting sector - Monetary aggregate M2, All currencies combined - Euro area (changing composition) counterpart, Non-MFIs excluding central government sector, denominated in Euro, data Working day and seasonally adjusted",EUR,6
BSI.M.U2.Y.V.M20.X.1.U2.2300.Z01.E,M,U2,Y,V,M20,X,1,U2,2300,Z01,E,2025-07,15743385,A,F,,,P1M,,E,,,,,,,,,2,,,"Monetary aggregate M2, Stocks","Euro area (changing composition), Outstanding amounts at the end of the period (stocks), MFIs, central government and post office giro institutions reporting sector - Monetary aggregate M2, All currencies combined - Euro area (changing composition) counterpart, Non-MFIs excluding central government sector, denominated in Euro, data Working day and seasonally adjusted",EUR,6
BSI.M.U2.Y.V.M20.X.1.U2.2300.Z01.E,M,U2,Y,V,M20,X,1,U2,2300,Z01,E,2025-08,15762736,A,F,,,P1M,,E,,,,,,,,,2,,,"Monetary aggregate M2, Stocks","Euro area (changing composition), Outstanding amounts at the end of the period (stocks), MFIs, central government and post office giro institutions reporting sector - Monetary aggregate M2, All currencies combined - Euro area (changing composition) counterpart, Non-MFIs excluding central government sector, denominated in Euro, data Working day and seasonally adjusted",EUR,6
BSI.M.U2.Y.V.M20.X.1.U2.2300.Z01.E,M,U2,Y,V,M20,X,1,U2,2300,Z01,E,2025-09,15795550,A,F,,,P1M,,E,,,,,,,,,2,,,"Monetary aggregate M2, Stocks","Euro area (changing composition), Outstanding amounts at the end of the period (stocks), MFIs, central government and post office giro institutions reporting sector - Monetary aggregate M2, All currencies combined - Euro area (changing composition) counterpart, Non-MFIs excluding central government sector, denominated in Euro, data Working day and seasonally adjusted",EUR,6
BSI.M.U2.Y.V.M20.X.1.U2.2300.Z01.E,M,U2,Y,V,M20,X,1,U2,2300,Z01,E,2025-10,15910569,A,F,,,P1M,,E,,,,,,,,,2,,,"Monetary aggregate M2, Stocks","Euro area (changing composition), Outstanding amounts at the end of the period (stocks), MFIs, central government and post office giro institutions reporting sector - Monetary aggregate M2, All currencies combined - Euro area (changing composition) counterpart, Non-MFIs excluding central government sector, denominated in Euro, data Working day and seasonally adjusted",EUR,6
BSI.M.U2.Y.V.M20.X.1.U2.2300.Z01.E,M,U2,Y,V,M20,X,1,U2,2300,Z01,E,2025-11,15994672,A,F,,,P1M,,E,,,,,,,,,2,,,"Monetary aggregate M2, Stocks","Euro area (changing composition), Outstanding amounts at the end of the period (stocks), MFIs, central government and post office giro institutions reporting sector - Monetary aggregate M2, All currencies combined - Euro area (changing composition) counterpart, Non-MFIs excluding central government sector, denominated in Euro, data Working day and seasonally adjusted",EUR,6
BSI.M.U2.Y.V.M20.X.1.U2.2300.Z01.E,M,U2,Y,V,M20,X,1,U2,2300,Z01,E,2025-12,16075207,A,F,,,P1M,,E,,,,,,,,,2,,,"Monetary aggregate M2, Stocks","Euro area (changing composition), Outstanding amounts at the end of the period (stocks), MFIs, central government and post office giro institutions reporting sector - Monetary aggregate M2, All currencies combined - Euro area (changing composition) counterpart, Non-MFIs excluding central government sector, denominated in Euro, data Working day and seasonally adjusted",EUR,6
BSI.M.U2.Y.V.M20.X.1.U2.2300.Z01.E,M,U2,Y,V,M20,X,1,U2,2300,Z01,E,2026-01,16176904,A,F,,,P1M,,E,,,,,,,,,2,,,"Monetary aggregate M2, Stocks","Euro area (changing composition), Outstanding amounts at the end of the period (stocks), MFIs, central government and post office giro institutions reporting sector - Monetary aggregate M2, All currencies combined - Euro area (changing composition) counterpart, Non-MFIs excluding central government sector, denominated in Euro, data Working day and seasonally adjusted",EUR,6
BSI.M.U2.Y.V.M20.X.1.U2.2300.Z01.E,M,U2,Y,V,M20,X,1,U2,2300,Z01,E,2026-02,16223483,A,F,,,P1M,,E,,,,,,,,,2,,,"Monetary aggregate M2, Stocks","Euro area (changing composition), Outstanding amounts at the end of the period (stocks), MFIs, central government and post office giro institutions reporting sector - Monetary aggregate M2, All currencies combined - Euro area (changing composition) counterpart, Non-MFIs excluding central government sector, denominated in Euro, data Working day and seasonally adjusted",EUR,6
BSI.M.U2.Y.V.M20.X.1.U2.2300.Z01.E,M,U2,Y,V,M20,X,1,U2,2300,Z01,E,2026-03,16274779,A,F,,,P1M,,E,,,,,,,,,2,,,"Monetary aggregate M2, Stocks","Euro area (changing composition), Outstanding amounts at the end of the period (stocks), MFIs, central government and post office giro institutions reporting sector - Monetary aggregate M2, All currencies combined - Euro area (changing composition) counterpart, Non-MFIs excluding central government sector, denominated in Euro, data Working day and seasonally adjusted",EUR,6
BSI.M.U2.Y.V.M20.X.1.U2.2300.Z01.E,M,U2,Y,V,M20,X,1,U2,2300,Z01,E,2026-04,16303998,A,F,,,P1M,,E,,,,,,,,,2,,,"Monetary aggregate M2, Stocks","Euro area (changing composition), Outstanding amounts at the end of the period (stocks), MFIs, central government and post office giro institutions reporting sector - Monetary aggregate M2, All currencies combined - Euro area (changing composition) counterpart, Non-MFIs excluding central government sector, denominated in Euro, data Working day and seasonally adjusted",EUR,6
BSI.M.U2.Y.V.M20.X.1.U2.2300.Z01.E,M,U2,Y,V,M20,X,1,U2,2300,Z01,E,2026-05,16349833,A,F,,,P1M,,E,,,,,,,,,2,,,"Monetary aggregate M2, Stocks","Euro area (changing composition), Outstanding amounts at the end of the period (stocks), MFIs, central government and post office giro institutions reporting sector - Monetary aggregate M2, All currencies combined - Euro area (changing composition) counterpart, Non-MFIs excluding central government sector, denominated in Euro, data Working day and seasonally adjusted",EUR,6
BSI.M.U2.Y.V.M20.X.1.U2.2300.Z01.E,M,U2,Y,V,M20,X,1,U2,2300,Z01,E,2026-06,16416939,A,F,,,P1M,,E,,,,,,,,,2,,,"Monetary aggregate M2, Stocks","Euro area (changing composition), Outstanding amounts at the end of the period (stocks), MFIs, central government and post office giro institutions reporting sector - Monetary aggregate M2, All currencies combined - Euro area (changing composition) counterpart, Non-MFIs excluding central government sector, denominated in Euro, data Working day and seasonally adjusted",EUR,6
BSI.M.U2.Y.V.M20.X.1.U2.2300.Z01.E,M,U2,Y,V,M20,X,1,U2,2300,Z01,E,2026-07,16434747,A,F,,,P1M,,E,,,,,,,,,2,,,"Monetary aggregate M2, Stocks","Euro area (changing composition), Outstanding amounts at the end of the period (stocks), MFIs, central government and post office giro institutions reporting sector - Monetary aggregate M2, All currencies combined - Euro area (changing composition) counterpart, Non-MFIs excluding central government sector, denominated in Euro, data Working day and seasonally adjusted",EUR,6
BSI.M.U2.Y.V.M20.X.1.U2.2300.Z01.E,M,U2,Y,V,M20,X,1,U2,2300,Z01,E,2026-08,16447405,P,F,,,P1M,,E,,,,,,,,,2,,,"Monetary aggregate M2, Stocks","Euro area (changing composition), Outstanding amounts at the end of the period (stocks), MFIs, central government and post office giro institutions reporting sector - Monetary aggregate M2, All currencies combined - Euro area (changing composition) counterpart, Non-MFIs excluding central government sector, denominated in Euro, data Working day and seasonally adjusted",EUR,6
