FREQ,REF_AREA,COMP_METHOD,UNIT_MEASURE,CURRENCY,TRANSFORMATION,COMMENT_DSET,DATA_COMP,METHOD_REF,COLLECTION_DETAIL,COMMENT_TS,DECIMALS,UNIT_MULT,BREAKS,SUPP_INFO_BREAKS,COMPILING_ORG,DISS_ORG,TITLE,TIME_FORMAT,COLLECTION,TIME_PERIOD,OBS_VALUE,FISCAL_YEAR,CONF_STATUS,OBS_STATUS,OBS_PRE_BREAK
M,CN,B,USD,_Z,B,,"From January 2002 onwards: monthly balance sheet of the People's Bank of China. Between 1993 and 2001: sum of foreign assets (net), claims against the government, bank claims on deposit money, claims against non-monetary financial institutions and claims on the non-financial sector. Before 2000: Almanac of China's finance and banking.",BIS-spliced,The data in billions of US dollars are calculated using market exchange rates.,,3,9,,"This series is adjusted for breaks. Break-adjustment calculations follow the methodology outlined in the BIS Quarterly Review (2013). For further detail, see https://www.bis.org/publ/qtrpdf/r_qt1303z.htm",People's Bank of China; Bank for International Settlements.,5B0,"China - Central bank, assets, total, BIS-spliced, USD",,E,1999-12,426.95573404191,,F,A,
M,CN,B,USD,_Z,B,,"From January 2002 onwards: monthly balance sheet of the People's Bank of China. Between 1993 and 2001: sum of foreign assets (net), claims against the government, bank claims on deposit money, claims against non-monetary financial institutions and claims on the non-financial sector. Before 2000: Almanac of China's finance and banking.",BIS-spliced,The data in billions of US dollars are calculated using market exchange rates.,,3,9,,"This series is adjusted for breaks. Break-adjustment calculations follow the methodology outlined in the BIS Quarterly Review (2013). For further detail, see https://www.bis.org/publ/qtrpdf/r_qt1303z.htm",People's Bank of China; Bank for International Settlements.,5B0,"China - Central bank, assets, total, BIS-spliced, USD",,E,2000-01,417.17465131342,,F,A,
M,CN,B,USD,_Z,B,,"From January 2002 onwards: monthly balance sheet of the People's Bank of China. Between 1993 and 2001: sum of foreign assets (net), claims against the government, bank claims on deposit money, claims against non-monetary financial institutions and claims on the non-financial sector. Before 2000: Almanac of China's finance and banking.",BIS-spliced,The data in billions of US dollars are calculated using market exchange rates.,,3,9,,"This series is adjusted for breaks. Break-adjustment calculations follow the methodology outlined in the BIS Quarterly Review (2013). For further detail, see https://www.bis.org/publ/qtrpdf/r_qt1303z.htm",People's Bank of China; Bank for International Settlements.,5B0,"China - Central bank, assets, total, BIS-spliced, USD",,E,2000-02,416.13874940302,,F,A,
M,CN,B,USD,_Z,B,,"From January 2002 onwards: monthly balance sheet of the People's Bank of China. Between 1993 and 2001: sum of foreign assets (net), claims against the government, bank claims on deposit money, claims against non-monetary financial institutions and claims on the non-financial sector. Before 2000: Almanac of China's finance and banking.",BIS-spliced,The data in billions of US dollars are calculated using market exchange rates.,,3,9,,"This series is adjusted for breaks. Break-adjustment calculations follow the methodology outlined in the BIS Quarterly Review (2013). For further detail, see https://www.bis.org/publ/qtrpdf/r_qt1303z.htm",People's Bank of China; Bank for International Settlements.,5B0,"China - Central bank, assets, total, BIS-spliced, USD",,E,2000-03,419.26736330553,,F,A,
M,CN,B,USD,_Z,B,,"From January 2002 onwards: monthly balance sheet of the People's Bank of China. Between 1993 and 2001: sum of foreign assets (net), claims against the government, bank claims on deposit money, claims against non-monetary financial institutions and claims on the non-financial sector. Before 2000: Almanac of China's finance and banking.",BIS-spliced,The data in billions of US dollars are calculated using market exchange rates.,,3,9,,"This series is adjusted for breaks. Break-adjustment calculations follow the methodology outlined in the BIS Quarterly Review (2013). For further detail, see https://www.bis.org/publ/qtrpdf/r_qt1303z.htm",People's Bank of China; Bank for International Settlements.,5B0,"China - Central bank, assets, total, BIS-spliced, USD",,E,2000-04,420.90998604575,,F,A,
M,CN,B,USD,_Z,B,,"From January 2002 onwards: monthly balance sheet of the People's Bank of China. Between 1993 and 2001: sum of foreign assets (net), claims against the government, bank claims on deposit money, claims against non-monetary financial institutions and claims on the non-financial sector. Before 2000: Almanac of China's finance and banking.",BIS-spliced,The data in billions of US dollars are calculated using market exchange rates.,,3,9,,"This series is adjusted for breaks. Break-adjustment calculations follow the methodology outlined in the BIS Quarterly Review (2013). For further detail, see https://www.bis.org/publ/qtrpdf/r_qt1303z.htm",People's Bank of China; Bank for International Settlements.,5B0,"China - Central bank, assets, total, BIS-spliced, USD",,E,2000-05,417.83787303792,,F,A,
M,CN,B,USD,_Z,B,,"From January 2002 onwards: monthly balance sheet of the People's Bank of China. Between 1993 and 2001: sum of foreign assets (net), claims against the government, bank claims on deposit money, claims against non-monetary financial institutions and claims on the non-financial sector. Before 2000: Almanac of China's finance and banking.",BIS-spliced,The data in billions of US dollars are calculated using market exchange rates.,,3,9,,"This series is adjusted for breaks. Break-adjustment calculations follow the methodology outlined in the BIS Quarterly Review (2013). For further detail, see https://www.bis.org/publ/qtrpdf/r_qt1303z.htm",People's Bank of China; Bank for International Settlements.,5B0,"China - Central bank, assets, total, BIS-spliced, USD",,E,2000-06,430.23938990448,,F,A,
M,CN,B,USD,_Z,B,,"From January 2002 onwards: monthly balance sheet of the People's Bank of China. Between 1993 and 2001: sum of foreign assets (net), claims against the government, bank claims on deposit money, claims against non-monetary financial institutions and claims on the non-financial sector. Before 2000: Almanac of China's finance and banking.",BIS-spliced,The data in billions of US dollars are calculated using market exchange rates.,,3,9,,"This series is adjusted for breaks. Break-adjustment calculations follow the methodology outlined in the BIS Quarterly Review (2013). For further detail, see https://www.bis.org/publ/qtrpdf/r_qt1303z.htm",People's Bank of China; Bank for International Settlements.,5B0,"China - Central bank, assets, total, BIS-spliced, USD",,E,2000-07,435.45328082778,,F,A,
M,CN,B,USD,_Z,B,,"From January 2002 onwards: monthly balance sheet of the People's Bank of China. Between 1993 and 2001: sum of foreign assets (net), claims against the government, bank claims on deposit money, claims against non-monetary financial institutions and claims on the non-financial sector. Before 2000: Almanac of China's finance and banking.",BIS-spliced,The data in billions of US dollars are calculated using market exchange rates.,,3,9,,"This series is adjusted for breaks. Break-adjustment calculations follow the methodology outlined in the BIS Quarterly Review (2013). For further detail, see https://www.bis.org/publ/qtrpdf/r_qt1303z.htm",People's Bank of China; Bank for International Settlements.,5B0,"China - Central bank, assets, total, BIS-spliced, USD",,E,2000-08,438.19116192284,,F,A,
M,CN,B,USD,_Z,B,,"From January 2002 onwards: monthly balance sheet of the People's Bank of China. Between 1993 and 2001: sum of foreign assets (net), claims against the government, bank claims on deposit money, claims against non-monetary financial institutions and claims on the non-financial sector. Before 2000: Almanac of China's finance and banking.",BIS-spliced,The data in billions of US dollars are calculated using market exchange rates.,,3,9,,"This series is adjusted for breaks. Break-adjustment calculations follow the methodology outlined in the BIS Quarterly Review (2013). For further detail, see https://www.bis.org/publ/qtrpdf/r_qt1303z.htm",People's Bank of China; Bank for International Settlements.,5B0,"China - Central bank, assets, total, BIS-spliced, USD",,E,2000-09,442.41864605472,,F,A,
M,CN,B,USD,_Z,B,,"From January 2002 onwards: monthly balance sheet of the People's Bank of China. Between 1993 and 2001: sum of foreign assets (net), claims against the government, bank claims on deposit money, claims against non-monetary financial institutions and claims on the non-financial sector. Before 2000: Almanac of China's finance and banking.",BIS-spliced,The data in billions of US dollars are calculated using market exchange rates.,,3,9,,"This series is adjusted for breaks. Break-adjustment calculations follow the methodology outlined in the BIS Quarterly Review (2013). For further detail, see https://www.bis.org/publ/qtrpdf/r_qt1303z.htm",People's Bank of China; Bank for International Settlements.,5B0,"China - Central bank, assets, total, BIS-spliced, USD",,E,2000-10,447.81044182607,,F,A,
M,CN,B,USD,_Z,B,,"From January 2002 onwards: monthly balance sheet of the People's Bank of China. Between 1993 and 2001: sum of foreign assets (net), claims against the government, bank claims on deposit money, claims against non-monetary financial institutions and claims on the non-financial sector. Before 2000: Almanac of China's finance and banking.",BIS-spliced,The data in billions of US dollars are calculated using market exchange rates.,,3,9,,"This series is adjusted for breaks. Break-adjustment calculations follow the methodology outlined in the BIS Quarterly Review (2013). For further detail, see https://www.bis.org/publ/qtrpdf/r_qt1303z.htm",People's Bank of China; Bank for International Settlements.,5B0,"China - Central bank, assets, total, BIS-spliced, USD",,E,2000-11,452.76252859448,,F,A,
M,CN,B,USD,_Z,B,,"From January 2002 onwards: monthly balance sheet of the People's Bank of China. Between 1993 and 2001: sum of foreign assets (net), claims against the government, bank claims on deposit money, claims against non-monetary financial institutions and claims on the non-financial sector. Before 2000: Almanac of China's finance and banking.",BIS-spliced,The data in billions of US dollars are calculated using market exchange rates.,,3,9,,"This series is adjusted for breaks. Break-adjustment calculations follow the methodology outlined in the BIS Quarterly Review (2013). For further detail, see https://www.bis.org/publ/qtrpdf/r_qt1303z.htm",People's Bank of China; Bank for International Settlements.,5B0,"China - Central bank, assets, total, BIS-spliced, USD",,E,2000-12,475.96481215057,,F,A,
M,CN,B,USD,_Z,B,,"From January 2002 onwards: monthly balance sheet of the People's Bank of China. Between 1993 and 2001: sum of foreign assets (net), claims against the government, bank claims on deposit money, claims against non-monetary financial institutions and claims on the non-financial sector. Before 2000: Almanac of China's finance and banking.",BIS-spliced,The data in billions of US dollars are calculated using market exchange rates.,,3,9,,"This series is adjusted for breaks. Break-adjustment calculations follow the methodology outlined in the BIS Quarterly Review (2013). For further detail, see https://www.bis.org/publ/qtrpdf/r_qt1303z.htm",People's Bank of China; Bank for International Settlements.,5B0,"China - Central bank, assets, total, BIS-spliced, USD",,E,2001-01,469.98235951433,,F,A,
M,CN,B,USD,_Z,B,,"From January 2002 onwards: monthly balance sheet of the People's Bank of China. Between 1993 and 2001: sum of foreign assets (net), claims against the government, bank claims on deposit money, claims against non-monetary financial institutions and claims on the non-financial sector. Before 2000: Almanac of China's finance and banking.",BIS-spliced,The data in billions of US dollars are calculated using market exchange rates.,,3,9,,"This series is adjusted for breaks. Break-adjustment calculations follow the methodology outlined in the BIS Quarterly Review (2013). For further detail, see https://www.bis.org/publ/qtrpdf/r_qt1303z.htm",People's Bank of China; Bank for International Settlements.,5B0,"China - Central bank, assets, total, BIS-spliced, USD",,E,2001-02,451.51855743477,,F,A,
M,CN,B,USD,_Z,B,,"From January 2002 onwards: monthly balance sheet of the People's Bank of China. Between 1993 and 2001: sum of foreign assets (net), claims against the government, bank claims on deposit money, claims against non-monetary financial institutions and claims on the non-financial sector. Before 2000: Almanac of China's finance and banking.",BIS-spliced,The data in billions of US dollars are calculated using market exchange rates.,,3,9,,"This series is adjusted for breaks. Break-adjustment calculations follow the methodology outlined in the BIS Quarterly Review (2013). For further detail, see https://www.bis.org/publ/qtrpdf/r_qt1303z.htm",People's Bank of China; Bank for International Settlements.,5B0,"China - Central bank, assets, total, BIS-spliced, USD",,E,2001-03,450.97268352691,,F,A,
M,CN,B,USD,_Z,B,,"From January 2002 onwards: monthly balance sheet of the People's Bank of China. Between 1993 and 2001: sum of foreign assets (net), claims against the government, bank claims on deposit money, claims against non-monetary financial institutions and claims on the non-financial sector. Before 2000: Almanac of China's finance and banking.",BIS-spliced,The data in billions of US dollars are calculated using market exchange rates.,,3,9,,"This series is adjusted for breaks. Break-adjustment calculations follow the methodology outlined in the BIS Quarterly Review (2013). For further detail, see https://www.bis.org/publ/qtrpdf/r_qt1303z.htm",People's Bank of China; Bank for International Settlements.,5B0,"China - Central bank, assets, total, BIS-spliced, USD",,E,2001-04,465.6590357977,,F,A,
M,CN,B,USD,_Z,B,,"From January 2002 onwards: monthly balance sheet of the People's Bank of China. Between 1993 and 2001: sum of foreign assets (net), claims against the government, bank claims on deposit money, claims against non-monetary financial institutions and claims on the non-financial sector. Before 2000: Almanac of China's finance and banking.",BIS-spliced,The data in billions of US dollars are calculated using market exchange rates.,,3,9,,"This series is adjusted for breaks. Break-adjustment calculations follow the methodology outlined in the BIS Quarterly Review (2013). For further detail, see https://www.bis.org/publ/qtrpdf/r_qt1303z.htm",People's Bank of China; Bank for International Settlements.,5B0,"China - Central bank, assets, total, BIS-spliced, USD",,E,2001-05,465.8543760696,,F,A,
M,CN,B,USD,_Z,B,,"From January 2002 onwards: monthly balance sheet of the People's Bank of China. Between 1993 and 2001: sum of foreign assets (net), claims against the government, bank claims on deposit money, claims against non-monetary financial institutions and claims on the non-financial sector. Before 2000: Almanac of China's finance and banking.",BIS-spliced,The data in billions of US dollars are calculated using market exchange rates.,,3,9,,"This series is adjusted for breaks. Break-adjustment calculations follow the methodology outlined in the BIS Quarterly Review (2013). For further detail, see https://www.bis.org/publ/qtrpdf/r_qt1303z.htm",People's Bank of China; Bank for International Settlements.,5B0,"China - Central bank, assets, total, BIS-spliced, USD",,E,2001-06,479.54870149287,,F,A,
M,CN,B,USD,_Z,B,,"From January 2002 onwards: monthly balance sheet of the People's Bank of China. Between 1993 and 2001: sum of foreign assets (net), claims against the government, bank claims on deposit money, claims against non-monetary financial institutions and claims on the non-financial sector. Before 2000: Almanac of China's finance and banking.",BIS-spliced,The data in billions of US dollars are calculated using market exchange rates.,,3,9,,"This series is adjusted for breaks. Break-adjustment calculations follow the methodology outlined in the BIS Quarterly Review (2013). For further detail, see https://www.bis.org/publ/qtrpdf/r_qt1303z.htm",People's Bank of China; Bank for International Settlements.,5B0,"China - Central bank, assets, total, BIS-spliced, USD",,E,2001-07,482.96680494165,,F,A,
M,CN,B,USD,_Z,B,,"From January 2002 onwards: monthly balance sheet of the People's Bank of China. Between 1993 and 2001: sum of foreign assets (net), claims against the government, bank claims on deposit money, claims against non-monetary financial institutions and claims on the non-financial sector. Before 2000: Almanac of China's finance and banking.",BIS-spliced,The data in billions of US dollars are calculated using market exchange rates.,,3,9,,"This series is adjusted for breaks. Break-adjustment calculations follow the methodology outlined in the BIS Quarterly Review (2013). For further detail, see https://www.bis.org/publ/qtrpdf/r_qt1303z.htm",People's Bank of China; Bank for International Settlements.,5B0,"China - Central bank, assets, total, BIS-spliced, USD",,E,2001-08,487.80286542534,,F,A,
M,CN,B,USD,_Z,B,,"From January 2002 onwards: monthly balance sheet of the People's Bank of China. Between 1993 and 2001: sum of foreign assets (net), claims against the government, bank claims on deposit money, claims against non-monetary financial institutions and claims on the non-financial sector. Before 2000: Almanac of China's finance and banking.",BIS-spliced,The data in billions of US dollars are calculated using market exchange rates.,,3,9,,"This series is adjusted for breaks. Break-adjustment calculations follow the methodology outlined in the BIS Quarterly Review (2013). For further detail, see https://www.bis.org/publ/qtrpdf/r_qt1303z.htm",People's Bank of China; Bank for International Settlements.,5B0,"China - Central bank, assets, total, BIS-spliced, USD",,E,2001-09,486.83594199761,,F,A,
M,CN,B,USD,_Z,B,,"From January 2002 onwards: monthly balance sheet of the People's Bank of China. Between 1993 and 2001: sum of foreign assets (net), claims against the government, bank claims on deposit money, claims against non-monetary financial institutions and claims on the non-financial sector. Before 2000: Almanac of China's finance and banking.",BIS-spliced,The data in billions of US dollars are calculated using market exchange rates.,,3,9,,"This series is adjusted for breaks. Break-adjustment calculations follow the methodology outlined in the BIS Quarterly Review (2013). For further detail, see https://www.bis.org/publ/qtrpdf/r_qt1303z.htm",People's Bank of China; Bank for International Settlements.,5B0,"China - Central bank, assets, total, BIS-spliced, USD",,E,2001-10,499.11453853068,,F,A,
M,CN,B,USD,_Z,B,,"From January 2002 onwards: monthly balance sheet of the People's Bank of China. Between 1993 and 2001: sum of foreign assets (net), claims against the government, bank claims on deposit money, claims against non-monetary financial institutions and claims on the non-financial sector. Before 2000: Almanac of China's finance and banking.",BIS-spliced,The data in billions of US dollars are calculated using market exchange rates.,,3,9,,"This series is adjusted for breaks. Break-adjustment calculations follow the methodology outlined in the BIS Quarterly Review (2013). For further detail, see https://www.bis.org/publ/qtrpdf/r_qt1303z.htm",People's Bank of China; Bank for International Settlements.,5B0,"China - Central bank, assets, total, BIS-spliced, USD",,E,2001-11,505.510612564,,F,A,
M,CN,B,USD,_Z,B,,"From January 2002 onwards: monthly balance sheet of the People's Bank of China. Between 1993 and 2001: sum of foreign assets (net), claims against the government, bank claims on deposit money, claims against non-monetary financial institutions and claims on the non-financial sector. Before 2000: Almanac of China's finance and banking.",BIS-spliced,The data in billions of US dollars are calculated using market exchange rates.,,3,9,,"This series is adjusted for breaks. Break-adjustment calculations follow the methodology outlined in the BIS Quarterly Review (2013). For further detail, see https://www.bis.org/publ/qtrpdf/r_qt1303z.htm",People's Bank of China; Bank for International Settlements.,5B0,"China - Central bank, assets, total, BIS-spliced, USD",,E,2001-12,516.32594847128,,F,A,
M,CN,B,USD,_Z,B,,"From January 2002 onwards: monthly balance sheet of the People's Bank of China. Between 1993 and 2001: sum of foreign assets (net), claims against the government, bank claims on deposit money, claims against non-monetary financial institutions and claims on the non-financial sector. Before 2000: Almanac of China's finance and banking.",BIS-spliced,The data in billions of US dollars are calculated using market exchange rates.,,3,9,,"This series is adjusted for breaks. Break-adjustment calculations follow the methodology outlined in the BIS Quarterly Review (2013). For further detail, see https://www.bis.org/publ/qtrpdf/r_qt1303z.htm",People's Bank of China; Bank for International Settlements.,5B0,"China - Central bank, assets, total, BIS-spliced, USD",,E,2002-01,547.43644638096,,F,A,
M,CN,B,USD,_Z,B,,"From January 2002 onwards: monthly balance sheet of the People's Bank of China. Between 1993 and 2001: sum of foreign assets (net), claims against the government, bank claims on deposit money, claims against non-monetary financial institutions and claims on the non-financial sector. Before 2000: Almanac of China's finance and banking.",BIS-spliced,The data in billions of US dollars are calculated using market exchange rates.,,3,9,,"This series is adjusted for breaks. Break-adjustment calculations follow the methodology outlined in the BIS Quarterly Review (2013). For further detail, see https://www.bis.org/publ/qtrpdf/r_qt1303z.htm",People's Bank of China; Bank for International Settlements.,5B0,"China - Central bank, assets, total, BIS-spliced, USD",,E,2002-02,555.19102298645,,F,A,
M,CN,B,USD,_Z,B,,"From January 2002 onwards: monthly balance sheet of the People's Bank of China. Between 1993 and 2001: sum of foreign assets (net), claims against the government, bank claims on deposit money, claims against non-monetary financial institutions and claims on the non-financial sector. Before 2000: Almanac of China's finance and banking.",BIS-spliced,The data in billions of US dollars are calculated using market exchange rates.,,3,9,,"This series is adjusted for breaks. Break-adjustment calculations follow the methodology outlined in the BIS Quarterly Review (2013). For further detail, see https://www.bis.org/publ/qtrpdf/r_qt1303z.htm",People's Bank of China; Bank for International Settlements.,5B0,"China - Central bank, assets, total, BIS-spliced, USD",,E,2002-03,568.41699194351,,F,A,
M,CN,B,USD,_Z,B,,"From January 2002 onwards: monthly balance sheet of the People's Bank of China. Between 1993 and 2001: sum of foreign assets (net), claims against the government, bank claims on deposit money, claims against non-monetary financial institutions and claims on the non-financial sector. Before 2000: Almanac of China's finance and banking.",BIS-spliced,The data in billions of US dollars are calculated using market exchange rates.,,3,9,,"This series is adjusted for breaks. Break-adjustment calculations follow the methodology outlined in the BIS Quarterly Review (2013). For further detail, see https://www.bis.org/publ/qtrpdf/r_qt1303z.htm",People's Bank of China; Bank for International Settlements.,5B0,"China - Central bank, assets, total, BIS-spliced, USD",,E,2002-04,573.26625086263,,F,A,
M,CN,B,USD,_Z,B,,"From January 2002 onwards: monthly balance sheet of the People's Bank of China. Between 1993 and 2001: sum of foreign assets (net), claims against the government, bank claims on deposit money, claims against non-monetary financial institutions and claims on the non-financial sector. Before 2000: Almanac of China's finance and banking.",BIS-spliced,The data in billions of US dollars are calculated using market exchange rates.,,3,9,,"This series is adjusted for breaks. Break-adjustment calculations follow the methodology outlined in the BIS Quarterly Review (2013). For further detail, see https://www.bis.org/publ/qtrpdf/r_qt1303z.htm",People's Bank of China; Bank for International Settlements.,5B0,"China - Central bank, assets, total, BIS-spliced, USD",,E,2002-05,565.03828268744,,F,A,
M,CN,B,USD,_Z,B,,"From January 2002 onwards: monthly balance sheet of the People's Bank of China. Between 1993 and 2001: sum of foreign assets (net), claims against the government, bank claims on deposit money, claims against non-monetary financial institutions and claims on the non-financial sector. Before 2000: Almanac of China's finance and banking.",BIS-spliced,The data in billions of US dollars are calculated using market exchange rates.,,3,9,,"This series is adjusted for breaks. Break-adjustment calculations follow the methodology outlined in the BIS Quarterly Review (2013). For further detail, see https://www.bis.org/publ/qtrpdf/r_qt1303z.htm",People's Bank of China; Bank for International Settlements.,5B0,"China - Central bank, assets, total, BIS-spliced, USD",,E,2002-06,563.16135137016,,F,A,
M,CN,B,USD,_Z,B,,"From January 2002 onwards: monthly balance sheet of the People's Bank of China. Between 1993 and 2001: sum of foreign assets (net), claims against the government, bank claims on deposit money, claims against non-monetary financial institutions and claims on the non-financial sector. Before 2000: Almanac of China's finance and banking.",BIS-spliced,The data in billions of US dollars are calculated using market exchange rates.,,3,9,,"This series is adjusted for breaks. Break-adjustment calculations follow the methodology outlined in the BIS Quarterly Review (2013). For further detail, see https://www.bis.org/publ/qtrpdf/r_qt1303z.htm",People's Bank of China; Bank for International Settlements.,5B0,"China - Central bank, assets, total, BIS-spliced, USD",,E,2002-07,569.37317106381,,F,A,
M,CN,B,USD,_Z,B,,"From January 2002 onwards: monthly balance sheet of the People's Bank of China. Between 1993 and 2001: sum of foreign assets (net), claims against the government, bank claims on deposit money, claims against non-monetary financial institutions and claims on the non-financial sector. Before 2000: Almanac of China's finance and banking.",BIS-spliced,The data in billions of US dollars are calculated using market exchange rates.,,3,9,,"This series is adjusted for breaks. Break-adjustment calculations follow the methodology outlined in the BIS Quarterly Review (2013). For further detail, see https://www.bis.org/publ/qtrpdf/r_qt1303z.htm",People's Bank of China; Bank for International Settlements.,5B0,"China - Central bank, assets, total, BIS-spliced, USD",,E,2002-08,576.86613525196,,F,A,
M,CN,B,USD,_Z,B,,"From January 2002 onwards: monthly balance sheet of the People's Bank of China. Between 1993 and 2001: sum of foreign assets (net), claims against the government, bank claims on deposit money, claims against non-monetary financial institutions and claims on the non-financial sector. Before 2000: Almanac of China's finance and banking.",BIS-spliced,The data in billions of US dollars are calculated using market exchange rates.,,3,9,,"This series is adjusted for breaks. Break-adjustment calculations follow the methodology outlined in the BIS Quarterly Review (2013). For further detail, see https://www.bis.org/publ/qtrpdf/r_qt1303z.htm",People's Bank of China; Bank for International Settlements.,5B0,"China - Central bank, assets, total, BIS-spliced, USD",,E,2002-09,583.11016412029,,F,A,
M,CN,B,USD,_Z,B,,"From January 2002 onwards: monthly balance sheet of the People's Bank of China. Between 1993 and 2001: sum of foreign assets (net), claims against the government, bank claims on deposit money, claims against non-monetary financial institutions and claims on the non-financial sector. Before 2000: Almanac of China's finance and banking.",BIS-spliced,The data in billions of US dollars are calculated using market exchange rates.,,3,9,,"This series is adjusted for breaks. Break-adjustment calculations follow the methodology outlined in the BIS Quarterly Review (2013). For further detail, see https://www.bis.org/publ/qtrpdf/r_qt1303z.htm",People's Bank of China; Bank for International Settlements.,5B0,"China - Central bank, assets, total, BIS-spliced, USD",,E,2002-10,587.46543268808,,F,A,
M,CN,B,USD,_Z,B,,"From January 2002 onwards: monthly balance sheet of the People's Bank of China. Between 1993 and 2001: sum of foreign assets (net), claims against the government, bank claims on deposit money, claims against non-monetary financial institutions and claims on the non-financial sector. Before 2000: Almanac of China's finance and banking.",BIS-spliced,The data in billions of US dollars are calculated using market exchange rates.,,3,9,,"This series is adjusted for breaks. Break-adjustment calculations follow the methodology outlined in the BIS Quarterly Review (2013). For further detail, see https://www.bis.org/publ/qtrpdf/r_qt1303z.htm",People's Bank of China; Bank for International Settlements.,5B0,"China - Central bank, assets, total, BIS-spliced, USD",,E,2002-11,593.16225086752,,F,A,
M,CN,B,USD,_Z,B,,"From January 2002 onwards: monthly balance sheet of the People's Bank of China. Between 1993 and 2001: sum of foreign assets (net), claims against the government, bank claims on deposit money, claims against non-monetary financial institutions and claims on the non-financial sector. Before 2000: Almanac of China's finance and banking.",BIS-spliced,The data in billions of US dollars are calculated using market exchange rates.,,3,9,,"This series is adjusted for breaks. Break-adjustment calculations follow the methodology outlined in the BIS Quarterly Review (2013). For further detail, see https://www.bis.org/publ/qtrpdf/r_qt1303z.htm",People's Bank of China; Bank for International Settlements.,5B0,"China - Central bank, assets, total, BIS-spliced, USD",,E,2002-12,617.46427755917,,F,A,
M,CN,B,USD,_Z,B,,"From January 2002 onwards: monthly balance sheet of the People's Bank of China. Between 1993 and 2001: sum of foreign assets (net), claims against the government, bank claims on deposit money, claims against non-monetary financial institutions and claims on the non-financial sector. Before 2000: Almanac of China's finance and banking.",BIS-spliced,The data in billions of US dollars are calculated using market exchange rates.,,3,9,,"This series is adjusted for breaks. Break-adjustment calculations follow the methodology outlined in the BIS Quarterly Review (2013). For further detail, see https://www.bis.org/publ/qtrpdf/r_qt1303z.htm",People's Bank of China; Bank for International Settlements.,5B0,"China - Central bank, assets, total, BIS-spliced, USD",,E,2003-01,632.31326530625,,F,A,
M,CN,B,USD,_Z,B,,"From January 2002 onwards: monthly balance sheet of the People's Bank of China. Between 1993 and 2001: sum of foreign assets (net), claims against the government, bank claims on deposit money, claims against non-monetary financial institutions and claims on the non-financial sector. Before 2000: Almanac of China's finance and banking.",BIS-spliced,The data in billions of US dollars are calculated using market exchange rates.,,3,9,,"This series is adjusted for breaks. Break-adjustment calculations follow the methodology outlined in the BIS Quarterly Review (2013). For further detail, see https://www.bis.org/publ/qtrpdf/r_qt1303z.htm",People's Bank of China; Bank for International Settlements.,5B0,"China - Central bank, assets, total, BIS-spliced, USD",,E,2003-02,630.40489373249,,F,A,
M,CN,B,USD,_Z,B,,"From January 2002 onwards: monthly balance sheet of the People's Bank of China. Between 1993 and 2001: sum of foreign assets (net), claims against the government, bank claims on deposit money, claims against non-monetary financial institutions and claims on the non-financial sector. Before 2000: Almanac of China's finance and banking.",BIS-spliced,The data in billions of US dollars are calculated using market exchange rates.,,3,9,,"This series is adjusted for breaks. Break-adjustment calculations follow the methodology outlined in the BIS Quarterly Review (2013). For further detail, see https://www.bis.org/publ/qtrpdf/r_qt1303z.htm",People's Bank of China; Bank for International Settlements.,5B0,"China - Central bank, assets, total, BIS-spliced, USD",,E,2003-03,637.99829600261,,F,A,
M,CN,B,USD,_Z,B,,"From January 2002 onwards: monthly balance sheet of the People's Bank of China. Between 1993 and 2001: sum of foreign assets (net), claims against the government, bank claims on deposit money, claims against non-monetary financial institutions and claims on the non-financial sector. Before 2000: Almanac of China's finance and banking.",BIS-spliced,The data in billions of US dollars are calculated using market exchange rates.,,3,9,,"This series is adjusted for breaks. Break-adjustment calculations follow the methodology outlined in the BIS Quarterly Review (2013). For further detail, see https://www.bis.org/publ/qtrpdf/r_qt1303z.htm",People's Bank of China; Bank for International Settlements.,5B0,"China - Central bank, assets, total, BIS-spliced, USD",,E,2003-04,660.80454040329,,F,A,
M,CN,B,USD,_Z,B,,"From January 2002 onwards: monthly balance sheet of the People's Bank of China. Between 1993 and 2001: sum of foreign assets (net), claims against the government, bank claims on deposit money, claims against non-monetary financial institutions and claims on the non-financial sector. Before 2000: Almanac of China's finance and banking.",BIS-spliced,The data in billions of US dollars are calculated using market exchange rates.,,3,9,,"This series is adjusted for breaks. Break-adjustment calculations follow the methodology outlined in the BIS Quarterly Review (2013). For further detail, see https://www.bis.org/publ/qtrpdf/r_qt1303z.htm",People's Bank of China; Bank for International Settlements.,5B0,"China - Central bank, assets, total, BIS-spliced, USD",,E,2003-05,649.31329199642,,F,A,
M,CN,B,USD,_Z,B,,"From January 2002 onwards: monthly balance sheet of the People's Bank of China. Between 1993 and 2001: sum of foreign assets (net), claims against the government, bank claims on deposit money, claims against non-monetary financial institutions and claims on the non-financial sector. Before 2000: Almanac of China's finance and banking.",BIS-spliced,The data in billions of US dollars are calculated using market exchange rates.,,3,9,,"This series is adjusted for breaks. Break-adjustment calculations follow the methodology outlined in the BIS Quarterly Review (2013). For further detail, see https://www.bis.org/publ/qtrpdf/r_qt1303z.htm",People's Bank of China; Bank for International Settlements.,5B0,"China - Central bank, assets, total, BIS-spliced, USD",,E,2003-06,655.92385431588,,F,A,
M,CN,B,USD,_Z,B,,"From January 2002 onwards: monthly balance sheet of the People's Bank of China. Between 1993 and 2001: sum of foreign assets (net), claims against the government, bank claims on deposit money, claims against non-monetary financial institutions and claims on the non-financial sector. Before 2000: Almanac of China's finance and banking.",BIS-spliced,The data in billions of US dollars are calculated using market exchange rates.,,3,9,,"This series is adjusted for breaks. Break-adjustment calculations follow the methodology outlined in the BIS Quarterly Review (2013). For further detail, see https://www.bis.org/publ/qtrpdf/r_qt1303z.htm",People's Bank of China; Bank for International Settlements.,5B0,"China - Central bank, assets, total, BIS-spliced, USD",,E,2003-07,665.51242287053,,F,A,
M,CN,B,USD,_Z,B,,"From January 2002 onwards: monthly balance sheet of the People's Bank of China. Between 1993 and 2001: sum of foreign assets (net), claims against the government, bank claims on deposit money, claims against non-monetary financial institutions and claims on the non-financial sector. Before 2000: Almanac of China's finance and banking.",BIS-spliced,The data in billions of US dollars are calculated using market exchange rates.,,3,9,,"This series is adjusted for breaks. Break-adjustment calculations follow the methodology outlined in the BIS Quarterly Review (2013). For further detail, see https://www.bis.org/publ/qtrpdf/r_qt1303z.htm",People's Bank of China; Bank for International Settlements.,5B0,"China - Central bank, assets, total, BIS-spliced, USD",,E,2003-08,685.55410038879,,F,A,
M,CN,B,USD,_Z,B,,"From January 2002 onwards: monthly balance sheet of the People's Bank of China. Between 1993 and 2001: sum of foreign assets (net), claims against the government, bank claims on deposit money, claims against non-monetary financial institutions and claims on the non-financial sector. Before 2000: Almanac of China's finance and banking.",BIS-spliced,The data in billions of US dollars are calculated using market exchange rates.,,3,9,,"This series is adjusted for breaks. Break-adjustment calculations follow the methodology outlined in the BIS Quarterly Review (2013). For further detail, see https://www.bis.org/publ/qtrpdf/r_qt1303z.htm",People's Bank of China; Bank for International Settlements.,5B0,"China - Central bank, assets, total, BIS-spliced, USD",,E,2003-09,700.11262488471,,F,A,
M,CN,B,USD,_Z,B,,"From January 2002 onwards: monthly balance sheet of the People's Bank of China. Between 1993 and 2001: sum of foreign assets (net), claims against the government, bank claims on deposit money, claims against non-monetary financial institutions and claims on the non-financial sector. Before 2000: Almanac of China's finance and banking.",BIS-spliced,The data in billions of US dollars are calculated using market exchange rates.,,3,9,,"This series is adjusted for breaks. Break-adjustment calculations follow the methodology outlined in the BIS Quarterly Review (2013). For further detail, see https://www.bis.org/publ/qtrpdf/r_qt1303z.htm",People's Bank of China; Bank for International Settlements.,5B0,"China - Central bank, assets, total, BIS-spliced, USD",,E,2003-10,717.71559053881,,F,A,
M,CN,B,USD,_Z,B,,"From January 2002 onwards: monthly balance sheet of the People's Bank of China. Between 1993 and 2001: sum of foreign assets (net), claims against the government, bank claims on deposit money, claims against non-monetary financial institutions and claims on the non-financial sector. Before 2000: Almanac of China's finance and banking.",BIS-spliced,The data in billions of US dollars are calculated using market exchange rates.,,3,9,,"This series is adjusted for breaks. Break-adjustment calculations follow the methodology outlined in the BIS Quarterly Review (2013). For further detail, see https://www.bis.org/publ/qtrpdf/r_qt1303z.htm",People's Bank of China; Bank for International Settlements.,5B0,"China - Central bank, assets, total, BIS-spliced, USD",,E,2003-11,724.53114496461,,F,A,
M,CN,B,USD,_Z,B,,"From January 2002 onwards: monthly balance sheet of the People's Bank of China. Between 1993 and 2001: sum of foreign assets (net), claims against the government, bank claims on deposit money, claims against non-monetary financial institutions and claims on the non-financial sector. Before 2000: Almanac of China's finance and banking.",BIS-spliced,The data in billions of US dollars are calculated using market exchange rates.,,3,9,,"This series is adjusted for breaks. Break-adjustment calculations follow the methodology outlined in the BIS Quarterly Review (2013). For further detail, see https://www.bis.org/publ/qtrpdf/r_qt1303z.htm",People's Bank of China; Bank for International Settlements.,5B0,"China - Central bank, assets, total, BIS-spliced, USD",,E,2003-12,749.10919230899,,F,A,
M,CN,B,USD,_Z,B,,"From January 2002 onwards: monthly balance sheet of the People's Bank of China. Between 1993 and 2001: sum of foreign assets (net), claims against the government, bank claims on deposit money, claims against non-monetary financial institutions and claims on the non-financial sector. Before 2000: Almanac of China's finance and banking.",BIS-spliced,The data in billions of US dollars are calculated using market exchange rates.,,3,9,,"This series is adjusted for breaks. Break-adjustment calculations follow the methodology outlined in the BIS Quarterly Review (2013). For further detail, see https://www.bis.org/publ/qtrpdf/r_qt1303z.htm",People's Bank of China; Bank for International Settlements.,5B0,"China - Central bank, assets, total, BIS-spliced, USD",,E,2004-01,774.83535641666,,F,A,
M,CN,B,USD,_Z,B,,"From January 2002 onwards: monthly balance sheet of the People's Bank of China. Between 1993 and 2001: sum of foreign assets (net), claims against the government, bank claims on deposit money, claims against non-monetary financial institutions and claims on the non-financial sector. Before 2000: Almanac of China's finance and banking.",BIS-spliced,The data in billions of US dollars are calculated using market exchange rates.,,3,9,,"This series is adjusted for breaks. Break-adjustment calculations follow the methodology outlined in the BIS Quarterly Review (2013). For further detail, see https://www.bis.org/publ/qtrpdf/r_qt1303z.htm",People's Bank of China; Bank for International Settlements.,5B0,"China - Central bank, assets, total, BIS-spliced, USD",,E,2004-02,768.91686944705,,F,A,
M,CN,B,USD,_Z,B,,"From January 2002 onwards: monthly balance sheet of the People's Bank of China. Between 1993 and 2001: sum of foreign assets (net), claims against the government, bank claims on deposit money, claims against non-monetary financial institutions and claims on the non-financial sector. Before 2000: Almanac of China's finance and banking.",BIS-spliced,The data in billions of US dollars are calculated using market exchange rates.,,3,9,,"This series is adjusted for breaks. Break-adjustment calculations follow the methodology outlined in the BIS Quarterly Review (2013). For further detail, see https://www.bis.org/publ/qtrpdf/r_qt1303z.htm",People's Bank of China; Bank for International Settlements.,5B0,"China - Central bank, assets, total, BIS-spliced, USD",,E,2004-03,780.12735538352,,F,A,
M,CN,B,USD,_Z,B,,"From January 2002 onwards: monthly balance sheet of the People's Bank of China. Between 1993 and 2001: sum of foreign assets (net), claims against the government, bank claims on deposit money, claims against non-monetary financial institutions and claims on the non-financial sector. Before 2000: Almanac of China's finance and banking.",BIS-spliced,The data in billions of US dollars are calculated using market exchange rates.,,3,9,,"This series is adjusted for breaks. Break-adjustment calculations follow the methodology outlined in the BIS Quarterly Review (2013). For further detail, see https://www.bis.org/publ/qtrpdf/r_qt1303z.htm",People's Bank of China; Bank for International Settlements.,5B0,"China - Central bank, assets, total, BIS-spliced, USD",,E,2004-04,813.37420957193,,F,A,
M,CN,B,USD,_Z,B,,"From January 2002 onwards: monthly balance sheet of the People's Bank of China. Between 1993 and 2001: sum of foreign assets (net), claims against the government, bank claims on deposit money, claims against non-monetary financial institutions and claims on the non-financial sector. Before 2000: Almanac of China's finance and banking.",BIS-spliced,The data in billions of US dollars are calculated using market exchange rates.,,3,9,,"This series is adjusted for breaks. Break-adjustment calculations follow the methodology outlined in the BIS Quarterly Review (2013). For further detail, see https://www.bis.org/publ/qtrpdf/r_qt1303z.htm",People's Bank of China; Bank for International Settlements.,5B0,"China - Central bank, assets, total, BIS-spliced, USD",,E,2004-05,792.50365170535,,F,A,
M,CN,B,USD,_Z,B,,"From January 2002 onwards: monthly balance sheet of the People's Bank of China. Between 1993 and 2001: sum of foreign assets (net), claims against the government, bank claims on deposit money, claims against non-monetary financial institutions and claims on the non-financial sector. Before 2000: Almanac of China's finance and banking.",BIS-spliced,The data in billions of US dollars are calculated using market exchange rates.,,3,9,,"This series is adjusted for breaks. Break-adjustment calculations follow the methodology outlined in the BIS Quarterly Review (2013). For further detail, see https://www.bis.org/publ/qtrpdf/r_qt1303z.htm",People's Bank of China; Bank for International Settlements.,5B0,"China - Central bank, assets, total, BIS-spliced, USD",,E,2004-06,831.93785106523,,F,A,
M,CN,B,USD,_Z,B,,"From January 2002 onwards: monthly balance sheet of the People's Bank of China. Between 1993 and 2001: sum of foreign assets (net), claims against the government, bank claims on deposit money, claims against non-monetary financial institutions and claims on the non-financial sector. Before 2000: Almanac of China's finance and banking.",BIS-spliced,The data in billions of US dollars are calculated using market exchange rates.,,3,9,,"This series is adjusted for breaks. Break-adjustment calculations follow the methodology outlined in the BIS Quarterly Review (2013). For further detail, see https://www.bis.org/publ/qtrpdf/r_qt1303z.htm",People's Bank of China; Bank for International Settlements.,5B0,"China - Central bank, assets, total, BIS-spliced, USD",,E,2004-07,841.98484117296,,F,A,
M,CN,B,USD,_Z,B,,"From January 2002 onwards: monthly balance sheet of the People's Bank of China. Between 1993 and 2001: sum of foreign assets (net), claims against the government, bank claims on deposit money, claims against non-monetary financial institutions and claims on the non-financial sector. Before 2000: Almanac of China's finance and banking.",BIS-spliced,The data in billions of US dollars are calculated using market exchange rates.,,3,9,,"This series is adjusted for breaks. Break-adjustment calculations follow the methodology outlined in the BIS Quarterly Review (2013). For further detail, see https://www.bis.org/publ/qtrpdf/r_qt1303z.htm",People's Bank of China; Bank for International Settlements.,5B0,"China - Central bank, assets, total, BIS-spliced, USD",,E,2004-08,850.45989785202,,F,A,
M,CN,B,USD,_Z,B,,"From January 2002 onwards: monthly balance sheet of the People's Bank of China. Between 1993 and 2001: sum of foreign assets (net), claims against the government, bank claims on deposit money, claims against non-monetary financial institutions and claims on the non-financial sector. Before 2000: Almanac of China's finance and banking.",BIS-spliced,The data in billions of US dollars are calculated using market exchange rates.,,3,9,,"This series is adjusted for breaks. Break-adjustment calculations follow the methodology outlined in the BIS Quarterly Review (2013). For further detail, see https://www.bis.org/publ/qtrpdf/r_qt1303z.htm",People's Bank of China; Bank for International Settlements.,5B0,"China - Central bank, assets, total, BIS-spliced, USD",,E,2004-09,865.33106975717,,F,A,
M,CN,B,USD,_Z,B,,"From January 2002 onwards: monthly balance sheet of the People's Bank of China. Between 1993 and 2001: sum of foreign assets (net), claims against the government, bank claims on deposit money, claims against non-monetary financial institutions and claims on the non-financial sector. Before 2000: Almanac of China's finance and banking.",BIS-spliced,The data in billions of US dollars are calculated using market exchange rates.,,3,9,,"This series is adjusted for breaks. Break-adjustment calculations follow the methodology outlined in the BIS Quarterly Review (2013). For further detail, see https://www.bis.org/publ/qtrpdf/r_qt1303z.htm",People's Bank of China; Bank for International Settlements.,5B0,"China - Central bank, assets, total, BIS-spliced, USD",,E,2004-10,886.81380044404,,F,A,
M,CN,B,USD,_Z,B,,"From January 2002 onwards: monthly balance sheet of the People's Bank of China. Between 1993 and 2001: sum of foreign assets (net), claims against the government, bank claims on deposit money, claims against non-monetary financial institutions and claims on the non-financial sector. Before 2000: Almanac of China's finance and banking.",BIS-spliced,The data in billions of US dollars are calculated using market exchange rates.,,3,9,,"This series is adjusted for breaks. Break-adjustment calculations follow the methodology outlined in the BIS Quarterly Review (2013). For further detail, see https://www.bis.org/publ/qtrpdf/r_qt1303z.htm",People's Bank of China; Bank for International Settlements.,5B0,"China - Central bank, assets, total, BIS-spliced, USD",,E,2004-11,924.94310156695,,F,A,
M,CN,B,USD,_Z,B,,"From January 2002 onwards: monthly balance sheet of the People's Bank of China. Between 1993 and 2001: sum of foreign assets (net), claims against the government, bank claims on deposit money, claims against non-monetary financial institutions and claims on the non-financial sector. Before 2000: Almanac of China's finance and banking.",BIS-spliced,The data in billions of US dollars are calculated using market exchange rates.,,3,9,,"This series is adjusted for breaks. Break-adjustment calculations follow the methodology outlined in the BIS Quarterly Review (2013). For further detail, see https://www.bis.org/publ/qtrpdf/r_qt1303z.htm",People's Bank of China; Bank for International Settlements.,5B0,"China - Central bank, assets, total, BIS-spliced, USD",,E,2004-12,950.28802105691,,F,A,
M,CN,B,USD,_Z,B,,"From January 2002 onwards: monthly balance sheet of the People's Bank of China. Between 1993 and 2001: sum of foreign assets (net), claims against the government, bank claims on deposit money, claims against non-monetary financial institutions and claims on the non-financial sector. Before 2000: Almanac of China's finance and banking.",BIS-spliced,The data in billions of US dollars are calculated using market exchange rates.,,3,9,,"This series is adjusted for breaks. Break-adjustment calculations follow the methodology outlined in the BIS Quarterly Review (2013). For further detail, see https://www.bis.org/publ/qtrpdf/r_qt1303z.htm",People's Bank of China; Bank for International Settlements.,5B0,"China - Central bank, assets, total, BIS-spliced, USD",,E,2005-01,971.97917657109,,F,A,
M,CN,B,USD,_Z,B,,"From January 2002 onwards: monthly balance sheet of the People's Bank of China. Between 1993 and 2001: sum of foreign assets (net), claims against the government, bank claims on deposit money, claims against non-monetary financial institutions and claims on the non-financial sector. Before 2000: Almanac of China's finance and banking.",BIS-spliced,The data in billions of US dollars are calculated using market exchange rates.,,3,9,,"This series is adjusted for breaks. Break-adjustment calculations follow the methodology outlined in the BIS Quarterly Review (2013). For further detail, see https://www.bis.org/publ/qtrpdf/r_qt1303z.htm",People's Bank of China; Bank for International Settlements.,5B0,"China - Central bank, assets, total, BIS-spliced, USD",,E,2005-02,986.68633727301,,F,A,
M,CN,B,USD,_Z,B,,"From January 2002 onwards: monthly balance sheet of the People's Bank of China. Between 1993 and 2001: sum of foreign assets (net), claims against the government, bank claims on deposit money, claims against non-monetary financial institutions and claims on the non-financial sector. Before 2000: Almanac of China's finance and banking.",BIS-spliced,The data in billions of US dollars are calculated using market exchange rates.,,3,9,,"This series is adjusted for breaks. Break-adjustment calculations follow the methodology outlined in the BIS Quarterly Review (2013). For further detail, see https://www.bis.org/publ/qtrpdf/r_qt1303z.htm",People's Bank of China; Bank for International Settlements.,5B0,"China - Central bank, assets, total, BIS-spliced, USD",,E,2005-03,1003.3722371324,,F,A,
M,CN,B,USD,_Z,B,,"From January 2002 onwards: monthly balance sheet of the People's Bank of China. Between 1993 and 2001: sum of foreign assets (net), claims against the government, bank claims on deposit money, claims against non-monetary financial institutions and claims on the non-financial sector. Before 2000: Almanac of China's finance and banking.",BIS-spliced,The data in billions of US dollars are calculated using market exchange rates.,,3,9,,"This series is adjusted for breaks. Break-adjustment calculations follow the methodology outlined in the BIS Quarterly Review (2013). For further detail, see https://www.bis.org/publ/qtrpdf/r_qt1303z.htm",People's Bank of China; Bank for International Settlements.,5B0,"China - Central bank, assets, total, BIS-spliced, USD",,E,2005-04,1023.4491991209,,F,A,
M,CN,B,USD,_Z,B,,"From January 2002 onwards: monthly balance sheet of the People's Bank of China. Between 1993 and 2001: sum of foreign assets (net), claims against the government, bank claims on deposit money, claims against non-monetary financial institutions and claims on the non-financial sector. Before 2000: Almanac of China's finance and banking.",BIS-spliced,The data in billions of US dollars are calculated using market exchange rates.,,3,9,,"This series is adjusted for breaks. Break-adjustment calculations follow the methodology outlined in the BIS Quarterly Review (2013). For further detail, see https://www.bis.org/publ/qtrpdf/r_qt1303z.htm",People's Bank of China; Bank for International Settlements.,5B0,"China - Central bank, assets, total, BIS-spliced, USD",,E,2005-05,1047.4074972643,,F,A,
M,CN,B,USD,_Z,B,,"From January 2002 onwards: monthly balance sheet of the People's Bank of China. Between 1993 and 2001: sum of foreign assets (net), claims against the government, bank claims on deposit money, claims against non-monetary financial institutions and claims on the non-financial sector. Before 2000: Almanac of China's finance and banking.",BIS-spliced,The data in billions of US dollars are calculated using market exchange rates.,,3,9,,"This series is adjusted for breaks. Break-adjustment calculations follow the methodology outlined in the BIS Quarterly Review (2013). For further detail, see https://www.bis.org/publ/qtrpdf/r_qt1303z.htm",People's Bank of China; Bank for International Settlements.,5B0,"China - Central bank, assets, total, BIS-spliced, USD",,E,2005-06,1118.4346358542,,F,A,
M,CN,B,USD,_Z,B,,"From January 2002 onwards: monthly balance sheet of the People's Bank of China. Between 1993 and 2001: sum of foreign assets (net), claims against the government, bank claims on deposit money, claims against non-monetary financial institutions and claims on the non-financial sector. Before 2000: Almanac of China's finance and banking.",BIS-spliced,The data in billions of US dollars are calculated using market exchange rates.,,3,9,,"This series is adjusted for breaks. Break-adjustment calculations follow the methodology outlined in the BIS Quarterly Review (2013). For further detail, see https://www.bis.org/publ/qtrpdf/r_qt1303z.htm",People's Bank of China; Bank for International Settlements.,5B0,"China - Central bank, assets, total, BIS-spliced, USD",,E,2005-07,1172.7061963843,,F,A,
M,CN,B,USD,_Z,B,,"From January 2002 onwards: monthly balance sheet of the People's Bank of China. Between 1993 and 2001: sum of foreign assets (net), claims against the government, bank claims on deposit money, claims against non-monetary financial institutions and claims on the non-financial sector. Before 2000: Almanac of China's finance and banking.",BIS-spliced,The data in billions of US dollars are calculated using market exchange rates.,,3,9,,"This series is adjusted for breaks. Break-adjustment calculations follow the methodology outlined in the BIS Quarterly Review (2013). For further detail, see https://www.bis.org/publ/qtrpdf/r_qt1303z.htm",People's Bank of China; Bank for International Settlements.,5B0,"China - Central bank, assets, total, BIS-spliced, USD",,E,2005-08,1193.1632626605,,F,A,
M,CN,B,USD,_Z,B,,"From January 2002 onwards: monthly balance sheet of the People's Bank of China. Between 1993 and 2001: sum of foreign assets (net), claims against the government, bank claims on deposit money, claims against non-monetary financial institutions and claims on the non-financial sector. Before 2000: Almanac of China's finance and banking.",BIS-spliced,The data in billions of US dollars are calculated using market exchange rates.,,3,9,,"This series is adjusted for breaks. Break-adjustment calculations follow the methodology outlined in the BIS Quarterly Review (2013). For further detail, see https://www.bis.org/publ/qtrpdf/r_qt1303z.htm",People's Bank of China; Bank for International Settlements.,5B0,"China - Central bank, assets, total, BIS-spliced, USD",,E,2005-09,1221.5074843571,,F,A,
M,CN,B,USD,_Z,B,,"From January 2002 onwards: monthly balance sheet of the People's Bank of China. Between 1993 and 2001: sum of foreign assets (net), claims against the government, bank claims on deposit money, claims against non-monetary financial institutions and claims on the non-financial sector. Before 2000: Almanac of China's finance and banking.",BIS-spliced,The data in billions of US dollars are calculated using market exchange rates.,,3,9,,"This series is adjusted for breaks. Break-adjustment calculations follow the methodology outlined in the BIS Quarterly Review (2013). For further detail, see https://www.bis.org/publ/qtrpdf/r_qt1303z.htm",People's Bank of China; Bank for International Settlements.,5B0,"China - Central bank, assets, total, BIS-spliced, USD",,E,2005-10,1242.259853881,,F,A,
M,CN,B,USD,_Z,B,,"From January 2002 onwards: monthly balance sheet of the People's Bank of China. Between 1993 and 2001: sum of foreign assets (net), claims against the government, bank claims on deposit money, claims against non-monetary financial institutions and claims on the non-financial sector. Before 2000: Almanac of China's finance and banking.",BIS-spliced,The data in billions of US dollars are calculated using market exchange rates.,,3,9,,"This series is adjusted for breaks. Break-adjustment calculations follow the methodology outlined in the BIS Quarterly Review (2013). For further detail, see https://www.bis.org/publ/qtrpdf/r_qt1303z.htm",People's Bank of China; Bank for International Settlements.,5B0,"China - Central bank, assets, total, BIS-spliced, USD",,E,2005-11,1259.7858937592,,F,A,
M,CN,B,USD,_Z,B,,"From January 2002 onwards: monthly balance sheet of the People's Bank of China. Between 1993 and 2001: sum of foreign assets (net), claims against the government, bank claims on deposit money, claims against non-monetary financial institutions and claims on the non-financial sector. Before 2000: Almanac of China's finance and banking.",BIS-spliced,The data in billions of US dollars are calculated using market exchange rates.,,3,9,,"This series is adjusted for breaks. Break-adjustment calculations follow the methodology outlined in the BIS Quarterly Review (2013). For further detail, see https://www.bis.org/publ/qtrpdf/r_qt1303z.htm",People's Bank of China; Bank for International Settlements.,5B0,"China - Central bank, assets, total, BIS-spliced, USD",,E,2005-12,1284.6791530357,,F,A,
M,CN,B,USD,_Z,B,,"From January 2002 onwards: monthly balance sheet of the People's Bank of China. Between 1993 and 2001: sum of foreign assets (net), claims against the government, bank claims on deposit money, claims against non-monetary financial institutions and claims on the non-financial sector. Before 2000: Almanac of China's finance and banking.",BIS-spliced,The data in billions of US dollars are calculated using market exchange rates.,,3,9,,"This series is adjusted for breaks. Break-adjustment calculations follow the methodology outlined in the BIS Quarterly Review (2013). For further detail, see https://www.bis.org/publ/qtrpdf/r_qt1303z.htm",People's Bank of China; Bank for International Settlements.,5B0,"China - Central bank, assets, total, BIS-spliced, USD",,E,2006-01,1343.0682415769,,F,A,
M,CN,B,USD,_Z,B,,"From January 2002 onwards: monthly balance sheet of the People's Bank of China. Between 1993 and 2001: sum of foreign assets (net), claims against the government, bank claims on deposit money, claims against non-monetary financial institutions and claims on the non-financial sector. Before 2000: Almanac of China's finance and banking.",BIS-spliced,The data in billions of US dollars are calculated using market exchange rates.,,3,9,,"This series is adjusted for breaks. Break-adjustment calculations follow the methodology outlined in the BIS Quarterly Review (2013). For further detail, see https://www.bis.org/publ/qtrpdf/r_qt1303z.htm",People's Bank of China; Bank for International Settlements.,5B0,"China - Central bank, assets, total, BIS-spliced, USD",,E,2006-02,1343.0375566,,F,A,
M,CN,B,USD,_Z,B,,"From January 2002 onwards: monthly balance sheet of the People's Bank of China. Between 1993 and 2001: sum of foreign assets (net), claims against the government, bank claims on deposit money, claims against non-monetary financial institutions and claims on the non-financial sector. Before 2000: Almanac of China's finance and banking.",BIS-spliced,The data in billions of US dollars are calculated using market exchange rates.,,3,9,,"This series is adjusted for breaks. Break-adjustment calculations follow the methodology outlined in the BIS Quarterly Review (2013). For further detail, see https://www.bis.org/publ/qtrpdf/r_qt1303z.htm",People's Bank of China; Bank for International Settlements.,5B0,"China - Central bank, assets, total, BIS-spliced, USD",,E,2006-03,1369.0626154185,,F,A,
M,CN,B,USD,_Z,B,,"From January 2002 onwards: monthly balance sheet of the People's Bank of China. Between 1993 and 2001: sum of foreign assets (net), claims against the government, bank claims on deposit money, claims against non-monetary financial institutions and claims on the non-financial sector. Before 2000: Almanac of China's finance and banking.",BIS-spliced,The data in billions of US dollars are calculated using market exchange rates.,,3,9,,"This series is adjusted for breaks. Break-adjustment calculations follow the methodology outlined in the BIS Quarterly Review (2013). For further detail, see https://www.bis.org/publ/qtrpdf/r_qt1303z.htm",People's Bank of China; Bank for International Settlements.,5B0,"China - Central bank, assets, total, BIS-spliced, USD",,E,2006-04,1376.7579187504,,F,A,
M,CN,B,USD,_Z,B,,"From January 2002 onwards: monthly balance sheet of the People's Bank of China. Between 1993 and 2001: sum of foreign assets (net), claims against the government, bank claims on deposit money, claims against non-monetary financial institutions and claims on the non-financial sector. Before 2000: Almanac of China's finance and banking.",BIS-spliced,The data in billions of US dollars are calculated using market exchange rates.,,3,9,,"This series is adjusted for breaks. Break-adjustment calculations follow the methodology outlined in the BIS Quarterly Review (2013). For further detail, see https://www.bis.org/publ/qtrpdf/r_qt1303z.htm",People's Bank of China; Bank for International Settlements.,5B0,"China - Central bank, assets, total, BIS-spliced, USD",,E,2006-05,1401.4295893927,,F,A,
M,CN,B,USD,_Z,B,,"From January 2002 onwards: monthly balance sheet of the People's Bank of China. Between 1993 and 2001: sum of foreign assets (net), claims against the government, bank claims on deposit money, claims against non-monetary financial institutions and claims on the non-financial sector. Before 2000: Almanac of China's finance and banking.",BIS-spliced,The data in billions of US dollars are calculated using market exchange rates.,,3,9,,"This series is adjusted for breaks. Break-adjustment calculations follow the methodology outlined in the BIS Quarterly Review (2013). For further detail, see https://www.bis.org/publ/qtrpdf/r_qt1303z.htm",People's Bank of China; Bank for International Settlements.,5B0,"China - Central bank, assets, total, BIS-spliced, USD",,E,2006-06,1449.6203221899,,F,A,
M,CN,B,USD,_Z,B,,"From January 2002 onwards: monthly balance sheet of the People's Bank of China. Between 1993 and 2001: sum of foreign assets (net), claims against the government, bank claims on deposit money, claims against non-monetary financial institutions and claims on the non-financial sector. Before 2000: Almanac of China's finance and banking.",BIS-spliced,The data in billions of US dollars are calculated using market exchange rates.,,3,9,,"This series is adjusted for breaks. Break-adjustment calculations follow the methodology outlined in the BIS Quarterly Review (2013). For further detail, see https://www.bis.org/publ/qtrpdf/r_qt1303z.htm",People's Bank of China; Bank for International Settlements.,5B0,"China - Central bank, assets, total, BIS-spliced, USD",,E,2006-07,1453.9408464315,,F,A,
M,CN,B,USD,_Z,B,,"From January 2002 onwards: monthly balance sheet of the People's Bank of China. Between 1993 and 2001: sum of foreign assets (net), claims against the government, bank claims on deposit money, claims against non-monetary financial institutions and claims on the non-financial sector. Before 2000: Almanac of China's finance and banking.",BIS-spliced,The data in billions of US dollars are calculated using market exchange rates.,,3,9,,"This series is adjusted for breaks. Break-adjustment calculations follow the methodology outlined in the BIS Quarterly Review (2013). For further detail, see https://www.bis.org/publ/qtrpdf/r_qt1303z.htm",People's Bank of China; Bank for International Settlements.,5B0,"China - Central bank, assets, total, BIS-spliced, USD",,E,2006-08,1483.447925601,,F,A,
M,CN,B,USD,_Z,B,,"From January 2002 onwards: monthly balance sheet of the People's Bank of China. Between 1993 and 2001: sum of foreign assets (net), claims against the government, bank claims on deposit money, claims against non-monetary financial institutions and claims on the non-financial sector. Before 2000: Almanac of China's finance and banking.",BIS-spliced,The data in billions of US dollars are calculated using market exchange rates.,,3,9,,"This series is adjusted for breaks. Break-adjustment calculations follow the methodology outlined in the BIS Quarterly Review (2013). For further detail, see https://www.bis.org/publ/qtrpdf/r_qt1303z.htm",People's Bank of China; Bank for International Settlements.,5B0,"China - Central bank, assets, total, BIS-spliced, USD",,E,2006-09,1514.9037076548,,F,A,
M,CN,B,USD,_Z,B,,"From January 2002 onwards: monthly balance sheet of the People's Bank of China. Between 1993 and 2001: sum of foreign assets (net), claims against the government, bank claims on deposit money, claims against non-monetary financial institutions and claims on the non-financial sector. Before 2000: Almanac of China's finance and banking.",BIS-spliced,The data in billions of US dollars are calculated using market exchange rates.,,3,9,,"This series is adjusted for breaks. Break-adjustment calculations follow the methodology outlined in the BIS Quarterly Review (2013). For further detail, see https://www.bis.org/publ/qtrpdf/r_qt1303z.htm",People's Bank of China; Bank for International Settlements.,5B0,"China - Central bank, assets, total, BIS-spliced, USD",,E,2006-10,1547.0184922815,,F,A,
M,CN,B,USD,_Z,B,,"From January 2002 onwards: monthly balance sheet of the People's Bank of China. Between 1993 and 2001: sum of foreign assets (net), claims against the government, bank claims on deposit money, claims against non-monetary financial institutions and claims on the non-financial sector. Before 2000: Almanac of China's finance and banking.",BIS-spliced,The data in billions of US dollars are calculated using market exchange rates.,,3,9,,"This series is adjusted for breaks. Break-adjustment calculations follow the methodology outlined in the BIS Quarterly Review (2013). For further detail, see https://www.bis.org/publ/qtrpdf/r_qt1303z.htm",People's Bank of China; Bank for International Settlements.,5B0,"China - Central bank, assets, total, BIS-spliced, USD",,E,2006-11,1586.8755225215,,F,A,
M,CN,B,USD,_Z,B,,"From January 2002 onwards: monthly balance sheet of the People's Bank of China. Between 1993 and 2001: sum of foreign assets (net), claims against the government, bank claims on deposit money, claims against non-monetary financial institutions and claims on the non-financial sector. Before 2000: Almanac of China's finance and banking.",BIS-spliced,The data in billions of US dollars are calculated using market exchange rates.,,3,9,,"This series is adjusted for breaks. Break-adjustment calculations follow the methodology outlined in the BIS Quarterly Review (2013). For further detail, see https://www.bis.org/publ/qtrpdf/r_qt1303z.htm",People's Bank of China; Bank for International Settlements.,5B0,"China - Central bank, assets, total, BIS-spliced, USD",,E,2006-12,1647.3191138036,,F,A,
M,CN,B,USD,_Z,B,,"From January 2002 onwards: monthly balance sheet of the People's Bank of China. Between 1993 and 2001: sum of foreign assets (net), claims against the government, bank claims on deposit money, claims against non-monetary financial institutions and claims on the non-financial sector. Before 2000: Almanac of China's finance and banking.",BIS-spliced,The data in billions of US dollars are calculated using market exchange rates.,,3,9,,"This series is adjusted for breaks. Break-adjustment calculations follow the methodology outlined in the BIS Quarterly Review (2013). For further detail, see https://www.bis.org/publ/qtrpdf/r_qt1303z.htm",People's Bank of China; Bank for International Settlements.,5B0,"China - Central bank, assets, total, BIS-spliced, USD",,E,2007-01,1704.5229082164,,F,A,
M,CN,B,USD,_Z,B,,"From January 2002 onwards: monthly balance sheet of the People's Bank of China. Between 1993 and 2001: sum of foreign assets (net), claims against the government, bank claims on deposit money, claims against non-monetary financial institutions and claims on the non-financial sector. Before 2000: Almanac of China's finance and banking.",BIS-spliced,The data in billions of US dollars are calculated using market exchange rates.,,3,9,,"This series is adjusted for breaks. Break-adjustment calculations follow the methodology outlined in the BIS Quarterly Review (2013). For further detail, see https://www.bis.org/publ/qtrpdf/r_qt1303z.htm",People's Bank of China; Bank for International Settlements.,5B0,"China - Central bank, assets, total, BIS-spliced, USD",,E,2007-02,1751.7103181324,,F,A,
M,CN,B,USD,_Z,B,,"From January 2002 onwards: monthly balance sheet of the People's Bank of China. Between 1993 and 2001: sum of foreign assets (net), claims against the government, bank claims on deposit money, claims against non-monetary financial institutions and claims on the non-financial sector. Before 2000: Almanac of China's finance and banking.",BIS-spliced,The data in billions of US dollars are calculated using market exchange rates.,,3,9,,"This series is adjusted for breaks. Break-adjustment calculations follow the methodology outlined in the BIS Quarterly Review (2013). For further detail, see https://www.bis.org/publ/qtrpdf/r_qt1303z.htm",People's Bank of China; Bank for International Settlements.,5B0,"China - Central bank, assets, total, BIS-spliced, USD",,E,2007-03,1799.5398575589,,F,A,
M,CN,B,USD,_Z,B,,"From January 2002 onwards: monthly balance sheet of the People's Bank of China. Between 1993 and 2001: sum of foreign assets (net), claims against the government, bank claims on deposit money, claims against non-monetary financial institutions and claims on the non-financial sector. Before 2000: Almanac of China's finance and banking.",BIS-spliced,The data in billions of US dollars are calculated using market exchange rates.,,3,9,,"This series is adjusted for breaks. Break-adjustment calculations follow the methodology outlined in the BIS Quarterly Review (2013). For further detail, see https://www.bis.org/publ/qtrpdf/r_qt1303z.htm",People's Bank of China; Bank for International Settlements.,5B0,"China - Central bank, assets, total, BIS-spliced, USD",,E,2007-04,1846.868975479,,F,A,
M,CN,B,USD,_Z,B,,"From January 2002 onwards: monthly balance sheet of the People's Bank of China. Between 1993 and 2001: sum of foreign assets (net), claims against the government, bank claims on deposit money, claims against non-monetary financial institutions and claims on the non-financial sector. Before 2000: Almanac of China's finance and banking.",BIS-spliced,The data in billions of US dollars are calculated using market exchange rates.,,3,9,,"This series is adjusted for breaks. Break-adjustment calculations follow the methodology outlined in the BIS Quarterly Review (2013). For further detail, see https://www.bis.org/publ/qtrpdf/r_qt1303z.htm",People's Bank of China; Bank for International Settlements.,5B0,"China - Central bank, assets, total, BIS-spliced, USD",,E,2007-05,1901.5594075397,,F,A,
M,CN,B,USD,_Z,B,,"From January 2002 onwards: monthly balance sheet of the People's Bank of China. Between 1993 and 2001: sum of foreign assets (net), claims against the government, bank claims on deposit money, claims against non-monetary financial institutions and claims on the non-financial sector. Before 2000: Almanac of China's finance and banking.",BIS-spliced,The data in billions of US dollars are calculated using market exchange rates.,,3,9,,"This series is adjusted for breaks. Break-adjustment calculations follow the methodology outlined in the BIS Quarterly Review (2013). For further detail, see https://www.bis.org/publ/qtrpdf/r_qt1303z.htm",People's Bank of China; Bank for International Settlements.,5B0,"China - Central bank, assets, total, BIS-spliced, USD",,E,2007-06,1945.3811679219,,F,A,
M,CN,B,USD,_Z,B,,"From January 2002 onwards: monthly balance sheet of the People's Bank of China. Between 1993 and 2001: sum of foreign assets (net), claims against the government, bank claims on deposit money, claims against non-monetary financial institutions and claims on the non-financial sector. Before 2000: Almanac of China's finance and banking.",BIS-spliced,The data in billions of US dollars are calculated using market exchange rates.,,3,9,,"This series is adjusted for breaks. Break-adjustment calculations follow the methodology outlined in the BIS Quarterly Review (2013). For further detail, see https://www.bis.org/publ/qtrpdf/r_qt1303z.htm",People's Bank of China; Bank for International Settlements.,5B0,"China - Central bank, assets, total, BIS-spliced, USD",,E,2007-07,2005.7158832435,,F,A,
M,CN,B,USD,_Z,B,,"From January 2002 onwards: monthly balance sheet of the People's Bank of China. Between 1993 and 2001: sum of foreign assets (net), claims against the government, bank claims on deposit money, claims against non-monetary financial institutions and claims on the non-financial sector. Before 2000: Almanac of China's finance and banking.",BIS-spliced,The data in billions of US dollars are calculated using market exchange rates.,,3,9,,"This series is adjusted for breaks. Break-adjustment calculations follow the methodology outlined in the BIS Quarterly Review (2013). For further detail, see https://www.bis.org/publ/qtrpdf/r_qt1303z.htm",People's Bank of China; Bank for International Settlements.,5B0,"China - Central bank, assets, total, BIS-spliced, USD",,E,2007-08,2049.162595971,,F,A,
M,CN,B,USD,_Z,B,,"From January 2002 onwards: monthly balance sheet of the People's Bank of China. Between 1993 and 2001: sum of foreign assets (net), claims against the government, bank claims on deposit money, claims against non-monetary financial institutions and claims on the non-financial sector. Before 2000: Almanac of China's finance and banking.",BIS-spliced,The data in billions of US dollars are calculated using market exchange rates.,,3,9,,"This series is adjusted for breaks. Break-adjustment calculations follow the methodology outlined in the BIS Quarterly Review (2013). For further detail, see https://www.bis.org/publ/qtrpdf/r_qt1303z.htm",People's Bank of China; Bank for International Settlements.,5B0,"China - Central bank, assets, total, BIS-spliced, USD",,E,2007-09,2123.0848079449,,F,A,
M,CN,B,USD,_Z,B,,"From January 2002 onwards: monthly balance sheet of the People's Bank of China. Between 1993 and 2001: sum of foreign assets (net), claims against the government, bank claims on deposit money, claims against non-monetary financial institutions and claims on the non-financial sector. Before 2000: Almanac of China's finance and banking.",BIS-spliced,The data in billions of US dollars are calculated using market exchange rates.,,3,9,,"This series is adjusted for breaks. Break-adjustment calculations follow the methodology outlined in the BIS Quarterly Review (2013). For further detail, see https://www.bis.org/publ/qtrpdf/r_qt1303z.htm",People's Bank of China; Bank for International Settlements.,5B0,"China - Central bank, assets, total, BIS-spliced, USD",,E,2007-10,2160.0203028191,,F,A,
M,CN,B,USD,_Z,B,,"From January 2002 onwards: monthly balance sheet of the People's Bank of China. Between 1993 and 2001: sum of foreign assets (net), claims against the government, bank claims on deposit money, claims against non-monetary financial institutions and claims on the non-financial sector. Before 2000: Almanac of China's finance and banking.",BIS-spliced,The data in billions of US dollars are calculated using market exchange rates.,,3,9,,"This series is adjusted for breaks. Break-adjustment calculations follow the methodology outlined in the BIS Quarterly Review (2013). For further detail, see https://www.bis.org/publ/qtrpdf/r_qt1303z.htm",People's Bank of China; Bank for International Settlements.,5B0,"China - Central bank, assets, total, BIS-spliced, USD",,E,2007-11,2233.7917989701,,F,A,
M,CN,B,USD,_Z,B,,"From January 2002 onwards: monthly balance sheet of the People's Bank of China. Between 1993 and 2001: sum of foreign assets (net), claims against the government, bank claims on deposit money, claims against non-monetary financial institutions and claims on the non-financial sector. Before 2000: Almanac of China's finance and banking.",BIS-spliced,The data in billions of US dollars are calculated using market exchange rates.,,3,9,,"This series is adjusted for breaks. Break-adjustment calculations follow the methodology outlined in the BIS Quarterly Review (2013). For further detail, see https://www.bis.org/publ/qtrpdf/r_qt1303z.htm",People's Bank of China; Bank for International Settlements.,5B0,"China - Central bank, assets, total, BIS-spliced, USD",,E,2007-12,2315.675680708,,F,A,
M,CN,B,USD,_Z,B,,"From January 2002 onwards: monthly balance sheet of the People's Bank of China. Between 1993 and 2001: sum of foreign assets (net), claims against the government, bank claims on deposit money, claims against non-monetary financial institutions and claims on the non-financial sector. Before 2000: Almanac of China's finance and banking.",BIS-spliced,The data in billions of US dollars are calculated using market exchange rates.,,3,9,,"This series is adjusted for breaks. Break-adjustment calculations follow the methodology outlined in the BIS Quarterly Review (2013). For further detail, see https://www.bis.org/publ/qtrpdf/r_qt1303z.htm",People's Bank of China; Bank for International Settlements.,5B0,"China - Central bank, assets, total, BIS-spliced, USD",,E,2008-01,2429.2444416596,,F,A,
M,CN,B,USD,_Z,B,,"From January 2002 onwards: monthly balance sheet of the People's Bank of China. Between 1993 and 2001: sum of foreign assets (net), claims against the government, bank claims on deposit money, claims against non-monetary financial institutions and claims on the non-financial sector. Before 2000: Almanac of China's finance and banking.",BIS-spliced,The data in billions of US dollars are calculated using market exchange rates.,,3,9,,"This series is adjusted for breaks. Break-adjustment calculations follow the methodology outlined in the BIS Quarterly Review (2013). For further detail, see https://www.bis.org/publ/qtrpdf/r_qt1303z.htm",People's Bank of China; Bank for International Settlements.,5B0,"China - Central bank, assets, total, BIS-spliced, USD",,E,2008-02,2503.8612150587,,F,A,
M,CN,B,USD,_Z,B,,"From January 2002 onwards: monthly balance sheet of the People's Bank of China. Between 1993 and 2001: sum of foreign assets (net), claims against the government, bank claims on deposit money, claims against non-monetary financial institutions and claims on the non-financial sector. Before 2000: Almanac of China's finance and banking.",BIS-spliced,The data in billions of US dollars are calculated using market exchange rates.,,3,9,,"This series is adjusted for breaks. Break-adjustment calculations follow the methodology outlined in the BIS Quarterly Review (2013). For further detail, see https://www.bis.org/publ/qtrpdf/r_qt1303z.htm",People's Bank of China; Bank for International Settlements.,5B0,"China - Central bank, assets, total, BIS-spliced, USD",,E,2008-03,2596.2261067288,,F,A,
M,CN,B,USD,_Z,B,,"From January 2002 onwards: monthly balance sheet of the People's Bank of China. Between 1993 and 2001: sum of foreign assets (net), claims against the government, bank claims on deposit money, claims against non-monetary financial institutions and claims on the non-financial sector. Before 2000: Almanac of China's finance and banking.",BIS-spliced,The data in billions of US dollars are calculated using market exchange rates.,,3,9,,"This series is adjusted for breaks. Break-adjustment calculations follow the methodology outlined in the BIS Quarterly Review (2013). For further detail, see https://www.bis.org/publ/qtrpdf/r_qt1303z.htm",People's Bank of China; Bank for International Settlements.,5B0,"China - Central bank, assets, total, BIS-spliced, USD",,E,2008-04,2682.5220865326,,F,A,
M,CN,B,USD,_Z,B,,"From January 2002 onwards: monthly balance sheet of the People's Bank of China. Between 1993 and 2001: sum of foreign assets (net), claims against the government, bank claims on deposit money, claims against non-monetary financial institutions and claims on the non-financial sector. Before 2000: Almanac of China's finance and banking.",BIS-spliced,The data in billions of US dollars are calculated using market exchange rates.,,3,9,,"This series is adjusted for breaks. Break-adjustment calculations follow the methodology outlined in the BIS Quarterly Review (2013). For further detail, see https://www.bis.org/publ/qtrpdf/r_qt1303z.htm",People's Bank of China; Bank for International Settlements.,5B0,"China - Central bank, assets, total, BIS-spliced, USD",,E,2008-05,2752.0546583636,,F,A,
M,CN,B,USD,_Z,B,,"From January 2002 onwards: monthly balance sheet of the People's Bank of China. Between 1993 and 2001: sum of foreign assets (net), claims against the government, bank claims on deposit money, claims against non-monetary financial institutions and claims on the non-financial sector. Before 2000: Almanac of China's finance and banking.",BIS-spliced,The data in billions of US dollars are calculated using market exchange rates.,,3,9,,"This series is adjusted for breaks. Break-adjustment calculations follow the methodology outlined in the BIS Quarterly Review (2013). For further detail, see https://www.bis.org/publ/qtrpdf/r_qt1303z.htm",People's Bank of China; Bank for International Settlements.,5B0,"China - Central bank, assets, total, BIS-spliced, USD",,E,2008-06,2831.8760460605,,F,A,
M,CN,B,USD,_Z,B,,"From January 2002 onwards: monthly balance sheet of the People's Bank of China. Between 1993 and 2001: sum of foreign assets (net), claims against the government, bank claims on deposit money, claims against non-monetary financial institutions and claims on the non-financial sector. Before 2000: Almanac of China's finance and banking.",BIS-spliced,The data in billions of US dollars are calculated using market exchange rates.,,3,9,,"This series is adjusted for breaks. Break-adjustment calculations follow the methodology outlined in the BIS Quarterly Review (2013). For further detail, see https://www.bis.org/publ/qtrpdf/r_qt1303z.htm",People's Bank of China; Bank for International Settlements.,5B0,"China - Central bank, assets, total, BIS-spliced, USD",,E,2008-07,2890.5025553351,,F,A,
M,CN,B,USD,_Z,B,,"From January 2002 onwards: monthly balance sheet of the People's Bank of China. Between 1993 and 2001: sum of foreign assets (net), claims against the government, bank claims on deposit money, claims against non-monetary financial institutions and claims on the non-financial sector. Before 2000: Almanac of China's finance and banking.",BIS-spliced,The data in billions of US dollars are calculated using market exchange rates.,,3,9,,"This series is adjusted for breaks. Break-adjustment calculations follow the methodology outlined in the BIS Quarterly Review (2013). For further detail, see https://www.bis.org/publ/qtrpdf/r_qt1303z.htm",People's Bank of China; Bank for International Settlements.,5B0,"China - Central bank, assets, total, BIS-spliced, USD",,E,2008-08,2915.3521007037,,F,A,
M,CN,B,USD,_Z,B,,"From January 2002 onwards: monthly balance sheet of the People's Bank of China. Between 1993 and 2001: sum of foreign assets (net), claims against the government, bank claims on deposit money, claims against non-monetary financial institutions and claims on the non-financial sector. Before 2000: Almanac of China's finance and banking.",BIS-spliced,The data in billions of US dollars are calculated using market exchange rates.,,3,9,,"This series is adjusted for breaks. Break-adjustment calculations follow the methodology outlined in the BIS Quarterly Review (2013). For further detail, see https://www.bis.org/publ/qtrpdf/r_qt1303z.htm",People's Bank of China; Bank for International Settlements.,5B0,"China - Central bank, assets, total, BIS-spliced, USD",,E,2008-09,2963.0518714117,,F,A,
M,CN,B,USD,_Z,B,,"From January 2002 onwards: monthly balance sheet of the People's Bank of China. Between 1993 and 2001: sum of foreign assets (net), claims against the government, bank claims on deposit money, claims against non-monetary financial institutions and claims on the non-financial sector. Before 2000: Almanac of China's finance and banking.",BIS-spliced,The data in billions of US dollars are calculated using market exchange rates.,,3,9,,"This series is adjusted for breaks. Break-adjustment calculations follow the methodology outlined in the BIS Quarterly Review (2013). For further detail, see https://www.bis.org/publ/qtrpdf/r_qt1303z.htm",People's Bank of China; Bank for International Settlements.,5B0,"China - Central bank, assets, total, BIS-spliced, USD",,E,2008-10,2989.2745695287,,F,A,
M,CN,B,USD,_Z,B,,"From January 2002 onwards: monthly balance sheet of the People's Bank of China. Between 1993 and 2001: sum of foreign assets (net), claims against the government, bank claims on deposit money, claims against non-monetary financial institutions and claims on the non-financial sector. Before 2000: Almanac of China's finance and banking.",BIS-spliced,The data in billions of US dollars are calculated using market exchange rates.,,3,9,,"This series is adjusted for breaks. Break-adjustment calculations follow the methodology outlined in the BIS Quarterly Review (2013). For further detail, see https://www.bis.org/publ/qtrpdf/r_qt1303z.htm",People's Bank of China; Bank for International Settlements.,5B0,"China - Central bank, assets, total, BIS-spliced, USD",,E,2008-11,2996.3866428244,,F,A,
M,CN,B,USD,_Z,B,,"From January 2002 onwards: monthly balance sheet of the People's Bank of China. Between 1993 and 2001: sum of foreign assets (net), claims against the government, bank claims on deposit money, claims against non-monetary financial institutions and claims on the non-financial sector. Before 2000: Almanac of China's finance and banking.",BIS-spliced,The data in billions of US dollars are calculated using market exchange rates.,,3,9,,"This series is adjusted for breaks. Break-adjustment calculations follow the methodology outlined in the BIS Quarterly Review (2013). For further detail, see https://www.bis.org/publ/qtrpdf/r_qt1303z.htm",People's Bank of China; Bank for International Settlements.,5B0,"China - Central bank, assets, total, BIS-spliced, USD",,E,2008-12,3035.253147359,,F,A,
M,CN,B,USD,_Z,B,,"From January 2002 onwards: monthly balance sheet of the People's Bank of China. Between 1993 and 2001: sum of foreign assets (net), claims against the government, bank claims on deposit money, claims against non-monetary financial institutions and claims on the non-financial sector. Before 2000: Almanac of China's finance and banking.",BIS-spliced,The data in billions of US dollars are calculated using market exchange rates.,,3,9,,"This series is adjusted for breaks. Break-adjustment calculations follow the methodology outlined in the BIS Quarterly Review (2013). For further detail, see https://www.bis.org/publ/qtrpdf/r_qt1303z.htm",People's Bank of China; Bank for International Settlements.,5B0,"China - Central bank, assets, total, BIS-spliced, USD",,E,2009-01,3045.5493531383,,F,A,
M,CN,B,USD,_Z,B,,"From January 2002 onwards: monthly balance sheet of the People's Bank of China. Between 1993 and 2001: sum of foreign assets (net), claims against the government, bank claims on deposit money, claims against non-monetary financial institutions and claims on the non-financial sector. Before 2000: Almanac of China's finance and banking.",BIS-spliced,The data in billions of US dollars are calculated using market exchange rates.,,3,9,,"This series is adjusted for breaks. Break-adjustment calculations follow the methodology outlined in the BIS Quarterly Review (2013). For further detail, see https://www.bis.org/publ/qtrpdf/r_qt1303z.htm",People's Bank of China; Bank for International Settlements.,5B0,"China - Central bank, assets, total, BIS-spliced, USD",,E,2009-02,3064.6742432417,,F,A,
M,CN,B,USD,_Z,B,,"From January 2002 onwards: monthly balance sheet of the People's Bank of China. Between 1993 and 2001: sum of foreign assets (net), claims against the government, bank claims on deposit money, claims against non-monetary financial institutions and claims on the non-financial sector. Before 2000: Almanac of China's finance and banking.",BIS-spliced,The data in billions of US dollars are calculated using market exchange rates.,,3,9,,"This series is adjusted for breaks. Break-adjustment calculations follow the methodology outlined in the BIS Quarterly Review (2013). For further detail, see https://www.bis.org/publ/qtrpdf/r_qt1303z.htm",People's Bank of China; Bank for International Settlements.,5B0,"China - Central bank, assets, total, BIS-spliced, USD",,E,2009-03,3082.4400501988,,F,A,
M,CN,B,USD,_Z,B,,"From January 2002 onwards: monthly balance sheet of the People's Bank of China. Between 1993 and 2001: sum of foreign assets (net), claims against the government, bank claims on deposit money, claims against non-monetary financial institutions and claims on the non-financial sector. Before 2000: Almanac of China's finance and banking.",BIS-spliced,The data in billions of US dollars are calculated using market exchange rates.,,3,9,,"This series is adjusted for breaks. Break-adjustment calculations follow the methodology outlined in the BIS Quarterly Review (2013). For further detail, see https://www.bis.org/publ/qtrpdf/r_qt1303z.htm",People's Bank of China; Bank for International Settlements.,5B0,"China - Central bank, assets, total, BIS-spliced, USD",,E,2009-04,3111.1728826248,,F,A,
M,CN,B,USD,_Z,B,,"From January 2002 onwards: monthly balance sheet of the People's Bank of China. Between 1993 and 2001: sum of foreign assets (net), claims against the government, bank claims on deposit money, claims against non-monetary financial institutions and claims on the non-financial sector. Before 2000: Almanac of China's finance and banking.",BIS-spliced,The data in billions of US dollars are calculated using market exchange rates.,,3,9,,"This series is adjusted for breaks. Break-adjustment calculations follow the methodology outlined in the BIS Quarterly Review (2013). For further detail, see https://www.bis.org/publ/qtrpdf/r_qt1303z.htm",People's Bank of China; Bank for International Settlements.,5B0,"China - Central bank, assets, total, BIS-spliced, USD",,E,2009-05,3163.7170751825,,F,A,
M,CN,B,USD,_Z,B,,"From January 2002 onwards: monthly balance sheet of the People's Bank of China. Between 1993 and 2001: sum of foreign assets (net), claims against the government, bank claims on deposit money, claims against non-monetary financial institutions and claims on the non-financial sector. Before 2000: Almanac of China's finance and banking.",BIS-spliced,The data in billions of US dollars are calculated using market exchange rates.,,3,9,,"This series is adjusted for breaks. Break-adjustment calculations follow the methodology outlined in the BIS Quarterly Review (2013). For further detail, see https://www.bis.org/publ/qtrpdf/r_qt1303z.htm",People's Bank of China; Bank for International Settlements.,5B0,"China - Central bank, assets, total, BIS-spliced, USD",,E,2009-06,3159.0561322337,,F,A,
M,CN,B,USD,_Z,B,,"From January 2002 onwards: monthly balance sheet of the People's Bank of China. Between 1993 and 2001: sum of foreign assets (net), claims against the government, bank claims on deposit money, claims against non-monetary financial institutions and claims on the non-financial sector. Before 2000: Almanac of China's finance and banking.",BIS-spliced,The data in billions of US dollars are calculated using market exchange rates.,,3,9,,"This series is adjusted for breaks. Break-adjustment calculations follow the methodology outlined in the BIS Quarterly Review (2013). For further detail, see https://www.bis.org/publ/qtrpdf/r_qt1303z.htm",People's Bank of China; Bank for International Settlements.,5B0,"China - Central bank, assets, total, BIS-spliced, USD",,E,2009-07,3180.9664532813,,F,A,
M,CN,B,USD,_Z,B,,"From January 2002 onwards: monthly balance sheet of the People's Bank of China. Between 1993 and 2001: sum of foreign assets (net), claims against the government, bank claims on deposit money, claims against non-monetary financial institutions and claims on the non-financial sector. Before 2000: Almanac of China's finance and banking.",BIS-spliced,The data in billions of US dollars are calculated using market exchange rates.,,3,9,,"This series is adjusted for breaks. Break-adjustment calculations follow the methodology outlined in the BIS Quarterly Review (2013). For further detail, see https://www.bis.org/publ/qtrpdf/r_qt1303z.htm",People's Bank of China; Bank for International Settlements.,5B0,"China - Central bank, assets, total, BIS-spliced, USD",,E,2009-08,3199.8128064437,,F,A,
M,CN,B,USD,_Z,B,,"From January 2002 onwards: monthly balance sheet of the People's Bank of China. Between 1993 and 2001: sum of foreign assets (net), claims against the government, bank claims on deposit money, claims against non-monetary financial institutions and claims on the non-financial sector. Before 2000: Almanac of China's finance and banking.",BIS-spliced,The data in billions of US dollars are calculated using market exchange rates.,,3,9,,"This series is adjusted for breaks. Break-adjustment calculations follow the methodology outlined in the BIS Quarterly Review (2013). For further detail, see https://www.bis.org/publ/qtrpdf/r_qt1303z.htm",People's Bank of China; Bank for International Settlements.,5B0,"China - Central bank, assets, total, BIS-spliced, USD",,E,2009-09,3260.1823966103,,F,A,
M,CN,B,USD,_Z,B,,"From January 2002 onwards: monthly balance sheet of the People's Bank of China. Between 1993 and 2001: sum of foreign assets (net), claims against the government, bank claims on deposit money, claims against non-monetary financial institutions and claims on the non-financial sector. Before 2000: Almanac of China's finance and banking.",BIS-spliced,The data in billions of US dollars are calculated using market exchange rates.,,3,9,,"This series is adjusted for breaks. Break-adjustment calculations follow the methodology outlined in the BIS Quarterly Review (2013). For further detail, see https://www.bis.org/publ/qtrpdf/r_qt1303z.htm",People's Bank of China; Bank for International Settlements.,5B0,"China - Central bank, assets, total, BIS-spliced, USD",,E,2009-10,3295.3721904064,,F,A,
M,CN,B,USD,_Z,B,,"From January 2002 onwards: monthly balance sheet of the People's Bank of China. Between 1993 and 2001: sum of foreign assets (net), claims against the government, bank claims on deposit money, claims against non-monetary financial institutions and claims on the non-financial sector. Before 2000: Almanac of China's finance and banking.",BIS-spliced,The data in billions of US dollars are calculated using market exchange rates.,,3,9,,"This series is adjusted for breaks. Break-adjustment calculations follow the methodology outlined in the BIS Quarterly Review (2013). For further detail, see https://www.bis.org/publ/qtrpdf/r_qt1303z.htm",People's Bank of China; Bank for International Settlements.,5B0,"China - Central bank, assets, total, BIS-spliced, USD",,E,2009-11,3333.8617152854,,F,A,
M,CN,B,USD,_Z,B,,"From January 2002 onwards: monthly balance sheet of the People's Bank of China. Between 1993 and 2001: sum of foreign assets (net), claims against the government, bank claims on deposit money, claims against non-monetary financial institutions and claims on the non-financial sector. Before 2000: Almanac of China's finance and banking.",BIS-spliced,The data in billions of US dollars are calculated using market exchange rates.,,3,9,,"This series is adjusted for breaks. Break-adjustment calculations follow the methodology outlined in the BIS Quarterly Review (2013). For further detail, see https://www.bis.org/publ/qtrpdf/r_qt1303z.htm",People's Bank of China; Bank for International Settlements.,5B0,"China - Central bank, assets, total, BIS-spliced, USD",,E,2009-12,3332.8614825479,,F,A,
M,CN,B,USD,_Z,B,,"From January 2002 onwards: monthly balance sheet of the People's Bank of China. Between 1993 and 2001: sum of foreign assets (net), claims against the government, bank claims on deposit money, claims against non-monetary financial institutions and claims on the non-financial sector. Before 2000: Almanac of China's finance and banking.",BIS-spliced,The data in billions of US dollars are calculated using market exchange rates.,,3,9,,"This series is adjusted for breaks. Break-adjustment calculations follow the methodology outlined in the BIS Quarterly Review (2013). For further detail, see https://www.bis.org/publ/qtrpdf/r_qt1303z.htm",People's Bank of China; Bank for International Settlements.,5B0,"China - Central bank, assets, total, BIS-spliced, USD",,E,2010-01,3372.2228911551,,F,A,
M,CN,B,USD,_Z,B,,"From January 2002 onwards: monthly balance sheet of the People's Bank of China. Between 1993 and 2001: sum of foreign assets (net), claims against the government, bank claims on deposit money, claims against non-monetary financial institutions and claims on the non-financial sector. Before 2000: Almanac of China's finance and banking.",BIS-spliced,The data in billions of US dollars are calculated using market exchange rates.,,3,9,,"This series is adjusted for breaks. Break-adjustment calculations follow the methodology outlined in the BIS Quarterly Review (2013). For further detail, see https://www.bis.org/publ/qtrpdf/r_qt1303z.htm",People's Bank of China; Bank for International Settlements.,5B0,"China - Central bank, assets, total, BIS-spliced, USD",,E,2010-02,3395.3046968999,,F,A,
M,CN,B,USD,_Z,B,,"From January 2002 onwards: monthly balance sheet of the People's Bank of China. Between 1993 and 2001: sum of foreign assets (net), claims against the government, bank claims on deposit money, claims against non-monetary financial institutions and claims on the non-financial sector. Before 2000: Almanac of China's finance and banking.",BIS-spliced,The data in billions of US dollars are calculated using market exchange rates.,,3,9,,"This series is adjusted for breaks. Break-adjustment calculations follow the methodology outlined in the BIS Quarterly Review (2013). For further detail, see https://www.bis.org/publ/qtrpdf/r_qt1303z.htm",People's Bank of China; Bank for International Settlements.,5B0,"China - Central bank, assets, total, BIS-spliced, USD",,E,2010-03,3458.7595117814,,F,A,
M,CN,B,USD,_Z,B,,"From January 2002 onwards: monthly balance sheet of the People's Bank of China. Between 1993 and 2001: sum of foreign assets (net), claims against the government, bank claims on deposit money, claims against non-monetary financial institutions and claims on the non-financial sector. Before 2000: Almanac of China's finance and banking.",BIS-spliced,The data in billions of US dollars are calculated using market exchange rates.,,3,9,,"This series is adjusted for breaks. Break-adjustment calculations follow the methodology outlined in the BIS Quarterly Review (2013). For further detail, see https://www.bis.org/publ/qtrpdf/r_qt1303z.htm",People's Bank of China; Bank for International Settlements.,5B0,"China - Central bank, assets, total, BIS-spliced, USD",,E,2010-04,3515.1980847546,,F,A,
M,CN,B,USD,_Z,B,,"From January 2002 onwards: monthly balance sheet of the People's Bank of China. Between 1993 and 2001: sum of foreign assets (net), claims against the government, bank claims on deposit money, claims against non-monetary financial institutions and claims on the non-financial sector. Before 2000: Almanac of China's finance and banking.",BIS-spliced,The data in billions of US dollars are calculated using market exchange rates.,,3,9,,"This series is adjusted for breaks. Break-adjustment calculations follow the methodology outlined in the BIS Quarterly Review (2013). For further detail, see https://www.bis.org/publ/qtrpdf/r_qt1303z.htm",People's Bank of China; Bank for International Settlements.,5B0,"China - Central bank, assets, total, BIS-spliced, USD",,E,2010-05,3533.9693431497,,F,A,
M,CN,B,USD,_Z,B,,"From January 2002 onwards: monthly balance sheet of the People's Bank of China. Between 1993 and 2001: sum of foreign assets (net), claims against the government, bank claims on deposit money, claims against non-monetary financial institutions and claims on the non-financial sector. Before 2000: Almanac of China's finance and banking.",BIS-spliced,The data in billions of US dollars are calculated using market exchange rates.,,3,9,,"This series is adjusted for breaks. Break-adjustment calculations follow the methodology outlined in the BIS Quarterly Review (2013). For further detail, see https://www.bis.org/publ/qtrpdf/r_qt1303z.htm",People's Bank of China; Bank for International Settlements.,5B0,"China - Central bank, assets, total, BIS-spliced, USD",,E,2010-06,3582.3097010722,,F,A,
M,CN,B,USD,_Z,B,,"From January 2002 onwards: monthly balance sheet of the People's Bank of China. Between 1993 and 2001: sum of foreign assets (net), claims against the government, bank claims on deposit money, claims against non-monetary financial institutions and claims on the non-financial sector. Before 2000: Almanac of China's finance and banking.",BIS-spliced,The data in billions of US dollars are calculated using market exchange rates.,,3,9,,"This series is adjusted for breaks. Break-adjustment calculations follow the methodology outlined in the BIS Quarterly Review (2013). For further detail, see https://www.bis.org/publ/qtrpdf/r_qt1303z.htm",People's Bank of China; Bank for International Settlements.,5B0,"China - Central bank, assets, total, BIS-spliced, USD",,E,2010-07,3612.8269217684,,F,A,
M,CN,B,USD,_Z,B,,"From January 2002 onwards: monthly balance sheet of the People's Bank of China. Between 1993 and 2001: sum of foreign assets (net), claims against the government, bank claims on deposit money, claims against non-monetary financial institutions and claims on the non-financial sector. Before 2000: Almanac of China's finance and banking.",BIS-spliced,The data in billions of US dollars are calculated using market exchange rates.,,3,9,,"This series is adjusted for breaks. Break-adjustment calculations follow the methodology outlined in the BIS Quarterly Review (2013). For further detail, see https://www.bis.org/publ/qtrpdf/r_qt1303z.htm",People's Bank of China; Bank for International Settlements.,5B0,"China - Central bank, assets, total, BIS-spliced, USD",,E,2010-08,3615.5210400779,,F,A,
M,CN,B,USD,_Z,B,,"From January 2002 onwards: monthly balance sheet of the People's Bank of China. Between 1993 and 2001: sum of foreign assets (net), claims against the government, bank claims on deposit money, claims against non-monetary financial institutions and claims on the non-financial sector. Before 2000: Almanac of China's finance and banking.",BIS-spliced,The data in billions of US dollars are calculated using market exchange rates.,,3,9,,"This series is adjusted for breaks. Break-adjustment calculations follow the methodology outlined in the BIS Quarterly Review (2013). For further detail, see https://www.bis.org/publ/qtrpdf/r_qt1303z.htm",People's Bank of China; Bank for International Settlements.,5B0,"China - Central bank, assets, total, BIS-spliced, USD",,E,2010-09,3716.6009725662,,F,A,
M,CN,B,USD,_Z,B,,"From January 2002 onwards: monthly balance sheet of the People's Bank of China. Between 1993 and 2001: sum of foreign assets (net), claims against the government, bank claims on deposit money, claims against non-monetary financial institutions and claims on the non-financial sector. Before 2000: Almanac of China's finance and banking.",BIS-spliced,The data in billions of US dollars are calculated using market exchange rates.,,3,9,,"This series is adjusted for breaks. Break-adjustment calculations follow the methodology outlined in the BIS Quarterly Review (2013). For further detail, see https://www.bis.org/publ/qtrpdf/r_qt1303z.htm",People's Bank of China; Bank for International Settlements.,5B0,"China - Central bank, assets, total, BIS-spliced, USD",,E,2010-10,3802.9825027958,,F,A,
M,CN,B,USD,_Z,B,,"From January 2002 onwards: monthly balance sheet of the People's Bank of China. Between 1993 and 2001: sum of foreign assets (net), claims against the government, bank claims on deposit money, claims against non-monetary financial institutions and claims on the non-financial sector. Before 2000: Almanac of China's finance and banking.",BIS-spliced,The data in billions of US dollars are calculated using market exchange rates.,,3,9,,"This series is adjusted for breaks. Break-adjustment calculations follow the methodology outlined in the BIS Quarterly Review (2013). For further detail, see https://www.bis.org/publ/qtrpdf/r_qt1303z.htm",People's Bank of China; Bank for International Settlements.,5B0,"China - Central bank, assets, total, BIS-spliced, USD",,E,2010-11,3846.5987473275,,F,A,
M,CN,B,USD,_Z,B,,"From January 2002 onwards: monthly balance sheet of the People's Bank of China. Between 1993 and 2001: sum of foreign assets (net), claims against the government, bank claims on deposit money, claims against non-monetary financial institutions and claims on the non-financial sector. Before 2000: Almanac of China's finance and banking.",BIS-spliced,The data in billions of US dollars are calculated using market exchange rates.,,3,9,,"This series is adjusted for breaks. Break-adjustment calculations follow the methodology outlined in the BIS Quarterly Review (2013). For further detail, see https://www.bis.org/publ/qtrpdf/r_qt1303z.htm",People's Bank of China; Bank for International Settlements.,5B0,"China - Central bank, assets, total, BIS-spliced, USD",,E,2010-12,3927.0359351772,,F,A,
M,CN,B,USD,_Z,B,,"From January 2002 onwards: monthly balance sheet of the People's Bank of China. Between 1993 and 2001: sum of foreign assets (net), claims against the government, bank claims on deposit money, claims against non-monetary financial institutions and claims on the non-financial sector. Before 2000: Almanac of China's finance and banking.",BIS-spliced,The data in billions of US dollars are calculated using market exchange rates.,,3,9,,"This series is adjusted for breaks. Break-adjustment calculations follow the methodology outlined in the BIS Quarterly Review (2013). For further detail, see https://www.bis.org/publ/qtrpdf/r_qt1303z.htm",People's Bank of China; Bank for International Settlements.,5B0,"China - Central bank, assets, total, BIS-spliced, USD",,E,2011-01,4078.6658916373,,F,A,
M,CN,B,USD,_Z,B,,"From January 2002 onwards: monthly balance sheet of the People's Bank of China. Between 1993 and 2001: sum of foreign assets (net), claims against the government, bank claims on deposit money, claims against non-monetary financial institutions and claims on the non-financial sector. Before 2000: Almanac of China's finance and banking.",BIS-spliced,The data in billions of US dollars are calculated using market exchange rates.,,3,9,,"This series is adjusted for breaks. Break-adjustment calculations follow the methodology outlined in the BIS Quarterly Review (2013). For further detail, see https://www.bis.org/publ/qtrpdf/r_qt1303z.htm",People's Bank of China; Bank for International Settlements.,5B0,"China - Central bank, assets, total, BIS-spliced, USD",,E,2011-02,4048.4605824882,,F,A,
M,CN,B,USD,_Z,B,,"From January 2002 onwards: monthly balance sheet of the People's Bank of China. Between 1993 and 2001: sum of foreign assets (net), claims against the government, bank claims on deposit money, claims against non-monetary financial institutions and claims on the non-financial sector. Before 2000: Almanac of China's finance and banking.",BIS-spliced,The data in billions of US dollars are calculated using market exchange rates.,,3,9,,"This series is adjusted for breaks. Break-adjustment calculations follow the methodology outlined in the BIS Quarterly Review (2013). For further detail, see https://www.bis.org/publ/qtrpdf/r_qt1303z.htm",People's Bank of China; Bank for International Settlements.,5B0,"China - Central bank, assets, total, BIS-spliced, USD",,E,2011-03,4104.9678076378,,F,A,
M,CN,B,USD,_Z,B,,"From January 2002 onwards: monthly balance sheet of the People's Bank of China. Between 1993 and 2001: sum of foreign assets (net), claims against the government, bank claims on deposit money, claims against non-monetary financial institutions and claims on the non-financial sector. Before 2000: Almanac of China's finance and banking.",BIS-spliced,The data in billions of US dollars are calculated using market exchange rates.,,3,9,,"This series is adjusted for breaks. Break-adjustment calculations follow the methodology outlined in the BIS Quarterly Review (2013). For further detail, see https://www.bis.org/publ/qtrpdf/r_qt1303z.htm",People's Bank of China; Bank for International Settlements.,5B0,"China - Central bank, assets, total, BIS-spliced, USD",,E,2011-04,4186.8082322816,,F,A,
M,CN,B,USD,_Z,B,,"From January 2002 onwards: monthly balance sheet of the People's Bank of China. Between 1993 and 2001: sum of foreign assets (net), claims against the government, bank claims on deposit money, claims against non-monetary financial institutions and claims on the non-financial sector. Before 2000: Almanac of China's finance and banking.",BIS-spliced,The data in billions of US dollars are calculated using market exchange rates.,,3,9,,"This series is adjusted for breaks. Break-adjustment calculations follow the methodology outlined in the BIS Quarterly Review (2013). For further detail, see https://www.bis.org/publ/qtrpdf/r_qt1303z.htm",People's Bank of China; Bank for International Settlements.,5B0,"China - Central bank, assets, total, BIS-spliced, USD",,E,2011-05,4238.5596309375,,F,A,
M,CN,B,USD,_Z,B,,"From January 2002 onwards: monthly balance sheet of the People's Bank of China. Between 1993 and 2001: sum of foreign assets (net), claims against the government, bank claims on deposit money, claims against non-monetary financial institutions and claims on the non-financial sector. Before 2000: Almanac of China's finance and banking.",BIS-spliced,The data in billions of US dollars are calculated using market exchange rates.,,3,9,,"This series is adjusted for breaks. Break-adjustment calculations follow the methodology outlined in the BIS Quarterly Review (2013). For further detail, see https://www.bis.org/publ/qtrpdf/r_qt1303z.htm",People's Bank of China; Bank for International Settlements.,5B0,"China - Central bank, assets, total, BIS-spliced, USD",,E,2011-06,4302.3360573243,,F,A,
M,CN,B,USD,_Z,B,,"From January 2002 onwards: monthly balance sheet of the People's Bank of China. Between 1993 and 2001: sum of foreign assets (net), claims against the government, bank claims on deposit money, claims against non-monetary financial institutions and claims on the non-financial sector. Before 2000: Almanac of China's finance and banking.",BIS-spliced,The data in billions of US dollars are calculated using market exchange rates.,,3,9,,"This series is adjusted for breaks. Break-adjustment calculations follow the methodology outlined in the BIS Quarterly Review (2013). For further detail, see https://www.bis.org/publ/qtrpdf/r_qt1303z.htm",People's Bank of China; Bank for International Settlements.,5B0,"China - Central bank, assets, total, BIS-spliced, USD",,E,2011-07,4360.8700863138,,F,A,
M,CN,B,USD,_Z,B,,"From January 2002 onwards: monthly balance sheet of the People's Bank of China. Between 1993 and 2001: sum of foreign assets (net), claims against the government, bank claims on deposit money, claims against non-monetary financial institutions and claims on the non-financial sector. Before 2000: Almanac of China's finance and banking.",BIS-spliced,The data in billions of US dollars are calculated using market exchange rates.,,3,9,,"This series is adjusted for breaks. Break-adjustment calculations follow the methodology outlined in the BIS Quarterly Review (2013). For further detail, see https://www.bis.org/publ/qtrpdf/r_qt1303z.htm",People's Bank of China; Bank for International Settlements.,5B0,"China - Central bank, assets, total, BIS-spliced, USD",,E,2011-08,4432.929604927,,F,A,
M,CN,B,USD,_Z,B,,"From January 2002 onwards: monthly balance sheet of the People's Bank of China. Between 1993 and 2001: sum of foreign assets (net), claims against the government, bank claims on deposit money, claims against non-monetary financial institutions and claims on the non-financial sector. Before 2000: Almanac of China's finance and banking.",BIS-spliced,The data in billions of US dollars are calculated using market exchange rates.,,3,9,,"This series is adjusted for breaks. Break-adjustment calculations follow the methodology outlined in the BIS Quarterly Review (2013). For further detail, see https://www.bis.org/publ/qtrpdf/r_qt1303z.htm",People's Bank of China; Bank for International Settlements.,5B0,"China - Central bank, assets, total, BIS-spliced, USD",,E,2011-09,4462.7115080232,,F,A,
M,CN,B,USD,_Z,B,,"From January 2002 onwards: monthly balance sheet of the People's Bank of China. Between 1993 and 2001: sum of foreign assets (net), claims against the government, bank claims on deposit money, claims against non-monetary financial institutions and claims on the non-financial sector. Before 2000: Almanac of China's finance and banking.",BIS-spliced,The data in billions of US dollars are calculated using market exchange rates.,,3,9,,"This series is adjusted for breaks. Break-adjustment calculations follow the methodology outlined in the BIS Quarterly Review (2013). For further detail, see https://www.bis.org/publ/qtrpdf/r_qt1303z.htm",People's Bank of China; Bank for International Settlements.,5B0,"China - Central bank, assets, total, BIS-spliced, USD",,E,2011-10,4494.9551173575,,F,A,
M,CN,B,USD,_Z,B,,"From January 2002 onwards: monthly balance sheet of the People's Bank of China. Between 1993 and 2001: sum of foreign assets (net), claims against the government, bank claims on deposit money, claims against non-monetary financial institutions and claims on the non-financial sector. Before 2000: Almanac of China's finance and banking.",BIS-spliced,The data in billions of US dollars are calculated using market exchange rates.,,3,9,,"This series is adjusted for breaks. Break-adjustment calculations follow the methodology outlined in the BIS Quarterly Review (2013). For further detail, see https://www.bis.org/publ/qtrpdf/r_qt1303z.htm",People's Bank of China; Bank for International Settlements.,5B0,"China - Central bank, assets, total, BIS-spliced, USD",,E,2011-11,4435.8763725627,,F,A,
M,CN,B,USD,_Z,B,,"From January 2002 onwards: monthly balance sheet of the People's Bank of China. Between 1993 and 2001: sum of foreign assets (net), claims against the government, bank claims on deposit money, claims against non-monetary financial institutions and claims on the non-financial sector. Before 2000: Almanac of China's finance and banking.",BIS-spliced,The data in billions of US dollars are calculated using market exchange rates.,,3,9,,"This series is adjusted for breaks. Break-adjustment calculations follow the methodology outlined in the BIS Quarterly Review (2013). For further detail, see https://www.bis.org/publ/qtrpdf/r_qt1303z.htm",People's Bank of China; Bank for International Settlements.,5B0,"China - Central bank, assets, total, BIS-spliced, USD",,E,2011-12,4456.0094427356,,F,A,
M,CN,B,USD,_Z,B,,"From January 2002 onwards: monthly balance sheet of the People's Bank of China. Between 1993 and 2001: sum of foreign assets (net), claims against the government, bank claims on deposit money, claims against non-monetary financial institutions and claims on the non-financial sector. Before 2000: Almanac of China's finance and banking.",BIS-spliced,The data in billions of US dollars are calculated using market exchange rates.,,3,9,,"This series is adjusted for breaks. Break-adjustment calculations follow the methodology outlined in the BIS Quarterly Review (2013). For further detail, see https://www.bis.org/publ/qtrpdf/r_qt1303z.htm",People's Bank of China; Bank for International Settlements.,5B0,"China - Central bank, assets, total, BIS-spliced, USD",,E,2012-01,4676.6006136151,,F,A,
M,CN,B,USD,_Z,B,,"From January 2002 onwards: monthly balance sheet of the People's Bank of China. Between 1993 and 2001: sum of foreign assets (net), claims against the government, bank claims on deposit money, claims against non-monetary financial institutions and claims on the non-financial sector. Before 2000: Almanac of China's finance and banking.",BIS-spliced,The data in billions of US dollars are calculated using market exchange rates.,,3,9,,"This series is adjusted for breaks. Break-adjustment calculations follow the methodology outlined in the BIS Quarterly Review (2013). For further detail, see https://www.bis.org/publ/qtrpdf/r_qt1303z.htm",People's Bank of China; Bank for International Settlements.,5B0,"China - Central bank, assets, total, BIS-spliced, USD",,E,2012-02,4500.8580494589,,F,A,
M,CN,B,USD,_Z,B,,"From January 2002 onwards: monthly balance sheet of the People's Bank of China. Between 1993 and 2001: sum of foreign assets (net), claims against the government, bank claims on deposit money, claims against non-monetary financial institutions and claims on the non-financial sector. Before 2000: Almanac of China's finance and banking.",BIS-spliced,The data in billions of US dollars are calculated using market exchange rates.,,3,9,,"This series is adjusted for breaks. Break-adjustment calculations follow the methodology outlined in the BIS Quarterly Review (2013). For further detail, see https://www.bis.org/publ/qtrpdf/r_qt1303z.htm",People's Bank of China; Bank for International Settlements.,5B0,"China - Central bank, assets, total, BIS-spliced, USD",,E,2012-03,4511.1760487499,,F,A,
M,CN,B,USD,_Z,B,,"From January 2002 onwards: monthly balance sheet of the People's Bank of China. Between 1993 and 2001: sum of foreign assets (net), claims against the government, bank claims on deposit money, claims against non-monetary financial institutions and claims on the non-financial sector. Before 2000: Almanac of China's finance and banking.",BIS-spliced,The data in billions of US dollars are calculated using market exchange rates.,,3,9,,"This series is adjusted for breaks. Break-adjustment calculations follow the methodology outlined in the BIS Quarterly Review (2013). For further detail, see https://www.bis.org/publ/qtrpdf/r_qt1303z.htm",People's Bank of China; Bank for International Settlements.,5B0,"China - Central bank, assets, total, BIS-spliced, USD",,E,2012-04,4515.5856744935,,F,A,
M,CN,B,USD,_Z,B,,"From January 2002 onwards: monthly balance sheet of the People's Bank of China. Between 1993 and 2001: sum of foreign assets (net), claims against the government, bank claims on deposit money, claims against non-monetary financial institutions and claims on the non-financial sector. Before 2000: Almanac of China's finance and banking.",BIS-spliced,The data in billions of US dollars are calculated using market exchange rates.,,3,9,,"This series is adjusted for breaks. Break-adjustment calculations follow the methodology outlined in the BIS Quarterly Review (2013). For further detail, see https://www.bis.org/publ/qtrpdf/r_qt1303z.htm",People's Bank of China; Bank for International Settlements.,5B0,"China - Central bank, assets, total, BIS-spliced, USD",,E,2012-05,4455.5697208465,,F,A,
M,CN,B,USD,_Z,B,,"From January 2002 onwards: monthly balance sheet of the People's Bank of China. Between 1993 and 2001: sum of foreign assets (net), claims against the government, bank claims on deposit money, claims against non-monetary financial institutions and claims on the non-financial sector. Before 2000: Almanac of China's finance and banking.",BIS-spliced,The data in billions of US dollars are calculated using market exchange rates.,,3,9,,"This series is adjusted for breaks. Break-adjustment calculations follow the methodology outlined in the BIS Quarterly Review (2013). For further detail, see https://www.bis.org/publ/qtrpdf/r_qt1303z.htm",People's Bank of China; Bank for International Settlements.,5B0,"China - Central bank, assets, total, BIS-spliced, USD",,E,2012-06,4501.4242068958,,F,A,
M,CN,B,USD,_Z,B,,"From January 2002 onwards: monthly balance sheet of the People's Bank of China. Between 1993 and 2001: sum of foreign assets (net), claims against the government, bank claims on deposit money, claims against non-monetary financial institutions and claims on the non-financial sector. Before 2000: Almanac of China's finance and banking.",BIS-spliced,The data in billions of US dollars are calculated using market exchange rates.,,3,9,,"This series is adjusted for breaks. Break-adjustment calculations follow the methodology outlined in the BIS Quarterly Review (2013). For further detail, see https://www.bis.org/publ/qtrpdf/r_qt1303z.htm",People's Bank of China; Bank for International Settlements.,5B0,"China - Central bank, assets, total, BIS-spliced, USD",,E,2012-07,4473.3439086155,,F,A,
M,CN,B,USD,_Z,B,,"From January 2002 onwards: monthly balance sheet of the People's Bank of China. Between 1993 and 2001: sum of foreign assets (net), claims against the government, bank claims on deposit money, claims against non-monetary financial institutions and claims on the non-financial sector. Before 2000: Almanac of China's finance and banking.",BIS-spliced,The data in billions of US dollars are calculated using market exchange rates.,,3,9,,"This series is adjusted for breaks. Break-adjustment calculations follow the methodology outlined in the BIS Quarterly Review (2013). For further detail, see https://www.bis.org/publ/qtrpdf/r_qt1303z.htm",People's Bank of China; Bank for International Settlements.,5B0,"China - Central bank, assets, total, BIS-spliced, USD",,E,2012-08,4504.5463201643,,F,A,
M,CN,B,USD,_Z,B,,"From January 2002 onwards: monthly balance sheet of the People's Bank of China. Between 1993 and 2001: sum of foreign assets (net), claims against the government, bank claims on deposit money, claims against non-monetary financial institutions and claims on the non-financial sector. Before 2000: Almanac of China's finance and banking.",BIS-spliced,The data in billions of US dollars are calculated using market exchange rates.,,3,9,,"This series is adjusted for breaks. Break-adjustment calculations follow the methodology outlined in the BIS Quarterly Review (2013). For further detail, see https://www.bis.org/publ/qtrpdf/r_qt1303z.htm",People's Bank of China; Bank for International Settlements.,5B0,"China - Central bank, assets, total, BIS-spliced, USD",,E,2012-09,4608.9447238979,,F,A,
M,CN,B,USD,_Z,B,,"From January 2002 onwards: monthly balance sheet of the People's Bank of China. Between 1993 and 2001: sum of foreign assets (net), claims against the government, bank claims on deposit money, claims against non-monetary financial institutions and claims on the non-financial sector. Before 2000: Almanac of China's finance and banking.",BIS-spliced,The data in billions of US dollars are calculated using market exchange rates.,,3,9,,"This series is adjusted for breaks. Break-adjustment calculations follow the methodology outlined in the BIS Quarterly Review (2013). For further detail, see https://www.bis.org/publ/qtrpdf/r_qt1303z.htm",People's Bank of China; Bank for International Settlements.,5B0,"China - Central bank, assets, total, BIS-spliced, USD",,E,2012-10,4686.4069269275,,F,A,
M,CN,B,USD,_Z,B,,"From January 2002 onwards: monthly balance sheet of the People's Bank of China. Between 1993 and 2001: sum of foreign assets (net), claims against the government, bank claims on deposit money, claims against non-monetary financial institutions and claims on the non-financial sector. Before 2000: Almanac of China's finance and banking.",BIS-spliced,The data in billions of US dollars are calculated using market exchange rates.,,3,9,,"This series is adjusted for breaks. Break-adjustment calculations follow the methodology outlined in the BIS Quarterly Review (2013). For further detail, see https://www.bis.org/publ/qtrpdf/r_qt1303z.htm",People's Bank of China; Bank for International Settlements.,5B0,"China - Central bank, assets, total, BIS-spliced, USD",,E,2012-11,4653.1449944131,,F,A,
M,CN,B,USD,_Z,B,,"From January 2002 onwards: monthly balance sheet of the People's Bank of China. Between 1993 and 2001: sum of foreign assets (net), claims against the government, bank claims on deposit money, claims against non-monetary financial institutions and claims on the non-financial sector. Before 2000: Almanac of China's finance and banking.",BIS-spliced,The data in billions of US dollars are calculated using market exchange rates.,,3,9,,"This series is adjusted for breaks. Break-adjustment calculations follow the methodology outlined in the BIS Quarterly Review (2013). For further detail, see https://www.bis.org/publ/qtrpdf/r_qt1303z.htm",People's Bank of China; Bank for International Settlements.,5B0,"China - Central bank, assets, total, BIS-spliced, USD",,E,2012-12,4727.2418702107,,F,A,
M,CN,B,USD,_Z,B,,"From January 2002 onwards: monthly balance sheet of the People's Bank of China. Between 1993 and 2001: sum of foreign assets (net), claims against the government, bank claims on deposit money, claims against non-monetary financial institutions and claims on the non-financial sector. Before 2000: Almanac of China's finance and banking.",BIS-spliced,The data in billions of US dollars are calculated using market exchange rates.,,3,9,,"This series is adjusted for breaks. Break-adjustment calculations follow the methodology outlined in the BIS Quarterly Review (2013). For further detail, see https://www.bis.org/publ/qtrpdf/r_qt1303z.htm",People's Bank of China; Bank for International Settlements.,5B0,"China - Central bank, assets, total, BIS-spliced, USD",,E,2013-01,4790.6921744399,,F,A,
M,CN,B,USD,_Z,B,,"From January 2002 onwards: monthly balance sheet of the People's Bank of China. Between 1993 and 2001: sum of foreign assets (net), claims against the government, bank claims on deposit money, claims against non-monetary financial institutions and claims on the non-financial sector. Before 2000: Almanac of China's finance and banking.",BIS-spliced,The data in billions of US dollars are calculated using market exchange rates.,,3,9,,"This series is adjusted for breaks. Break-adjustment calculations follow the methodology outlined in the BIS Quarterly Review (2013). For further detail, see https://www.bis.org/publ/qtrpdf/r_qt1303z.htm",People's Bank of China; Bank for International Settlements.,5B0,"China - Central bank, assets, total, BIS-spliced, USD",,E,2013-02,4790.4361488332,,F,A,
M,CN,B,USD,_Z,B,,"From January 2002 onwards: monthly balance sheet of the People's Bank of China. Between 1993 and 2001: sum of foreign assets (net), claims against the government, bank claims on deposit money, claims against non-monetary financial institutions and claims on the non-financial sector. Before 2000: Almanac of China's finance and banking.",BIS-spliced,The data in billions of US dollars are calculated using market exchange rates.,,3,9,,"This series is adjusted for breaks. Break-adjustment calculations follow the methodology outlined in the BIS Quarterly Review (2013). For further detail, see https://www.bis.org/publ/qtrpdf/r_qt1303z.htm",People's Bank of China; Bank for International Settlements.,5B0,"China - Central bank, assets, total, BIS-spliced, USD",,E,2013-03,4808.9598318749,,F,A,
M,CN,B,USD,_Z,B,,"From January 2002 onwards: monthly balance sheet of the People's Bank of China. Between 1993 and 2001: sum of foreign assets (net), claims against the government, bank claims on deposit money, claims against non-monetary financial institutions and claims on the non-financial sector. Before 2000: Almanac of China's finance and banking.",BIS-spliced,The data in billions of US dollars are calculated using market exchange rates.,,3,9,,"This series is adjusted for breaks. Break-adjustment calculations follow the methodology outlined in the BIS Quarterly Review (2013). For further detail, see https://www.bis.org/publ/qtrpdf/r_qt1303z.htm",People's Bank of China; Bank for International Settlements.,5B0,"China - Central bank, assets, total, BIS-spliced, USD",,E,2013-04,4878.6787835321,,F,A,
M,CN,B,USD,_Z,B,,"From January 2002 onwards: monthly balance sheet of the People's Bank of China. Between 1993 and 2001: sum of foreign assets (net), claims against the government, bank claims on deposit money, claims against non-monetary financial institutions and claims on the non-financial sector. Before 2000: Almanac of China's finance and banking.",BIS-spliced,The data in billions of US dollars are calculated using market exchange rates.,,3,9,,"This series is adjusted for breaks. Break-adjustment calculations follow the methodology outlined in the BIS Quarterly Review (2013). For further detail, see https://www.bis.org/publ/qtrpdf/r_qt1303z.htm",People's Bank of China; Bank for International Settlements.,5B0,"China - Central bank, assets, total, BIS-spliced, USD",,E,2013-05,4925.1178525601,,F,A,
M,CN,B,USD,_Z,B,,"From January 2002 onwards: monthly balance sheet of the People's Bank of China. Between 1993 and 2001: sum of foreign assets (net), claims against the government, bank claims on deposit money, claims against non-monetary financial institutions and claims on the non-financial sector. Before 2000: Almanac of China's finance and banking.",BIS-spliced,The data in billions of US dollars are calculated using market exchange rates.,,3,9,,"This series is adjusted for breaks. Break-adjustment calculations follow the methodology outlined in the BIS Quarterly Review (2013). For further detail, see https://www.bis.org/publ/qtrpdf/r_qt1303z.htm",People's Bank of China; Bank for International Settlements.,5B0,"China - Central bank, assets, total, BIS-spliced, USD",,E,2013-06,4997.7247171743,,F,A,
M,CN,B,USD,_Z,B,,"From January 2002 onwards: monthly balance sheet of the People's Bank of China. Between 1993 and 2001: sum of foreign assets (net), claims against the government, bank claims on deposit money, claims against non-monetary financial institutions and claims on the non-financial sector. Before 2000: Almanac of China's finance and banking.",BIS-spliced,The data in billions of US dollars are calculated using market exchange rates.,,3,9,,"This series is adjusted for breaks. Break-adjustment calculations follow the methodology outlined in the BIS Quarterly Review (2013). For further detail, see https://www.bis.org/publ/qtrpdf/r_qt1303z.htm",People's Bank of China; Bank for International Settlements.,5B0,"China - Central bank, assets, total, BIS-spliced, USD",,E,2013-07,5004.1232823763,,F,A,
M,CN,B,USD,_Z,B,,"From January 2002 onwards: monthly balance sheet of the People's Bank of China. Between 1993 and 2001: sum of foreign assets (net), claims against the government, bank claims on deposit money, claims against non-monetary financial institutions and claims on the non-financial sector. Before 2000: Almanac of China's finance and banking.",BIS-spliced,The data in billions of US dollars are calculated using market exchange rates.,,3,9,,"This series is adjusted for breaks. Break-adjustment calculations follow the methodology outlined in the BIS Quarterly Review (2013). For further detail, see https://www.bis.org/publ/qtrpdf/r_qt1303z.htm",People's Bank of China; Bank for International Settlements.,5B0,"China - Central bank, assets, total, BIS-spliced, USD",,E,2013-08,5049.0059146376,,F,A,
M,CN,B,USD,_Z,B,,"From January 2002 onwards: monthly balance sheet of the People's Bank of China. Between 1993 and 2001: sum of foreign assets (net), claims against the government, bank claims on deposit money, claims against non-monetary financial institutions and claims on the non-financial sector. Before 2000: Almanac of China's finance and banking.",BIS-spliced,The data in billions of US dollars are calculated using market exchange rates.,,3,9,,"This series is adjusted for breaks. Break-adjustment calculations follow the methodology outlined in the BIS Quarterly Review (2013). For further detail, see https://www.bis.org/publ/qtrpdf/r_qt1303z.htm",People's Bank of China; Bank for International Settlements.,5B0,"China - Central bank, assets, total, BIS-spliced, USD",,E,2013-09,5085.1684109298,,F,A,
M,CN,B,USD,_Z,B,,"From January 2002 onwards: monthly balance sheet of the People's Bank of China. Between 1993 and 2001: sum of foreign assets (net), claims against the government, bank claims on deposit money, claims against non-monetary financial institutions and claims on the non-financial sector. Before 2000: Almanac of China's finance and banking.",BIS-spliced,The data in billions of US dollars are calculated using market exchange rates.,,3,9,,"This series is adjusted for breaks. Break-adjustment calculations follow the methodology outlined in the BIS Quarterly Review (2013). For further detail, see https://www.bis.org/publ/qtrpdf/r_qt1303z.htm",People's Bank of China; Bank for International Settlements.,5B0,"China - Central bank, assets, total, BIS-spliced, USD",,E,2013-10,5162.2931121728,,F,A,
M,CN,B,USD,_Z,B,,"From January 2002 onwards: monthly balance sheet of the People's Bank of China. Between 1993 and 2001: sum of foreign assets (net), claims against the government, bank claims on deposit money, claims against non-monetary financial institutions and claims on the non-financial sector. Before 2000: Almanac of China's finance and banking.",BIS-spliced,The data in billions of US dollars are calculated using market exchange rates.,,3,9,,"This series is adjusted for breaks. Break-adjustment calculations follow the methodology outlined in the BIS Quarterly Review (2013). For further detail, see https://www.bis.org/publ/qtrpdf/r_qt1303z.htm",People's Bank of China; Bank for International Settlements.,5B0,"China - Central bank, assets, total, BIS-spliced, USD",,E,2013-11,5225.28064362,,F,A,
M,CN,B,USD,_Z,B,,"From January 2002 onwards: monthly balance sheet of the People's Bank of China. Between 1993 and 2001: sum of foreign assets (net), claims against the government, bank claims on deposit money, claims against non-monetary financial institutions and claims on the non-financial sector. Before 2000: Almanac of China's finance and banking.",BIS-spliced,The data in billions of US dollars are calculated using market exchange rates.,,3,9,,"This series is adjusted for breaks. Break-adjustment calculations follow the methodology outlined in the BIS Quarterly Review (2013). For further detail, see https://www.bis.org/publ/qtrpdf/r_qt1303z.htm",People's Bank of China; Bank for International Settlements.,5B0,"China - Central bank, assets, total, BIS-spliced, USD",,E,2013-12,5240.7904300299,,F,A,
M,CN,B,USD,_Z,B,,"From January 2002 onwards: monthly balance sheet of the People's Bank of China. Between 1993 and 2001: sum of foreign assets (net), claims against the government, bank claims on deposit money, claims against non-monetary financial institutions and claims on the non-financial sector. Before 2000: Almanac of China's finance and banking.",BIS-spliced,The data in billions of US dollars are calculated using market exchange rates.,,3,9,,"This series is adjusted for breaks. Break-adjustment calculations follow the methodology outlined in the BIS Quarterly Review (2013). For further detail, see https://www.bis.org/publ/qtrpdf/r_qt1303z.htm",People's Bank of China; Bank for International Settlements.,5B0,"China - Central bank, assets, total, BIS-spliced, USD",,E,2014-01,5463.971227088,,F,A,
M,CN,B,USD,_Z,B,,"From January 2002 onwards: monthly balance sheet of the People's Bank of China. Between 1993 and 2001: sum of foreign assets (net), claims against the government, bank claims on deposit money, claims against non-monetary financial institutions and claims on the non-financial sector. Before 2000: Almanac of China's finance and banking.",BIS-spliced,The data in billions of US dollars are calculated using market exchange rates.,,3,9,,"This series is adjusted for breaks. Break-adjustment calculations follow the methodology outlined in the BIS Quarterly Review (2013). For further detail, see https://www.bis.org/publ/qtrpdf/r_qt1303z.htm",People's Bank of China; Bank for International Settlements.,5B0,"China - Central bank, assets, total, BIS-spliced, USD",,E,2014-02,5289.1046611102,,F,A,
M,CN,B,USD,_Z,B,,"From January 2002 onwards: monthly balance sheet of the People's Bank of China. Between 1993 and 2001: sum of foreign assets (net), claims against the government, bank claims on deposit money, claims against non-monetary financial institutions and claims on the non-financial sector. Before 2000: Almanac of China's finance and banking.",BIS-spliced,The data in billions of US dollars are calculated using market exchange rates.,,3,9,,"This series is adjusted for breaks. Break-adjustment calculations follow the methodology outlined in the BIS Quarterly Review (2013). For further detail, see https://www.bis.org/publ/qtrpdf/r_qt1303z.htm",People's Bank of China; Bank for International Settlements.,5B0,"China - Central bank, assets, total, BIS-spliced, USD",,E,2014-03,5252.0136873487,,F,A,
M,CN,B,USD,_Z,B,,"From January 2002 onwards: monthly balance sheet of the People's Bank of China. Between 1993 and 2001: sum of foreign assets (net), claims against the government, bank claims on deposit money, claims against non-monetary financial institutions and claims on the non-financial sector. Before 2000: Almanac of China's finance and banking.",BIS-spliced,The data in billions of US dollars are calculated using market exchange rates.,,3,9,,"This series is adjusted for breaks. Break-adjustment calculations follow the methodology outlined in the BIS Quarterly Review (2013). For further detail, see https://www.bis.org/publ/qtrpdf/r_qt1303z.htm",People's Bank of China; Bank for International Settlements.,5B0,"China - Central bank, assets, total, BIS-spliced, USD",,E,2014-04,5239.9921818637,,F,A,
M,CN,B,USD,_Z,B,,"From January 2002 onwards: monthly balance sheet of the People's Bank of China. Between 1993 and 2001: sum of foreign assets (net), claims against the government, bank claims on deposit money, claims against non-monetary financial institutions and claims on the non-financial sector. Before 2000: Almanac of China's finance and banking.",BIS-spliced,The data in billions of US dollars are calculated using market exchange rates.,,3,9,,"This series is adjusted for breaks. Break-adjustment calculations follow the methodology outlined in the BIS Quarterly Review (2013). For further detail, see https://www.bis.org/publ/qtrpdf/r_qt1303z.htm",People's Bank of China; Bank for International Settlements.,5B0,"China - Central bank, assets, total, BIS-spliced, USD",,E,2014-05,5265.5325414147,,F,A,
M,CN,B,USD,_Z,B,,"From January 2002 onwards: monthly balance sheet of the People's Bank of China. Between 1993 and 2001: sum of foreign assets (net), claims against the government, bank claims on deposit money, claims against non-monetary financial institutions and claims on the non-financial sector. Before 2000: Almanac of China's finance and banking.",BIS-spliced,The data in billions of US dollars are calculated using market exchange rates.,,3,9,,"This series is adjusted for breaks. Break-adjustment calculations follow the methodology outlined in the BIS Quarterly Review (2013). For further detail, see https://www.bis.org/publ/qtrpdf/r_qt1303z.htm",People's Bank of China; Bank for International Settlements.,5B0,"China - Central bank, assets, total, BIS-spliced, USD",,E,2014-06,5315.0583175778,,F,A,
M,CN,B,USD,_Z,B,,"From January 2002 onwards: monthly balance sheet of the People's Bank of China. Between 1993 and 2001: sum of foreign assets (net), claims against the government, bank claims on deposit money, claims against non-monetary financial institutions and claims on the non-financial sector. Before 2000: Almanac of China's finance and banking.",BIS-spliced,The data in billions of US dollars are calculated using market exchange rates.,,3,9,,"This series is adjusted for breaks. Break-adjustment calculations follow the methodology outlined in the BIS Quarterly Review (2013). For further detail, see https://www.bis.org/publ/qtrpdf/r_qt1303z.htm",People's Bank of China; Bank for International Settlements.,5B0,"China - Central bank, assets, total, BIS-spliced, USD",,E,2014-07,5345.2452511763,,F,A,
M,CN,B,USD,_Z,B,,"From January 2002 onwards: monthly balance sheet of the People's Bank of China. Between 1993 and 2001: sum of foreign assets (net), claims against the government, bank claims on deposit money, claims against non-monetary financial institutions and claims on the non-financial sector. Before 2000: Almanac of China's finance and banking.",BIS-spliced,The data in billions of US dollars are calculated using market exchange rates.,,3,9,,"This series is adjusted for breaks. Break-adjustment calculations follow the methodology outlined in the BIS Quarterly Review (2013). For further detail, see https://www.bis.org/publ/qtrpdf/r_qt1303z.htm",People's Bank of China; Bank for International Settlements.,5B0,"China - Central bank, assets, total, BIS-spliced, USD",,E,2014-08,5382.0188263269,,F,A,
M,CN,B,USD,_Z,B,,"From January 2002 onwards: monthly balance sheet of the People's Bank of China. Between 1993 and 2001: sum of foreign assets (net), claims against the government, bank claims on deposit money, claims against non-monetary financial institutions and claims on the non-financial sector. Before 2000: Almanac of China's finance and banking.",BIS-spliced,The data in billions of US dollars are calculated using market exchange rates.,,3,9,,"This series is adjusted for breaks. Break-adjustment calculations follow the methodology outlined in the BIS Quarterly Review (2013). For further detail, see https://www.bis.org/publ/qtrpdf/r_qt1303z.htm",People's Bank of China; Bank for International Settlements.,5B0,"China - Central bank, assets, total, BIS-spliced, USD",,E,2014-09,5476.4049526814,,F,A,
M,CN,B,USD,_Z,B,,"From January 2002 onwards: monthly balance sheet of the People's Bank of China. Between 1993 and 2001: sum of foreign assets (net), claims against the government, bank claims on deposit money, claims against non-monetary financial institutions and claims on the non-financial sector. Before 2000: Almanac of China's finance and banking.",BIS-spliced,The data in billions of US dollars are calculated using market exchange rates.,,3,9,,"This series is adjusted for breaks. Break-adjustment calculations follow the methodology outlined in the BIS Quarterly Review (2013). For further detail, see https://www.bis.org/publ/qtrpdf/r_qt1303z.htm",People's Bank of China; Bank for International Settlements.,5B0,"China - Central bank, assets, total, BIS-spliced, USD",,E,2014-10,5550.2357621475,,F,A,
M,CN,B,USD,_Z,B,,"From January 2002 onwards: monthly balance sheet of the People's Bank of China. Between 1993 and 2001: sum of foreign assets (net), claims against the government, bank claims on deposit money, claims against non-monetary financial institutions and claims on the non-financial sector. Before 2000: Almanac of China's finance and banking.",BIS-spliced,The data in billions of US dollars are calculated using market exchange rates.,,3,9,,"This series is adjusted for breaks. Break-adjustment calculations follow the methodology outlined in the BIS Quarterly Review (2013). For further detail, see https://www.bis.org/publ/qtrpdf/r_qt1303z.htm",People's Bank of China; Bank for International Settlements.,5B0,"China - Central bank, assets, total, BIS-spliced, USD",,E,2014-11,5539.0741059423,,F,A,
M,CN,B,USD,_Z,B,,"From January 2002 onwards: monthly balance sheet of the People's Bank of China. Between 1993 and 2001: sum of foreign assets (net), claims against the government, bank claims on deposit money, claims against non-monetary financial institutions and claims on the non-financial sector. Before 2000: Almanac of China's finance and banking.",BIS-spliced,The data in billions of US dollars are calculated using market exchange rates.,,3,9,,"This series is adjusted for breaks. Break-adjustment calculations follow the methodology outlined in the BIS Quarterly Review (2013). For further detail, see https://www.bis.org/publ/qtrpdf/r_qt1303z.htm",People's Bank of China; Bank for International Settlements.,5B0,"China - Central bank, assets, total, BIS-spliced, USD",,E,2014-12,5449.5591069426,,F,A,
M,CN,B,USD,_Z,B,,"From January 2002 onwards: monthly balance sheet of the People's Bank of China. Between 1993 and 2001: sum of foreign assets (net), claims against the government, bank claims on deposit money, claims against non-monetary financial institutions and claims on the non-financial sector. Before 2000: Almanac of China's finance and banking.",BIS-spliced,The data in billions of US dollars are calculated using market exchange rates.,,3,9,,"This series is adjusted for breaks. Break-adjustment calculations follow the methodology outlined in the BIS Quarterly Review (2013). For further detail, see https://www.bis.org/publ/qtrpdf/r_qt1303z.htm",People's Bank of China; Bank for International Settlements.,5B0,"China - Central bank, assets, total, BIS-spliced, USD",,E,2015-01,5423.2128804569,,F,A,
M,CN,B,USD,_Z,B,,"From January 2002 onwards: monthly balance sheet of the People's Bank of China. Between 1993 and 2001: sum of foreign assets (net), claims against the government, bank claims on deposit money, claims against non-monetary financial institutions and claims on the non-financial sector. Before 2000: Almanac of China's finance and banking.",BIS-spliced,The data in billions of US dollars are calculated using market exchange rates.,,3,9,,"This series is adjusted for breaks. Break-adjustment calculations follow the methodology outlined in the BIS Quarterly Review (2013). For further detail, see https://www.bis.org/publ/qtrpdf/r_qt1303z.htm",People's Bank of China; Bank for International Settlements.,5B0,"China - Central bank, assets, total, BIS-spliced, USD",,E,2015-02,5508.1476618932,,F,A,
M,CN,B,USD,_Z,B,,"From January 2002 onwards: monthly balance sheet of the People's Bank of China. Between 1993 and 2001: sum of foreign assets (net), claims against the government, bank claims on deposit money, claims against non-monetary financial institutions and claims on the non-financial sector. Before 2000: Almanac of China's finance and banking.",BIS-spliced,The data in billions of US dollars are calculated using market exchange rates.,,3,9,,"This series is adjusted for breaks. Break-adjustment calculations follow the methodology outlined in the BIS Quarterly Review (2013). For further detail, see https://www.bis.org/publ/qtrpdf/r_qt1303z.htm",People's Bank of China; Bank for International Settlements.,5B0,"China - Central bank, assets, total, BIS-spliced, USD",,E,2015-03,5519.4196848908,,F,A,
M,CN,B,USD,_Z,B,,"From January 2002 onwards: monthly balance sheet of the People's Bank of China. Between 1993 and 2001: sum of foreign assets (net), claims against the government, bank claims on deposit money, claims against non-monetary financial institutions and claims on the non-financial sector. Before 2000: Almanac of China's finance and banking.",BIS-spliced,The data in billions of US dollars are calculated using market exchange rates.,,3,9,,"This series is adjusted for breaks. Break-adjustment calculations follow the methodology outlined in the BIS Quarterly Review (2013). For further detail, see https://www.bis.org/publ/qtrpdf/r_qt1303z.htm",People's Bank of China; Bank for International Settlements.,5B0,"China - Central bank, assets, total, BIS-spliced, USD",,E,2015-04,5495.4317012356,,F,A,
M,CN,B,USD,_Z,B,,"From January 2002 onwards: monthly balance sheet of the People's Bank of China. Between 1993 and 2001: sum of foreign assets (net), claims against the government, bank claims on deposit money, claims against non-monetary financial institutions and claims on the non-financial sector. Before 2000: Almanac of China's finance and banking.",BIS-spliced,The data in billions of US dollars are calculated using market exchange rates.,,3,9,,"This series is adjusted for breaks. Break-adjustment calculations follow the methodology outlined in the BIS Quarterly Review (2013). For further detail, see https://www.bis.org/publ/qtrpdf/r_qt1303z.htm",People's Bank of China; Bank for International Settlements.,5B0,"China - Central bank, assets, total, BIS-spliced, USD",,E,2015-05,5497.7691989112,,F,A,
M,CN,B,USD,_Z,B,,"From January 2002 onwards: monthly balance sheet of the People's Bank of China. Between 1993 and 2001: sum of foreign assets (net), claims against the government, bank claims on deposit money, claims against non-monetary financial institutions and claims on the non-financial sector. Before 2000: Almanac of China's finance and banking.",BIS-spliced,The data in billions of US dollars are calculated using market exchange rates.,,3,9,,"This series is adjusted for breaks. Break-adjustment calculations follow the methodology outlined in the BIS Quarterly Review (2013). For further detail, see https://www.bis.org/publ/qtrpdf/r_qt1303z.htm",People's Bank of China; Bank for International Settlements.,5B0,"China - Central bank, assets, total, BIS-spliced, USD",,E,2015-06,5437.161133785,,F,A,
M,CN,B,USD,_Z,B,,"From January 2002 onwards: monthly balance sheet of the People's Bank of China. Between 1993 and 2001: sum of foreign assets (net), claims against the government, bank claims on deposit money, claims against non-monetary financial institutions and claims on the non-financial sector. Before 2000: Almanac of China's finance and banking.",BIS-spliced,The data in billions of US dollars are calculated using market exchange rates.,,3,9,,"This series is adjusted for breaks. Break-adjustment calculations follow the methodology outlined in the BIS Quarterly Review (2013). For further detail, see https://www.bis.org/publ/qtrpdf/r_qt1303z.htm",People's Bank of China; Bank for International Settlements.,5B0,"China - Central bank, assets, total, BIS-spliced, USD",,E,2015-07,5397.951582358,,F,A,
M,CN,B,USD,_Z,B,,"From January 2002 onwards: monthly balance sheet of the People's Bank of China. Between 1993 and 2001: sum of foreign assets (net), claims against the government, bank claims on deposit money, claims against non-monetary financial institutions and claims on the non-financial sector. Before 2000: Almanac of China's finance and banking.",BIS-spliced,The data in billions of US dollars are calculated using market exchange rates.,,3,9,,"This series is adjusted for breaks. Break-adjustment calculations follow the methodology outlined in the BIS Quarterly Review (2013). For further detail, see https://www.bis.org/publ/qtrpdf/r_qt1303z.htm",People's Bank of China; Bank for International Settlements.,5B0,"China - Central bank, assets, total, BIS-spliced, USD",,E,2015-08,5223.5009371033,,F,A,
M,CN,B,USD,_Z,B,,"From January 2002 onwards: monthly balance sheet of the People's Bank of China. Between 1993 and 2001: sum of foreign assets (net), claims against the government, bank claims on deposit money, claims against non-monetary financial institutions and claims on the non-financial sector. Before 2000: Almanac of China's finance and banking.",BIS-spliced,The data in billions of US dollars are calculated using market exchange rates.,,3,9,,"This series is adjusted for breaks. Break-adjustment calculations follow the methodology outlined in the BIS Quarterly Review (2013). For further detail, see https://www.bis.org/publ/qtrpdf/r_qt1303z.htm",People's Bank of China; Bank for International Settlements.,5B0,"China - Central bank, assets, total, BIS-spliced, USD",,E,2015-09,5129.6431028059,,F,A,
M,CN,B,USD,_Z,B,,"From January 2002 onwards: monthly balance sheet of the People's Bank of China. Between 1993 and 2001: sum of foreign assets (net), claims against the government, bank claims on deposit money, claims against non-monetary financial institutions and claims on the non-financial sector. Before 2000: Almanac of China's finance and banking.",BIS-spliced,The data in billions of US dollars are calculated using market exchange rates.,,3,9,,"This series is adjusted for breaks. Break-adjustment calculations follow the methodology outlined in the BIS Quarterly Review (2013). For further detail, see https://www.bis.org/publ/qtrpdf/r_qt1303z.htm",People's Bank of China; Bank for International Settlements.,5B0,"China - Central bank, assets, total, BIS-spliced, USD",,E,2015-10,5173.4027142699,,F,A,
M,CN,B,USD,_Z,B,,"From January 2002 onwards: monthly balance sheet of the People's Bank of China. Between 1993 and 2001: sum of foreign assets (net), claims against the government, bank claims on deposit money, claims against non-monetary financial institutions and claims on the non-financial sector. Before 2000: Almanac of China's finance and banking.",BIS-spliced,The data in billions of US dollars are calculated using market exchange rates.,,3,9,,"This series is adjusted for breaks. Break-adjustment calculations follow the methodology outlined in the BIS Quarterly Review (2013). For further detail, see https://www.bis.org/publ/qtrpdf/r_qt1303z.htm",People's Bank of China; Bank for International Settlements.,5B0,"China - Central bank, assets, total, BIS-spliced, USD",,E,2015-11,5098.9463885756,,F,A,
M,CN,B,USD,_Z,B,,"From January 2002 onwards: monthly balance sheet of the People's Bank of China. Between 1993 and 2001: sum of foreign assets (net), claims against the government, bank claims on deposit money, claims against non-monetary financial institutions and claims on the non-financial sector. Before 2000: Almanac of China's finance and banking.",BIS-spliced,The data in billions of US dollars are calculated using market exchange rates.,,3,9,,"This series is adjusted for breaks. Break-adjustment calculations follow the methodology outlined in the BIS Quarterly Review (2013). For further detail, see https://www.bis.org/publ/qtrpdf/r_qt1303z.htm",People's Bank of China; Bank for International Settlements.,5B0,"China - Central bank, assets, total, BIS-spliced, USD",,E,2015-12,4900.7069765893,,F,A,
M,CN,B,USD,_Z,B,,"From January 2002 onwards: monthly balance sheet of the People's Bank of China. Between 1993 and 2001: sum of foreign assets (net), claims against the government, bank claims on deposit money, claims against non-monetary financial institutions and claims on the non-financial sector. Before 2000: Almanac of China's finance and banking.",BIS-spliced,The data in billions of US dollars are calculated using market exchange rates.,,3,9,,"This series is adjusted for breaks. Break-adjustment calculations follow the methodology outlined in the BIS Quarterly Review (2013). For further detail, see https://www.bis.org/publ/qtrpdf/r_qt1303z.htm",People's Bank of China; Bank for International Settlements.,5B0,"China - Central bank, assets, total, BIS-spliced, USD",,E,2016-01,5125.2804323353,,F,A,
M,CN,B,USD,_Z,B,,"From January 2002 onwards: monthly balance sheet of the People's Bank of China. Between 1993 and 2001: sum of foreign assets (net), claims against the government, bank claims on deposit money, claims against non-monetary financial institutions and claims on the non-financial sector. Before 2000: Almanac of China's finance and banking.",BIS-spliced,The data in billions of US dollars are calculated using market exchange rates.,,3,9,,"This series is adjusted for breaks. Break-adjustment calculations follow the methodology outlined in the BIS Quarterly Review (2013). For further detail, see https://www.bis.org/publ/qtrpdf/r_qt1303z.htm",People's Bank of China; Bank for International Settlements.,5B0,"China - Central bank, assets, total, BIS-spliced, USD",,E,2016-02,5124.8890233105,,F,A,
M,CN,B,USD,_Z,B,,"From January 2002 onwards: monthly balance sheet of the People's Bank of China. Between 1993 and 2001: sum of foreign assets (net), claims against the government, bank claims on deposit money, claims against non-monetary financial institutions and claims on the non-financial sector. Before 2000: Almanac of China's finance and banking.",BIS-spliced,The data in billions of US dollars are calculated using market exchange rates.,,3,9,,"This series is adjusted for breaks. Break-adjustment calculations follow the methodology outlined in the BIS Quarterly Review (2013). For further detail, see https://www.bis.org/publ/qtrpdf/r_qt1303z.htm",People's Bank of China; Bank for International Settlements.,5B0,"China - Central bank, assets, total, BIS-spliced, USD",,E,2016-03,5052.0644506746,,F,A,
M,CN,B,USD,_Z,B,,"From January 2002 onwards: monthly balance sheet of the People's Bank of China. Between 1993 and 2001: sum of foreign assets (net), claims against the government, bank claims on deposit money, claims against non-monetary financial institutions and claims on the non-financial sector. Before 2000: Almanac of China's finance and banking.",BIS-spliced,The data in billions of US dollars are calculated using market exchange rates.,,3,9,,"This series is adjusted for breaks. Break-adjustment calculations follow the methodology outlined in the BIS Quarterly Review (2013). For further detail, see https://www.bis.org/publ/qtrpdf/r_qt1303z.htm",People's Bank of China; Bank for International Settlements.,5B0,"China - Central bank, assets, total, BIS-spliced, USD",,E,2016-04,5074.9908782791,,F,A,
M,CN,B,USD,_Z,B,,"From January 2002 onwards: monthly balance sheet of the People's Bank of China. Between 1993 and 2001: sum of foreign assets (net), claims against the government, bank claims on deposit money, claims against non-monetary financial institutions and claims on the non-financial sector. Before 2000: Almanac of China's finance and banking.",BIS-spliced,The data in billions of US dollars are calculated using market exchange rates.,,3,9,,"This series is adjusted for breaks. Break-adjustment calculations follow the methodology outlined in the BIS Quarterly Review (2013). For further detail, see https://www.bis.org/publ/qtrpdf/r_qt1303z.htm",People's Bank of China; Bank for International Settlements.,5B0,"China - Central bank, assets, total, BIS-spliced, USD",,E,2016-05,5021.4374265844,,F,A,
M,CN,B,USD,_Z,B,,"From January 2002 onwards: monthly balance sheet of the People's Bank of China. Between 1993 and 2001: sum of foreign assets (net), claims against the government, bank claims on deposit money, claims against non-monetary financial institutions and claims on the non-financial sector. Before 2000: Almanac of China's finance and banking.",BIS-spliced,The data in billions of US dollars are calculated using market exchange rates.,,3,9,,"This series is adjusted for breaks. Break-adjustment calculations follow the methodology outlined in the BIS Quarterly Review (2013). For further detail, see https://www.bis.org/publ/qtrpdf/r_qt1303z.htm",People's Bank of China; Bank for International Settlements.,5B0,"China - Central bank, assets, total, BIS-spliced, USD",,E,2016-06,5089.8982719385,,F,A,
M,CN,B,USD,_Z,B,,"From January 2002 onwards: monthly balance sheet of the People's Bank of China. Between 1993 and 2001: sum of foreign assets (net), claims against the government, bank claims on deposit money, claims against non-monetary financial institutions and claims on the non-financial sector. Before 2000: Almanac of China's finance and banking.",BIS-spliced,The data in billions of US dollars are calculated using market exchange rates.,,3,9,,"This series is adjusted for breaks. Break-adjustment calculations follow the methodology outlined in the BIS Quarterly Review (2013). For further detail, see https://www.bis.org/publ/qtrpdf/r_qt1303z.htm",People's Bank of China; Bank for International Settlements.,5B0,"China - Central bank, assets, total, BIS-spliced, USD",,E,2016-07,5041.8692239139,,F,A,
M,CN,B,USD,_Z,B,,"From January 2002 onwards: monthly balance sheet of the People's Bank of China. Between 1993 and 2001: sum of foreign assets (net), claims against the government, bank claims on deposit money, claims against non-monetary financial institutions and claims on the non-financial sector. Before 2000: Almanac of China's finance and banking.",BIS-spliced,The data in billions of US dollars are calculated using market exchange rates.,,3,9,,"This series is adjusted for breaks. Break-adjustment calculations follow the methodology outlined in the BIS Quarterly Review (2013). For further detail, see https://www.bis.org/publ/qtrpdf/r_qt1303z.htm",People's Bank of China; Bank for International Settlements.,5B0,"China - Central bank, assets, total, BIS-spliced, USD",,E,2016-08,5002.459762952,,F,A,
M,CN,B,USD,_Z,B,,"From January 2002 onwards: monthly balance sheet of the People's Bank of China. Between 1993 and 2001: sum of foreign assets (net), claims against the government, bank claims on deposit money, claims against non-monetary financial institutions and claims on the non-financial sector. Before 2000: Almanac of China's finance and banking.",BIS-spliced,The data in billions of US dollars are calculated using market exchange rates.,,3,9,,"This series is adjusted for breaks. Break-adjustment calculations follow the methodology outlined in the BIS Quarterly Review (2013). For further detail, see https://www.bis.org/publ/qtrpdf/r_qt1303z.htm",People's Bank of China; Bank for International Settlements.,5B0,"China - Central bank, assets, total, BIS-spliced, USD",,E,2016-09,5020.4550135093,,F,A,
M,CN,B,USD,_Z,B,,"From January 2002 onwards: monthly balance sheet of the People's Bank of China. Between 1993 and 2001: sum of foreign assets (net), claims against the government, bank claims on deposit money, claims against non-monetary financial institutions and claims on the non-financial sector. Before 2000: Almanac of China's finance and banking.",BIS-spliced,The data in billions of US dollars are calculated using market exchange rates.,,3,9,,"This series is adjusted for breaks. Break-adjustment calculations follow the methodology outlined in the BIS Quarterly Review (2013). For further detail, see https://www.bis.org/publ/qtrpdf/r_qt1303z.htm",People's Bank of China; Bank for International Settlements.,5B0,"China - Central bank, assets, total, BIS-spliced, USD",,E,2016-10,5049.0411990945,,F,A,
M,CN,B,USD,_Z,B,,"From January 2002 onwards: monthly balance sheet of the People's Bank of China. Between 1993 and 2001: sum of foreign assets (net), claims against the government, bank claims on deposit money, claims against non-monetary financial institutions and claims on the non-financial sector. Before 2000: Almanac of China's finance and banking.",BIS-spliced,The data in billions of US dollars are calculated using market exchange rates.,,3,9,,"This series is adjusted for breaks. Break-adjustment calculations follow the methodology outlined in the BIS Quarterly Review (2013). For further detail, see https://www.bis.org/publ/qtrpdf/r_qt1303z.htm",People's Bank of China; Bank for International Settlements.,5B0,"China - Central bank, assets, total, BIS-spliced, USD",,E,2016-11,4935.6321378202,,F,A,
M,CN,B,USD,_Z,B,,"From January 2002 onwards: monthly balance sheet of the People's Bank of China. Between 1993 and 2001: sum of foreign assets (net), claims against the government, bank claims on deposit money, claims against non-monetary financial institutions and claims on the non-financial sector. Before 2000: Almanac of China's finance and banking.",BIS-spliced,The data in billions of US dollars are calculated using market exchange rates.,,3,9,,"This series is adjusted for breaks. Break-adjustment calculations follow the methodology outlined in the BIS Quarterly Review (2013). For further detail, see https://www.bis.org/publ/qtrpdf/r_qt1303z.htm",People's Bank of China; Bank for International Settlements.,5B0,"China - Central bank, assets, total, BIS-spliced, USD",,E,2016-12,4949.4060193229,,F,A,
M,CN,B,USD,_Z,B,,"From January 2002 onwards: monthly balance sheet of the People's Bank of China. Between 1993 and 2001: sum of foreign assets (net), claims against the government, bank claims on deposit money, claims against non-monetary financial institutions and claims on the non-financial sector. Before 2000: Almanac of China's finance and banking.",BIS-spliced,The data in billions of US dollars are calculated using market exchange rates.,,3,9,,"This series is adjusted for breaks. Break-adjustment calculations follow the methodology outlined in the BIS Quarterly Review (2013). For further detail, see https://www.bis.org/publ/qtrpdf/r_qt1303z.htm",People's Bank of China; Bank for International Settlements.,5B0,"China - Central bank, assets, total, BIS-spliced, USD",,E,2017-01,5063.7005140213,,F,A,
M,CN,B,USD,_Z,B,,"From January 2002 onwards: monthly balance sheet of the People's Bank of China. Between 1993 and 2001: sum of foreign assets (net), claims against the government, bank claims on deposit money, claims against non-monetary financial institutions and claims on the non-financial sector. Before 2000: Almanac of China's finance and banking.",BIS-spliced,The data in billions of US dollars are calculated using market exchange rates.,,3,9,,"This series is adjusted for breaks. Break-adjustment calculations follow the methodology outlined in the BIS Quarterly Review (2013). For further detail, see https://www.bis.org/publ/qtrpdf/r_qt1303z.htm",People's Bank of China; Bank for International Settlements.,5B0,"China - Central bank, assets, total, BIS-spliced, USD",,E,2017-02,5030.1485938664,,F,A,
M,CN,B,USD,_Z,B,,"From January 2002 onwards: monthly balance sheet of the People's Bank of China. Between 1993 and 2001: sum of foreign assets (net), claims against the government, bank claims on deposit money, claims against non-monetary financial institutions and claims on the non-financial sector. Before 2000: Almanac of China's finance and banking.",BIS-spliced,The data in billions of US dollars are calculated using market exchange rates.,,3,9,,"This series is adjusted for breaks. Break-adjustment calculations follow the methodology outlined in the BIS Quarterly Review (2013). For further detail, see https://www.bis.org/publ/qtrpdf/r_qt1303z.htm",People's Bank of China; Bank for International Settlements.,5B0,"China - Central bank, assets, total, BIS-spliced, USD",,E,2017-03,4897.5425305565,,F,A,
M,CN,B,USD,_Z,B,,"From January 2002 onwards: monthly balance sheet of the People's Bank of China. Between 1993 and 2001: sum of foreign assets (net), claims against the government, bank claims on deposit money, claims against non-monetary financial institutions and claims on the non-financial sector. Before 2000: Almanac of China's finance and banking.",BIS-spliced,The data in billions of US dollars are calculated using market exchange rates.,,3,9,,"This series is adjusted for breaks. Break-adjustment calculations follow the methodology outlined in the BIS Quarterly Review (2013). For further detail, see https://www.bis.org/publ/qtrpdf/r_qt1303z.htm",People's Bank of China; Bank for International Settlements.,5B0,"China - Central bank, assets, total, BIS-spliced, USD",,E,2017-04,4949.6136931371,,F,A,
M,CN,B,USD,_Z,B,,"From January 2002 onwards: monthly balance sheet of the People's Bank of China. Between 1993 and 2001: sum of foreign assets (net), claims against the government, bank claims on deposit money, claims against non-monetary financial institutions and claims on the non-financial sector. Before 2000: Almanac of China's finance and banking.",BIS-spliced,The data in billions of US dollars are calculated using market exchange rates.,,3,9,,"This series is adjusted for breaks. Break-adjustment calculations follow the methodology outlined in the BIS Quarterly Review (2013). For further detail, see https://www.bis.org/publ/qtrpdf/r_qt1303z.htm",People's Bank of China; Bank for International Settlements.,5B0,"China - Central bank, assets, total, BIS-spliced, USD",,E,2017-05,5026.9153411794,,F,A,
M,CN,B,USD,_Z,B,,"From January 2002 onwards: monthly balance sheet of the People's Bank of China. Between 1993 and 2001: sum of foreign assets (net), claims against the government, bank claims on deposit money, claims against non-monetary financial institutions and claims on the non-financial sector. Before 2000: Almanac of China's finance and banking.",BIS-spliced,The data in billions of US dollars are calculated using market exchange rates.,,3,9,,"This series is adjusted for breaks. Break-adjustment calculations follow the methodology outlined in the BIS Quarterly Review (2013). For further detail, see https://www.bis.org/publ/qtrpdf/r_qt1303z.htm",People's Bank of China; Bank for International Settlements.,5B0,"China - Central bank, assets, total, BIS-spliced, USD",,E,2017-06,5088.1076888138,,F,A,
M,CN,B,USD,_Z,B,,"From January 2002 onwards: monthly balance sheet of the People's Bank of China. Between 1993 and 2001: sum of foreign assets (net), claims against the government, bank claims on deposit money, claims against non-monetary financial institutions and claims on the non-financial sector. Before 2000: Almanac of China's finance and banking.",BIS-spliced,The data in billions of US dollars are calculated using market exchange rates.,,3,9,,"This series is adjusted for breaks. Break-adjustment calculations follow the methodology outlined in the BIS Quarterly Review (2013). For further detail, see https://www.bis.org/publ/qtrpdf/r_qt1303z.htm",People's Bank of China; Bank for International Settlements.,5B0,"China - Central bank, assets, total, BIS-spliced, USD",,E,2017-07,5211.423718162,,F,A,
M,CN,B,USD,_Z,B,,"From January 2002 onwards: monthly balance sheet of the People's Bank of China. Between 1993 and 2001: sum of foreign assets (net), claims against the government, bank claims on deposit money, claims against non-monetary financial institutions and claims on the non-financial sector. Before 2000: Almanac of China's finance and banking.",BIS-spliced,The data in billions of US dollars are calculated using market exchange rates.,,3,9,,"This series is adjusted for breaks. Break-adjustment calculations follow the methodology outlined in the BIS Quarterly Review (2013). For further detail, see https://www.bis.org/publ/qtrpdf/r_qt1303z.htm",People's Bank of China; Bank for International Settlements.,5B0,"China - Central bank, assets, total, BIS-spliced, USD",,E,2017-08,5258.820235885,,F,A,
M,CN,B,USD,_Z,B,,"From January 2002 onwards: monthly balance sheet of the People's Bank of China. Between 1993 and 2001: sum of foreign assets (net), claims against the government, bank claims on deposit money, claims against non-monetary financial institutions and claims on the non-financial sector. Before 2000: Almanac of China's finance and banking.",BIS-spliced,The data in billions of US dollars are calculated using market exchange rates.,,3,9,,"This series is adjusted for breaks. Break-adjustment calculations follow the methodology outlined in the BIS Quarterly Review (2013). For further detail, see https://www.bis.org/publ/qtrpdf/r_qt1303z.htm",People's Bank of China; Bank for International Settlements.,5B0,"China - Central bank, assets, total, BIS-spliced, USD",,E,2017-09,5261.4913227384,,F,A,
M,CN,B,USD,_Z,B,,"From January 2002 onwards: monthly balance sheet of the People's Bank of China. Between 1993 and 2001: sum of foreign assets (net), claims against the government, bank claims on deposit money, claims against non-monetary financial institutions and claims on the non-financial sector. Before 2000: Almanac of China's finance and banking.",BIS-spliced,The data in billions of US dollars are calculated using market exchange rates.,,3,9,,"This series is adjusted for breaks. Break-adjustment calculations follow the methodology outlined in the BIS Quarterly Review (2013). For further detail, see https://www.bis.org/publ/qtrpdf/r_qt1303z.htm",People's Bank of China; Bank for International Settlements.,5B0,"China - Central bank, assets, total, BIS-spliced, USD",,E,2017-10,5411.7044406169,,F,A,
M,CN,B,USD,_Z,B,,"From January 2002 onwards: monthly balance sheet of the People's Bank of China. Between 1993 and 2001: sum of foreign assets (net), claims against the government, bank claims on deposit money, claims against non-monetary financial institutions and claims on the non-financial sector. Before 2000: Almanac of China's finance and banking.",BIS-spliced,The data in billions of US dollars are calculated using market exchange rates.,,3,9,,"This series is adjusted for breaks. Break-adjustment calculations follow the methodology outlined in the BIS Quarterly Review (2013). For further detail, see https://www.bis.org/publ/qtrpdf/r_qt1303z.htm",People's Bank of China; Bank for International Settlements.,5B0,"China - Central bank, assets, total, BIS-spliced, USD",,E,2017-11,5479.8640260839,,F,A,
M,CN,B,USD,_Z,B,,"From January 2002 onwards: monthly balance sheet of the People's Bank of China. Between 1993 and 2001: sum of foreign assets (net), claims against the government, bank claims on deposit money, claims against non-monetary financial institutions and claims on the non-financial sector. Before 2000: Almanac of China's finance and banking.",BIS-spliced,The data in billions of US dollars are calculated using market exchange rates.,,3,9,,"This series is adjusted for breaks. Break-adjustment calculations follow the methodology outlined in the BIS Quarterly Review (2013). For further detail, see https://www.bis.org/publ/qtrpdf/r_qt1303z.htm",People's Bank of China; Bank for International Settlements.,5B0,"China - Central bank, assets, total, BIS-spliced, USD",,E,2017-12,5577.1599024074,,F,A,
M,CN,B,USD,_Z,B,,"From January 2002 onwards: monthly balance sheet of the People's Bank of China. Between 1993 and 2001: sum of foreign assets (net), claims against the government, bank claims on deposit money, claims against non-monetary financial institutions and claims on the non-financial sector. Before 2000: Almanac of China's finance and banking.",BIS-spliced,The data in billions of US dollars are calculated using market exchange rates.,,3,9,,"This series is adjusted for breaks. Break-adjustment calculations follow the methodology outlined in the BIS Quarterly Review (2013). For further detail, see https://www.bis.org/publ/qtrpdf/r_qt1303z.htm",People's Bank of China; Bank for International Settlements.,5B0,"China - Central bank, assets, total, BIS-spliced, USD",,E,2018-01,5689.4489503142,,F,A,
M,CN,B,USD,_Z,B,,"From January 2002 onwards: monthly balance sheet of the People's Bank of China. Between 1993 and 2001: sum of foreign assets (net), claims against the government, bank claims on deposit money, claims against non-monetary financial institutions and claims on the non-financial sector. Before 2000: Almanac of China's finance and banking.",BIS-spliced,The data in billions of US dollars are calculated using market exchange rates.,,3,9,,"This series is adjusted for breaks. Break-adjustment calculations follow the methodology outlined in the BIS Quarterly Review (2013). For further detail, see https://www.bis.org/publ/qtrpdf/r_qt1303z.htm",People's Bank of China; Bank for International Settlements.,5B0,"China - Central bank, assets, total, BIS-spliced, USD",,E,2018-02,5729.3354879239,,F,A,
M,CN,B,USD,_Z,B,,"From January 2002 onwards: monthly balance sheet of the People's Bank of China. Between 1993 and 2001: sum of foreign assets (net), claims against the government, bank claims on deposit money, claims against non-monetary financial institutions and claims on the non-financial sector. Before 2000: Almanac of China's finance and banking.",BIS-spliced,The data in billions of US dollars are calculated using market exchange rates.,,3,9,,"This series is adjusted for breaks. Break-adjustment calculations follow the methodology outlined in the BIS Quarterly Review (2013). For further detail, see https://www.bis.org/publ/qtrpdf/r_qt1303z.htm",People's Bank of China; Bank for International Settlements.,5B0,"China - Central bank, assets, total, BIS-spliced, USD",,E,2018-03,5719.4324527947,,F,A,
M,CN,B,USD,_Z,B,,"From January 2002 onwards: monthly balance sheet of the People's Bank of China. Between 1993 and 2001: sum of foreign assets (net), claims against the government, bank claims on deposit money, claims against non-monetary financial institutions and claims on the non-financial sector. Before 2000: Almanac of China's finance and banking.",BIS-spliced,The data in billions of US dollars are calculated using market exchange rates.,,3,9,,"This series is adjusted for breaks. Break-adjustment calculations follow the methodology outlined in the BIS Quarterly Review (2013). For further detail, see https://www.bis.org/publ/qtrpdf/r_qt1303z.htm",People's Bank of China; Bank for International Settlements.,5B0,"China - Central bank, assets, total, BIS-spliced, USD",,E,2018-04,5571.8714231811,,F,A,
M,CN,B,USD,_Z,B,,"From January 2002 onwards: monthly balance sheet of the People's Bank of China. Between 1993 and 2001: sum of foreign assets (net), claims against the government, bank claims on deposit money, claims against non-monetary financial institutions and claims on the non-financial sector. Before 2000: Almanac of China's finance and banking.",BIS-spliced,The data in billions of US dollars are calculated using market exchange rates.,,3,9,,"This series is adjusted for breaks. Break-adjustment calculations follow the methodology outlined in the BIS Quarterly Review (2013). For further detail, see https://www.bis.org/publ/qtrpdf/r_qt1303z.htm",People's Bank of China; Bank for International Settlements.,5B0,"China - Central bank, assets, total, BIS-spliced, USD",,E,2018-05,5559.0814245773,,F,A,
M,CN,B,USD,_Z,B,,"From January 2002 onwards: monthly balance sheet of the People's Bank of China. Between 1993 and 2001: sum of foreign assets (net), claims against the government, bank claims on deposit money, claims against non-monetary financial institutions and claims on the non-financial sector. Before 2000: Almanac of China's finance and banking.",BIS-spliced,The data in billions of US dollars are calculated using market exchange rates.,,3,9,,"This series is adjusted for breaks. Break-adjustment calculations follow the methodology outlined in the BIS Quarterly Review (2013). For further detail, see https://www.bis.org/publ/qtrpdf/r_qt1303z.htm",People's Bank of China; Bank for International Settlements.,5B0,"China - Central bank, assets, total, BIS-spliced, USD",,E,2018-06,5479.3051246101,,F,A,
M,CN,B,USD,_Z,B,,"From January 2002 onwards: monthly balance sheet of the People's Bank of China. Between 1993 and 2001: sum of foreign assets (net), claims against the government, bank claims on deposit money, claims against non-monetary financial institutions and claims on the non-financial sector. Before 2000: Almanac of China's finance and banking.",BIS-spliced,The data in billions of US dollars are calculated using market exchange rates.,,3,9,,"This series is adjusted for breaks. Break-adjustment calculations follow the methodology outlined in the BIS Quarterly Review (2013). For further detail, see https://www.bis.org/publ/qtrpdf/r_qt1303z.htm",People's Bank of China; Bank for International Settlements.,5B0,"China - Central bank, assets, total, BIS-spliced, USD",,E,2018-07,5317.5297871718,,F,A,
M,CN,B,USD,_Z,B,,"From January 2002 onwards: monthly balance sheet of the People's Bank of China. Between 1993 and 2001: sum of foreign assets (net), claims against the government, bank claims on deposit money, claims against non-monetary financial institutions and claims on the non-financial sector. Before 2000: Almanac of China's finance and banking.",BIS-spliced,The data in billions of US dollars are calculated using market exchange rates.,,3,9,,"This series is adjusted for breaks. Break-adjustment calculations follow the methodology outlined in the BIS Quarterly Review (2013). For further detail, see https://www.bis.org/publ/qtrpdf/r_qt1303z.htm",People's Bank of China; Bank for International Settlements.,5B0,"China - Central bank, assets, total, BIS-spliced, USD",,E,2018-08,5303.3370993159,,F,A,
M,CN,B,USD,_Z,B,,"From January 2002 onwards: monthly balance sheet of the People's Bank of China. Between 1993 and 2001: sum of foreign assets (net), claims against the government, bank claims on deposit money, claims against non-monetary financial institutions and claims on the non-financial sector. Before 2000: Almanac of China's finance and banking.",BIS-spliced,The data in billions of US dollars are calculated using market exchange rates.,,3,9,,"This series is adjusted for breaks. Break-adjustment calculations follow the methodology outlined in the BIS Quarterly Review (2013). For further detail, see https://www.bis.org/publ/qtrpdf/r_qt1303z.htm",People's Bank of China; Bank for International Settlements.,5B0,"China - Central bank, assets, total, BIS-spliced, USD",,E,2018-09,5321.832606473,,F,A,
M,CN,B,USD,_Z,B,,"From January 2002 onwards: monthly balance sheet of the People's Bank of China. Between 1993 and 2001: sum of foreign assets (net), claims against the government, bank claims on deposit money, claims against non-monetary financial institutions and claims on the non-financial sector. Before 2000: Almanac of China's finance and banking.",BIS-spliced,The data in billions of US dollars are calculated using market exchange rates.,,3,9,,"This series is adjusted for breaks. Break-adjustment calculations follow the methodology outlined in the BIS Quarterly Review (2013). For further detail, see https://www.bis.org/publ/qtrpdf/r_qt1303z.htm",People's Bank of China; Bank for International Settlements.,5B0,"China - Central bank, assets, total, BIS-spliced, USD",,E,2018-10,5137.9861086915,,F,A,
M,CN,B,USD,_Z,B,,"From January 2002 onwards: monthly balance sheet of the People's Bank of China. Between 1993 and 2001: sum of foreign assets (net), claims against the government, bank claims on deposit money, claims against non-monetary financial institutions and claims on the non-financial sector. Before 2000: Almanac of China's finance and banking.",BIS-spliced,The data in billions of US dollars are calculated using market exchange rates.,,3,9,,"This series is adjusted for breaks. Break-adjustment calculations follow the methodology outlined in the BIS Quarterly Review (2013). For further detail, see https://www.bis.org/publ/qtrpdf/r_qt1303z.htm",People's Bank of China; Bank for International Settlements.,5B0,"China - Central bank, assets, total, BIS-spliced, USD",,E,2018-11,5169.621222701,,F,A,
M,CN,B,USD,_Z,B,,"From January 2002 onwards: monthly balance sheet of the People's Bank of China. Between 1993 and 2001: sum of foreign assets (net), claims against the government, bank claims on deposit money, claims against non-monetary financial institutions and claims on the non-financial sector. Before 2000: Almanac of China's finance and banking.",BIS-spliced,The data in billions of US dollars are calculated using market exchange rates.,,3,9,,"This series is adjusted for breaks. Break-adjustment calculations follow the methodology outlined in the BIS Quarterly Review (2013). For further detail, see https://www.bis.org/publ/qtrpdf/r_qt1303z.htm",People's Bank of China; Bank for International Settlements.,5B0,"China - Central bank, assets, total, BIS-spliced, USD",,E,2018-12,5415.8463361267,,F,A,
M,CN,B,USD,_Z,B,,"From January 2002 onwards: monthly balance sheet of the People's Bank of China. Between 1993 and 2001: sum of foreign assets (net), claims against the government, bank claims on deposit money, claims against non-monetary financial institutions and claims on the non-financial sector. Before 2000: Almanac of China's finance and banking.",BIS-spliced,The data in billions of US dollars are calculated using market exchange rates.,,3,9,,"This series is adjusted for breaks. Break-adjustment calculations follow the methodology outlined in the BIS Quarterly Review (2013). For further detail, see https://www.bis.org/publ/qtrpdf/r_qt1303z.htm",People's Bank of China; Bank for International Settlements.,5B0,"China - Central bank, assets, total, BIS-spliced, USD",,E,2019-01,5419.1255127719,,F,A,
M,CN,B,USD,_Z,B,,"From January 2002 onwards: monthly balance sheet of the People's Bank of China. Between 1993 and 2001: sum of foreign assets (net), claims against the government, bank claims on deposit money, claims against non-monetary financial institutions and claims on the non-financial sector. Before 2000: Almanac of China's finance and banking.",BIS-spliced,The data in billions of US dollars are calculated using market exchange rates.,,3,9,,"This series is adjusted for breaks. Break-adjustment calculations follow the methodology outlined in the BIS Quarterly Review (2013). For further detail, see https://www.bis.org/publ/qtrpdf/r_qt1303z.htm",People's Bank of China; Bank for International Settlements.,5B0,"China - Central bank, assets, total, BIS-spliced, USD",,E,2019-02,5328.9679387349,,F,A,
M,CN,B,USD,_Z,B,,"From January 2002 onwards: monthly balance sheet of the People's Bank of China. Between 1993 and 2001: sum of foreign assets (net), claims against the government, bank claims on deposit money, claims against non-monetary financial institutions and claims on the non-financial sector. Before 2000: Almanac of China's finance and banking.",BIS-spliced,The data in billions of US dollars are calculated using market exchange rates.,,3,9,,"This series is adjusted for breaks. Break-adjustment calculations follow the methodology outlined in the BIS Quarterly Review (2013). For further detail, see https://www.bis.org/publ/qtrpdf/r_qt1303z.htm",People's Bank of China; Bank for International Settlements.,5B0,"China - Central bank, assets, total, BIS-spliced, USD",,E,2019-03,5193.831590175,,F,A,
M,CN,B,USD,_Z,B,,"From January 2002 onwards: monthly balance sheet of the People's Bank of China. Between 1993 and 2001: sum of foreign assets (net), claims against the government, bank claims on deposit money, claims against non-monetary financial institutions and claims on the non-financial sector. Before 2000: Almanac of China's finance and banking.",BIS-spliced,The data in billions of US dollars are calculated using market exchange rates.,,3,9,,"This series is adjusted for breaks. Break-adjustment calculations follow the methodology outlined in the BIS Quarterly Review (2013). For further detail, see https://www.bis.org/publ/qtrpdf/r_qt1303z.htm",People's Bank of China; Bank for International Settlements.,5B0,"China - Central bank, assets, total, BIS-spliced, USD",,E,2019-04,5176.6655628008,,F,A,
M,CN,B,USD,_Z,B,,"From January 2002 onwards: monthly balance sheet of the People's Bank of China. Between 1993 and 2001: sum of foreign assets (net), claims against the government, bank claims on deposit money, claims against non-monetary financial institutions and claims on the non-financial sector. Before 2000: Almanac of China's finance and banking.",BIS-spliced,The data in billions of US dollars are calculated using market exchange rates.,,3,9,,"This series is adjusted for breaks. Break-adjustment calculations follow the methodology outlined in the BIS Quarterly Review (2013). For further detail, see https://www.bis.org/publ/qtrpdf/r_qt1303z.htm",People's Bank of China; Bank for International Settlements.,5B0,"China - Central bank, assets, total, BIS-spliced, USD",,E,2019-05,5196.1530968792,,F,A,
M,CN,B,USD,_Z,B,,"From January 2002 onwards: monthly balance sheet of the People's Bank of China. Between 1993 and 2001: sum of foreign assets (net), claims against the government, bank claims on deposit money, claims against non-monetary financial institutions and claims on the non-financial sector. Before 2000: Almanac of China's finance and banking.",BIS-spliced,The data in billions of US dollars are calculated using market exchange rates.,,3,9,,"This series is adjusted for breaks. Break-adjustment calculations follow the methodology outlined in the BIS Quarterly Review (2013). For further detail, see https://www.bis.org/publ/qtrpdf/r_qt1303z.htm",People's Bank of China; Bank for International Settlements.,5B0,"China - Central bank, assets, total, BIS-spliced, USD",,E,2019-06,5292.205519136,,F,A,
M,CN,B,USD,_Z,B,,"From January 2002 onwards: monthly balance sheet of the People's Bank of China. Between 1993 and 2001: sum of foreign assets (net), claims against the government, bank claims on deposit money, claims against non-monetary financial institutions and claims on the non-financial sector. Before 2000: Almanac of China's finance and banking.",BIS-spliced,The data in billions of US dollars are calculated using market exchange rates.,,3,9,,"This series is adjusted for breaks. Break-adjustment calculations follow the methodology outlined in the BIS Quarterly Review (2013). For further detail, see https://www.bis.org/publ/qtrpdf/r_qt1303z.htm",People's Bank of China; Bank for International Settlements.,5B0,"China - Central bank, assets, total, BIS-spliced, USD",,E,2019-07,5201.1700391287,,F,A,
M,CN,B,USD,_Z,B,,"From January 2002 onwards: monthly balance sheet of the People's Bank of China. Between 1993 and 2001: sum of foreign assets (net), claims against the government, bank claims on deposit money, claims against non-monetary financial institutions and claims on the non-financial sector. Before 2000: Almanac of China's finance and banking.",BIS-spliced,The data in billions of US dollars are calculated using market exchange rates.,,3,9,,"This series is adjusted for breaks. Break-adjustment calculations follow the methodology outlined in the BIS Quarterly Review (2013). For further detail, see https://www.bis.org/publ/qtrpdf/r_qt1303z.htm",People's Bank of China; Bank for International Settlements.,5B0,"China - Central bank, assets, total, BIS-spliced, USD",,E,2019-08,5039.8640345933,,F,A,
M,CN,B,USD,_Z,B,,"From January 2002 onwards: monthly balance sheet of the People's Bank of China. Between 1993 and 2001: sum of foreign assets (net), claims against the government, bank claims on deposit money, claims against non-monetary financial institutions and claims on the non-financial sector. Before 2000: Almanac of China's finance and banking.",BIS-spliced,The data in billions of US dollars are calculated using market exchange rates.,,3,9,,"This series is adjusted for breaks. Break-adjustment calculations follow the methodology outlined in the BIS Quarterly Review (2013). For further detail, see https://www.bis.org/publ/qtrpdf/r_qt1303z.htm",People's Bank of China; Bank for International Settlements.,5B0,"China - Central bank, assets, total, BIS-spliced, USD",,E,2019-09,5067.1841078619,,F,A,
M,CN,B,USD,_Z,B,,"From January 2002 onwards: monthly balance sheet of the People's Bank of China. Between 1993 and 2001: sum of foreign assets (net), claims against the government, bank claims on deposit money, claims against non-monetary financial institutions and claims on the non-financial sector. Before 2000: Almanac of China's finance and banking.",BIS-spliced,The data in billions of US dollars are calculated using market exchange rates.,,3,9,,"This series is adjusted for breaks. Break-adjustment calculations follow the methodology outlined in the BIS Quarterly Review (2013). For further detail, see https://www.bis.org/publ/qtrpdf/r_qt1303z.htm",People's Bank of China; Bank for International Settlements.,5B0,"China - Central bank, assets, total, BIS-spliced, USD",,E,2019-10,5107.4996236555,,F,A,
M,CN,B,USD,_Z,B,,"From January 2002 onwards: monthly balance sheet of the People's Bank of China. Between 1993 and 2001: sum of foreign assets (net), claims against the government, bank claims on deposit money, claims against non-monetary financial institutions and claims on the non-financial sector. Before 2000: Almanac of China's finance and banking.",BIS-spliced,The data in billions of US dollars are calculated using market exchange rates.,,3,9,,"This series is adjusted for breaks. Break-adjustment calculations follow the methodology outlined in the BIS Quarterly Review (2013). For further detail, see https://www.bis.org/publ/qtrpdf/r_qt1303z.htm",People's Bank of China; Bank for International Settlements.,5B0,"China - Central bank, assets, total, BIS-spliced, USD",,E,2019-11,5166.762841471,,F,A,
M,CN,B,USD,_Z,B,,"From January 2002 onwards: monthly balance sheet of the People's Bank of China. Between 1993 and 2001: sum of foreign assets (net), claims against the government, bank claims on deposit money, claims against non-monetary financial institutions and claims on the non-financial sector. Before 2000: Almanac of China's finance and banking.",BIS-spliced,The data in billions of US dollars are calculated using market exchange rates.,,3,9,,"This series is adjusted for breaks. Break-adjustment calculations follow the methodology outlined in the BIS Quarterly Review (2013). For further detail, see https://www.bis.org/publ/qtrpdf/r_qt1303z.htm",People's Bank of China; Bank for International Settlements.,5B0,"China - Central bank, assets, total, BIS-spliced, USD",,E,2019-12,5331.2195035062,,F,A,
M,CN,B,USD,_Z,B,,"From January 2002 onwards: monthly balance sheet of the People's Bank of China. Between 1993 and 2001: sum of foreign assets (net), claims against the government, bank claims on deposit money, claims against non-monetary financial institutions and claims on the non-financial sector. Before 2000: Almanac of China's finance and banking.",BIS-spliced,The data in billions of US dollars are calculated using market exchange rates.,,3,9,,"This series is adjusted for breaks. Break-adjustment calculations follow the methodology outlined in the BIS Quarterly Review (2013). For further detail, see https://www.bis.org/publ/qtrpdf/r_qt1303z.htm",People's Bank of China; Bank for International Settlements.,5B0,"China - Central bank, assets, total, BIS-spliced, USD",,E,2020-01,5384.3627692451,,F,A,
M,CN,B,USD,_Z,B,,"From January 2002 onwards: monthly balance sheet of the People's Bank of China. Between 1993 and 2001: sum of foreign assets (net), claims against the government, bank claims on deposit money, claims against non-monetary financial institutions and claims on the non-financial sector. Before 2000: Almanac of China's finance and banking.",BIS-spliced,The data in billions of US dollars are calculated using market exchange rates.,,3,9,,"This series is adjusted for breaks. Break-adjustment calculations follow the methodology outlined in the BIS Quarterly Review (2013). For further detail, see https://www.bis.org/publ/qtrpdf/r_qt1303z.htm",People's Bank of China; Bank for International Settlements.,5B0,"China - Central bank, assets, total, BIS-spliced, USD",,E,2020-02,5169.3551216194,,F,A,
M,CN,B,USD,_Z,B,,"From January 2002 onwards: monthly balance sheet of the People's Bank of China. Between 1993 and 2001: sum of foreign assets (net), claims against the government, bank claims on deposit money, claims against non-monetary financial institutions and claims on the non-financial sector. Before 2000: Almanac of China's finance and banking.",BIS-spliced,The data in billions of US dollars are calculated using market exchange rates.,,3,9,,"This series is adjusted for breaks. Break-adjustment calculations follow the methodology outlined in the BIS Quarterly Review (2013). For further detail, see https://www.bis.org/publ/qtrpdf/r_qt1303z.htm",People's Bank of China; Bank for International Settlements.,5B0,"China - Central bank, assets, total, BIS-spliced, USD",,E,2020-03,5146.3610074326,,F,A,
M,CN,B,USD,_Z,B,,"From January 2002 onwards: monthly balance sheet of the People's Bank of China. Between 1993 and 2001: sum of foreign assets (net), claims against the government, bank claims on deposit money, claims against non-monetary financial institutions and claims on the non-financial sector. Before 2000: Almanac of China's finance and banking.",BIS-spliced,The data in billions of US dollars are calculated using market exchange rates.,,3,9,,"This series is adjusted for breaks. Break-adjustment calculations follow the methodology outlined in the BIS Quarterly Review (2013). For further detail, see https://www.bis.org/publ/qtrpdf/r_qt1303z.htm",People's Bank of China; Bank for International Settlements.,5B0,"China - Central bank, assets, total, BIS-spliced, USD",,E,2020-04,5112.0349291751,,F,A,
M,CN,B,USD,_Z,B,,"From January 2002 onwards: monthly balance sheet of the People's Bank of China. Between 1993 and 2001: sum of foreign assets (net), claims against the government, bank claims on deposit money, claims against non-monetary financial institutions and claims on the non-financial sector. Before 2000: Almanac of China's finance and banking.",BIS-spliced,The data in billions of US dollars are calculated using market exchange rates.,,3,9,,"This series is adjusted for breaks. Break-adjustment calculations follow the methodology outlined in the BIS Quarterly Review (2013). For further detail, see https://www.bis.org/publ/qtrpdf/r_qt1303z.htm",People's Bank of China; Bank for International Settlements.,5B0,"China - Central bank, assets, total, BIS-spliced, USD",,E,2020-05,5155.8200586204,,F,A,
M,CN,B,USD,_Z,B,,"From January 2002 onwards: monthly balance sheet of the People's Bank of China. Between 1993 and 2001: sum of foreign assets (net), claims against the government, bank claims on deposit money, claims against non-monetary financial institutions and claims on the non-financial sector. Before 2000: Almanac of China's finance and banking.",BIS-spliced,The data in billions of US dollars are calculated using market exchange rates.,,3,9,,"This series is adjusted for breaks. Break-adjustment calculations follow the methodology outlined in the BIS Quarterly Review (2013). For further detail, see https://www.bis.org/publ/qtrpdf/r_qt1303z.htm",People's Bank of China; Bank for International Settlements.,5B0,"China - Central bank, assets, total, BIS-spliced, USD",,E,2020-06,5144.3502957429,,F,A,
M,CN,B,USD,_Z,B,,"From January 2002 onwards: monthly balance sheet of the People's Bank of China. Between 1993 and 2001: sum of foreign assets (net), claims against the government, bank claims on deposit money, claims against non-monetary financial institutions and claims on the non-financial sector. Before 2000: Almanac of China's finance and banking.",BIS-spliced,The data in billions of US dollars are calculated using market exchange rates.,,3,9,,"This series is adjusted for breaks. Break-adjustment calculations follow the methodology outlined in the BIS Quarterly Review (2013). For further detail, see https://www.bis.org/publ/qtrpdf/r_qt1303z.htm",People's Bank of China; Bank for International Settlements.,5B0,"China - Central bank, assets, total, BIS-spliced, USD",,E,2020-07,5131.7134171135,,F,A,
M,CN,B,USD,_Z,B,,"From January 2002 onwards: monthly balance sheet of the People's Bank of China. Between 1993 and 2001: sum of foreign assets (net), claims against the government, bank claims on deposit money, claims against non-monetary financial institutions and claims on the non-financial sector. Before 2000: Almanac of China's finance and banking.",BIS-spliced,The data in billions of US dollars are calculated using market exchange rates.,,3,9,,"This series is adjusted for breaks. Break-adjustment calculations follow the methodology outlined in the BIS Quarterly Review (2013). For further detail, see https://www.bis.org/publ/qtrpdf/r_qt1303z.htm",People's Bank of China; Bank for International Settlements.,5B0,"China - Central bank, assets, total, BIS-spliced, USD",,E,2020-08,5334.3181168259,,F,A,
M,CN,B,USD,_Z,B,,"From January 2002 onwards: monthly balance sheet of the People's Bank of China. Between 1993 and 2001: sum of foreign assets (net), claims against the government, bank claims on deposit money, claims against non-monetary financial institutions and claims on the non-financial sector. Before 2000: Almanac of China's finance and banking.",BIS-spliced,The data in billions of US dollars are calculated using market exchange rates.,,3,9,,"This series is adjusted for breaks. Break-adjustment calculations follow the methodology outlined in the BIS Quarterly Review (2013). For further detail, see https://www.bis.org/publ/qtrpdf/r_qt1303z.htm",People's Bank of China; Bank for International Settlements.,5B0,"China - Central bank, assets, total, BIS-spliced, USD",,E,2020-09,5503.4021787867,,F,A,
M,CN,B,USD,_Z,B,,"From January 2002 onwards: monthly balance sheet of the People's Bank of China. Between 1993 and 2001: sum of foreign assets (net), claims against the government, bank claims on deposit money, claims against non-monetary financial institutions and claims on the non-financial sector. Before 2000: Almanac of China's finance and banking.",BIS-spliced,The data in billions of US dollars are calculated using market exchange rates.,,3,9,,"This series is adjusted for breaks. Break-adjustment calculations follow the methodology outlined in the BIS Quarterly Review (2013). For further detail, see https://www.bis.org/publ/qtrpdf/r_qt1303z.htm",People's Bank of China; Bank for International Settlements.,5B0,"China - Central bank, assets, total, BIS-spliced, USD",,E,2020-10,5564.9645511294,,F,A,
M,CN,B,USD,_Z,B,,"From January 2002 onwards: monthly balance sheet of the People's Bank of China. Between 1993 and 2001: sum of foreign assets (net), claims against the government, bank claims on deposit money, claims against non-monetary financial institutions and claims on the non-financial sector. Before 2000: Almanac of China's finance and banking.",BIS-spliced,The data in billions of US dollars are calculated using market exchange rates.,,3,9,,"This series is adjusted for breaks. Break-adjustment calculations follow the methodology outlined in the BIS Quarterly Review (2013). For further detail, see https://www.bis.org/publ/qtrpdf/r_qt1303z.htm",People's Bank of China; Bank for International Settlements.,5B0,"China - Central bank, assets, total, BIS-spliced, USD",,E,2020-11,5807.5485650848,,F,A,
M,CN,B,USD,_Z,B,,"From January 2002 onwards: monthly balance sheet of the People's Bank of China. Between 1993 and 2001: sum of foreign assets (net), claims against the government, bank claims on deposit money, claims against non-monetary financial institutions and claims on the non-financial sector. Before 2000: Almanac of China's finance and banking.",BIS-spliced,The data in billions of US dollars are calculated using market exchange rates.,,3,9,,"This series is adjusted for breaks. Break-adjustment calculations follow the methodology outlined in the BIS Quarterly Review (2013). For further detail, see https://www.bis.org/publ/qtrpdf/r_qt1303z.htm",People's Bank of China; Bank for International Settlements.,5B0,"China - Central bank, assets, total, BIS-spliced, USD",,E,2020-12,5929.7800535106,,F,A,
M,CN,B,USD,_Z,B,,"From January 2002 onwards: monthly balance sheet of the People's Bank of China. Between 1993 and 2001: sum of foreign assets (net), claims against the government, bank claims on deposit money, claims against non-monetary financial institutions and claims on the non-financial sector. Before 2000: Almanac of China's finance and banking.",BIS-spliced,The data in billions of US dollars are calculated using market exchange rates.,,3,9,,"This series is adjusted for breaks. Break-adjustment calculations follow the methodology outlined in the BIS Quarterly Review (2013). For further detail, see https://www.bis.org/publ/qtrpdf/r_qt1303z.htm",People's Bank of China; Bank for International Settlements.,5B0,"China - Central bank, assets, total, BIS-spliced, USD",,E,2021-01,6050.840673783,,F,A,
M,CN,B,USD,_Z,B,,"From January 2002 onwards: monthly balance sheet of the People's Bank of China. Between 1993 and 2001: sum of foreign assets (net), claims against the government, bank claims on deposit money, claims against non-monetary financial institutions and claims on the non-financial sector. Before 2000: Almanac of China's finance and banking.",BIS-spliced,The data in billions of US dollars are calculated using market exchange rates.,,3,9,,"This series is adjusted for breaks. Break-adjustment calculations follow the methodology outlined in the BIS Quarterly Review (2013). For further detail, see https://www.bis.org/publ/qtrpdf/r_qt1303z.htm",People's Bank of China; Bank for International Settlements.,5B0,"China - Central bank, assets, total, BIS-spliced, USD",,E,2021-02,5923.9298851563,,F,A,
M,CN,B,USD,_Z,B,,"From January 2002 onwards: monthly balance sheet of the People's Bank of China. Between 1993 and 2001: sum of foreign assets (net), claims against the government, bank claims on deposit money, claims against non-monetary financial institutions and claims on the non-financial sector. Before 2000: Almanac of China's finance and banking.",BIS-spliced,The data in billions of US dollars are calculated using market exchange rates.,,3,9,,"This series is adjusted for breaks. Break-adjustment calculations follow the methodology outlined in the BIS Quarterly Review (2013). For further detail, see https://www.bis.org/publ/qtrpdf/r_qt1303z.htm",People's Bank of China; Bank for International Settlements.,5B0,"China - Central bank, assets, total, BIS-spliced, USD",,E,2021-03,5842.8515385895,,F,A,
M,CN,B,USD,_Z,B,,"From January 2002 onwards: monthly balance sheet of the People's Bank of China. Between 1993 and 2001: sum of foreign assets (net), claims against the government, bank claims on deposit money, claims against non-monetary financial institutions and claims on the non-financial sector. Before 2000: Almanac of China's finance and banking.",BIS-spliced,The data in billions of US dollars are calculated using market exchange rates.,,3,9,,"This series is adjusted for breaks. Break-adjustment calculations follow the methodology outlined in the BIS Quarterly Review (2013). For further detail, see https://www.bis.org/publ/qtrpdf/r_qt1303z.htm",People's Bank of China; Bank for International Settlements.,5B0,"China - Central bank, assets, total, BIS-spliced, USD",,E,2021-04,5911.8125689658,,F,A,
M,CN,B,USD,_Z,B,,"From January 2002 onwards: monthly balance sheet of the People's Bank of China. Between 1993 and 2001: sum of foreign assets (net), claims against the government, bank claims on deposit money, claims against non-monetary financial institutions and claims on the non-financial sector. Before 2000: Almanac of China's finance and banking.",BIS-spliced,The data in billions of US dollars are calculated using market exchange rates.,,3,9,,"This series is adjusted for breaks. Break-adjustment calculations follow the methodology outlined in the BIS Quarterly Review (2013). For further detail, see https://www.bis.org/publ/qtrpdf/r_qt1303z.htm",People's Bank of China; Bank for International Settlements.,5B0,"China - Central bank, assets, total, BIS-spliced, USD",,E,2021-05,6073.9193241461,,F,A,
M,CN,B,USD,_Z,B,,"From January 2002 onwards: monthly balance sheet of the People's Bank of China. Between 1993 and 2001: sum of foreign assets (net), claims against the government, bank claims on deposit money, claims against non-monetary financial institutions and claims on the non-financial sector. Before 2000: Almanac of China's finance and banking.",BIS-spliced,The data in billions of US dollars are calculated using market exchange rates.,,3,9,,"This series is adjusted for breaks. Break-adjustment calculations follow the methodology outlined in the BIS Quarterly Review (2013). For further detail, see https://www.bis.org/publ/qtrpdf/r_qt1303z.htm",People's Bank of China; Bank for International Settlements.,5B0,"China - Central bank, assets, total, BIS-spliced, USD",,E,2021-06,6037.8159653989,,F,A,
M,CN,B,USD,_Z,B,,"From January 2002 onwards: monthly balance sheet of the People's Bank of China. Between 1993 and 2001: sum of foreign assets (net), claims against the government, bank claims on deposit money, claims against non-monetary financial institutions and claims on the non-financial sector. Before 2000: Almanac of China's finance and banking.",BIS-spliced,The data in billions of US dollars are calculated using market exchange rates.,,3,9,,"This series is adjusted for breaks. Break-adjustment calculations follow the methodology outlined in the BIS Quarterly Review (2013). For further detail, see https://www.bis.org/publ/qtrpdf/r_qt1303z.htm",People's Bank of China; Bank for International Settlements.,5B0,"China - Central bank, assets, total, BIS-spliced, USD",,E,2021-07,5888.420396474,,F,A,
M,CN,B,USD,_Z,B,,"From January 2002 onwards: monthly balance sheet of the People's Bank of China. Between 1993 and 2001: sum of foreign assets (net), claims against the government, bank claims on deposit money, claims against non-monetary financial institutions and claims on the non-financial sector. Before 2000: Almanac of China's finance and banking.",BIS-spliced,The data in billions of US dollars are calculated using market exchange rates.,,3,9,,"This series is adjusted for breaks. Break-adjustment calculations follow the methodology outlined in the BIS Quarterly Review (2013). For further detail, see https://www.bis.org/publ/qtrpdf/r_qt1303z.htm",People's Bank of China; Bank for International Settlements.,5B0,"China - Central bank, assets, total, BIS-spliced, USD",,E,2021-08,5873.0857868654,,F,A,
M,CN,B,USD,_Z,B,,"From January 2002 onwards: monthly balance sheet of the People's Bank of China. Between 1993 and 2001: sum of foreign assets (net), claims against the government, bank claims on deposit money, claims against non-monetary financial institutions and claims on the non-financial sector. Before 2000: Almanac of China's finance and banking.",BIS-spliced,The data in billions of US dollars are calculated using market exchange rates.,,3,9,,"This series is adjusted for breaks. Break-adjustment calculations follow the methodology outlined in the BIS Quarterly Review (2013). For further detail, see https://www.bis.org/publ/qtrpdf/r_qt1303z.htm",People's Bank of China; Bank for International Settlements.,5B0,"China - Central bank, assets, total, BIS-spliced, USD",,E,2021-09,6063.921423632,,F,A,
M,CN,B,USD,_Z,B,,"From January 2002 onwards: monthly balance sheet of the People's Bank of China. Between 1993 and 2001: sum of foreign assets (net), claims against the government, bank claims on deposit money, claims against non-monetary financial institutions and claims on the non-financial sector. Before 2000: Almanac of China's finance and banking.",BIS-spliced,The data in billions of US dollars are calculated using market exchange rates.,,3,9,,"This series is adjusted for breaks. Break-adjustment calculations follow the methodology outlined in the BIS Quarterly Review (2013). For further detail, see https://www.bis.org/publ/qtrpdf/r_qt1303z.htm",People's Bank of China; Bank for International Settlements.,5B0,"China - Central bank, assets, total, BIS-spliced, USD",,E,2021-10,6173.9292886104,,F,A,
M,CN,B,USD,_Z,B,,"From January 2002 onwards: monthly balance sheet of the People's Bank of China. Between 1993 and 2001: sum of foreign assets (net), claims against the government, bank claims on deposit money, claims against non-monetary financial institutions and claims on the non-financial sector. Before 2000: Almanac of China's finance and banking.",BIS-spliced,The data in billions of US dollars are calculated using market exchange rates.,,3,9,,"This series is adjusted for breaks. Break-adjustment calculations follow the methodology outlined in the BIS Quarterly Review (2013). For further detail, see https://www.bis.org/publ/qtrpdf/r_qt1303z.htm",People's Bank of China; Bank for International Settlements.,5B0,"China - Central bank, assets, total, BIS-spliced, USD",,E,2021-11,6170.2571150396,,F,A,
M,CN,B,USD,_Z,B,,"From January 2002 onwards: monthly balance sheet of the People's Bank of China. Between 1993 and 2001: sum of foreign assets (net), claims against the government, bank claims on deposit money, claims against non-monetary financial institutions and claims on the non-financial sector. Before 2000: Almanac of China's finance and banking.",BIS-spliced,The data in billions of US dollars are calculated using market exchange rates.,,3,9,,"This series is adjusted for breaks. Break-adjustment calculations follow the methodology outlined in the BIS Quarterly Review (2013). For further detail, see https://www.bis.org/publ/qtrpdf/r_qt1303z.htm",People's Bank of China; Bank for International Settlements.,5B0,"China - Central bank, assets, total, BIS-spliced, USD",,E,2021-12,6229.2024636455,,F,A,
M,CN,B,USD,_Z,B,,"From January 2002 onwards: monthly balance sheet of the People's Bank of China. Between 1993 and 2001: sum of foreign assets (net), claims against the government, bank claims on deposit money, claims against non-monetary financial institutions and claims on the non-financial sector. Before 2000: Almanac of China's finance and banking.",BIS-spliced,The data in billions of US dollars are calculated using market exchange rates.,,3,9,,"This series is adjusted for breaks. Break-adjustment calculations follow the methodology outlined in the BIS Quarterly Review (2013). For further detail, see https://www.bis.org/publ/qtrpdf/r_qt1303z.htm",People's Bank of China; Bank for International Settlements.,5B0,"China - Central bank, assets, total, BIS-spliced, USD",,E,2022-01,6337.4779829246,,F,A,
M,CN,B,USD,_Z,B,,"From January 2002 onwards: monthly balance sheet of the People's Bank of China. Between 1993 and 2001: sum of foreign assets (net), claims against the government, bank claims on deposit money, claims against non-monetary financial institutions and claims on the non-financial sector. Before 2000: Almanac of China's finance and banking.",BIS-spliced,The data in billions of US dollars are calculated using market exchange rates.,,3,9,,"This series is adjusted for breaks. Break-adjustment calculations follow the methodology outlined in the BIS Quarterly Review (2013). For further detail, see https://www.bis.org/publ/qtrpdf/r_qt1303z.htm",People's Bank of China; Bank for International Settlements.,5B0,"China - Central bank, assets, total, BIS-spliced, USD",,E,2022-02,6437.4677614757,,F,A,
M,CN,B,USD,_Z,B,,"From January 2002 onwards: monthly balance sheet of the People's Bank of China. Between 1993 and 2001: sum of foreign assets (net), claims against the government, bank claims on deposit money, claims against non-monetary financial institutions and claims on the non-financial sector. Before 2000: Almanac of China's finance and banking.",BIS-spliced,The data in billions of US dollars are calculated using market exchange rates.,,3,9,,"This series is adjusted for breaks. Break-adjustment calculations follow the methodology outlined in the BIS Quarterly Review (2013). For further detail, see https://www.bis.org/publ/qtrpdf/r_qt1303z.htm",People's Bank of China; Bank for International Settlements.,5B0,"China - Central bank, assets, total, BIS-spliced, USD",,E,2022-03,6287.0281034134,,F,A,
M,CN,B,USD,_Z,B,,"From January 2002 onwards: monthly balance sheet of the People's Bank of China. Between 1993 and 2001: sum of foreign assets (net), claims against the government, bank claims on deposit money, claims against non-monetary financial institutions and claims on the non-financial sector. Before 2000: Almanac of China's finance and banking.",BIS-spliced,The data in billions of US dollars are calculated using market exchange rates.,,3,9,,"This series is adjusted for breaks. Break-adjustment calculations follow the methodology outlined in the BIS Quarterly Review (2013). For further detail, see https://www.bis.org/publ/qtrpdf/r_qt1303z.htm",People's Bank of China; Bank for International Settlements.,5B0,"China - Central bank, assets, total, BIS-spliced, USD",,E,2022-04,5909.4793369488,,F,A,
M,CN,B,USD,_Z,B,,"From January 2002 onwards: monthly balance sheet of the People's Bank of China. Between 1993 and 2001: sum of foreign assets (net), claims against the government, bank claims on deposit money, claims against non-monetary financial institutions and claims on the non-financial sector. Before 2000: Almanac of China's finance and banking.",BIS-spliced,The data in billions of US dollars are calculated using market exchange rates.,,3,9,,"This series is adjusted for breaks. Break-adjustment calculations follow the methodology outlined in the BIS Quarterly Review (2013). For further detail, see https://www.bis.org/publ/qtrpdf/r_qt1303z.htm",People's Bank of China; Bank for International Settlements.,5B0,"China - Central bank, assets, total, BIS-spliced, USD",,E,2022-05,5781.2544542479,,F,A,
M,CN,B,USD,_Z,B,,"From January 2002 onwards: monthly balance sheet of the People's Bank of China. Between 1993 and 2001: sum of foreign assets (net), claims against the government, bank claims on deposit money, claims against non-monetary financial institutions and claims on the non-financial sector. Before 2000: Almanac of China's finance and banking.",BIS-spliced,The data in billions of US dollars are calculated using market exchange rates.,,3,9,,"This series is adjusted for breaks. Break-adjustment calculations follow the methodology outlined in the BIS Quarterly Review (2013). For further detail, see https://www.bis.org/publ/qtrpdf/r_qt1303z.htm",People's Bank of China; Bank for International Settlements.,5B0,"China - Central bank, assets, total, BIS-spliced, USD",,E,2022-06,5856.4068534151,,F,A,
M,CN,B,USD,_Z,B,,"From January 2002 onwards: monthly balance sheet of the People's Bank of China. Between 1993 and 2001: sum of foreign assets (net), claims against the government, bank claims on deposit money, claims against non-monetary financial institutions and claims on the non-financial sector. Before 2000: Almanac of China's finance and banking.",BIS-spliced,The data in billions of US dollars are calculated using market exchange rates.,,3,9,,"This series is adjusted for breaks. Break-adjustment calculations follow the methodology outlined in the BIS Quarterly Review (2013). For further detail, see https://www.bis.org/publ/qtrpdf/r_qt1303z.htm",People's Bank of China; Bank for International Settlements.,5B0,"China - Central bank, assets, total, BIS-spliced, USD",,E,2022-07,5723.9348355117,,F,A,
M,CN,B,USD,_Z,B,,"From January 2002 onwards: monthly balance sheet of the People's Bank of China. Between 1993 and 2001: sum of foreign assets (net), claims against the government, bank claims on deposit money, claims against non-monetary financial institutions and claims on the non-financial sector. Before 2000: Almanac of China's finance and banking.",BIS-spliced,The data in billions of US dollars are calculated using market exchange rates.,,3,9,,"This series is adjusted for breaks. Break-adjustment calculations follow the methodology outlined in the BIS Quarterly Review (2013). For further detail, see https://www.bis.org/publ/qtrpdf/r_qt1303z.htm",People's Bank of China; Bank for International Settlements.,5B0,"China - Central bank, assets, total, BIS-spliced, USD",,E,2022-08,5578.8112608235,,F,A,
M,CN,B,USD,_Z,B,,"From January 2002 onwards: monthly balance sheet of the People's Bank of China. Between 1993 and 2001: sum of foreign assets (net), claims against the government, bank claims on deposit money, claims against non-monetary financial institutions and claims on the non-financial sector. Before 2000: Almanac of China's finance and banking.",BIS-spliced,The data in billions of US dollars are calculated using market exchange rates.,,3,9,,"This series is adjusted for breaks. Break-adjustment calculations follow the methodology outlined in the BIS Quarterly Review (2013). For further detail, see https://www.bis.org/publ/qtrpdf/r_qt1303z.htm",People's Bank of China; Bank for International Settlements.,5B0,"China - Central bank, assets, total, BIS-spliced, USD",,E,2022-09,5584.5315274069,,F,A,
M,CN,B,USD,_Z,B,,"From January 2002 onwards: monthly balance sheet of the People's Bank of China. Between 1993 and 2001: sum of foreign assets (net), claims against the government, bank claims on deposit money, claims against non-monetary financial institutions and claims on the non-financial sector. Before 2000: Almanac of China's finance and banking.",BIS-spliced,The data in billions of US dollars are calculated using market exchange rates.,,3,9,,"This series is adjusted for breaks. Break-adjustment calculations follow the methodology outlined in the BIS Quarterly Review (2013). For further detail, see https://www.bis.org/publ/qtrpdf/r_qt1303z.htm",People's Bank of China; Bank for International Settlements.,5B0,"China - Central bank, assets, total, BIS-spliced, USD",,E,2022-10,5463.4014113821,,F,A,
M,CN,B,USD,_Z,B,,"From January 2002 onwards: monthly balance sheet of the People's Bank of China. Between 1993 and 2001: sum of foreign assets (net), claims against the government, bank claims on deposit money, claims against non-monetary financial institutions and claims on the non-financial sector. Before 2000: Almanac of China's finance and banking.",BIS-spliced,The data in billions of US dollars are calculated using market exchange rates.,,3,9,,"This series is adjusted for breaks. Break-adjustment calculations follow the methodology outlined in the BIS Quarterly Review (2013). For further detail, see https://www.bis.org/publ/qtrpdf/r_qt1303z.htm",People's Bank of China; Bank for International Settlements.,5B0,"China - Central bank, assets, total, BIS-spliced, USD",,E,2022-11,5673.2305364699,,F,A,
M,CN,B,USD,_Z,B,,"From January 2002 onwards: monthly balance sheet of the People's Bank of China. Between 1993 and 2001: sum of foreign assets (net), claims against the government, bank claims on deposit money, claims against non-monetary financial institutions and claims on the non-financial sector. Before 2000: Almanac of China's finance and banking.",BIS-spliced,The data in billions of US dollars are calculated using market exchange rates.,,3,9,,"This series is adjusted for breaks. Break-adjustment calculations follow the methodology outlined in the BIS Quarterly Review (2013). For further detail, see https://www.bis.org/publ/qtrpdf/r_qt1303z.htm",People's Bank of China; Bank for International Settlements.,5B0,"China - Central bank, assets, total, BIS-spliced, USD",,E,2022-12,6041.4446455761,,F,A,
M,CN,B,USD,_Z,B,,"From January 2002 onwards: monthly balance sheet of the People's Bank of China. Between 1993 and 2001: sum of foreign assets (net), claims against the government, bank claims on deposit money, claims against non-monetary financial institutions and claims on the non-financial sector. Before 2000: Almanac of China's finance and banking.",BIS-spliced,The data in billions of US dollars are calculated using market exchange rates.,,3,9,,"This series is adjusted for breaks. Break-adjustment calculations follow the methodology outlined in the BIS Quarterly Review (2013). For further detail, see https://www.bis.org/publ/qtrpdf/r_qt1303z.htm",People's Bank of China; Bank for International Settlements.,5B0,"China - Central bank, assets, total, BIS-spliced, USD",,E,2023-01,6246.3826113158,,F,A,
M,CN,B,USD,_Z,B,,"From January 2002 onwards: monthly balance sheet of the People's Bank of China. Between 1993 and 2001: sum of foreign assets (net), claims against the government, bank claims on deposit money, claims against non-monetary financial institutions and claims on the non-financial sector. Before 2000: Almanac of China's finance and banking.",BIS-spliced,The data in billions of US dollars are calculated using market exchange rates.,,3,9,,"This series is adjusted for breaks. Break-adjustment calculations follow the methodology outlined in the BIS Quarterly Review (2013). For further detail, see https://www.bis.org/publ/qtrpdf/r_qt1303z.htm",People's Bank of China; Bank for International Settlements.,5B0,"China - Central bank, assets, total, BIS-spliced, USD",,E,2023-02,6021.1195019797,,F,A,
M,CN,B,USD,_Z,B,,"From January 2002 onwards: monthly balance sheet of the People's Bank of China. Between 1993 and 2001: sum of foreign assets (net), claims against the government, bank claims on deposit money, claims against non-monetary financial institutions and claims on the non-financial sector. Before 2000: Almanac of China's finance and banking.",BIS-spliced,The data in billions of US dollars are calculated using market exchange rates.,,3,9,,"This series is adjusted for breaks. Break-adjustment calculations follow the methodology outlined in the BIS Quarterly Review (2013). For further detail, see https://www.bis.org/publ/qtrpdf/r_qt1303z.htm",People's Bank of China; Bank for International Settlements.,5B0,"China - Central bank, assets, total, BIS-spliced, USD",,E,2023-03,6123.9572179912,,F,A,
M,CN,B,USD,_Z,B,,"From January 2002 onwards: monthly balance sheet of the People's Bank of China. Between 1993 and 2001: sum of foreign assets (net), claims against the government, bank claims on deposit money, claims against non-monetary financial institutions and claims on the non-financial sector. Before 2000: Almanac of China's finance and banking.",BIS-spliced,The data in billions of US dollars are calculated using market exchange rates.,,3,9,,"This series is adjusted for breaks. Break-adjustment calculations follow the methodology outlined in the BIS Quarterly Review (2013). For further detail, see https://www.bis.org/publ/qtrpdf/r_qt1303z.htm",People's Bank of China; Bank for International Settlements.,5B0,"China - Central bank, assets, total, BIS-spliced, USD",,E,2023-04,5963.9582011214,,F,A,
M,CN,B,USD,_Z,B,,"From January 2002 onwards: monthly balance sheet of the People's Bank of China. Between 1993 and 2001: sum of foreign assets (net), claims against the government, bank claims on deposit money, claims against non-monetary financial institutions and claims on the non-financial sector. Before 2000: Almanac of China's finance and banking.",BIS-spliced,The data in billions of US dollars are calculated using market exchange rates.,,3,9,,"This series is adjusted for breaks. Break-adjustment calculations follow the methodology outlined in the BIS Quarterly Review (2013). For further detail, see https://www.bis.org/publ/qtrpdf/r_qt1303z.htm",People's Bank of China; Bank for International Settlements.,5B0,"China - Central bank, assets, total, BIS-spliced, USD",,E,2023-05,5718.4537327041,,F,A,
M,CN,B,USD,_Z,B,,"From January 2002 onwards: monthly balance sheet of the People's Bank of China. Between 1993 and 2001: sum of foreign assets (net), claims against the government, bank claims on deposit money, claims against non-monetary financial institutions and claims on the non-financial sector. Before 2000: Almanac of China's finance and banking.",BIS-spliced,The data in billions of US dollars are calculated using market exchange rates.,,3,9,,"This series is adjusted for breaks. Break-adjustment calculations follow the methodology outlined in the BIS Quarterly Review (2013). For further detail, see https://www.bis.org/publ/qtrpdf/r_qt1303z.htm",People's Bank of China; Bank for International Settlements.,5B0,"China - Central bank, assets, total, BIS-spliced, USD",,E,2023-06,5751.4534683759,,F,A,
M,CN,B,USD,_Z,B,,"From January 2002 onwards: monthly balance sheet of the People's Bank of China. Between 1993 and 2001: sum of foreign assets (net), claims against the government, bank claims on deposit money, claims against non-monetary financial institutions and claims on the non-financial sector. Before 2000: Almanac of China's finance and banking.",BIS-spliced,The data in billions of US dollars are calculated using market exchange rates.,,3,9,,"This series is adjusted for breaks. Break-adjustment calculations follow the methodology outlined in the BIS Quarterly Review (2013). For further detail, see https://www.bis.org/publ/qtrpdf/r_qt1303z.htm",People's Bank of China; Bank for International Settlements.,5B0,"China - Central bank, assets, total, BIS-spliced, USD",,E,2023-07,5708.0432454963,,F,A,
M,CN,B,USD,_Z,B,,"From January 2002 onwards: monthly balance sheet of the People's Bank of China. Between 1993 and 2001: sum of foreign assets (net), claims against the government, bank claims on deposit money, claims against non-monetary financial institutions and claims on the non-financial sector. Before 2000: Almanac of China's finance and banking.",BIS-spliced,The data in billions of US dollars are calculated using market exchange rates.,,3,9,,"This series is adjusted for breaks. Break-adjustment calculations follow the methodology outlined in the BIS Quarterly Review (2013). For further detail, see https://www.bis.org/publ/qtrpdf/r_qt1303z.htm",People's Bank of China; Bank for International Settlements.,5B0,"China - Central bank, assets, total, BIS-spliced, USD",,E,2023-08,5720.26714126,,F,A,
M,CN,B,USD,_Z,B,,"From January 2002 onwards: monthly balance sheet of the People's Bank of China. Between 1993 and 2001: sum of foreign assets (net), claims against the government, bank claims on deposit money, claims against non-monetary financial institutions and claims on the non-financial sector. Before 2000: Almanac of China's finance and banking.",BIS-spliced,The data in billions of US dollars are calculated using market exchange rates.,,3,9,,"This series is adjusted for breaks. Break-adjustment calculations follow the methodology outlined in the BIS Quarterly Review (2013). For further detail, see https://www.bis.org/publ/qtrpdf/r_qt1303z.htm",People's Bank of China; Bank for International Settlements.,5B0,"China - Central bank, assets, total, BIS-spliced, USD",,E,2023-09,5852.9812609507,,F,A,
M,CN,B,USD,_Z,B,,"From January 2002 onwards: monthly balance sheet of the People's Bank of China. Between 1993 and 2001: sum of foreign assets (net), claims against the government, bank claims on deposit money, claims against non-monetary financial institutions and claims on the non-financial sector. Before 2000: Almanac of China's finance and banking.",BIS-spliced,The data in billions of US dollars are calculated using market exchange rates.,,3,9,,"This series is adjusted for breaks. Break-adjustment calculations follow the methodology outlined in the BIS Quarterly Review (2013). For further detail, see https://www.bis.org/publ/qtrpdf/r_qt1303z.htm",People's Bank of China; Bank for International Settlements.,5B0,"China - Central bank, assets, total, BIS-spliced, USD",,E,2023-10,5922.286899985,,F,A,
M,CN,B,USD,_Z,B,,"From January 2002 onwards: monthly balance sheet of the People's Bank of China. Between 1993 and 2001: sum of foreign assets (net), claims against the government, bank claims on deposit money, claims against non-monetary financial institutions and claims on the non-financial sector. Before 2000: Almanac of China's finance and banking.",BIS-spliced,The data in billions of US dollars are calculated using market exchange rates.,,3,9,,"This series is adjusted for breaks. Break-adjustment calculations follow the methodology outlined in the BIS Quarterly Review (2013). For further detail, see https://www.bis.org/publ/qtrpdf/r_qt1303z.htm",People's Bank of China; Bank for International Settlements.,5B0,"China - Central bank, assets, total, BIS-spliced, USD",,E,2023-11,6174.7455054726,,F,A,
M,CN,B,USD,_Z,B,,"From January 2002 onwards: monthly balance sheet of the People's Bank of China. Between 1993 and 2001: sum of foreign assets (net), claims against the government, bank claims on deposit money, claims against non-monetary financial institutions and claims on the non-financial sector. Before 2000: Almanac of China's finance and banking.",BIS-spliced,The data in billions of US dollars are calculated using market exchange rates.,,3,9,,"This series is adjusted for breaks. Break-adjustment calculations follow the methodology outlined in the BIS Quarterly Review (2013). For further detail, see https://www.bis.org/publ/qtrpdf/r_qt1303z.htm",People's Bank of China; Bank for International Settlements.,5B0,"China - Central bank, assets, total, BIS-spliced, USD",,E,2023-12,6431.4041870054,,F,A,
M,CN,B,USD,_Z,B,,"From January 2002 onwards: monthly balance sheet of the People's Bank of China. Between 1993 and 2001: sum of foreign assets (net), claims against the government, bank claims on deposit money, claims against non-monetary financial institutions and claims on the non-financial sector. Before 2000: Almanac of China's finance and banking.",BIS-spliced,The data in billions of US dollars are calculated using market exchange rates.,,3,9,,"This series is adjusted for breaks. Break-adjustment calculations follow the methodology outlined in the BIS Quarterly Review (2013). For further detail, see https://www.bis.org/publ/qtrpdf/r_qt1303z.htm",People's Bank of China; Bank for International Settlements.,5B0,"China - Central bank, assets, total, BIS-spliced, USD",,E,2024-01,6358.6071734363,,F,A,
M,CN,B,USD,_Z,B,,"From January 2002 onwards: monthly balance sheet of the People's Bank of China. Between 1993 and 2001: sum of foreign assets (net), claims against the government, bank claims on deposit money, claims against non-monetary financial institutions and claims on the non-financial sector. Before 2000: Almanac of China's finance and banking.",BIS-spliced,The data in billions of US dollars are calculated using market exchange rates.,,3,9,,"This series is adjusted for breaks. Break-adjustment calculations follow the methodology outlined in the BIS Quarterly Review (2013). For further detail, see https://www.bis.org/publ/qtrpdf/r_qt1303z.htm",People's Bank of China; Bank for International Settlements.,5B0,"China - Central bank, assets, total, BIS-spliced, USD",,E,2024-02,6194.8977362252,,F,A,
M,CN,B,USD,_Z,B,,"From January 2002 onwards: monthly balance sheet of the People's Bank of China. Between 1993 and 2001: sum of foreign assets (net), claims against the government, bank claims on deposit money, claims against non-monetary financial institutions and claims on the non-financial sector. Before 2000: Almanac of China's finance and banking.",BIS-spliced,The data in billions of US dollars are calculated using market exchange rates.,,3,9,,"This series is adjusted for breaks. Break-adjustment calculations follow the methodology outlined in the BIS Quarterly Review (2013). For further detail, see https://www.bis.org/publ/qtrpdf/r_qt1303z.htm",People's Bank of China; Bank for International Settlements.,5B0,"China - Central bank, assets, total, BIS-spliced, USD",,E,2024-03,6071.5124690898,,F,A,
M,CN,B,USD,_Z,B,,"From January 2002 onwards: monthly balance sheet of the People's Bank of China. Between 1993 and 2001: sum of foreign assets (net), claims against the government, bank claims on deposit money, claims against non-monetary financial institutions and claims on the non-financial sector. Before 2000: Almanac of China's finance and banking.",BIS-spliced,The data in billions of US dollars are calculated using market exchange rates.,,3,9,,"This series is adjusted for breaks. Break-adjustment calculations follow the methodology outlined in the BIS Quarterly Review (2013). For further detail, see https://www.bis.org/publ/qtrpdf/r_qt1303z.htm",People's Bank of China; Bank for International Settlements.,5B0,"China - Central bank, assets, total, BIS-spliced, USD",,E,2024-04,5916.6611885989,,F,A,
M,CN,B,USD,_Z,B,,"From January 2002 onwards: monthly balance sheet of the People's Bank of China. Between 1993 and 2001: sum of foreign assets (net), claims against the government, bank claims on deposit money, claims against non-monetary financial institutions and claims on the non-financial sector. Before 2000: Almanac of China's finance and banking.",BIS-spliced,The data in billions of US dollars are calculated using market exchange rates.,,3,9,,"This series is adjusted for breaks. Break-adjustment calculations follow the methodology outlined in the BIS Quarterly Review (2013). For further detail, see https://www.bis.org/publ/qtrpdf/r_qt1303z.htm",People's Bank of China; Bank for International Settlements.,5B0,"China - Central bank, assets, total, BIS-spliced, USD",,E,2024-05,5932.1965781334,,F,A,
M,CN,B,USD,_Z,B,,"From January 2002 onwards: monthly balance sheet of the People's Bank of China. Between 1993 and 2001: sum of foreign assets (net), claims against the government, bank claims on deposit money, claims against non-monetary financial institutions and claims on the non-financial sector. Before 2000: Almanac of China's finance and banking.",BIS-spliced,The data in billions of US dollars are calculated using market exchange rates.,,3,9,,"This series is adjusted for breaks. Break-adjustment calculations follow the methodology outlined in the BIS Quarterly Review (2013). For further detail, see https://www.bis.org/publ/qtrpdf/r_qt1303z.htm",People's Bank of China; Bank for International Settlements.,5B0,"China - Central bank, assets, total, BIS-spliced, USD",,E,2024-06,6010.744654866,,F,A,
M,CN,B,USD,_Z,B,,"From January 2002 onwards: monthly balance sheet of the People's Bank of China. Between 1993 and 2001: sum of foreign assets (net), claims against the government, bank claims on deposit money, claims against non-monetary financial institutions and claims on the non-financial sector. Before 2000: Almanac of China's finance and banking.",BIS-spliced,The data in billions of US dollars are calculated using market exchange rates.,,3,9,,"This series is adjusted for breaks. Break-adjustment calculations follow the methodology outlined in the BIS Quarterly Review (2013). For further detail, see https://www.bis.org/publ/qtrpdf/r_qt1303z.htm",People's Bank of China; Bank for International Settlements.,5B0,"China - Central bank, assets, total, BIS-spliced, USD",,E,2024-07,6044.0550619729,,F,A,
M,CN,B,USD,_Z,B,,"From January 2002 onwards: monthly balance sheet of the People's Bank of China. Between 1993 and 2001: sum of foreign assets (net), claims against the government, bank claims on deposit money, claims against non-monetary financial institutions and claims on the non-financial sector. Before 2000: Almanac of China's finance and banking.",BIS-spliced,The data in billions of US dollars are calculated using market exchange rates.,,3,9,,"This series is adjusted for breaks. Break-adjustment calculations follow the methodology outlined in the BIS Quarterly Review (2013). For further detail, see https://www.bis.org/publ/qtrpdf/r_qt1303z.htm",People's Bank of China; Bank for International Settlements.,5B0,"China - Central bank, assets, total, BIS-spliced, USD",,E,2024-08,6192.0934036547,,F,A,
M,CN,B,USD,_Z,B,,"From January 2002 onwards: monthly balance sheet of the People's Bank of China. Between 1993 and 2001: sum of foreign assets (net), claims against the government, bank claims on deposit money, claims against non-monetary financial institutions and claims on the non-financial sector. Before 2000: Almanac of China's finance and banking.",BIS-spliced,The data in billions of US dollars are calculated using market exchange rates.,,3,9,,"This series is adjusted for breaks. Break-adjustment calculations follow the methodology outlined in the BIS Quarterly Review (2013). For further detail, see https://www.bis.org/publ/qtrpdf/r_qt1303z.htm",People's Bank of China; Bank for International Settlements.,5B0,"China - Central bank, assets, total, BIS-spliced, USD",,E,2024-09,6489.2137730012,,F,A,
M,CN,B,USD,_Z,B,,"From January 2002 onwards: monthly balance sheet of the People's Bank of China. Between 1993 and 2001: sum of foreign assets (net), claims against the government, bank claims on deposit money, claims against non-monetary financial institutions and claims on the non-financial sector. Before 2000: Almanac of China's finance and banking.",BIS-spliced,The data in billions of US dollars are calculated using market exchange rates.,,3,9,,"This series is adjusted for breaks. Break-adjustment calculations follow the methodology outlined in the BIS Quarterly Review (2013). For further detail, see https://www.bis.org/publ/qtrpdf/r_qt1303z.htm",People's Bank of China; Bank for International Settlements.,5B0,"China - Central bank, assets, total, BIS-spliced, USD",,E,2024-10,6286.6683970466,,F,A,
M,CN,B,USD,_Z,B,,"From January 2002 onwards: monthly balance sheet of the People's Bank of China. Between 1993 and 2001: sum of foreign assets (net), claims against the government, bank claims on deposit money, claims against non-monetary financial institutions and claims on the non-financial sector. Before 2000: Almanac of China's finance and banking.",BIS-spliced,The data in billions of US dollars are calculated using market exchange rates.,,3,9,,"This series is adjusted for breaks. Break-adjustment calculations follow the methodology outlined in the BIS Quarterly Review (2013). For further detail, see https://www.bis.org/publ/qtrpdf/r_qt1303z.htm",People's Bank of China; Bank for International Settlements.,5B0,"China - Central bank, assets, total, BIS-spliced, USD",,E,2024-11,6265.4334115131,,F,A,
M,CN,B,USD,_Z,B,,"From January 2002 onwards: monthly balance sheet of the People's Bank of China. Between 1993 and 2001: sum of foreign assets (net), claims against the government, bank claims on deposit money, claims against non-monetary financial institutions and claims on the non-financial sector. Before 2000: Almanac of China's finance and banking.",BIS-spliced,The data in billions of US dollars are calculated using market exchange rates.,,3,9,,"This series is adjusted for breaks. Break-adjustment calculations follow the methodology outlined in the BIS Quarterly Review (2013). For further detail, see https://www.bis.org/publ/qtrpdf/r_qt1303z.htm",People's Bank of China; Bank for International Settlements.,5B0,"China - Central bank, assets, total, BIS-spliced, USD",,E,2024-12,6034.9619932172,,F,A,
M,CN,B,USD,_Z,B,,"From January 2002 onwards: monthly balance sheet of the People's Bank of China. Between 1993 and 2001: sum of foreign assets (net), claims against the government, bank claims on deposit money, claims against non-monetary financial institutions and claims on the non-financial sector. Before 2000: Almanac of China's finance and banking.",BIS-spliced,The data in billions of US dollars are calculated using market exchange rates.,,3,9,,"This series is adjusted for breaks. Break-adjustment calculations follow the methodology outlined in the BIS Quarterly Review (2013). For further detail, see https://www.bis.org/publ/qtrpdf/r_qt1303z.htm",People's Bank of China; Bank for International Settlements.,5B0,"China - Central bank, assets, total, BIS-spliced, USD",,E,2025-01,6434.3389475272,,F,A,
M,CN,B,USD,_Z,B,,"From January 2002 onwards: monthly balance sheet of the People's Bank of China. Between 1993 and 2001: sum of foreign assets (net), claims against the government, bank claims on deposit money, claims against non-monetary financial institutions and claims on the non-financial sector. Before 2000: Almanac of China's finance and banking.",BIS-spliced,The data in billions of US dollars are calculated using market exchange rates.,,3,9,,"This series is adjusted for breaks. Break-adjustment calculations follow the methodology outlined in the BIS Quarterly Review (2013). For further detail, see https://www.bis.org/publ/qtrpdf/r_qt1303z.htm",People's Bank of China; Bank for International Settlements.,5B0,"China - Central bank, assets, total, BIS-spliced, USD",,E,2025-02,6459.7229411823,,F,A,
M,CN,B,USD,_Z,B,,"From January 2002 onwards: monthly balance sheet of the People's Bank of China. Between 1993 and 2001: sum of foreign assets (net), claims against the government, bank claims on deposit money, claims against non-monetary financial institutions and claims on the non-financial sector. Before 2000: Almanac of China's finance and banking.",BIS-spliced,The data in billions of US dollars are calculated using market exchange rates.,,3,9,,"This series is adjusted for breaks. Break-adjustment calculations follow the methodology outlined in the BIS Quarterly Review (2013). For further detail, see https://www.bis.org/publ/qtrpdf/r_qt1303z.htm",People's Bank of China; Bank for International Settlements.,5B0,"China - Central bank, assets, total, BIS-spliced, USD",,E,2025-03,6277.5038556066,,F,A,
M,CN,B,USD,_Z,B,,"From January 2002 onwards: monthly balance sheet of the People's Bank of China. Between 1993 and 2001: sum of foreign assets (net), claims against the government, bank claims on deposit money, claims against non-monetary financial institutions and claims on the non-financial sector. Before 2000: Almanac of China's finance and banking.",BIS-spliced,The data in billions of US dollars are calculated using market exchange rates.,,3,9,,"This series is adjusted for breaks. Break-adjustment calculations follow the methodology outlined in the BIS Quarterly Review (2013). For further detail, see https://www.bis.org/publ/qtrpdf/r_qt1303z.htm",People's Bank of China; Bank for International Settlements.,5B0,"China - Central bank, assets, total, BIS-spliced, USD",,E,2025-04,6264.9284816058,,F,A,
M,CN,B,USD,_Z,B,,"From January 2002 onwards: monthly balance sheet of the People's Bank of China. Between 1993 and 2001: sum of foreign assets (net), claims against the government, bank claims on deposit money, claims against non-monetary financial institutions and claims on the non-financial sector. Before 2000: Almanac of China's finance and banking.",BIS-spliced,The data in billions of US dollars are calculated using market exchange rates.,,3,9,,"This series is adjusted for breaks. Break-adjustment calculations follow the methodology outlined in the BIS Quarterly Review (2013). For further detail, see https://www.bis.org/publ/qtrpdf/r_qt1303z.htm",People's Bank of China; Bank for International Settlements.,5B0,"China - Central bank, assets, total, BIS-spliced, USD",,E,2025-05,6268.8370004802,,F,A,
M,CN,B,USD,_Z,B,,"From January 2002 onwards: monthly balance sheet of the People's Bank of China. Between 1993 and 2001: sum of foreign assets (net), claims against the government, bank claims on deposit money, claims against non-monetary financial institutions and claims on the non-financial sector. Before 2000: Almanac of China's finance and banking.",BIS-spliced,The data in billions of US dollars are calculated using market exchange rates.,,3,9,,"This series is adjusted for breaks. Break-adjustment calculations follow the methodology outlined in the BIS Quarterly Review (2013). For further detail, see https://www.bis.org/publ/qtrpdf/r_qt1303z.htm",People's Bank of China; Bank for International Settlements.,5B0,"China - Central bank, assets, total, BIS-spliced, USD",,E,2025-06,6390.0133097435,,F,A,
M,CN,B,USD,_Z,B,,"From January 2002 onwards: monthly balance sheet of the People's Bank of China. Between 1993 and 2001: sum of foreign assets (net), claims against the government, bank claims on deposit money, claims against non-monetary financial institutions and claims on the non-financial sector. Before 2000: Almanac of China's finance and banking.",BIS-spliced,The data in billions of US dollars are calculated using market exchange rates.,,3,9,,"This series is adjusted for breaks. Break-adjustment calculations follow the methodology outlined in the BIS Quarterly Review (2013). For further detail, see https://www.bis.org/publ/qtrpdf/r_qt1303z.htm",People's Bank of China; Bank for International Settlements.,5B0,"China - Central bank, assets, total, BIS-spliced, USD",,E,2025-07,6386.6021057583,,F,A,
M,CN,B,USD,_Z,B,,"From January 2002 onwards: monthly balance sheet of the People's Bank of China. Between 1993 and 2001: sum of foreign assets (net), claims against the government, bank claims on deposit money, claims against non-monetary financial institutions and claims on the non-financial sector. Before 2000: Almanac of China's finance and banking.",BIS-spliced,The data in billions of US dollars are calculated using market exchange rates.,,3,9,,"This series is adjusted for breaks. Break-adjustment calculations follow the methodology outlined in the BIS Quarterly Review (2013). For further detail, see https://www.bis.org/publ/qtrpdf/r_qt1303z.htm",People's Bank of China; Bank for International Settlements.,5B0,"China - Central bank, assets, total, BIS-spliced, USD",,E,2025-08,6494.6382031356,,F,A,
M,CN,B,USD,_Z,B,,"From January 2002 onwards: monthly balance sheet of the People's Bank of China. Between 1993 and 2001: sum of foreign assets (net), claims against the government, bank claims on deposit money, claims against non-monetary financial institutions and claims on the non-financial sector. Before 2000: Almanac of China's finance and banking.",BIS-spliced,The data in billions of US dollars are calculated using market exchange rates.,,3,9,,"This series is adjusted for breaks. Break-adjustment calculations follow the methodology outlined in the BIS Quarterly Review (2013). For further detail, see https://www.bis.org/publ/qtrpdf/r_qt1303z.htm",People's Bank of China; Bank for International Settlements.,5B0,"China - Central bank, assets, total, BIS-spliced, USD",,E,2025-09,6621.0553682864,,F,A,
M,CN,B,USD,_Z,B,,"From January 2002 onwards: monthly balance sheet of the People's Bank of China. Between 1993 and 2001: sum of foreign assets (net), claims against the government, bank claims on deposit money, claims against non-monetary financial institutions and claims on the non-financial sector. Before 2000: Almanac of China's finance and banking.",BIS-spliced,The data in billions of US dollars are calculated using market exchange rates.,,3,9,,"This series is adjusted for breaks. Break-adjustment calculations follow the methodology outlined in the BIS Quarterly Review (2013). For further detail, see https://www.bis.org/publ/qtrpdf/r_qt1303z.htm",People's Bank of China; Bank for International Settlements.,5B0,"China - Central bank, assets, total, BIS-spliced, USD",,E,2025-10,6613.5058985547,,F,A,
M,CN,B,USD,_Z,B,,"From January 2002 onwards: monthly balance sheet of the People's Bank of China. Between 1993 and 2001: sum of foreign assets (net), claims against the government, bank claims on deposit money, claims against non-monetary financial institutions and claims on the non-financial sector. Before 2000: Almanac of China's finance and banking.",BIS-spliced,The data in billions of US dollars are calculated using market exchange rates.,,3,9,,"This series is adjusted for breaks. Break-adjustment calculations follow the methodology outlined in the BIS Quarterly Review (2013). For further detail, see https://www.bis.org/publ/qtrpdf/r_qt1303z.htm",People's Bank of China; Bank for International Settlements.,5B0,"China - Central bank, assets, total, BIS-spliced, USD",,E,2025-11,6684.5535749366,,F,A,
M,CN,B,USD,_Z,B,,"From January 2002 onwards: monthly balance sheet of the People's Bank of China. Between 1993 and 2001: sum of foreign assets (net), claims against the government, bank claims on deposit money, claims against non-monetary financial institutions and claims on the non-financial sector. Before 2000: Almanac of China's finance and banking.",BIS-spliced,The data in billions of US dollars are calculated using market exchange rates.,,3,9,,"This series is adjusted for breaks. Break-adjustment calculations follow the methodology outlined in the BIS Quarterly Review (2013). For further detail, see https://www.bis.org/publ/qtrpdf/r_qt1303z.htm",People's Bank of China; Bank for International Settlements.,5B0,"China - Central bank, assets, total, BIS-spliced, USD",,E,2025-12,6878.8680965248,,F,A,
M,CN,B,USD,_Z,B,,"From January 2002 onwards: monthly balance sheet of the People's Bank of China. Between 1993 and 2001: sum of foreign assets (net), claims against the government, bank claims on deposit money, claims against non-monetary financial institutions and claims on the non-financial sector. Before 2000: Almanac of China's finance and banking.",BIS-spliced,The data in billions of US dollars are calculated using market exchange rates.,,3,9,,"This series is adjusted for breaks. Break-adjustment calculations follow the methodology outlined in the BIS Quarterly Review (2013). For further detail, see https://www.bis.org/publ/qtrpdf/r_qt1303z.htm",People's Bank of China; Bank for International Settlements.,5B0,"China - Central bank, assets, total, BIS-spliced, USD",,E,2026-01,7096.5189509139,,F,A,
M,CN,B,USD,_Z,B,,"From January 2002 onwards: monthly balance sheet of the People's Bank of China. Between 1993 and 2001: sum of foreign assets (net), claims against the government, bank claims on deposit money, claims against non-monetary financial institutions and claims on the non-financial sector. Before 2000: Almanac of China's finance and banking.",BIS-spliced,The data in billions of US dollars are calculated using market exchange rates.,,3,9,,"This series is adjusted for breaks. Break-adjustment calculations follow the methodology outlined in the BIS Quarterly Review (2013). For further detail, see https://www.bis.org/publ/qtrpdf/r_qt1303z.htm",People's Bank of China; Bank for International Settlements.,5B0,"China - Central bank, assets, total, BIS-spliced, USD",,E,2026-02,7288.5464340768,,F,A,
M,CN,B,USD,_Z,B,,"From January 2002 onwards: monthly balance sheet of the People's Bank of China. Between 1993 and 2001: sum of foreign assets (net), claims against the government, bank claims on deposit money, claims against non-monetary financial institutions and claims on the non-financial sector. Before 2000: Almanac of China's finance and banking.",BIS-spliced,The data in billions of US dollars are calculated using market exchange rates.,,3,9,,"This series is adjusted for breaks. Break-adjustment calculations follow the methodology outlined in the BIS Quarterly Review (2013). For further detail, see https://www.bis.org/publ/qtrpdf/r_qt1303z.htm",People's Bank of China; Bank for International Settlements.,5B0,"China - Central bank, assets, total, BIS-spliced, USD",,E,2026-03,7121.2899162471,,F,A,
M,CN,B,USD,_Z,B,,"From January 2002 onwards: monthly balance sheet of the People's Bank of China. Between 1993 and 2001: sum of foreign assets (net), claims against the government, bank claims on deposit money, claims against non-monetary financial institutions and claims on the non-financial sector. Before 2000: Almanac of China's finance and banking.",BIS-spliced,The data in billions of US dollars are calculated using market exchange rates.,,3,9,,"This series is adjusted for breaks. Break-adjustment calculations follow the methodology outlined in the BIS Quarterly Review (2013). For further detail, see https://www.bis.org/publ/qtrpdf/r_qt1303z.htm",People's Bank of China; Bank for International Settlements.,5B0,"China - Central bank, assets, total, BIS-spliced, USD",,E,2026-04,7121.7677269344,,F,A,
M,CN,B,USD,_Z,B,,"From January 2002 onwards: monthly balance sheet of the People's Bank of China. Between 1993 and 2001: sum of foreign assets (net), claims against the government, bank claims on deposit money, claims against non-monetary financial institutions and claims on the non-financial sector. Before 2000: Almanac of China's finance and banking.",BIS-spliced,The data in billions of US dollars are calculated using market exchange rates.,,3,9,,"This series is adjusted for breaks. Break-adjustment calculations follow the methodology outlined in the BIS Quarterly Review (2013). For further detail, see https://www.bis.org/publ/qtrpdf/r_qt1303z.htm",People's Bank of China; Bank for International Settlements.,5B0,"China - Central bank, assets, total, BIS-spliced, USD",,E,2026-05,7149.6799167351,,F,A,
M,CN,B,USD,_Z,B,,"From January 2002 onwards: monthly balance sheet of the People's Bank of China. Between 1993 and 2001: sum of foreign assets (net), claims against the government, bank claims on deposit money, claims against non-monetary financial institutions and claims on the non-financial sector. Before 2000: Almanac of China's finance and banking.",BIS-spliced,The data in billions of US dollars are calculated using market exchange rates.,,3,9,,"This series is adjusted for breaks. Break-adjustment calculations follow the methodology outlined in the BIS Quarterly Review (2013). For further detail, see https://www.bis.org/publ/qtrpdf/r_qt1303z.htm",People's Bank of China; Bank for International Settlements.,5B0,"China - Central bank, assets, total, BIS-spliced, USD",,E,2026-06,7285.1658263701,,F,A,
M,CN,B,XDC,CNY,B,,"From January 2002 onwards: monthly balance sheet of the People's Bank of China. Between 1993 and 2001: sum of foreign assets (net), claims against the government, bank claims on deposit money, claims against non-monetary financial institutions and claims on the non-financial sector. Before 2000: Almanac of China's finance and banking.",BIS-spliced,-,,3,9,,"This series is adjusted for breaks. Break-adjustment calculations follow the methodology outlined in the BIS Quarterly Review (2013). For further detail, see https://www.bis.org/publ/qtrpdf/r_qt1303z.htm",People's Bank of China; Bank for International Settlements.,5B0,"China - Central bank, assets, total, BIS-spliced, break-adjusted",,E,1999-12,3534.98,,F,A,
M,CN,B,XDC,CNY,B,,"From January 2002 onwards: monthly balance sheet of the People's Bank of China. Between 1993 and 2001: sum of foreign assets (net), claims against the government, bank claims on deposit money, claims against non-monetary financial institutions and claims on the non-financial sector. Before 2000: Almanac of China's finance and banking.",BIS-spliced,-,,3,9,,"This series is adjusted for breaks. Break-adjustment calculations follow the methodology outlined in the BIS Quarterly Review (2013). For further detail, see https://www.bis.org/publ/qtrpdf/r_qt1303z.htm",People's Bank of China; Bank for International Settlements.,5B0,"China - Central bank, assets, total, BIS-spliced, break-adjusted",,E,2000-01,3452.95,,F,A,
M,CN,B,XDC,CNY,B,,"From January 2002 onwards: monthly balance sheet of the People's Bank of China. Between 1993 and 2001: sum of foreign assets (net), claims against the government, bank claims on deposit money, claims against non-monetary financial institutions and claims on the non-financial sector. Before 2000: Almanac of China's finance and banking.",BIS-spliced,-,,3,9,,"This series is adjusted for breaks. Break-adjustment calculations follow the methodology outlined in the BIS Quarterly Review (2013). For further detail, see https://www.bis.org/publ/qtrpdf/r_qt1303z.htm",People's Bank of China; Bank for International Settlements.,5B0,"China - Central bank, assets, total, BIS-spliced, break-adjusted",,E,2000-02,3444.39,,F,A,
M,CN,B,XDC,CNY,B,,"From January 2002 onwards: monthly balance sheet of the People's Bank of China. Between 1993 and 2001: sum of foreign assets (net), claims against the government, bank claims on deposit money, claims against non-monetary financial institutions and claims on the non-financial sector. Before 2000: Almanac of China's finance and banking.",BIS-spliced,-,,3,9,,"This series is adjusted for breaks. Break-adjustment calculations follow the methodology outlined in the BIS Quarterly Review (2013). For further detail, see https://www.bis.org/publ/qtrpdf/r_qt1303z.htm",People's Bank of China; Bank for International Settlements.,5B0,"China - Central bank, assets, total, BIS-spliced, break-adjusted",,E,2000-03,3470.268,,F,A,
M,CN,B,XDC,CNY,B,,"From January 2002 onwards: monthly balance sheet of the People's Bank of China. Between 1993 and 2001: sum of foreign assets (net), claims against the government, bank claims on deposit money, claims against non-monetary financial institutions and claims on the non-financial sector. Before 2000: Almanac of China's finance and banking.",BIS-spliced,-,,3,9,,"This series is adjusted for breaks. Break-adjustment calculations follow the methodology outlined in the BIS Quarterly Review (2013). For further detail, see https://www.bis.org/publ/qtrpdf/r_qt1303z.htm",People's Bank of China; Bank for International Settlements.,5B0,"China - Central bank, assets, total, BIS-spliced, break-adjusted",,E,2000-04,3483.893,,F,A,
M,CN,B,XDC,CNY,B,,"From January 2002 onwards: monthly balance sheet of the People's Bank of China. Between 1993 and 2001: sum of foreign assets (net), claims against the government, bank claims on deposit money, claims against non-monetary financial institutions and claims on the non-financial sector. Before 2000: Almanac of China's finance and banking.",BIS-spliced,-,,3,9,,"This series is adjusted for breaks. Break-adjustment calculations follow the methodology outlined in the BIS Quarterly Review (2013). For further detail, see https://www.bis.org/publ/qtrpdf/r_qt1303z.htm",People's Bank of China; Bank for International Settlements.,5B0,"China - Central bank, assets, total, BIS-spliced, break-adjusted",,E,2000-05,3458.447,,F,A,
M,CN,B,XDC,CNY,B,,"From January 2002 onwards: monthly balance sheet of the People's Bank of China. Between 1993 and 2001: sum of foreign assets (net), claims against the government, bank claims on deposit money, claims against non-monetary financial institutions and claims on the non-financial sector. Before 2000: Almanac of China's finance and banking.",BIS-spliced,-,,3,9,,"This series is adjusted for breaks. Break-adjustment calculations follow the methodology outlined in the BIS Quarterly Review (2013). For further detail, see https://www.bis.org/publ/qtrpdf/r_qt1303z.htm",People's Bank of China; Bank for International Settlements.,5B0,"China - Central bank, assets, total, BIS-spliced, break-adjusted",,E,2000-06,3561.091,,F,A,
M,CN,B,XDC,CNY,B,,"From January 2002 onwards: monthly balance sheet of the People's Bank of China. Between 1993 and 2001: sum of foreign assets (net), claims against the government, bank claims on deposit money, claims against non-monetary financial institutions and claims on the non-financial sector. Before 2000: Almanac of China's finance and banking.",BIS-spliced,-,,3,9,,"This series is adjusted for breaks. Break-adjustment calculations follow the methodology outlined in the BIS Quarterly Review (2013). For further detail, see https://www.bis.org/publ/qtrpdf/r_qt1303z.htm",People's Bank of China; Bank for International Settlements.,5B0,"China - Central bank, assets, total, BIS-spliced, break-adjusted",,E,2000-07,3604.232,,F,A,
M,CN,B,XDC,CNY,B,,"From January 2002 onwards: monthly balance sheet of the People's Bank of China. Between 1993 and 2001: sum of foreign assets (net), claims against the government, bank claims on deposit money, claims against non-monetary financial institutions and claims on the non-financial sector. Before 2000: Almanac of China's finance and banking.",BIS-spliced,-,,3,9,,"This series is adjusted for breaks. Break-adjustment calculations follow the methodology outlined in the BIS Quarterly Review (2013). For further detail, see https://www.bis.org/publ/qtrpdf/r_qt1303z.htm",People's Bank of China; Bank for International Settlements.,5B0,"China - Central bank, assets, total, BIS-spliced, break-adjusted",,E,2000-08,3626.91,,F,A,
M,CN,B,XDC,CNY,B,,"From January 2002 onwards: monthly balance sheet of the People's Bank of China. Between 1993 and 2001: sum of foreign assets (net), claims against the government, bank claims on deposit money, claims against non-monetary financial institutions and claims on the non-financial sector. Before 2000: Almanac of China's finance and banking.",BIS-spliced,-,,3,9,,"This series is adjusted for breaks. Break-adjustment calculations follow the methodology outlined in the BIS Quarterly Review (2013). For further detail, see https://www.bis.org/publ/qtrpdf/r_qt1303z.htm",People's Bank of China; Bank for International Settlements.,5B0,"China - Central bank, assets, total, BIS-spliced, break-adjusted",,E,2000-09,3661.904,,F,A,
M,CN,B,XDC,CNY,B,,"From January 2002 onwards: monthly balance sheet of the People's Bank of China. Between 1993 and 2001: sum of foreign assets (net), claims against the government, bank claims on deposit money, claims against non-monetary financial institutions and claims on the non-financial sector. Before 2000: Almanac of China's finance and banking.",BIS-spliced,-,,3,9,,"This series is adjusted for breaks. Break-adjustment calculations follow the methodology outlined in the BIS Quarterly Review (2013). For further detail, see https://www.bis.org/publ/qtrpdf/r_qt1303z.htm",People's Bank of China; Bank for International Settlements.,5B0,"China - Central bank, assets, total, BIS-spliced, break-adjusted",,E,2000-10,3706.553,,F,A,
M,CN,B,XDC,CNY,B,,"From January 2002 onwards: monthly balance sheet of the People's Bank of China. Between 1993 and 2001: sum of foreign assets (net), claims against the government, bank claims on deposit money, claims against non-monetary financial institutions and claims on the non-financial sector. Before 2000: Almanac of China's finance and banking.",BIS-spliced,-,,3,9,,"This series is adjusted for breaks. Break-adjustment calculations follow the methodology outlined in the BIS Quarterly Review (2013). For further detail, see https://www.bis.org/publ/qtrpdf/r_qt1303z.htm",People's Bank of China; Bank for International Settlements.,5B0,"China - Central bank, assets, total, BIS-spliced, break-adjusted",,E,2000-11,3747.491,,F,A,
M,CN,B,XDC,CNY,B,,"From January 2002 onwards: monthly balance sheet of the People's Bank of China. Between 1993 and 2001: sum of foreign assets (net), claims against the government, bank claims on deposit money, claims against non-monetary financial institutions and claims on the non-financial sector. Before 2000: Almanac of China's finance and banking.",BIS-spliced,-,,3,9,,"This series is adjusted for breaks. Break-adjustment calculations follow the methodology outlined in the BIS Quarterly Review (2013). For further detail, see https://www.bis.org/publ/qtrpdf/r_qt1303z.htm",People's Bank of China; Bank for International Settlements.,5B0,"China - Central bank, assets, total, BIS-spliced, break-adjusted",,E,2000-12,3939.536,,F,A,
M,CN,B,XDC,CNY,B,,"From January 2002 onwards: monthly balance sheet of the People's Bank of China. Between 1993 and 2001: sum of foreign assets (net), claims against the government, bank claims on deposit money, claims against non-monetary financial institutions and claims on the non-financial sector. Before 2000: Almanac of China's finance and banking.",BIS-spliced,-,,3,9,,"This series is adjusted for breaks. Break-adjustment calculations follow the methodology outlined in the BIS Quarterly Review (2013). For further detail, see https://www.bis.org/publ/qtrpdf/r_qt1303z.htm",People's Bank of China; Bank for International Settlements.,5B0,"China - Central bank, assets, total, BIS-spliced, break-adjusted",,E,2001-01,3890.036,,F,A,
M,CN,B,XDC,CNY,B,,"From January 2002 onwards: monthly balance sheet of the People's Bank of China. Between 1993 and 2001: sum of foreign assets (net), claims against the government, bank claims on deposit money, claims against non-monetary financial institutions and claims on the non-financial sector. Before 2000: Almanac of China's finance and banking.",BIS-spliced,-,,3,9,,"This series is adjusted for breaks. Break-adjustment calculations follow the methodology outlined in the BIS Quarterly Review (2013). For further detail, see https://www.bis.org/publ/qtrpdf/r_qt1303z.htm",People's Bank of China; Bank for International Settlements.,5B0,"China - Central bank, assets, total, BIS-spliced, break-adjusted",,E,2001-02,3737.234,,F,A,
M,CN,B,XDC,CNY,B,,"From January 2002 onwards: monthly balance sheet of the People's Bank of China. Between 1993 and 2001: sum of foreign assets (net), claims against the government, bank claims on deposit money, claims against non-monetary financial institutions and claims on the non-financial sector. Before 2000: Almanac of China's finance and banking.",BIS-spliced,-,,3,9,,"This series is adjusted for breaks. Break-adjustment calculations follow the methodology outlined in the BIS Quarterly Review (2013). For further detail, see https://www.bis.org/publ/qtrpdf/r_qt1303z.htm",People's Bank of China; Bank for International Settlements.,5B0,"China - Central bank, assets, total, BIS-spliced, break-adjusted",,E,2001-03,3732.677,,F,A,
M,CN,B,XDC,CNY,B,,"From January 2002 onwards: monthly balance sheet of the People's Bank of China. Between 1993 and 2001: sum of foreign assets (net), claims against the government, bank claims on deposit money, claims against non-monetary financial institutions and claims on the non-financial sector. Before 2000: Almanac of China's finance and banking.",BIS-spliced,-,,3,9,,"This series is adjusted for breaks. Break-adjustment calculations follow the methodology outlined in the BIS Quarterly Review (2013). For further detail, see https://www.bis.org/publ/qtrpdf/r_qt1303z.htm",People's Bank of China; Bank for International Settlements.,5B0,"China - Central bank, assets, total, BIS-spliced, break-adjusted",,E,2001-04,3854.278,,F,A,
M,CN,B,XDC,CNY,B,,"From January 2002 onwards: monthly balance sheet of the People's Bank of China. Between 1993 and 2001: sum of foreign assets (net), claims against the government, bank claims on deposit money, claims against non-monetary financial institutions and claims on the non-financial sector. Before 2000: Almanac of China's finance and banking.",BIS-spliced,-,,3,9,,"This series is adjusted for breaks. Break-adjustment calculations follow the methodology outlined in the BIS Quarterly Review (2013). For further detail, see https://www.bis.org/publ/qtrpdf/r_qt1303z.htm",People's Bank of China; Bank for International Settlements.,5B0,"China - Central bank, assets, total, BIS-spliced, break-adjusted",,E,2001-05,3855.879,,F,A,
M,CN,B,XDC,CNY,B,,"From January 2002 onwards: monthly balance sheet of the People's Bank of China. Between 1993 and 2001: sum of foreign assets (net), claims against the government, bank claims on deposit money, claims against non-monetary financial institutions and claims on the non-financial sector. Before 2000: Almanac of China's finance and banking.",BIS-spliced,-,,3,9,,"This series is adjusted for breaks. Break-adjustment calculations follow the methodology outlined in the BIS Quarterly Review (2013). For further detail, see https://www.bis.org/publ/qtrpdf/r_qt1303z.htm",People's Bank of China; Bank for International Settlements.,5B0,"China - Central bank, assets, total, BIS-spliced, break-adjusted",,E,2001-06,3969.227,,F,A,
M,CN,B,XDC,CNY,B,,"From January 2002 onwards: monthly balance sheet of the People's Bank of China. Between 1993 and 2001: sum of foreign assets (net), claims against the government, bank claims on deposit money, claims against non-monetary financial institutions and claims on the non-financial sector. Before 2000: Almanac of China's finance and banking.",BIS-spliced,-,,3,9,,"This series is adjusted for breaks. Break-adjustment calculations follow the methodology outlined in the BIS Quarterly Review (2013). For further detail, see https://www.bis.org/publ/qtrpdf/r_qt1303z.htm",People's Bank of China; Bank for International Settlements.,5B0,"China - Central bank, assets, total, BIS-spliced, break-adjusted",,E,2001-07,3997.509,,F,A,
M,CN,B,XDC,CNY,B,,"From January 2002 onwards: monthly balance sheet of the People's Bank of China. Between 1993 and 2001: sum of foreign assets (net), claims against the government, bank claims on deposit money, claims against non-monetary financial institutions and claims on the non-financial sector. Before 2000: Almanac of China's finance and banking.",BIS-spliced,-,,3,9,,"This series is adjusted for breaks. Break-adjustment calculations follow the methodology outlined in the BIS Quarterly Review (2013). For further detail, see https://www.bis.org/publ/qtrpdf/r_qt1303z.htm",People's Bank of China; Bank for International Settlements.,5B0,"China - Central bank, assets, total, BIS-spliced, break-adjusted",,E,2001-08,4037.557,,F,A,
M,CN,B,XDC,CNY,B,,"From January 2002 onwards: monthly balance sheet of the People's Bank of China. Between 1993 and 2001: sum of foreign assets (net), claims against the government, bank claims on deposit money, claims against non-monetary financial institutions and claims on the non-financial sector. Before 2000: Almanac of China's finance and banking.",BIS-spliced,-,,3,9,,"This series is adjusted for breaks. Break-adjustment calculations follow the methodology outlined in the BIS Quarterly Review (2013). For further detail, see https://www.bis.org/publ/qtrpdf/r_qt1303z.htm",People's Bank of China; Bank for International Settlements.,5B0,"China - Central bank, assets, total, BIS-spliced, break-adjusted",,E,2001-09,4029.526,,F,A,
M,CN,B,XDC,CNY,B,,"From January 2002 onwards: monthly balance sheet of the People's Bank of China. Between 1993 and 2001: sum of foreign assets (net), claims against the government, bank claims on deposit money, claims against non-monetary financial institutions and claims on the non-financial sector. Before 2000: Almanac of China's finance and banking.",BIS-spliced,-,,3,9,,"This series is adjusted for breaks. Break-adjustment calculations follow the methodology outlined in the BIS Quarterly Review (2013). For further detail, see https://www.bis.org/publ/qtrpdf/r_qt1303z.htm",People's Bank of China; Bank for International Settlements.,5B0,"China - Central bank, assets, total, BIS-spliced, break-adjusted",,E,2001-10,4131.191,,F,A,
M,CN,B,XDC,CNY,B,,"From January 2002 onwards: monthly balance sheet of the People's Bank of China. Between 1993 and 2001: sum of foreign assets (net), claims against the government, bank claims on deposit money, claims against non-monetary financial institutions and claims on the non-financial sector. Before 2000: Almanac of China's finance and banking.",BIS-spliced,-,,3,9,,"This series is adjusted for breaks. Break-adjustment calculations follow the methodology outlined in the BIS Quarterly Review (2013). For further detail, see https://www.bis.org/publ/qtrpdf/r_qt1303z.htm",People's Bank of China; Bank for International Settlements.,5B0,"China - Central bank, assets, total, BIS-spliced, break-adjusted",,E,2001-11,4184.126,,F,A,
M,CN,B,XDC,CNY,B,,"From January 2002 onwards: monthly balance sheet of the People's Bank of China. Between 1993 and 2001: sum of foreign assets (net), claims against the government, bank claims on deposit money, claims against non-monetary financial institutions and claims on the non-financial sector. Before 2000: Almanac of China's finance and banking.",BIS-spliced,-,,3,9,,"This series is adjusted for breaks. Break-adjustment calculations follow the methodology outlined in the BIS Quarterly Review (2013). For further detail, see https://www.bis.org/publ/qtrpdf/r_qt1303z.htm",People's Bank of China; Bank for International Settlements.,5B0,"China - Central bank, assets, total, BIS-spliced, break-adjusted",,E,2001-12,4273.618,,F,A,
M,CN,B,XDC,CNY,B,,"From January 2002 onwards: monthly balance sheet of the People's Bank of China. Between 1993 and 2001: sum of foreign assets (net), claims against the government, bank claims on deposit money, claims against non-monetary financial institutions and claims on the non-financial sector. Before 2000: Almanac of China's finance and banking.",BIS-spliced,-,,3,9,,"This series is adjusted for breaks. Break-adjustment calculations follow the methodology outlined in the BIS Quarterly Review (2013). For further detail, see https://www.bis.org/publ/qtrpdf/r_qt1303z.htm",People's Bank of China; Bank for International Settlements.,5B0,"China - Central bank, assets, total, BIS-spliced, break-adjusted",,E,2002-01,4531.103,,F,A,
M,CN,B,XDC,CNY,B,,"From January 2002 onwards: monthly balance sheet of the People's Bank of China. Between 1993 and 2001: sum of foreign assets (net), claims against the government, bank claims on deposit money, claims against non-monetary financial institutions and claims on the non-financial sector. Before 2000: Almanac of China's finance and banking.",BIS-spliced,-,,3,9,,"This series is adjusted for breaks. Break-adjustment calculations follow the methodology outlined in the BIS Quarterly Review (2013). For further detail, see https://www.bis.org/publ/qtrpdf/r_qt1303z.htm",People's Bank of China; Bank for International Settlements.,5B0,"China - Central bank, assets, total, BIS-spliced, break-adjusted",,E,2002-02,4595.295,,F,A,
M,CN,B,XDC,CNY,B,,"From January 2002 onwards: monthly balance sheet of the People's Bank of China. Between 1993 and 2001: sum of foreign assets (net), claims against the government, bank claims on deposit money, claims against non-monetary financial institutions and claims on the non-financial sector. Before 2000: Almanac of China's finance and banking.",BIS-spliced,-,,3,9,,"This series is adjusted for breaks. Break-adjustment calculations follow the methodology outlined in the BIS Quarterly Review (2013). For further detail, see https://www.bis.org/publ/qtrpdf/r_qt1303z.htm",People's Bank of China; Bank for International Settlements.,5B0,"China - Central bank, assets, total, BIS-spliced, break-adjusted",,E,2002-03,4704.817,,F,A,
M,CN,B,XDC,CNY,B,,"From January 2002 onwards: monthly balance sheet of the People's Bank of China. Between 1993 and 2001: sum of foreign assets (net), claims against the government, bank claims on deposit money, claims against non-monetary financial institutions and claims on the non-financial sector. Before 2000: Almanac of China's finance and banking.",BIS-spliced,-,,3,9,,"This series is adjusted for breaks. Break-adjustment calculations follow the methodology outlined in the BIS Quarterly Review (2013). For further detail, see https://www.bis.org/publ/qtrpdf/r_qt1303z.htm",People's Bank of China; Bank for International Settlements.,5B0,"China - Central bank, assets, total, BIS-spliced, break-adjusted",,E,2002-04,4744.911,,F,A,
M,CN,B,XDC,CNY,B,,"From January 2002 onwards: monthly balance sheet of the People's Bank of China. Between 1993 and 2001: sum of foreign assets (net), claims against the government, bank claims on deposit money, claims against non-monetary financial institutions and claims on the non-financial sector. Before 2000: Almanac of China's finance and banking.",BIS-spliced,-,,3,9,,"This series is adjusted for breaks. Break-adjustment calculations follow the methodology outlined in the BIS Quarterly Review (2013). For further detail, see https://www.bis.org/publ/qtrpdf/r_qt1303z.htm",People's Bank of China; Bank for International Settlements.,5B0,"China - Central bank, assets, total, BIS-spliced, break-adjusted",,E,2002-05,4676.81,,F,A,
M,CN,B,XDC,CNY,B,,"From January 2002 onwards: monthly balance sheet of the People's Bank of China. Between 1993 and 2001: sum of foreign assets (net), claims against the government, bank claims on deposit money, claims against non-monetary financial institutions and claims on the non-financial sector. Before 2000: Almanac of China's finance and banking.",BIS-spliced,-,,3,9,,"This series is adjusted for breaks. Break-adjustment calculations follow the methodology outlined in the BIS Quarterly Review (2013). For further detail, see https://www.bis.org/publ/qtrpdf/r_qt1303z.htm",People's Bank of China; Bank for International Settlements.,5B0,"China - Central bank, assets, total, BIS-spliced, break-adjusted",,E,2002-06,4661.282,,F,A,
M,CN,B,XDC,CNY,B,,"From January 2002 onwards: monthly balance sheet of the People's Bank of China. Between 1993 and 2001: sum of foreign assets (net), claims against the government, bank claims on deposit money, claims against non-monetary financial institutions and claims on the non-financial sector. Before 2000: Almanac of China's finance and banking.",BIS-spliced,-,,3,9,,"This series is adjusted for breaks. Break-adjustment calculations follow the methodology outlined in the BIS Quarterly Review (2013). For further detail, see https://www.bis.org/publ/qtrpdf/r_qt1303z.htm",People's Bank of China; Bank for International Settlements.,5B0,"China - Central bank, assets, total, BIS-spliced, break-adjusted",,E,2002-07,4712.708,,F,A,
M,CN,B,XDC,CNY,B,,"From January 2002 onwards: monthly balance sheet of the People's Bank of China. Between 1993 and 2001: sum of foreign assets (net), claims against the government, bank claims on deposit money, claims against non-monetary financial institutions and claims on the non-financial sector. Before 2000: Almanac of China's finance and banking.",BIS-spliced,-,,3,9,,"This series is adjusted for breaks. Break-adjustment calculations follow the methodology outlined in the BIS Quarterly Review (2013). For further detail, see https://www.bis.org/publ/qtrpdf/r_qt1303z.htm",People's Bank of China; Bank for International Settlements.,5B0,"China - Central bank, assets, total, BIS-spliced, break-adjusted",,E,2002-08,4774.736,,F,A,
M,CN,B,XDC,CNY,B,,"From January 2002 onwards: monthly balance sheet of the People's Bank of China. Between 1993 and 2001: sum of foreign assets (net), claims against the government, bank claims on deposit money, claims against non-monetary financial institutions and claims on the non-financial sector. Before 2000: Almanac of China's finance and banking.",BIS-spliced,-,,3,9,,"This series is adjusted for breaks. Break-adjustment calculations follow the methodology outlined in the BIS Quarterly Review (2013). For further detail, see https://www.bis.org/publ/qtrpdf/r_qt1303z.htm",People's Bank of China; Bank for International Settlements.,5B0,"China - Central bank, assets, total, BIS-spliced, break-adjusted",,E,2002-09,4826.39,,F,A,
M,CN,B,XDC,CNY,B,,"From January 2002 onwards: monthly balance sheet of the People's Bank of China. Between 1993 and 2001: sum of foreign assets (net), claims against the government, bank claims on deposit money, claims against non-monetary financial institutions and claims on the non-financial sector. Before 2000: Almanac of China's finance and banking.",BIS-spliced,-,,3,9,,"This series is adjusted for breaks. Break-adjustment calculations follow the methodology outlined in the BIS Quarterly Review (2013). For further detail, see https://www.bis.org/publ/qtrpdf/r_qt1303z.htm",People's Bank of China; Bank for International Settlements.,5B0,"China - Central bank, assets, total, BIS-spliced, break-adjusted",,E,2002-10,4862.432,,F,A,
M,CN,B,XDC,CNY,B,,"From January 2002 onwards: monthly balance sheet of the People's Bank of China. Between 1993 and 2001: sum of foreign assets (net), claims against the government, bank claims on deposit money, claims against non-monetary financial institutions and claims on the non-financial sector. Before 2000: Almanac of China's finance and banking.",BIS-spliced,-,,3,9,,"This series is adjusted for breaks. Break-adjustment calculations follow the methodology outlined in the BIS Quarterly Review (2013). For further detail, see https://www.bis.org/publ/qtrpdf/r_qt1303z.htm",People's Bank of China; Bank for International Settlements.,5B0,"China - Central bank, assets, total, BIS-spliced, break-adjusted",,E,2002-11,4909.617,,F,A,
M,CN,B,XDC,CNY,B,,"From January 2002 onwards: monthly balance sheet of the People's Bank of China. Between 1993 and 2001: sum of foreign assets (net), claims against the government, bank claims on deposit money, claims against non-monetary financial institutions and claims on the non-financial sector. Before 2000: Almanac of China's finance and banking.",BIS-spliced,-,,3,9,,"This series is adjusted for breaks. Break-adjustment calculations follow the methodology outlined in the BIS Quarterly Review (2013). For further detail, see https://www.bis.org/publ/qtrpdf/r_qt1303z.htm",People's Bank of China; Bank for International Settlements.,5B0,"China - Central bank, assets, total, BIS-spliced, break-adjusted",,E,2002-12,5110.758,,F,A,
M,CN,B,XDC,CNY,B,,"From January 2002 onwards: monthly balance sheet of the People's Bank of China. Between 1993 and 2001: sum of foreign assets (net), claims against the government, bank claims on deposit money, claims against non-monetary financial institutions and claims on the non-financial sector. Before 2000: Almanac of China's finance and banking.",BIS-spliced,-,,3,9,,"This series is adjusted for breaks. Break-adjustment calculations follow the methodology outlined in the BIS Quarterly Review (2013). For further detail, see https://www.bis.org/publ/qtrpdf/r_qt1303z.htm",People's Bank of China; Bank for International Settlements.,5B0,"China - Central bank, assets, total, BIS-spliced, break-adjusted",,E,2003-01,5233.655,,F,A,
M,CN,B,XDC,CNY,B,,"From January 2002 onwards: monthly balance sheet of the People's Bank of China. Between 1993 and 2001: sum of foreign assets (net), claims against the government, bank claims on deposit money, claims against non-monetary financial institutions and claims on the non-financial sector. Before 2000: Almanac of China's finance and banking.",BIS-spliced,-,,3,9,,"This series is adjusted for breaks. Break-adjustment calculations follow the methodology outlined in the BIS Quarterly Review (2013). For further detail, see https://www.bis.org/publ/qtrpdf/r_qt1303z.htm",People's Bank of China; Bank for International Settlements.,5B0,"China - Central bank, assets, total, BIS-spliced, break-adjusted",,E,2003-02,5217.884,,F,A,
M,CN,B,XDC,CNY,B,,"From January 2002 onwards: monthly balance sheet of the People's Bank of China. Between 1993 and 2001: sum of foreign assets (net), claims against the government, bank claims on deposit money, claims against non-monetary financial institutions and claims on the non-financial sector. Before 2000: Almanac of China's finance and banking.",BIS-spliced,-,,3,9,,"This series is adjusted for breaks. Break-adjustment calculations follow the methodology outlined in the BIS Quarterly Review (2013). For further detail, see https://www.bis.org/publ/qtrpdf/r_qt1303z.htm",People's Bank of China; Bank for International Settlements.,5B0,"China - Central bank, assets, total, BIS-spliced, break-adjusted",,E,2003-03,5280.717,,F,A,
M,CN,B,XDC,CNY,B,,"From January 2002 onwards: monthly balance sheet of the People's Bank of China. Between 1993 and 2001: sum of foreign assets (net), claims against the government, bank claims on deposit money, claims against non-monetary financial institutions and claims on the non-financial sector. Before 2000: Almanac of China's finance and banking.",BIS-spliced,-,,3,9,,"This series is adjusted for breaks. Break-adjustment calculations follow the methodology outlined in the BIS Quarterly Review (2013). For further detail, see https://www.bis.org/publ/qtrpdf/r_qt1303z.htm",People's Bank of China; Bank for International Settlements.,5B0,"China - Central bank, assets, total, BIS-spliced, break-adjusted",,E,2003-04,5469.462,,F,A,
M,CN,B,XDC,CNY,B,,"From January 2002 onwards: monthly balance sheet of the People's Bank of China. Between 1993 and 2001: sum of foreign assets (net), claims against the government, bank claims on deposit money, claims against non-monetary financial institutions and claims on the non-financial sector. Before 2000: Almanac of China's finance and banking.",BIS-spliced,-,,3,9,,"This series is adjusted for breaks. Break-adjustment calculations follow the methodology outlined in the BIS Quarterly Review (2013). For further detail, see https://www.bis.org/publ/qtrpdf/r_qt1303z.htm",People's Bank of China; Bank for International Settlements.,5B0,"China - Central bank, assets, total, BIS-spliced, break-adjusted",,E,2003-05,5374.383,,F,A,
M,CN,B,XDC,CNY,B,,"From January 2002 onwards: monthly balance sheet of the People's Bank of China. Between 1993 and 2001: sum of foreign assets (net), claims against the government, bank claims on deposit money, claims against non-monetary financial institutions and claims on the non-financial sector. Before 2000: Almanac of China's finance and banking.",BIS-spliced,-,,3,9,,"This series is adjusted for breaks. Break-adjustment calculations follow the methodology outlined in the BIS Quarterly Review (2013). For further detail, see https://www.bis.org/publ/qtrpdf/r_qt1303z.htm",People's Bank of China; Bank for International Settlements.,5B0,"China - Central bank, assets, total, BIS-spliced, break-adjusted",,E,2003-06,5429.066,,F,A,
M,CN,B,XDC,CNY,B,,"From January 2002 onwards: monthly balance sheet of the People's Bank of China. Between 1993 and 2001: sum of foreign assets (net), claims against the government, bank claims on deposit money, claims against non-monetary financial institutions and claims on the non-financial sector. Before 2000: Almanac of China's finance and banking.",BIS-spliced,-,,3,9,,"This series is adjusted for breaks. Break-adjustment calculations follow the methodology outlined in the BIS Quarterly Review (2013). For further detail, see https://www.bis.org/publ/qtrpdf/r_qt1303z.htm",People's Bank of China; Bank for International Settlements.,5B0,"China - Central bank, assets, total, BIS-spliced, break-adjusted",,E,2003-07,5508.441,,F,A,
M,CN,B,XDC,CNY,B,,"From January 2002 onwards: monthly balance sheet of the People's Bank of China. Between 1993 and 2001: sum of foreign assets (net), claims against the government, bank claims on deposit money, claims against non-monetary financial institutions and claims on the non-financial sector. Before 2000: Almanac of China's finance and banking.",BIS-spliced,-,,3,9,,"This series is adjusted for breaks. Break-adjustment calculations follow the methodology outlined in the BIS Quarterly Review (2013). For further detail, see https://www.bis.org/publ/qtrpdf/r_qt1303z.htm",People's Bank of China; Bank for International Settlements.,5B0,"China - Central bank, assets, total, BIS-spliced, break-adjusted",,E,2003-08,5674.345,,F,A,
M,CN,B,XDC,CNY,B,,"From January 2002 onwards: monthly balance sheet of the People's Bank of China. Between 1993 and 2001: sum of foreign assets (net), claims against the government, bank claims on deposit money, claims against non-monetary financial institutions and claims on the non-financial sector. Before 2000: Almanac of China's finance and banking.",BIS-spliced,-,,3,9,,"This series is adjusted for breaks. Break-adjustment calculations follow the methodology outlined in the BIS Quarterly Review (2013). For further detail, see https://www.bis.org/publ/qtrpdf/r_qt1303z.htm",People's Bank of China; Bank for International Settlements.,5B0,"China - Central bank, assets, total, BIS-spliced, break-adjusted",,E,2003-09,5794.856,,F,A,
M,CN,B,XDC,CNY,B,,"From January 2002 onwards: monthly balance sheet of the People's Bank of China. Between 1993 and 2001: sum of foreign assets (net), claims against the government, bank claims on deposit money, claims against non-monetary financial institutions and claims on the non-financial sector. Before 2000: Almanac of China's finance and banking.",BIS-spliced,-,,3,9,,"This series is adjusted for breaks. Break-adjustment calculations follow the methodology outlined in the BIS Quarterly Review (2013). For further detail, see https://www.bis.org/publ/qtrpdf/r_qt1303z.htm",People's Bank of China; Bank for International Settlements.,5B0,"China - Central bank, assets, total, BIS-spliced, break-adjusted",,E,2003-10,5940.514,,F,A,
M,CN,B,XDC,CNY,B,,"From January 2002 onwards: monthly balance sheet of the People's Bank of China. Between 1993 and 2001: sum of foreign assets (net), claims against the government, bank claims on deposit money, claims against non-monetary financial institutions and claims on the non-financial sector. Before 2000: Almanac of China's finance and banking.",BIS-spliced,-,,3,9,,"This series is adjusted for breaks. Break-adjustment calculations follow the methodology outlined in the BIS Quarterly Review (2013). For further detail, see https://www.bis.org/publ/qtrpdf/r_qt1303z.htm",People's Bank of China; Bank for International Settlements.,5B0,"China - Central bank, assets, total, BIS-spliced, break-adjusted",,E,2003-11,5996.924,,F,A,
M,CN,B,XDC,CNY,B,,"From January 2002 onwards: monthly balance sheet of the People's Bank of China. Between 1993 and 2001: sum of foreign assets (net), claims against the government, bank claims on deposit money, claims against non-monetary financial institutions and claims on the non-financial sector. Before 2000: Almanac of China's finance and banking.",BIS-spliced,-,,3,9,,"This series is adjusted for breaks. Break-adjustment calculations follow the methodology outlined in the BIS Quarterly Review (2013). For further detail, see https://www.bis.org/publ/qtrpdf/r_qt1303z.htm",People's Bank of China; Bank for International Settlements.,5B0,"China - Central bank, assets, total, BIS-spliced, break-adjusted",,E,2003-12,6200.406,,F,A,
M,CN,B,XDC,CNY,B,,"From January 2002 onwards: monthly balance sheet of the People's Bank of China. Between 1993 and 2001: sum of foreign assets (net), claims against the government, bank claims on deposit money, claims against non-monetary financial institutions and claims on the non-financial sector. Before 2000: Almanac of China's finance and banking.",BIS-spliced,-,,3,9,,"This series is adjusted for breaks. Break-adjustment calculations follow the methodology outlined in the BIS Quarterly Review (2013). For further detail, see https://www.bis.org/publ/qtrpdf/r_qt1303z.htm",People's Bank of China; Bank for International Settlements.,5B0,"China - Central bank, assets, total, BIS-spliced, break-adjusted",,E,2004-01,6413.289,,F,A,
M,CN,B,XDC,CNY,B,,"From January 2002 onwards: monthly balance sheet of the People's Bank of China. Between 1993 and 2001: sum of foreign assets (net), claims against the government, bank claims on deposit money, claims against non-monetary financial institutions and claims on the non-financial sector. Before 2000: Almanac of China's finance and banking.",BIS-spliced,-,,3,9,,"This series is adjusted for breaks. Break-adjustment calculations follow the methodology outlined in the BIS Quarterly Review (2013). For further detail, see https://www.bis.org/publ/qtrpdf/r_qt1303z.htm",People's Bank of China; Bank for International Settlements.,5B0,"China - Central bank, assets, total, BIS-spliced, break-adjusted",,E,2004-02,6364.338,,F,A,
M,CN,B,XDC,CNY,B,,"From January 2002 onwards: monthly balance sheet of the People's Bank of China. Between 1993 and 2001: sum of foreign assets (net), claims against the government, bank claims on deposit money, claims against non-monetary financial institutions and claims on the non-financial sector. Before 2000: Almanac of China's finance and banking.",BIS-spliced,-,,3,9,,"This series is adjusted for breaks. Break-adjustment calculations follow the methodology outlined in the BIS Quarterly Review (2013). For further detail, see https://www.bis.org/publ/qtrpdf/r_qt1303z.htm",People's Bank of China; Bank for International Settlements.,5B0,"China - Central bank, assets, total, BIS-spliced, break-adjusted",,E,2004-03,6457.111,,F,A,
M,CN,B,XDC,CNY,B,,"From January 2002 onwards: monthly balance sheet of the People's Bank of China. Between 1993 and 2001: sum of foreign assets (net), claims against the government, bank claims on deposit money, claims against non-monetary financial institutions and claims on the non-financial sector. Before 2000: Almanac of China's finance and banking.",BIS-spliced,-,,3,9,,"This series is adjusted for breaks. Break-adjustment calculations follow the methodology outlined in the BIS Quarterly Review (2013). For further detail, see https://www.bis.org/publ/qtrpdf/r_qt1303z.htm",People's Bank of China; Bank for International Settlements.,5B0,"China - Central bank, assets, total, BIS-spliced, break-adjusted",,E,2004-04,6664.127,,F,A,
M,CN,B,XDC,CNY,B,,"From January 2002 onwards: monthly balance sheet of the People's Bank of China. Between 1993 and 2001: sum of foreign assets (net), claims against the government, bank claims on deposit money, claims against non-monetary financial institutions and claims on the non-financial sector. Before 2000: Almanac of China's finance and banking.",BIS-spliced,-,,3,9,,"This series is adjusted for breaks. Break-adjustment calculations follow the methodology outlined in the BIS Quarterly Review (2013). For further detail, see https://www.bis.org/publ/qtrpdf/r_qt1303z.htm",People's Bank of China; Bank for International Settlements.,5B0,"China - Central bank, assets, total, BIS-spliced, break-adjusted",,E,2004-05,6560.602,,F,A,
M,CN,B,XDC,CNY,B,,"From January 2002 onwards: monthly balance sheet of the People's Bank of China. Between 1993 and 2001: sum of foreign assets (net), claims against the government, bank claims on deposit money, claims against non-monetary financial institutions and claims on the non-financial sector. Before 2000: Almanac of China's finance and banking.",BIS-spliced,-,,3,9,,"This series is adjusted for breaks. Break-adjustment calculations follow the methodology outlined in the BIS Quarterly Review (2013). For further detail, see https://www.bis.org/publ/qtrpdf/r_qt1303z.htm",People's Bank of China; Bank for International Settlements.,5B0,"China - Central bank, assets, total, BIS-spliced, break-adjusted",,E,2004-06,6886.502,,F,A,
M,CN,B,XDC,CNY,B,,"From January 2002 onwards: monthly balance sheet of the People's Bank of China. Between 1993 and 2001: sum of foreign assets (net), claims against the government, bank claims on deposit money, claims against non-monetary financial institutions and claims on the non-financial sector. Before 2000: Almanac of China's finance and banking.",BIS-spliced,-,,3,9,,"This series is adjusted for breaks. Break-adjustment calculations follow the methodology outlined in the BIS Quarterly Review (2013). For further detail, see https://www.bis.org/publ/qtrpdf/r_qt1303z.htm",People's Bank of China; Bank for International Settlements.,5B0,"China - Central bank, assets, total, BIS-spliced, break-adjusted",,E,2004-07,6970.241,,F,A,
M,CN,B,XDC,CNY,B,,"From January 2002 onwards: monthly balance sheet of the People's Bank of China. Between 1993 and 2001: sum of foreign assets (net), claims against the government, bank claims on deposit money, claims against non-monetary financial institutions and claims on the non-financial sector. Before 2000: Almanac of China's finance and banking.",BIS-spliced,-,,3,9,,"This series is adjusted for breaks. Break-adjustment calculations follow the methodology outlined in the BIS Quarterly Review (2013). For further detail, see https://www.bis.org/publ/qtrpdf/r_qt1303z.htm",People's Bank of China; Bank for International Settlements.,5B0,"China - Central bank, assets, total, BIS-spliced, break-adjusted",,E,2004-08,7039.766,,F,A,
M,CN,B,XDC,CNY,B,,"From January 2002 onwards: monthly balance sheet of the People's Bank of China. Between 1993 and 2001: sum of foreign assets (net), claims against the government, bank claims on deposit money, claims against non-monetary financial institutions and claims on the non-financial sector. Before 2000: Almanac of China's finance and banking.",BIS-spliced,-,,3,9,,"This series is adjusted for breaks. Break-adjustment calculations follow the methodology outlined in the BIS Quarterly Review (2013). For further detail, see https://www.bis.org/publ/qtrpdf/r_qt1303z.htm",People's Bank of China; Bank for International Settlements.,5B0,"China - Central bank, assets, total, BIS-spliced, break-adjusted",,E,2004-09,7163.51,,F,A,
M,CN,B,XDC,CNY,B,,"From January 2002 onwards: monthly balance sheet of the People's Bank of China. Between 1993 and 2001: sum of foreign assets (net), claims against the government, bank claims on deposit money, claims against non-monetary financial institutions and claims on the non-financial sector. Before 2000: Almanac of China's finance and banking.",BIS-spliced,-,,3,9,,"This series is adjusted for breaks. Break-adjustment calculations follow the methodology outlined in the BIS Quarterly Review (2013). For further detail, see https://www.bis.org/publ/qtrpdf/r_qt1303z.htm",People's Bank of China; Bank for International Settlements.,5B0,"China - Central bank, assets, total, BIS-spliced, break-adjusted",,E,2004-10,7341.888,,F,A,
M,CN,B,XDC,CNY,B,,"From January 2002 onwards: monthly balance sheet of the People's Bank of China. Between 1993 and 2001: sum of foreign assets (net), claims against the government, bank claims on deposit money, claims against non-monetary financial institutions and claims on the non-financial sector. Before 2000: Almanac of China's finance and banking.",BIS-spliced,-,,3,9,,"This series is adjusted for breaks. Break-adjustment calculations follow the methodology outlined in the BIS Quarterly Review (2013). For further detail, see https://www.bis.org/publ/qtrpdf/r_qt1303z.htm",People's Bank of China; Bank for International Settlements.,5B0,"China - Central bank, assets, total, BIS-spliced, break-adjusted",,E,2004-11,7658.626,,F,A,
M,CN,B,XDC,CNY,B,,"From January 2002 onwards: monthly balance sheet of the People's Bank of China. Between 1993 and 2001: sum of foreign assets (net), claims against the government, bank claims on deposit money, claims against non-monetary financial institutions and claims on the non-financial sector. Before 2000: Almanac of China's finance and banking.",BIS-spliced,-,,3,9,,"This series is adjusted for breaks. Break-adjustment calculations follow the methodology outlined in the BIS Quarterly Review (2013). For further detail, see https://www.bis.org/publ/qtrpdf/r_qt1303z.htm",People's Bank of China; Bank for International Settlements.,5B0,"China - Central bank, assets, total, BIS-spliced, break-adjusted",,E,2004-12,7865.533,,F,A,
M,CN,B,XDC,CNY,B,,"From January 2002 onwards: monthly balance sheet of the People's Bank of China. Between 1993 and 2001: sum of foreign assets (net), claims against the government, bank claims on deposit money, claims against non-monetary financial institutions and claims on the non-financial sector. Before 2000: Almanac of China's finance and banking.",BIS-spliced,-,,3,9,,"This series is adjusted for breaks. Break-adjustment calculations follow the methodology outlined in the BIS Quarterly Review (2013). For further detail, see https://www.bis.org/publ/qtrpdf/r_qt1303z.htm",People's Bank of China; Bank for International Settlements.,5B0,"China - Central bank, assets, total, BIS-spliced, break-adjusted",,E,2005-01,8045.094,,F,A,
M,CN,B,XDC,CNY,B,,"From January 2002 onwards: monthly balance sheet of the People's Bank of China. Between 1993 and 2001: sum of foreign assets (net), claims against the government, bank claims on deposit money, claims against non-monetary financial institutions and claims on the non-financial sector. Before 2000: Almanac of China's finance and banking.",BIS-spliced,-,,3,9,,"This series is adjusted for breaks. Break-adjustment calculations follow the methodology outlined in the BIS Quarterly Review (2013). For further detail, see https://www.bis.org/publ/qtrpdf/r_qt1303z.htm",People's Bank of China; Bank for International Settlements.,5B0,"China - Central bank, assets, total, BIS-spliced, break-adjusted",,E,2005-02,8166.789,,F,A,
M,CN,B,XDC,CNY,B,,"From January 2002 onwards: monthly balance sheet of the People's Bank of China. Between 1993 and 2001: sum of foreign assets (net), claims against the government, bank claims on deposit money, claims against non-monetary financial institutions and claims on the non-financial sector. Before 2000: Almanac of China's finance and banking.",BIS-spliced,-,,3,9,,"This series is adjusted for breaks. Break-adjustment calculations follow the methodology outlined in the BIS Quarterly Review (2013). For further detail, see https://www.bis.org/publ/qtrpdf/r_qt1303z.htm",People's Bank of China; Bank for International Settlements.,5B0,"China - Central bank, assets, total, BIS-spliced, break-adjusted",,E,2005-03,8304.91,,F,A,
M,CN,B,XDC,CNY,B,,"From January 2002 onwards: monthly balance sheet of the People's Bank of China. Between 1993 and 2001: sum of foreign assets (net), claims against the government, bank claims on deposit money, claims against non-monetary financial institutions and claims on the non-financial sector. Before 2000: Almanac of China's finance and banking.",BIS-spliced,-,,3,9,,"This series is adjusted for breaks. Break-adjustment calculations follow the methodology outlined in the BIS Quarterly Review (2013). For further detail, see https://www.bis.org/publ/qtrpdf/r_qt1303z.htm",People's Bank of China; Bank for International Settlements.,5B0,"China - Central bank, assets, total, BIS-spliced, break-adjusted",,E,2005-04,8470.608,,F,A,
M,CN,B,XDC,CNY,B,,"From January 2002 onwards: monthly balance sheet of the People's Bank of China. Between 1993 and 2001: sum of foreign assets (net), claims against the government, bank claims on deposit money, claims against non-monetary financial institutions and claims on the non-financial sector. Before 2000: Almanac of China's finance and banking.",BIS-spliced,-,,3,9,,"This series is adjusted for breaks. Break-adjustment calculations follow the methodology outlined in the BIS Quarterly Review (2013). For further detail, see https://www.bis.org/publ/qtrpdf/r_qt1303z.htm",People's Bank of China; Bank for International Settlements.,5B0,"China - Central bank, assets, total, BIS-spliced, break-adjusted",,E,2005-05,8668.909,,F,A,
M,CN,B,XDC,CNY,B,,"From January 2002 onwards: monthly balance sheet of the People's Bank of China. Between 1993 and 2001: sum of foreign assets (net), claims against the government, bank claims on deposit money, claims against non-monetary financial institutions and claims on the non-financial sector. Before 2000: Almanac of China's finance and banking.",BIS-spliced,-,,3,9,,"This series is adjusted for breaks. Break-adjustment calculations follow the methodology outlined in the BIS Quarterly Review (2013). For further detail, see https://www.bis.org/publ/qtrpdf/r_qt1303z.htm",People's Bank of China; Bank for International Settlements.,5B0,"China - Central bank, assets, total, BIS-spliced, break-adjusted",,E,2005-06,9256.684,,F,A,
M,CN,B,XDC,CNY,B,,"From January 2002 onwards: monthly balance sheet of the People's Bank of China. Between 1993 and 2001: sum of foreign assets (net), claims against the government, bank claims on deposit money, claims against non-monetary financial institutions and claims on the non-financial sector. Before 2000: Almanac of China's finance and banking.",BIS-spliced,-,,3,9,,"This series is adjusted for breaks. Break-adjustment calculations follow the methodology outlined in the BIS Quarterly Review (2013). For further detail, see https://www.bis.org/publ/qtrpdf/r_qt1303z.htm",People's Bank of China; Bank for International Settlements.,5B0,"China - Central bank, assets, total, BIS-spliced, break-adjusted",,E,2005-07,9505.485,,F,A,
M,CN,B,XDC,CNY,B,,"From January 2002 onwards: monthly balance sheet of the People's Bank of China. Between 1993 and 2001: sum of foreign assets (net), claims against the government, bank claims on deposit money, claims against non-monetary financial institutions and claims on the non-financial sector. Before 2000: Almanac of China's finance and banking.",BIS-spliced,-,,3,9,,"This series is adjusted for breaks. Break-adjustment calculations follow the methodology outlined in the BIS Quarterly Review (2013). For further detail, see https://www.bis.org/publ/qtrpdf/r_qt1303z.htm",People's Bank of China; Bank for International Settlements.,5B0,"China - Central bank, assets, total, BIS-spliced, break-adjusted",,E,2005-08,9664.348,,F,A,
M,CN,B,XDC,CNY,B,,"From January 2002 onwards: monthly balance sheet of the People's Bank of China. Between 1993 and 2001: sum of foreign assets (net), claims against the government, bank claims on deposit money, claims against non-monetary financial institutions and claims on the non-financial sector. Before 2000: Almanac of China's finance and banking.",BIS-spliced,-,,3,9,,"This series is adjusted for breaks. Break-adjustment calculations follow the methodology outlined in the BIS Quarterly Review (2013). For further detail, see https://www.bis.org/publ/qtrpdf/r_qt1303z.htm",People's Bank of China; Bank for International Settlements.,5B0,"China - Central bank, assets, total, BIS-spliced, break-adjusted",,E,2005-09,9884.452,,F,A,
M,CN,B,XDC,CNY,B,,"From January 2002 onwards: monthly balance sheet of the People's Bank of China. Between 1993 and 2001: sum of foreign assets (net), claims against the government, bank claims on deposit money, claims against non-monetary financial institutions and claims on the non-financial sector. Before 2000: Almanac of China's finance and banking.",BIS-spliced,-,,3,9,,"This series is adjusted for breaks. Break-adjustment calculations follow the methodology outlined in the BIS Quarterly Review (2013). For further detail, see https://www.bis.org/publ/qtrpdf/r_qt1303z.htm",People's Bank of China; Bank for International Settlements.,5B0,"China - Central bank, assets, total, BIS-spliced, break-adjusted",,E,2005-10,10043.056,,F,A,
M,CN,B,XDC,CNY,B,,"From January 2002 onwards: monthly balance sheet of the People's Bank of China. Between 1993 and 2001: sum of foreign assets (net), claims against the government, bank claims on deposit money, claims against non-monetary financial institutions and claims on the non-financial sector. Before 2000: Almanac of China's finance and banking.",BIS-spliced,-,,3,9,,"This series is adjusted for breaks. Break-adjustment calculations follow the methodology outlined in the BIS Quarterly Review (2013). For further detail, see https://www.bis.org/publ/qtrpdf/r_qt1303z.htm",People's Bank of China; Bank for International Settlements.,5B0,"China - Central bank, assets, total, BIS-spliced, break-adjusted",,E,2005-11,10179.55,,F,A,
M,CN,B,XDC,CNY,B,,"From January 2002 onwards: monthly balance sheet of the People's Bank of China. Between 1993 and 2001: sum of foreign assets (net), claims against the government, bank claims on deposit money, claims against non-monetary financial institutions and claims on the non-financial sector. Before 2000: Almanac of China's finance and banking.",BIS-spliced,-,,3,9,,"This series is adjusted for breaks. Break-adjustment calculations follow the methodology outlined in the BIS Quarterly Review (2013). For further detail, see https://www.bis.org/publ/qtrpdf/r_qt1303z.htm",People's Bank of China; Bank for International Settlements.,5B0,"China - Central bank, assets, total, BIS-spliced, break-adjusted",,E,2005-12,10367.601,,F,A,
M,CN,B,XDC,CNY,B,,"From January 2002 onwards: monthly balance sheet of the People's Bank of China. Between 1993 and 2001: sum of foreign assets (net), claims against the government, bank claims on deposit money, claims against non-monetary financial institutions and claims on the non-financial sector. Before 2000: Almanac of China's finance and banking.",BIS-spliced,-,,3,9,,"This series is adjusted for breaks. Break-adjustment calculations follow the methodology outlined in the BIS Quarterly Review (2013). For further detail, see https://www.bis.org/publ/qtrpdf/r_qt1303z.htm",People's Bank of China; Bank for International Settlements.,5B0,"China - Central bank, assets, total, BIS-spliced, break-adjusted",,E,2006-01,10826.23,,F,A,
M,CN,B,XDC,CNY,B,,"From January 2002 onwards: monthly balance sheet of the People's Bank of China. Between 1993 and 2001: sum of foreign assets (net), claims against the government, bank claims on deposit money, claims against non-monetary financial institutions and claims on the non-financial sector. Before 2000: Almanac of China's finance and banking.",BIS-spliced,-,,3,9,,"This series is adjusted for breaks. Break-adjustment calculations follow the methodology outlined in the BIS Quarterly Review (2013). For further detail, see https://www.bis.org/publ/qtrpdf/r_qt1303z.htm",People's Bank of China; Bank for International Settlements.,5B0,"China - Central bank, assets, total, BIS-spliced, break-adjusted",,E,2006-02,10800.058,,F,A,
M,CN,B,XDC,CNY,B,,"From January 2002 onwards: monthly balance sheet of the People's Bank of China. Between 1993 and 2001: sum of foreign assets (net), claims against the government, bank claims on deposit money, claims against non-monetary financial institutions and claims on the non-financial sector. Before 2000: Almanac of China's finance and banking.",BIS-spliced,-,,3,9,,"This series is adjusted for breaks. Break-adjustment calculations follow the methodology outlined in the BIS Quarterly Review (2013). For further detail, see https://www.bis.org/publ/qtrpdf/r_qt1303z.htm",People's Bank of China; Bank for International Settlements.,5B0,"China - Central bank, assets, total, BIS-spliced, break-adjusted",,E,2006-03,10975.801,,F,A,
M,CN,B,XDC,CNY,B,,"From January 2002 onwards: monthly balance sheet of the People's Bank of China. Between 1993 and 2001: sum of foreign assets (net), claims against the government, bank claims on deposit money, claims against non-monetary financial institutions and claims on the non-financial sector. Before 2000: Almanac of China's finance and banking.",BIS-spliced,-,,3,9,,"This series is adjusted for breaks. Break-adjustment calculations follow the methodology outlined in the BIS Quarterly Review (2013). For further detail, see https://www.bis.org/publ/qtrpdf/r_qt1303z.htm",People's Bank of China; Bank for International Settlements.,5B0,"China - Central bank, assets, total, BIS-spliced, break-adjusted",,E,2006-04,11036.795,,F,A,
M,CN,B,XDC,CNY,B,,"From January 2002 onwards: monthly balance sheet of the People's Bank of China. Between 1993 and 2001: sum of foreign assets (net), claims against the government, bank claims on deposit money, claims against non-monetary financial institutions and claims on the non-financial sector. Before 2000: Almanac of China's finance and banking.",BIS-spliced,-,,3,9,,"This series is adjusted for breaks. Break-adjustment calculations follow the methodology outlined in the BIS Quarterly Review (2013). For further detail, see https://www.bis.org/publ/qtrpdf/r_qt1303z.htm",People's Bank of China; Bank for International Settlements.,5B0,"China - Central bank, assets, total, BIS-spliced, break-adjusted",,E,2006-05,11237.792,,F,A,
M,CN,B,XDC,CNY,B,,"From January 2002 onwards: monthly balance sheet of the People's Bank of China. Between 1993 and 2001: sum of foreign assets (net), claims against the government, bank claims on deposit money, claims against non-monetary financial institutions and claims on the non-financial sector. Before 2000: Almanac of China's finance and banking.",BIS-spliced,-,,3,9,,"This series is adjusted for breaks. Break-adjustment calculations follow the methodology outlined in the BIS Quarterly Review (2013). For further detail, see https://www.bis.org/publ/qtrpdf/r_qt1303z.htm",People's Bank of China; Bank for International Settlements.,5B0,"China - Central bank, assets, total, BIS-spliced, break-adjusted",,E,2006-06,11590.577,,F,A,
M,CN,B,XDC,CNY,B,,"From January 2002 onwards: monthly balance sheet of the People's Bank of China. Between 1993 and 2001: sum of foreign assets (net), claims against the government, bank claims on deposit money, claims against non-monetary financial institutions and claims on the non-financial sector. Before 2000: Almanac of China's finance and banking.",BIS-spliced,-,,3,9,,"This series is adjusted for breaks. Break-adjustment calculations follow the methodology outlined in the BIS Quarterly Review (2013). For further detail, see https://www.bis.org/publ/qtrpdf/r_qt1303z.htm",People's Bank of China; Bank for International Settlements.,5B0,"China - Central bank, assets, total, BIS-spliced, break-adjusted",,E,2006-07,11587.91,,F,A,
M,CN,B,XDC,CNY,B,,"From January 2002 onwards: monthly balance sheet of the People's Bank of China. Between 1993 and 2001: sum of foreign assets (net), claims against the government, bank claims on deposit money, claims against non-monetary financial institutions and claims on the non-financial sector. Before 2000: Almanac of China's finance and banking.",BIS-spliced,-,,3,9,,"This series is adjusted for breaks. Break-adjustment calculations follow the methodology outlined in the BIS Quarterly Review (2013). For further detail, see https://www.bis.org/publ/qtrpdf/r_qt1303z.htm",People's Bank of China; Bank for International Settlements.,5B0,"China - Central bank, assets, total, BIS-spliced, break-adjusted",,E,2006-08,11797.4,,F,A,
M,CN,B,XDC,CNY,B,,"From January 2002 onwards: monthly balance sheet of the People's Bank of China. Between 1993 and 2001: sum of foreign assets (net), claims against the government, bank claims on deposit money, claims against non-monetary financial institutions and claims on the non-financial sector. Before 2000: Almanac of China's finance and banking.",BIS-spliced,-,,3,9,,"This series is adjusted for breaks. Break-adjustment calculations follow the methodology outlined in the BIS Quarterly Review (2013). For further detail, see https://www.bis.org/publ/qtrpdf/r_qt1303z.htm",People's Bank of China; Bank for International Settlements.,5B0,"China - Central bank, assets, total, BIS-spliced, break-adjusted",,E,2006-09,11973.961,,F,A,
M,CN,B,XDC,CNY,B,,"From January 2002 onwards: monthly balance sheet of the People's Bank of China. Between 1993 and 2001: sum of foreign assets (net), claims against the government, bank claims on deposit money, claims against non-monetary financial institutions and claims on the non-financial sector. Before 2000: Almanac of China's finance and banking.",BIS-spliced,-,,3,9,,"This series is adjusted for breaks. Break-adjustment calculations follow the methodology outlined in the BIS Quarterly Review (2013). For further detail, see https://www.bis.org/publ/qtrpdf/r_qt1303z.htm",People's Bank of China; Bank for International Settlements.,5B0,"China - Central bank, assets, total, BIS-spliced, break-adjusted",,E,2006-10,12188.985,,F,A,
M,CN,B,XDC,CNY,B,,"From January 2002 onwards: monthly balance sheet of the People's Bank of China. Between 1993 and 2001: sum of foreign assets (net), claims against the government, bank claims on deposit money, claims against non-monetary financial institutions and claims on the non-financial sector. Before 2000: Almanac of China's finance and banking.",BIS-spliced,-,,3,9,,"This series is adjusted for breaks. Break-adjustment calculations follow the methodology outlined in the BIS Quarterly Review (2013). For further detail, see https://www.bis.org/publ/qtrpdf/r_qt1303z.htm",People's Bank of China; Bank for International Settlements.,5B0,"China - Central bank, assets, total, BIS-spliced, break-adjusted",,E,2006-11,12430.645,,F,A,
M,CN,B,XDC,CNY,B,,"From January 2002 onwards: monthly balance sheet of the People's Bank of China. Between 1993 and 2001: sum of foreign assets (net), claims against the government, bank claims on deposit money, claims against non-monetary financial institutions and claims on the non-financial sector. Before 2000: Almanac of China's finance and banking.",BIS-spliced,-,,3,9,,"This series is adjusted for breaks. Break-adjustment calculations follow the methodology outlined in the BIS Quarterly Review (2013). For further detail, see https://www.bis.org/publ/qtrpdf/r_qt1303z.htm",People's Bank of China; Bank for International Settlements.,5B0,"China - Central bank, assets, total, BIS-spliced, break-adjusted",,E,2006-12,12857.469,,F,A,
M,CN,B,XDC,CNY,B,,"From January 2002 onwards: monthly balance sheet of the People's Bank of China. Between 1993 and 2001: sum of foreign assets (net), claims against the government, bank claims on deposit money, claims against non-monetary financial institutions and claims on the non-financial sector. Before 2000: Almanac of China's finance and banking.",BIS-spliced,-,,3,9,,"This series is adjusted for breaks. Break-adjustment calculations follow the methodology outlined in the BIS Quarterly Review (2013). For further detail, see https://www.bis.org/publ/qtrpdf/r_qt1303z.htm",People's Bank of China; Bank for International Settlements.,5B0,"China - Central bank, assets, total, BIS-spliced, break-adjusted",,E,2007-01,13250.777,,F,A,
M,CN,B,XDC,CNY,B,,"From January 2002 onwards: monthly balance sheet of the People's Bank of China. Between 1993 and 2001: sum of foreign assets (net), claims against the government, bank claims on deposit money, claims against non-monetary financial institutions and claims on the non-financial sector. Before 2000: Almanac of China's finance and banking.",BIS-spliced,-,,3,9,,"This series is adjusted for breaks. Break-adjustment calculations follow the methodology outlined in the BIS Quarterly Review (2013). For further detail, see https://www.bis.org/publ/qtrpdf/r_qt1303z.htm",People's Bank of China; Bank for International Settlements.,5B0,"China - Central bank, assets, total, BIS-spliced, break-adjusted",,E,2007-02,13559.147,,F,A,
M,CN,B,XDC,CNY,B,,"From January 2002 onwards: monthly balance sheet of the People's Bank of China. Between 1993 and 2001: sum of foreign assets (net), claims against the government, bank claims on deposit money, claims against non-monetary financial institutions and claims on the non-financial sector. Before 2000: Almanac of China's finance and banking.",BIS-spliced,-,,3,9,,"This series is adjusted for breaks. Break-adjustment calculations follow the methodology outlined in the BIS Quarterly Review (2013). For further detail, see https://www.bis.org/publ/qtrpdf/r_qt1303z.htm",People's Bank of China; Bank for International Settlements.,5B0,"China - Central bank, assets, total, BIS-spliced, break-adjusted",,E,2007-03,13910.83,,F,A,
M,CN,B,XDC,CNY,B,,"From January 2002 onwards: monthly balance sheet of the People's Bank of China. Between 1993 and 2001: sum of foreign assets (net), claims against the government, bank claims on deposit money, claims against non-monetary financial institutions and claims on the non-financial sector. Before 2000: Almanac of China's finance and banking.",BIS-spliced,-,,3,9,,"This series is adjusted for breaks. Break-adjustment calculations follow the methodology outlined in the BIS Quarterly Review (2013). For further detail, see https://www.bis.org/publ/qtrpdf/r_qt1303z.htm",People's Bank of China; Bank for International Settlements.,5B0,"China - Central bank, assets, total, BIS-spliced, break-adjusted",,E,2007-04,14228.153,,F,A,
M,CN,B,XDC,CNY,B,,"From January 2002 onwards: monthly balance sheet of the People's Bank of China. Between 1993 and 2001: sum of foreign assets (net), claims against the government, bank claims on deposit money, claims against non-monetary financial institutions and claims on the non-financial sector. Before 2000: Almanac of China's finance and banking.",BIS-spliced,-,,3,9,,"This series is adjusted for breaks. Break-adjustment calculations follow the methodology outlined in the BIS Quarterly Review (2013). For further detail, see https://www.bis.org/publ/qtrpdf/r_qt1303z.htm",People's Bank of China; Bank for International Settlements.,5B0,"China - Central bank, assets, total, BIS-spliced, break-adjusted",,E,2007-05,14540.506,,F,A,
M,CN,B,XDC,CNY,B,,"From January 2002 onwards: monthly balance sheet of the People's Bank of China. Between 1993 and 2001: sum of foreign assets (net), claims against the government, bank claims on deposit money, claims against non-monetary financial institutions and claims on the non-financial sector. Before 2000: Almanac of China's finance and banking.",BIS-spliced,-,,3,9,,"This series is adjusted for breaks. Break-adjustment calculations follow the methodology outlined in the BIS Quarterly Review (2013). For further detail, see https://www.bis.org/publ/qtrpdf/r_qt1303z.htm",People's Bank of China; Bank for International Settlements.,5B0,"China - Central bank, assets, total, BIS-spliced, break-adjusted",,E,2007-06,14810.537,,F,A,
M,CN,B,XDC,CNY,B,,"From January 2002 onwards: monthly balance sheet of the People's Bank of China. Between 1993 and 2001: sum of foreign assets (net), claims against the government, bank claims on deposit money, claims against non-monetary financial institutions and claims on the non-financial sector. Before 2000: Almanac of China's finance and banking.",BIS-spliced,-,,3,9,,"This series is adjusted for breaks. Break-adjustment calculations follow the methodology outlined in the BIS Quarterly Review (2013). For further detail, see https://www.bis.org/publ/qtrpdf/r_qt1303z.htm",People's Bank of China; Bank for International Settlements.,5B0,"China - Central bank, assets, total, BIS-spliced, break-adjusted",,E,2007-07,15188.099,,F,A,
M,CN,B,XDC,CNY,B,,"From January 2002 onwards: monthly balance sheet of the People's Bank of China. Between 1993 and 2001: sum of foreign assets (net), claims against the government, bank claims on deposit money, claims against non-monetary financial institutions and claims on the non-financial sector. Before 2000: Almanac of China's finance and banking.",BIS-spliced,-,,3,9,,"This series is adjusted for breaks. Break-adjustment calculations follow the methodology outlined in the BIS Quarterly Review (2013). For further detail, see https://www.bis.org/publ/qtrpdf/r_qt1303z.htm",People's Bank of China; Bank for International Settlements.,5B0,"China - Central bank, assets, total, BIS-spliced, break-adjusted",,E,2007-08,15460.899,,F,A,
M,CN,B,XDC,CNY,B,,"From January 2002 onwards: monthly balance sheet of the People's Bank of China. Between 1993 and 2001: sum of foreign assets (net), claims against the government, bank claims on deposit money, claims against non-monetary financial institutions and claims on the non-financial sector. Before 2000: Almanac of China's finance and banking.",BIS-spliced,-,,3,9,,"This series is adjusted for breaks. Break-adjustment calculations follow the methodology outlined in the BIS Quarterly Review (2013). For further detail, see https://www.bis.org/publ/qtrpdf/r_qt1303z.htm",People's Bank of China; Bank for International Settlements.,5B0,"China - Central bank, assets, total, BIS-spliced, break-adjusted",,E,2007-09,15936.089,,F,A,
M,CN,B,XDC,CNY,B,,"From January 2002 onwards: monthly balance sheet of the People's Bank of China. Between 1993 and 2001: sum of foreign assets (net), claims against the government, bank claims on deposit money, claims against non-monetary financial institutions and claims on the non-financial sector. Before 2000: Almanac of China's finance and banking.",BIS-spliced,-,,3,9,,"This series is adjusted for breaks. Break-adjustment calculations follow the methodology outlined in the BIS Quarterly Review (2013). For further detail, see https://www.bis.org/publ/qtrpdf/r_qt1303z.htm",People's Bank of China; Bank for International Settlements.,5B0,"China - Central bank, assets, total, BIS-spliced, break-adjusted",,E,2007-10,16120.238,,F,A,
M,CN,B,XDC,CNY,B,,"From January 2002 onwards: monthly balance sheet of the People's Bank of China. Between 1993 and 2001: sum of foreign assets (net), claims against the government, bank claims on deposit money, claims against non-monetary financial institutions and claims on the non-financial sector. Before 2000: Almanac of China's finance and banking.",BIS-spliced,-,,3,9,,"This series is adjusted for breaks. Break-adjustment calculations follow the methodology outlined in the BIS Quarterly Review (2013). For further detail, see https://www.bis.org/publ/qtrpdf/r_qt1303z.htm",People's Bank of China; Bank for International Settlements.,5B0,"China - Central bank, assets, total, BIS-spliced, break-adjusted",,E,2007-11,16529.999,,F,A,
M,CN,B,XDC,CNY,B,,"From January 2002 onwards: monthly balance sheet of the People's Bank of China. Between 1993 and 2001: sum of foreign assets (net), claims against the government, bank claims on deposit money, claims against non-monetary financial institutions and claims on the non-financial sector. Before 2000: Almanac of China's finance and banking.",BIS-spliced,-,,3,9,,"This series is adjusted for breaks. Break-adjustment calculations follow the methodology outlined in the BIS Quarterly Review (2013). For further detail, see https://www.bis.org/publ/qtrpdf/r_qt1303z.htm",People's Bank of China; Bank for International Settlements.,5B0,"China - Central bank, assets, total, BIS-spliced, break-adjusted",,E,2007-12,16913.98,,F,A,
M,CN,B,XDC,CNY,B,,"From January 2002 onwards: monthly balance sheet of the People's Bank of China. Between 1993 and 2001: sum of foreign assets (net), claims against the government, bank claims on deposit money, claims against non-monetary financial institutions and claims on the non-financial sector. Before 2000: Almanac of China's finance and banking.",BIS-spliced,-,,3,9,,"This series is adjusted for breaks. Break-adjustment calculations follow the methodology outlined in the BIS Quarterly Review (2013). For further detail, see https://www.bis.org/publ/qtrpdf/r_qt1303z.htm",People's Bank of China; Bank for International Settlements.,5B0,"China - Central bank, assets, total, BIS-spliced, break-adjusted",,E,2008-01,17446.287,,F,A,
M,CN,B,XDC,CNY,B,,"From January 2002 onwards: monthly balance sheet of the People's Bank of China. Between 1993 and 2001: sum of foreign assets (net), claims against the government, bank claims on deposit money, claims against non-monetary financial institutions and claims on the non-financial sector. Before 2000: Almanac of China's finance and banking.",BIS-spliced,-,,3,9,,"This series is adjusted for breaks. Break-adjustment calculations follow the methodology outlined in the BIS Quarterly Review (2013). For further detail, see https://www.bis.org/publ/qtrpdf/r_qt1303z.htm",People's Bank of China; Bank for International Settlements.,5B0,"China - Central bank, assets, total, BIS-spliced, break-adjusted",,E,2008-02,17806.189,,F,A,
M,CN,B,XDC,CNY,B,,"From January 2002 onwards: monthly balance sheet of the People's Bank of China. Between 1993 and 2001: sum of foreign assets (net), claims against the government, bank claims on deposit money, claims against non-monetary financial institutions and claims on the non-financial sector. Before 2000: Almanac of China's finance and banking.",BIS-spliced,-,,3,9,,"This series is adjusted for breaks. Break-adjustment calculations follow the methodology outlined in the BIS Quarterly Review (2013). For further detail, see https://www.bis.org/publ/qtrpdf/r_qt1303z.htm",People's Bank of China; Bank for International Settlements.,5B0,"China - Central bank, assets, total, BIS-spliced, break-adjusted",,E,2008-03,18204.779,,F,A,
M,CN,B,XDC,CNY,B,,"From January 2002 onwards: monthly balance sheet of the People's Bank of China. Between 1993 and 2001: sum of foreign assets (net), claims against the government, bank claims on deposit money, claims against non-monetary financial institutions and claims on the non-financial sector. Before 2000: Almanac of China's finance and banking.",BIS-spliced,-,,3,9,,"This series is adjusted for breaks. Break-adjustment calculations follow the methodology outlined in the BIS Quarterly Review (2013). For further detail, see https://www.bis.org/publ/qtrpdf/r_qt1303z.htm",People's Bank of China; Bank for International Settlements.,5B0,"China - Central bank, assets, total, BIS-spliced, break-adjusted",,E,2008-04,18744.166,,F,A,
M,CN,B,XDC,CNY,B,,"From January 2002 onwards: monthly balance sheet of the People's Bank of China. Between 1993 and 2001: sum of foreign assets (net), claims against the government, bank claims on deposit money, claims against non-monetary financial institutions and claims on the non-financial sector. Before 2000: Almanac of China's finance and banking.",BIS-spliced,-,,3,9,,"This series is adjusted for breaks. Break-adjustment calculations follow the methodology outlined in the BIS Quarterly Review (2013). For further detail, see https://www.bis.org/publ/qtrpdf/r_qt1303z.htm",People's Bank of China; Bank for International Settlements.,5B0,"China - Central bank, assets, total, BIS-spliced, break-adjusted",,E,2008-05,19104.846,,F,A,
M,CN,B,XDC,CNY,B,,"From January 2002 onwards: monthly balance sheet of the People's Bank of China. Between 1993 and 2001: sum of foreign assets (net), claims against the government, bank claims on deposit money, claims against non-monetary financial institutions and claims on the non-financial sector. Before 2000: Almanac of China's finance and banking.",BIS-spliced,-,,3,9,,"This series is adjusted for breaks. Break-adjustment calculations follow the methodology outlined in the BIS Quarterly Review (2013). For further detail, see https://www.bis.org/publ/qtrpdf/r_qt1303z.htm",People's Bank of China; Bank for International Settlements.,5B0,"China - Central bank, assets, total, BIS-spliced, break-adjusted",,E,2008-06,19410.494,,F,A,
M,CN,B,XDC,CNY,B,,"From January 2002 onwards: monthly balance sheet of the People's Bank of China. Between 1993 and 2001: sum of foreign assets (net), claims against the government, bank claims on deposit money, claims against non-monetary financial institutions and claims on the non-financial sector. Before 2000: Almanac of China's finance and banking.",BIS-spliced,-,,3,9,,"This series is adjusted for breaks. Break-adjustment calculations follow the methodology outlined in the BIS Quarterly Review (2013). For further detail, see https://www.bis.org/publ/qtrpdf/r_qt1303z.htm",People's Bank of China; Bank for International Settlements.,5B0,"China - Central bank, assets, total, BIS-spliced, break-adjusted",,E,2008-07,19747.292,,F,A,
M,CN,B,XDC,CNY,B,,"From January 2002 onwards: monthly balance sheet of the People's Bank of China. Between 1993 and 2001: sum of foreign assets (net), claims against the government, bank claims on deposit money, claims against non-monetary financial institutions and claims on the non-financial sector. Before 2000: Almanac of China's finance and banking.",BIS-spliced,-,,3,9,,"This series is adjusted for breaks. Break-adjustment calculations follow the methodology outlined in the BIS Quarterly Review (2013). For further detail, see https://www.bis.org/publ/qtrpdf/r_qt1303z.htm",People's Bank of China; Bank for International Settlements.,5B0,"China - Central bank, assets, total, BIS-spliced, break-adjusted",,E,2008-08,19926.487,,F,A,
M,CN,B,XDC,CNY,B,,"From January 2002 onwards: monthly balance sheet of the People's Bank of China. Between 1993 and 2001: sum of foreign assets (net), claims against the government, bank claims on deposit money, claims against non-monetary financial institutions and claims on the non-financial sector. Before 2000: Almanac of China's finance and banking.",BIS-spliced,-,,3,9,,"This series is adjusted for breaks. Break-adjustment calculations follow the methodology outlined in the BIS Quarterly Review (2013). For further detail, see https://www.bis.org/publ/qtrpdf/r_qt1303z.htm",People's Bank of China; Bank for International Settlements.,5B0,"China - Central bank, assets, total, BIS-spliced, break-adjusted",,E,2008-09,20292.44,,F,A,
M,CN,B,XDC,CNY,B,,"From January 2002 onwards: monthly balance sheet of the People's Bank of China. Between 1993 and 2001: sum of foreign assets (net), claims against the government, bank claims on deposit money, claims against non-monetary financial institutions and claims on the non-financial sector. Before 2000: Almanac of China's finance and banking.",BIS-spliced,-,,3,9,,"This series is adjusted for breaks. Break-adjustment calculations follow the methodology outlined in the BIS Quarterly Review (2013). For further detail, see https://www.bis.org/publ/qtrpdf/r_qt1303z.htm",People's Bank of China; Bank for International Settlements.,5B0,"China - Central bank, assets, total, BIS-spliced, break-adjusted",,E,2008-10,20445.26,,F,A,
M,CN,B,XDC,CNY,B,,"From January 2002 onwards: monthly balance sheet of the People's Bank of China. Between 1993 and 2001: sum of foreign assets (net), claims against the government, bank claims on deposit money, claims against non-monetary financial institutions and claims on the non-financial sector. Before 2000: Almanac of China's finance and banking.",BIS-spliced,-,,3,9,,"This series is adjusted for breaks. Break-adjustment calculations follow the methodology outlined in the BIS Quarterly Review (2013). For further detail, see https://www.bis.org/publ/qtrpdf/r_qt1303z.htm",People's Bank of China; Bank for International Settlements.,5B0,"China - Central bank, assets, total, BIS-spliced, break-adjusted",,E,2008-11,20480.057,,F,A,
M,CN,B,XDC,CNY,B,,"From January 2002 onwards: monthly balance sheet of the People's Bank of China. Between 1993 and 2001: sum of foreign assets (net), claims against the government, bank claims on deposit money, claims against non-monetary financial institutions and claims on the non-financial sector. Before 2000: Almanac of China's finance and banking.",BIS-spliced,-,,3,9,,"This series is adjusted for breaks. Break-adjustment calculations follow the methodology outlined in the BIS Quarterly Review (2013). For further detail, see https://www.bis.org/publ/qtrpdf/r_qt1303z.htm",People's Bank of China; Bank for International Settlements.,5B0,"China - Central bank, assets, total, BIS-spliced, break-adjusted",,E,2008-12,20709.599,,F,A,
M,CN,B,XDC,CNY,B,,"From January 2002 onwards: monthly balance sheet of the People's Bank of China. Between 1993 and 2001: sum of foreign assets (net), claims against the government, bank claims on deposit money, claims against non-monetary financial institutions and claims on the non-financial sector. Before 2000: Almanac of China's finance and banking.",BIS-spliced,-,,3,9,,"This series is adjusted for breaks. Break-adjustment calculations follow the methodology outlined in the BIS Quarterly Review (2013). For further detail, see https://www.bis.org/publ/qtrpdf/r_qt1303z.htm",People's Bank of China; Bank for International Settlements.,5B0,"China - Central bank, assets, total, BIS-spliced, break-adjusted",,E,2009-01,20825.51216,,F,A,
M,CN,B,XDC,CNY,B,,"From January 2002 onwards: monthly balance sheet of the People's Bank of China. Between 1993 and 2001: sum of foreign assets (net), claims against the government, bank claims on deposit money, claims against non-monetary financial institutions and claims on the non-financial sector. Before 2000: Almanac of China's finance and banking.",BIS-spliced,-,,3,9,,"This series is adjusted for breaks. Break-adjustment calculations follow the methodology outlined in the BIS Quarterly Review (2013). For further detail, see https://www.bis.org/publ/qtrpdf/r_qt1303z.htm",People's Bank of China; Bank for International Settlements.,5B0,"China - Central bank, assets, total, BIS-spliced, break-adjusted",,E,2009-02,20961.65469,,F,A,
M,CN,B,XDC,CNY,B,,"From January 2002 onwards: monthly balance sheet of the People's Bank of China. Between 1993 and 2001: sum of foreign assets (net), claims against the government, bank claims on deposit money, claims against non-monetary financial institutions and claims on the non-financial sector. Before 2000: Almanac of China's finance and banking.",BIS-spliced,-,,3,9,,"This series is adjusted for breaks. Break-adjustment calculations follow the methodology outlined in the BIS Quarterly Review (2013). For further detail, see https://www.bis.org/publ/qtrpdf/r_qt1303z.htm",People's Bank of China; Bank for International Settlements.,5B0,"China - Central bank, assets, total, BIS-spliced, break-adjusted",,E,2009-03,21064.26713,,F,A,
M,CN,B,XDC,CNY,B,,"From January 2002 onwards: monthly balance sheet of the People's Bank of China. Between 1993 and 2001: sum of foreign assets (net), claims against the government, bank claims on deposit money, claims against non-monetary financial institutions and claims on the non-financial sector. Before 2000: Almanac of China's finance and banking.",BIS-spliced,-,,3,9,,"This series is adjusted for breaks. Break-adjustment calculations follow the methodology outlined in the BIS Quarterly Review (2013). For further detail, see https://www.bis.org/publ/qtrpdf/r_qt1303z.htm",People's Bank of China; Bank for International Settlements.,5B0,"China - Central bank, assets, total, BIS-spliced, break-adjusted",,E,2009-04,21227.45791,,F,A,
M,CN,B,XDC,CNY,B,,"From January 2002 onwards: monthly balance sheet of the People's Bank of China. Between 1993 and 2001: sum of foreign assets (net), claims against the government, bank claims on deposit money, claims against non-monetary financial institutions and claims on the non-financial sector. Before 2000: Almanac of China's finance and banking.",BIS-spliced,-,,3,9,,"This series is adjusted for breaks. Break-adjustment calculations follow the methodology outlined in the BIS Quarterly Review (2013). For further detail, see https://www.bis.org/publ/qtrpdf/r_qt1303z.htm",People's Bank of China; Bank for International Settlements.,5B0,"China - Central bank, assets, total, BIS-spliced, break-adjusted",,E,2009-05,21602.2778,,F,A,
M,CN,B,XDC,CNY,B,,"From January 2002 onwards: monthly balance sheet of the People's Bank of China. Between 1993 and 2001: sum of foreign assets (net), claims against the government, bank claims on deposit money, claims against non-monetary financial institutions and claims on the non-financial sector. Before 2000: Almanac of China's finance and banking.",BIS-spliced,-,,3,9,,"This series is adjusted for breaks. Break-adjustment calculations follow the methodology outlined in the BIS Quarterly Review (2013). For further detail, see https://www.bis.org/publ/qtrpdf/r_qt1303z.htm",People's Bank of China; Bank for International Settlements.,5B0,"China - Central bank, assets, total, BIS-spliced, break-adjusted",,E,2009-06,21578.53945,,F,A,
M,CN,B,XDC,CNY,B,,"From January 2002 onwards: monthly balance sheet of the People's Bank of China. Between 1993 and 2001: sum of foreign assets (net), claims against the government, bank claims on deposit money, claims against non-monetary financial institutions and claims on the non-financial sector. Before 2000: Almanac of China's finance and banking.",BIS-spliced,-,,3,9,,"This series is adjusted for breaks. Break-adjustment calculations follow the methodology outlined in the BIS Quarterly Review (2013). For further detail, see https://www.bis.org/publ/qtrpdf/r_qt1303z.htm",People's Bank of China; Bank for International Settlements.,5B0,"China - Central bank, assets, total, BIS-spliced, break-adjusted",,E,2009-07,21732.63001,,F,A,
M,CN,B,XDC,CNY,B,,"From January 2002 onwards: monthly balance sheet of the People's Bank of China. Between 1993 and 2001: sum of foreign assets (net), claims against the government, bank claims on deposit money, claims against non-monetary financial institutions and claims on the non-financial sector. Before 2000: Almanac of China's finance and banking.",BIS-spliced,-,,3,9,,"This series is adjusted for breaks. Break-adjustment calculations follow the methodology outlined in the BIS Quarterly Review (2013). For further detail, see https://www.bis.org/publ/qtrpdf/r_qt1303z.htm",People's Bank of China; Bank for International Settlements.,5B0,"China - Central bank, assets, total, BIS-spliced, break-adjusted",,E,2009-08,21856.56776,,F,A,
M,CN,B,XDC,CNY,B,,"From January 2002 onwards: monthly balance sheet of the People's Bank of China. Between 1993 and 2001: sum of foreign assets (net), claims against the government, bank claims on deposit money, claims against non-monetary financial institutions and claims on the non-financial sector. Before 2000: Almanac of China's finance and banking.",BIS-spliced,-,,3,9,,"This series is adjusted for breaks. Break-adjustment calculations follow the methodology outlined in the BIS Quarterly Review (2013). For further detail, see https://www.bis.org/publ/qtrpdf/r_qt1303z.htm",People's Bank of China; Bank for International Settlements.,5B0,"China - Central bank, assets, total, BIS-spliced, break-adjusted",,E,2009-09,22255.09068,,F,A,
M,CN,B,XDC,CNY,B,,"From January 2002 onwards: monthly balance sheet of the People's Bank of China. Between 1993 and 2001: sum of foreign assets (net), claims against the government, bank claims on deposit money, claims against non-monetary financial institutions and claims on the non-financial sector. Before 2000: Almanac of China's finance and banking.",BIS-spliced,-,,3,9,,"This series is adjusted for breaks. Break-adjustment calculations follow the methodology outlined in the BIS Quarterly Review (2013). For further detail, see https://www.bis.org/publ/qtrpdf/r_qt1303z.htm",People's Bank of China; Bank for International Settlements.,5B0,"China - Central bank, assets, total, BIS-spliced, break-adjusted",,E,2009-10,22499.15363,,F,A,
M,CN,B,XDC,CNY,B,,"From January 2002 onwards: monthly balance sheet of the People's Bank of China. Between 1993 and 2001: sum of foreign assets (net), claims against the government, bank claims on deposit money, claims against non-monetary financial institutions and claims on the non-financial sector. Before 2000: Almanac of China's finance and banking.",BIS-spliced,-,,3,9,,"This series is adjusted for breaks. Break-adjustment calculations follow the methodology outlined in the BIS Quarterly Review (2013). For further detail, see https://www.bis.org/publ/qtrpdf/r_qt1303z.htm",People's Bank of China; Bank for International Settlements.,5B0,"China - Central bank, assets, total, BIS-spliced, break-adjusted",,E,2009-11,22760.714,,F,A,
M,CN,B,XDC,CNY,B,,"From January 2002 onwards: monthly balance sheet of the People's Bank of China. Between 1993 and 2001: sum of foreign assets (net), claims against the government, bank claims on deposit money, claims against non-monetary financial institutions and claims on the non-financial sector. Before 2000: Almanac of China's finance and banking.",BIS-spliced,-,,3,9,,"This series is adjusted for breaks. Break-adjustment calculations follow the methodology outlined in the BIS Quarterly Review (2013). For further detail, see https://www.bis.org/publ/qtrpdf/r_qt1303z.htm",People's Bank of China; Bank for International Settlements.,5B0,"China - Central bank, assets, total, BIS-spliced, break-adjusted",,E,2009-12,22753.502,,F,A,
M,CN,B,XDC,CNY,B,,"From January 2002 onwards: monthly balance sheet of the People's Bank of China. Between 1993 and 2001: sum of foreign assets (net), claims against the government, bank claims on deposit money, claims against non-monetary financial institutions and claims on the non-financial sector. Before 2000: Almanac of China's finance and banking.",BIS-spliced,-,,3,9,,"This series is adjusted for breaks. Break-adjustment calculations follow the methodology outlined in the BIS Quarterly Review (2013). For further detail, see https://www.bis.org/publ/qtrpdf/r_qt1303z.htm",People's Bank of China; Bank for International Settlements.,5B0,"China - Central bank, assets, total, BIS-spliced, break-adjusted",,E,2010-01,23021.471,,F,A,
M,CN,B,XDC,CNY,B,,"From January 2002 onwards: monthly balance sheet of the People's Bank of China. Between 1993 and 2001: sum of foreign assets (net), claims against the government, bank claims on deposit money, claims against non-monetary financial institutions and claims on the non-financial sector. Before 2000: Almanac of China's finance and banking.",BIS-spliced,-,,3,9,,"This series is adjusted for breaks. Break-adjustment calculations follow the methodology outlined in the BIS Quarterly Review (2013). For further detail, see https://www.bis.org/publ/qtrpdf/r_qt1303z.htm",People's Bank of China; Bank for International Settlements.,5B0,"China - Central bank, assets, total, BIS-spliced, break-adjusted",,E,2010-02,23176.394,,F,A,
M,CN,B,XDC,CNY,B,,"From January 2002 onwards: monthly balance sheet of the People's Bank of China. Between 1993 and 2001: sum of foreign assets (net), claims against the government, bank claims on deposit money, claims against non-monetary financial institutions and claims on the non-financial sector. Before 2000: Almanac of China's finance and banking.",BIS-spliced,-,,3,9,,"This series is adjusted for breaks. Break-adjustment calculations follow the methodology outlined in the BIS Quarterly Review (2013). For further detail, see https://www.bis.org/publ/qtrpdf/r_qt1303z.htm",People's Bank of China; Bank for International Settlements.,5B0,"China - Central bank, assets, total, BIS-spliced, break-adjusted",,E,2010-03,23609.067,,F,A,
M,CN,B,XDC,CNY,B,,"From January 2002 onwards: monthly balance sheet of the People's Bank of China. Between 1993 and 2001: sum of foreign assets (net), claims against the government, bank claims on deposit money, claims against non-monetary financial institutions and claims on the non-financial sector. Before 2000: Almanac of China's finance and banking.",BIS-spliced,-,,3,9,,"This series is adjusted for breaks. Break-adjustment calculations follow the methodology outlined in the BIS Quarterly Review (2013). For further detail, see https://www.bis.org/publ/qtrpdf/r_qt1303z.htm",People's Bank of China; Bank for International Settlements.,5B0,"China - Central bank, assets, total, BIS-spliced, break-adjusted",,E,2010-04,23992.053,,F,A,
M,CN,B,XDC,CNY,B,,"From January 2002 onwards: monthly balance sheet of the People's Bank of China. Between 1993 and 2001: sum of foreign assets (net), claims against the government, bank claims on deposit money, claims against non-monetary financial institutions and claims on the non-financial sector. Before 2000: Almanac of China's finance and banking.",BIS-spliced,-,,3,9,,"This series is adjusted for breaks. Break-adjustment calculations follow the methodology outlined in the BIS Quarterly Review (2013). For further detail, see https://www.bis.org/publ/qtrpdf/r_qt1303z.htm",People's Bank of China; Bank for International Settlements.,5B0,"China - Central bank, assets, total, BIS-spliced, break-adjusted",,E,2010-05,24129.59988,,F,A,
M,CN,B,XDC,CNY,B,,"From January 2002 onwards: monthly balance sheet of the People's Bank of China. Between 1993 and 2001: sum of foreign assets (net), claims against the government, bank claims on deposit money, claims against non-monetary financial institutions and claims on the non-financial sector. Before 2000: Almanac of China's finance and banking.",BIS-spliced,-,,3,9,,"This series is adjusted for breaks. Break-adjustment calculations follow the methodology outlined in the BIS Quarterly Review (2013). For further detail, see https://www.bis.org/publ/qtrpdf/r_qt1303z.htm",People's Bank of China; Bank for International Settlements.,5B0,"China - Central bank, assets, total, BIS-spliced, break-adjusted",,E,2010-06,24293.20397,,F,A,
M,CN,B,XDC,CNY,B,,"From January 2002 onwards: monthly balance sheet of the People's Bank of China. Between 1993 and 2001: sum of foreign assets (net), claims against the government, bank claims on deposit money, claims against non-monetary financial institutions and claims on the non-financial sector. Before 2000: Almanac of China's finance and banking.",BIS-spliced,-,,3,9,,"This series is adjusted for breaks. Break-adjustment calculations follow the methodology outlined in the BIS Quarterly Review (2013). For further detail, see https://www.bis.org/publ/qtrpdf/r_qt1303z.htm",People's Bank of China; Bank for International Settlements.,5B0,"China - Central bank, assets, total, BIS-spliced, break-adjusted",,E,2010-07,24476.98549,,F,A,
M,CN,B,XDC,CNY,B,,"From January 2002 onwards: monthly balance sheet of the People's Bank of China. Between 1993 and 2001: sum of foreign assets (net), claims against the government, bank claims on deposit money, claims against non-monetary financial institutions and claims on the non-financial sector. Before 2000: Almanac of China's finance and banking.",BIS-spliced,-,,3,9,,"This series is adjusted for breaks. Break-adjustment calculations follow the methodology outlined in the BIS Quarterly Review (2013). For further detail, see https://www.bis.org/publ/qtrpdf/r_qt1303z.htm",People's Bank of China; Bank for International Settlements.,5B0,"China - Central bank, assets, total, BIS-spliced, break-adjusted",,E,2010-08,24612.34493,,F,A,
M,CN,B,XDC,CNY,B,,"From January 2002 onwards: monthly balance sheet of the People's Bank of China. Between 1993 and 2001: sum of foreign assets (net), claims against the government, bank claims on deposit money, claims against non-monetary financial institutions and claims on the non-financial sector. Before 2000: Almanac of China's finance and banking.",BIS-spliced,-,,3,9,,"This series is adjusted for breaks. Break-adjustment calculations follow the methodology outlined in the BIS Quarterly Review (2013). For further detail, see https://www.bis.org/publ/qtrpdf/r_qt1303z.htm",People's Bank of China; Bank for International Settlements.,5B0,"China - Central bank, assets, total, BIS-spliced, break-adjusted",,E,2010-09,24868.38663,,F,A,
M,CN,B,XDC,CNY,B,,"From January 2002 onwards: monthly balance sheet of the People's Bank of China. Between 1993 and 2001: sum of foreign assets (net), claims against the government, bank claims on deposit money, claims against non-monetary financial institutions and claims on the non-financial sector. Before 2000: Almanac of China's finance and banking.",BIS-spliced,-,,3,9,,"This series is adjusted for breaks. Break-adjustment calculations follow the methodology outlined in the BIS Quarterly Review (2013). For further detail, see https://www.bis.org/publ/qtrpdf/r_qt1303z.htm",People's Bank of China; Bank for International Settlements.,5B0,"China - Central bank, assets, total, BIS-spliced, break-adjusted",,E,2010-10,25368.85962,,F,A,
M,CN,B,XDC,CNY,B,,"From January 2002 onwards: monthly balance sheet of the People's Bank of China. Between 1993 and 2001: sum of foreign assets (net), claims against the government, bank claims on deposit money, claims against non-monetary financial institutions and claims on the non-financial sector. Before 2000: Almanac of China's finance and banking.",BIS-spliced,-,,3,9,,"This series is adjusted for breaks. Break-adjustment calculations follow the methodology outlined in the BIS Quarterly Review (2013). For further detail, see https://www.bis.org/publ/qtrpdf/r_qt1303z.htm",People's Bank of China; Bank for International Settlements.,5B0,"China - Central bank, assets, total, BIS-spliced, break-adjusted",,E,2010-11,25645.37386,,F,A,
M,CN,B,XDC,CNY,B,,"From January 2002 onwards: monthly balance sheet of the People's Bank of China. Between 1993 and 2001: sum of foreign assets (net), claims against the government, bank claims on deposit money, claims against non-monetary financial institutions and claims on the non-financial sector. Before 2000: Almanac of China's finance and banking.",BIS-spliced,-,,3,9,,"This series is adjusted for breaks. Break-adjustment calculations follow the methodology outlined in the BIS Quarterly Review (2013). For further detail, see https://www.bis.org/publ/qtrpdf/r_qt1303z.htm",People's Bank of China; Bank for International Settlements.,5B0,"China - Central bank, assets, total, BIS-spliced, break-adjusted",,E,2010-12,25927.48899,,F,A,
M,CN,B,XDC,CNY,B,,"From January 2002 onwards: monthly balance sheet of the People's Bank of China. Between 1993 and 2001: sum of foreign assets (net), claims against the government, bank claims on deposit money, claims against non-monetary financial institutions and claims on the non-financial sector. Before 2000: Almanac of China's finance and banking.",BIS-spliced,-,,3,9,,"This series is adjusted for breaks. Break-adjustment calculations follow the methodology outlined in the BIS Quarterly Review (2013). For further detail, see https://www.bis.org/publ/qtrpdf/r_qt1303z.htm",People's Bank of China; Bank for International Settlements.,5B0,"China - Central bank, assets, total, BIS-spliced, break-adjusted",,E,2011-01,26898.87905,,F,A,
M,CN,B,XDC,CNY,B,,"From January 2002 onwards: monthly balance sheet of the People's Bank of China. Between 1993 and 2001: sum of foreign assets (net), claims against the government, bank claims on deposit money, claims against non-monetary financial institutions and claims on the non-financial sector. Before 2000: Almanac of China's finance and banking.",BIS-spliced,-,,3,9,,"This series is adjusted for breaks. Break-adjustment calculations follow the methodology outlined in the BIS Quarterly Review (2013). For further detail, see https://www.bis.org/publ/qtrpdf/r_qt1303z.htm",People's Bank of China; Bank for International Settlements.,5B0,"China - Central bank, assets, total, BIS-spliced, break-adjusted",,E,2011-02,26605.00526,,F,A,
M,CN,B,XDC,CNY,B,,"From January 2002 onwards: monthly balance sheet of the People's Bank of China. Between 1993 and 2001: sum of foreign assets (net), claims against the government, bank claims on deposit money, claims against non-monetary financial institutions and claims on the non-financial sector. Before 2000: Almanac of China's finance and banking.",BIS-spliced,-,,3,9,,"This series is adjusted for breaks. Break-adjustment calculations follow the methodology outlined in the BIS Quarterly Review (2013). For further detail, see https://www.bis.org/publ/qtrpdf/r_qt1303z.htm",People's Bank of China; Bank for International Settlements.,5B0,"China - Central bank, assets, total, BIS-spliced, break-adjusted",,E,2011-03,26881.8045,,F,A,
M,CN,B,XDC,CNY,B,,"From January 2002 onwards: monthly balance sheet of the People's Bank of China. Between 1993 and 2001: sum of foreign assets (net), claims against the government, bank claims on deposit money, claims against non-monetary financial institutions and claims on the non-financial sector. Before 2000: Almanac of China's finance and banking.",BIS-spliced,-,,3,9,,"This series is adjusted for breaks. Break-adjustment calculations follow the methodology outlined in the BIS Quarterly Review (2013). For further detail, see https://www.bis.org/publ/qtrpdf/r_qt1303z.htm",People's Bank of China; Bank for International Settlements.,5B0,"China - Central bank, assets, total, BIS-spliced, break-adjusted",,E,2011-04,27176.50106,,F,A,
M,CN,B,XDC,CNY,B,,"From January 2002 onwards: monthly balance sheet of the People's Bank of China. Between 1993 and 2001: sum of foreign assets (net), claims against the government, bank claims on deposit money, claims against non-monetary financial institutions and claims on the non-financial sector. Before 2000: Almanac of China's finance and banking.",BIS-spliced,-,,3,9,,"This series is adjusted for breaks. Break-adjustment calculations follow the methodology outlined in the BIS Quarterly Review (2013). For further detail, see https://www.bis.org/publ/qtrpdf/r_qt1303z.htm",People's Bank of China; Bank for International Settlements.,5B0,"China - Central bank, assets, total, BIS-spliced, break-adjusted",,E,2011-05,27461.21247,,F,A,
M,CN,B,XDC,CNY,B,,"From January 2002 onwards: monthly balance sheet of the People's Bank of China. Between 1993 and 2001: sum of foreign assets (net), claims against the government, bank claims on deposit money, claims against non-monetary financial institutions and claims on the non-financial sector. Before 2000: Almanac of China's finance and banking.",BIS-spliced,-,,3,9,,"This series is adjusted for breaks. Break-adjustment calculations follow the methodology outlined in the BIS Quarterly Review (2013). For further detail, see https://www.bis.org/publ/qtrpdf/r_qt1303z.htm",People's Bank of China; Bank for International Settlements.,5B0,"China - Central bank, assets, total, BIS-spliced, break-adjusted",,E,2011-06,27807.86085,,F,A,
M,CN,B,XDC,CNY,B,,"From January 2002 onwards: monthly balance sheet of the People's Bank of China. Between 1993 and 2001: sum of foreign assets (net), claims against the government, bank claims on deposit money, claims against non-monetary financial institutions and claims on the non-financial sector. Before 2000: Almanac of China's finance and banking.",BIS-spliced,-,,3,9,,"This series is adjusted for breaks. Break-adjustment calculations follow the methodology outlined in the BIS Quarterly Review (2013). For further detail, see https://www.bis.org/publ/qtrpdf/r_qt1303z.htm",People's Bank of China; Bank for International Settlements.,5B0,"China - Central bank, assets, total, BIS-spliced, break-adjusted",,E,2011-07,28071.34375,,F,A,
M,CN,B,XDC,CNY,B,,"From January 2002 onwards: monthly balance sheet of the People's Bank of China. Between 1993 and 2001: sum of foreign assets (net), claims against the government, bank claims on deposit money, claims against non-monetary financial institutions and claims on the non-financial sector. Before 2000: Almanac of China's finance and banking.",BIS-spliced,-,,3,9,,"This series is adjusted for breaks. Break-adjustment calculations follow the methodology outlined in the BIS Quarterly Review (2013). For further detail, see https://www.bis.org/publ/qtrpdf/r_qt1303z.htm",People's Bank of China; Bank for International Settlements.,5B0,"China - Central bank, assets, total, BIS-spliced, break-adjusted",,E,2011-08,28264.2971,,F,A,
M,CN,B,XDC,CNY,B,,"From January 2002 onwards: monthly balance sheet of the People's Bank of China. Between 1993 and 2001: sum of foreign assets (net), claims against the government, bank claims on deposit money, claims against non-monetary financial institutions and claims on the non-financial sector. Before 2000: Almanac of China's finance and banking.",BIS-spliced,-,,3,9,,"This series is adjusted for breaks. Break-adjustment calculations follow the methodology outlined in the BIS Quarterly Review (2013). For further detail, see https://www.bis.org/publ/qtrpdf/r_qt1303z.htm",People's Bank of China; Bank for International Settlements.,5B0,"China - Central bank, assets, total, BIS-spliced, break-adjusted",,E,2011-09,28491.22214,,F,A,
M,CN,B,XDC,CNY,B,,"From January 2002 onwards: monthly balance sheet of the People's Bank of China. Between 1993 and 2001: sum of foreign assets (net), claims against the government, bank claims on deposit money, claims against non-monetary financial institutions and claims on the non-financial sector. Before 2000: Almanac of China's finance and banking.",BIS-spliced,-,,3,9,,"This series is adjusted for breaks. Break-adjustment calculations follow the methodology outlined in the BIS Quarterly Review (2013). For further detail, see https://www.bis.org/publ/qtrpdf/r_qt1303z.htm",People's Bank of China; Bank for International Settlements.,5B0,"China - Central bank, assets, total, BIS-spliced, break-adjusted",,E,2011-10,28573.03175,,F,A,
M,CN,B,XDC,CNY,B,,"From January 2002 onwards: monthly balance sheet of the People's Bank of China. Between 1993 and 2001: sum of foreign assets (net), claims against the government, bank claims on deposit money, claims against non-monetary financial institutions and claims on the non-financial sector. Before 2000: Almanac of China's finance and banking.",BIS-spliced,-,,3,9,,"This series is adjusted for breaks. Break-adjustment calculations follow the methodology outlined in the BIS Quarterly Review (2013). For further detail, see https://www.bis.org/publ/qtrpdf/r_qt1303z.htm",People's Bank of China; Bank for International Settlements.,5B0,"China - Central bank, assets, total, BIS-spliced, break-adjusted",,E,2011-11,28287.72114,,F,A,
M,CN,B,XDC,CNY,B,,"From January 2002 onwards: monthly balance sheet of the People's Bank of China. Between 1993 and 2001: sum of foreign assets (net), claims against the government, bank claims on deposit money, claims against non-monetary financial institutions and claims on the non-financial sector. Before 2000: Almanac of China's finance and banking.",BIS-spliced,-,,3,9,,"This series is adjusted for breaks. Break-adjustment calculations follow the methodology outlined in the BIS Quarterly Review (2013). For further detail, see https://www.bis.org/publ/qtrpdf/r_qt1303z.htm",People's Bank of China; Bank for International Settlements.,5B0,"China - Central bank, assets, total, BIS-spliced, break-adjusted",,E,2011-12,28097.75967,,F,A,
M,CN,B,XDC,CNY,B,,"From January 2002 onwards: monthly balance sheet of the People's Bank of China. Between 1993 and 2001: sum of foreign assets (net), claims against the government, bank claims on deposit money, claims against non-monetary financial institutions and claims on the non-financial sector. Before 2000: Almanac of China's finance and banking.",BIS-spliced,-,,3,9,,"This series is adjusted for breaks. Break-adjustment calculations follow the methodology outlined in the BIS Quarterly Review (2013). For further detail, see https://www.bis.org/publ/qtrpdf/r_qt1303z.htm",People's Bank of China; Bank for International Settlements.,5B0,"China - Central bank, assets, total, BIS-spliced, break-adjusted",,E,2012-01,29502.40512,,F,A,
M,CN,B,XDC,CNY,B,,"From January 2002 onwards: monthly balance sheet of the People's Bank of China. Between 1993 and 2001: sum of foreign assets (net), claims against the government, bank claims on deposit money, claims against non-monetary financial institutions and claims on the non-financial sector. Before 2000: Almanac of China's finance and banking.",BIS-spliced,-,,3,9,,"This series is adjusted for breaks. Break-adjustment calculations follow the methodology outlined in the BIS Quarterly Review (2013). For further detail, see https://www.bis.org/publ/qtrpdf/r_qt1303z.htm",People's Bank of China; Bank for International Settlements.,5B0,"China - Central bank, assets, total, BIS-spliced, break-adjusted",,E,2012-02,28327.64892,,F,A,
M,CN,B,XDC,CNY,B,,"From January 2002 onwards: monthly balance sheet of the People's Bank of China. Between 1993 and 2001: sum of foreign assets (net), claims against the government, bank claims on deposit money, claims against non-monetary financial institutions and claims on the non-financial sector. Before 2000: Almanac of China's finance and banking.",BIS-spliced,-,,3,9,,"This series is adjusted for breaks. Break-adjustment calculations follow the methodology outlined in the BIS Quarterly Review (2013). For further detail, see https://www.bis.org/publ/qtrpdf/r_qt1303z.htm",People's Bank of China; Bank for International Settlements.,5B0,"China - Central bank, assets, total, BIS-spliced, break-adjusted",,E,2012-03,28402.23809,,F,A,
M,CN,B,XDC,CNY,B,,"From January 2002 onwards: monthly balance sheet of the People's Bank of China. Between 1993 and 2001: sum of foreign assets (net), claims against the government, bank claims on deposit money, claims against non-monetary financial institutions and claims on the non-financial sector. Before 2000: Almanac of China's finance and banking.",BIS-spliced,-,,3,9,,"This series is adjusted for breaks. Break-adjustment calculations follow the methodology outlined in the BIS Quarterly Review (2013). For further detail, see https://www.bis.org/publ/qtrpdf/r_qt1303z.htm",People's Bank of China; Bank for International Settlements.,5B0,"China - Central bank, assets, total, BIS-spliced, break-adjusted",,E,2012-04,28355.1732,,F,A,
M,CN,B,XDC,CNY,B,,"From January 2002 onwards: monthly balance sheet of the People's Bank of China. Between 1993 and 2001: sum of foreign assets (net), claims against the government, bank claims on deposit money, claims against non-monetary financial institutions and claims on the non-financial sector. Before 2000: Almanac of China's finance and banking.",BIS-spliced,-,,3,9,,"This series is adjusted for breaks. Break-adjustment calculations follow the methodology outlined in the BIS Quarterly Review (2013). For further detail, see https://www.bis.org/publ/qtrpdf/r_qt1303z.htm",People's Bank of China; Bank for International Settlements.,5B0,"China - Central bank, assets, total, BIS-spliced, break-adjusted",,E,2012-05,28375.47399,,F,A,
M,CN,B,XDC,CNY,B,,"From January 2002 onwards: monthly balance sheet of the People's Bank of China. Between 1993 and 2001: sum of foreign assets (net), claims against the government, bank claims on deposit money, claims against non-monetary financial institutions and claims on the non-financial sector. Before 2000: Almanac of China's finance and banking.",BIS-spliced,-,,3,9,,"This series is adjusted for breaks. Break-adjustment calculations follow the methodology outlined in the BIS Quarterly Review (2013). For further detail, see https://www.bis.org/publ/qtrpdf/r_qt1303z.htm",People's Bank of China; Bank for International Settlements.,5B0,"China - Central bank, assets, total, BIS-spliced, break-adjusted",,E,2012-06,28607.10451,,F,A,
M,CN,B,XDC,CNY,B,,"From January 2002 onwards: monthly balance sheet of the People's Bank of China. Between 1993 and 2001: sum of foreign assets (net), claims against the government, bank claims on deposit money, claims against non-monetary financial institutions and claims on the non-financial sector. Before 2000: Almanac of China's finance and banking.",BIS-spliced,-,,3,9,,"This series is adjusted for breaks. Break-adjustment calculations follow the methodology outlined in the BIS Quarterly Review (2013). For further detail, see https://www.bis.org/publ/qtrpdf/r_qt1303z.htm",People's Bank of China; Bank for International Settlements.,5B0,"China - Central bank, assets, total, BIS-spliced, break-adjusted",,E,2012-07,28458.02721,,F,A,
M,CN,B,XDC,CNY,B,,"From January 2002 onwards: monthly balance sheet of the People's Bank of China. Between 1993 and 2001: sum of foreign assets (net), claims against the government, bank claims on deposit money, claims against non-monetary financial institutions and claims on the non-financial sector. Before 2000: Almanac of China's finance and banking.",BIS-spliced,-,,3,9,,"This series is adjusted for breaks. Break-adjustment calculations follow the methodology outlined in the BIS Quarterly Review (2013). For further detail, see https://www.bis.org/publ/qtrpdf/r_qt1303z.htm",People's Bank of China; Bank for International Settlements.,5B0,"China - Central bank, assets, total, BIS-spliced, break-adjusted",,E,2012-08,28597.4952,,F,A,
M,CN,B,XDC,CNY,B,,"From January 2002 onwards: monthly balance sheet of the People's Bank of China. Between 1993 and 2001: sum of foreign assets (net), claims against the government, bank claims on deposit money, claims against non-monetary financial institutions and claims on the non-financial sector. Before 2000: Almanac of China's finance and banking.",BIS-spliced,-,,3,9,,"This series is adjusted for breaks. Break-adjustment calculations follow the methodology outlined in the BIS Quarterly Review (2013). For further detail, see https://www.bis.org/publ/qtrpdf/r_qt1303z.htm",People's Bank of China; Bank for International Settlements.,5B0,"China - Central bank, assets, total, BIS-spliced, break-adjusted",,E,2012-09,28965.77499,,F,A,
M,CN,B,XDC,CNY,B,,"From January 2002 onwards: monthly balance sheet of the People's Bank of China. Between 1993 and 2001: sum of foreign assets (net), claims against the government, bank claims on deposit money, claims against non-monetary financial institutions and claims on the non-financial sector. Before 2000: Almanac of China's finance and banking.",BIS-spliced,-,,3,9,,"This series is adjusted for breaks. Break-adjustment calculations follow the methodology outlined in the BIS Quarterly Review (2013). For further detail, see https://www.bis.org/publ/qtrpdf/r_qt1303z.htm",People's Bank of China; Bank for International Settlements.,5B0,"China - Central bank, assets, total, BIS-spliced, break-adjusted",,E,2012-10,29230.44157,,F,A,
M,CN,B,XDC,CNY,B,,"From January 2002 onwards: monthly balance sheet of the People's Bank of China. Between 1993 and 2001: sum of foreign assets (net), claims against the government, bank claims on deposit money, claims against non-monetary financial institutions and claims on the non-financial sector. Before 2000: Almanac of China's finance and banking.",BIS-spliced,-,,3,9,,"This series is adjusted for breaks. Break-adjustment calculations follow the methodology outlined in the BIS Quarterly Review (2013). For further detail, see https://www.bis.org/publ/qtrpdf/r_qt1303z.htm",People's Bank of China; Bank for International Settlements.,5B0,"China - Central bank, assets, total, BIS-spliced, break-adjusted",,E,2012-11,28987.73925,,F,A,
M,CN,B,XDC,CNY,B,,"From January 2002 onwards: monthly balance sheet of the People's Bank of China. Between 1993 and 2001: sum of foreign assets (net), claims against the government, bank claims on deposit money, claims against non-monetary financial institutions and claims on the non-financial sector. Before 2000: Almanac of China's finance and banking.",BIS-spliced,-,,3,9,,"This series is adjusted for breaks. Break-adjustment calculations follow the methodology outlined in the BIS Quarterly Review (2013). For further detail, see https://www.bis.org/publ/qtrpdf/r_qt1303z.htm",People's Bank of China; Bank for International Settlements.,5B0,"China - Central bank, assets, total, BIS-spliced, break-adjusted",,E,2012-12,29453.71865,,F,A,
M,CN,B,XDC,CNY,B,,"From January 2002 onwards: monthly balance sheet of the People's Bank of China. Between 1993 and 2001: sum of foreign assets (net), claims against the government, bank claims on deposit money, claims against non-monetary financial institutions and claims on the non-financial sector. Before 2000: Almanac of China's finance and banking.",BIS-spliced,-,,3,9,,"This series is adjusted for breaks. Break-adjustment calculations follow the methodology outlined in the BIS Quarterly Review (2013). For further detail, see https://www.bis.org/publ/qtrpdf/r_qt1303z.htm",People's Bank of China; Bank for International Settlements.,5B0,"China - Central bank, assets, total, BIS-spliced, break-adjusted",,E,2013-01,29793.15654,,F,A,
M,CN,B,XDC,CNY,B,,"From January 2002 onwards: monthly balance sheet of the People's Bank of China. Between 1993 and 2001: sum of foreign assets (net), claims against the government, bank claims on deposit money, claims against non-monetary financial institutions and claims on the non-financial sector. Before 2000: Almanac of China's finance and banking.",BIS-spliced,-,,3,9,,"This series is adjusted for breaks. Break-adjustment calculations follow the methodology outlined in the BIS Quarterly Review (2013). For further detail, see https://www.bis.org/publ/qtrpdf/r_qt1303z.htm",People's Bank of China; Bank for International Settlements.,5B0,"China - Central bank, assets, total, BIS-spliced, break-adjusted",,E,2013-02,29817.53807,,F,A,
M,CN,B,XDC,CNY,B,,"From January 2002 onwards: monthly balance sheet of the People's Bank of China. Between 1993 and 2001: sum of foreign assets (net), claims against the government, bank claims on deposit money, claims against non-monetary financial institutions and claims on the non-financial sector. Before 2000: Almanac of China's finance and banking.",BIS-spliced,-,,3,9,,"This series is adjusted for breaks. Break-adjustment calculations follow the methodology outlined in the BIS Quarterly Review (2013). For further detail, see https://www.bis.org/publ/qtrpdf/r_qt1303z.htm",People's Bank of China; Bank for International Settlements.,5B0,"China - Central bank, assets, total, BIS-spliced, break-adjusted",,E,2013-03,29894.0428,,F,A,
M,CN,B,XDC,CNY,B,,"From January 2002 onwards: monthly balance sheet of the People's Bank of China. Between 1993 and 2001: sum of foreign assets (net), claims against the government, bank claims on deposit money, claims against non-monetary financial institutions and claims on the non-financial sector. Before 2000: Almanac of China's finance and banking.",BIS-spliced,-,,3,9,,"This series is adjusted for breaks. Break-adjustment calculations follow the methodology outlined in the BIS Quarterly Review (2013). For further detail, see https://www.bis.org/publ/qtrpdf/r_qt1303z.htm",People's Bank of China; Bank for International Settlements.,5B0,"China - Central bank, assets, total, BIS-spliced, break-adjusted",,E,2013-04,30080.08436,,F,A,
M,CN,B,XDC,CNY,B,,"From January 2002 onwards: monthly balance sheet of the People's Bank of China. Between 1993 and 2001: sum of foreign assets (net), claims against the government, bank claims on deposit money, claims against non-monetary financial institutions and claims on the non-financial sector. Before 2000: Almanac of China's finance and banking.",BIS-spliced,-,,3,9,,"This series is adjusted for breaks. Break-adjustment calculations follow the methodology outlined in the BIS Quarterly Review (2013). For further detail, see https://www.bis.org/publ/qtrpdf/r_qt1303z.htm",People's Bank of China; Bank for International Settlements.,5B0,"China - Central bank, assets, total, BIS-spliced, break-adjusted",,E,2013-05,30214.5342,,F,A,
M,CN,B,XDC,CNY,B,,"From January 2002 onwards: monthly balance sheet of the People's Bank of China. Between 1993 and 2001: sum of foreign assets (net), claims against the government, bank claims on deposit money, claims against non-monetary financial institutions and claims on the non-financial sector. Before 2000: Almanac of China's finance and banking.",BIS-spliced,-,,3,9,,"This series is adjusted for breaks. Break-adjustment calculations follow the methodology outlined in the BIS Quarterly Review (2013). For further detail, see https://www.bis.org/publ/qtrpdf/r_qt1303z.htm",People's Bank of China; Bank for International Settlements.,5B0,"China - Central bank, assets, total, BIS-spliced, break-adjusted",,E,2013-06,30674.11019,,F,A,
M,CN,B,XDC,CNY,B,,"From January 2002 onwards: monthly balance sheet of the People's Bank of China. Between 1993 and 2001: sum of foreign assets (net), claims against the government, bank claims on deposit money, claims against non-monetary financial institutions and claims on the non-financial sector. Before 2000: Almanac of China's finance and banking.",BIS-spliced,-,,3,9,,"This series is adjusted for breaks. Break-adjustment calculations follow the methodology outlined in the BIS Quarterly Review (2013). For further detail, see https://www.bis.org/publ/qtrpdf/r_qt1303z.htm",People's Bank of China; Bank for International Settlements.,5B0,"China - Central bank, assets, total, BIS-spliced, break-adjusted",,E,2013-07,30669.71614,,F,A,
M,CN,B,XDC,CNY,B,,"From January 2002 onwards: monthly balance sheet of the People's Bank of China. Between 1993 and 2001: sum of foreign assets (net), claims against the government, bank claims on deposit money, claims against non-monetary financial institutions and claims on the non-financial sector. Before 2000: Almanac of China's finance and banking.",BIS-spliced,-,,3,9,,"This series is adjusted for breaks. Break-adjustment calculations follow the methodology outlined in the BIS Quarterly Review (2013). For further detail, see https://www.bis.org/publ/qtrpdf/r_qt1303z.htm",People's Bank of China; Bank for International Settlements.,5B0,"China - Central bank, assets, total, BIS-spliced, break-adjusted",,E,2013-08,30892.59009,,F,A,
M,CN,B,XDC,CNY,B,,"From January 2002 onwards: monthly balance sheet of the People's Bank of China. Between 1993 and 2001: sum of foreign assets (net), claims against the government, bank claims on deposit money, claims against non-monetary financial institutions and claims on the non-financial sector. Before 2000: Almanac of China's finance and banking.",BIS-spliced,-,,3,9,,"This series is adjusted for breaks. Break-adjustment calculations follow the methodology outlined in the BIS Quarterly Review (2013). For further detail, see https://www.bis.org/publ/qtrpdf/r_qt1303z.htm",People's Bank of China; Bank for International Settlements.,5B0,"China - Central bank, assets, total, BIS-spliced, break-adjusted",,E,2013-09,31119.12033,,F,A,
M,CN,B,XDC,CNY,B,,"From January 2002 onwards: monthly balance sheet of the People's Bank of China. Between 1993 and 2001: sum of foreign assets (net), claims against the government, bank claims on deposit money, claims against non-monetary financial institutions and claims on the non-financial sector. Before 2000: Almanac of China's finance and banking.",BIS-spliced,-,,3,9,,"This series is adjusted for breaks. Break-adjustment calculations follow the methodology outlined in the BIS Quarterly Review (2013). For further detail, see https://www.bis.org/publ/qtrpdf/r_qt1303z.htm",People's Bank of China; Bank for International Settlements.,5B0,"China - Central bank, assets, total, BIS-spliced, break-adjusted",,E,2013-10,31451.73023,,F,A,
M,CN,B,XDC,CNY,B,,"From January 2002 onwards: monthly balance sheet of the People's Bank of China. Between 1993 and 2001: sum of foreign assets (net), claims against the government, bank claims on deposit money, claims against non-monetary financial institutions and claims on the non-financial sector. Before 2000: Almanac of China's finance and banking.",BIS-spliced,-,,3,9,,"This series is adjusted for breaks. Break-adjustment calculations follow the methodology outlined in the BIS Quarterly Review (2013). For further detail, see https://www.bis.org/publ/qtrpdf/r_qt1303z.htm",People's Bank of China; Bank for International Settlements.,5B0,"China - Central bank, assets, total, BIS-spliced, break-adjusted",,E,2013-11,31846.91506,,F,A,
M,CN,B,XDC,CNY,B,,"From January 2002 onwards: monthly balance sheet of the People's Bank of China. Between 1993 and 2001: sum of foreign assets (net), claims against the government, bank claims on deposit money, claims against non-monetary financial institutions and claims on the non-financial sector. Before 2000: Almanac of China's finance and banking.",BIS-spliced,-,,3,9,,"This series is adjusted for breaks. Break-adjustment calculations follow the methodology outlined in the BIS Quarterly Review (2013). For further detail, see https://www.bis.org/publ/qtrpdf/r_qt1303z.htm",People's Bank of China; Bank for International Settlements.,5B0,"China - Central bank, assets, total, BIS-spliced, break-adjusted",,E,2013-12,31727.85532,,F,A,
M,CN,B,XDC,CNY,B,,"From January 2002 onwards: monthly balance sheet of the People's Bank of China. Between 1993 and 2001: sum of foreign assets (net), claims against the government, bank claims on deposit money, claims against non-monetary financial institutions and claims on the non-financial sector. Before 2000: Almanac of China's finance and banking.",BIS-spliced,-,,3,9,,"This series is adjusted for breaks. Break-adjustment calculations follow the methodology outlined in the BIS Quarterly Review (2013). For further detail, see https://www.bis.org/publ/qtrpdf/r_qt1303z.htm",People's Bank of China; Bank for International Settlements.,5B0,"China - Central bank, assets, total, BIS-spliced, break-adjusted",,E,2014-01,33118.15137,,F,A,
M,CN,B,XDC,CNY,B,,"From January 2002 onwards: monthly balance sheet of the People's Bank of China. Between 1993 and 2001: sum of foreign assets (net), claims against the government, bank claims on deposit money, claims against non-monetary financial institutions and claims on the non-financial sector. Before 2000: Almanac of China's finance and banking.",BIS-spliced,-,,3,9,,"This series is adjusted for breaks. Break-adjustment calculations follow the methodology outlined in the BIS Quarterly Review (2013). For further detail, see https://www.bis.org/publ/qtrpdf/r_qt1303z.htm",People's Bank of China; Bank for International Settlements.,5B0,"China - Central bank, assets, total, BIS-spliced, break-adjusted",,E,2014-02,32501.97656,,F,A,
M,CN,B,XDC,CNY,B,,"From January 2002 onwards: monthly balance sheet of the People's Bank of China. Between 1993 and 2001: sum of foreign assets (net), claims against the government, bank claims on deposit money, claims against non-monetary financial institutions and claims on the non-financial sector. Before 2000: Almanac of China's finance and banking.",BIS-spliced,-,,3,9,,"This series is adjusted for breaks. Break-adjustment calculations follow the methodology outlined in the BIS Quarterly Review (2013). For further detail, see https://www.bis.org/publ/qtrpdf/r_qt1303z.htm",People's Bank of China; Bank for International Settlements.,5B0,"China - Central bank, assets, total, BIS-spliced, break-adjusted",,E,2014-03,32664.72056,,F,A,
M,CN,B,XDC,CNY,B,,"From January 2002 onwards: monthly balance sheet of the People's Bank of China. Between 1993 and 2001: sum of foreign assets (net), claims against the government, bank claims on deposit money, claims against non-monetary financial institutions and claims on the non-financial sector. Before 2000: Almanac of China's finance and banking.",BIS-spliced,-,,3,9,,"This series is adjusted for breaks. Break-adjustment calculations follow the methodology outlined in the BIS Quarterly Review (2013). For further detail, see https://www.bis.org/publ/qtrpdf/r_qt1303z.htm",People's Bank of China; Bank for International Settlements.,5B0,"China - Central bank, assets, total, BIS-spliced, break-adjusted",,E,2014-04,32808.02597,,F,A,
M,CN,B,XDC,CNY,B,,"From January 2002 onwards: monthly balance sheet of the People's Bank of China. Between 1993 and 2001: sum of foreign assets (net), claims against the government, bank claims on deposit money, claims against non-monetary financial institutions and claims on the non-financial sector. Before 2000: Almanac of China's finance and banking.",BIS-spliced,-,,3,9,,"This series is adjusted for breaks. Break-adjustment calculations follow the methodology outlined in the BIS Quarterly Review (2013). For further detail, see https://www.bis.org/publ/qtrpdf/r_qt1303z.htm",People's Bank of China; Bank for International Settlements.,5B0,"China - Central bank, assets, total, BIS-spliced, break-adjusted",,E,2014-05,32902.32248,,F,A,
M,CN,B,XDC,CNY,B,,"From January 2002 onwards: monthly balance sheet of the People's Bank of China. Between 1993 and 2001: sum of foreign assets (net), claims against the government, bank claims on deposit money, claims against non-monetary financial institutions and claims on the non-financial sector. Before 2000: Almanac of China's finance and banking.",BIS-spliced,-,,3,9,,"This series is adjusted for breaks. Break-adjustment calculations follow the methodology outlined in the BIS Quarterly Review (2013). For further detail, see https://www.bis.org/publ/qtrpdf/r_qt1303z.htm",People's Bank of China; Bank for International Settlements.,5B0,"China - Central bank, assets, total, BIS-spliced, break-adjusted",,E,2014-06,32969.85951,,F,A,
M,CN,B,XDC,CNY,B,,"From January 2002 onwards: monthly balance sheet of the People's Bank of China. Between 1993 and 2001: sum of foreign assets (net), claims against the government, bank claims on deposit money, claims against non-monetary financial institutions and claims on the non-financial sector. Before 2000: Almanac of China's finance and banking.",BIS-spliced,-,,3,9,,"This series is adjusted for breaks. Break-adjustment calculations follow the methodology outlined in the BIS Quarterly Review (2013). For further detail, see https://www.bis.org/publ/qtrpdf/r_qt1303z.htm",People's Bank of China; Bank for International Settlements.,5B0,"China - Central bank, assets, total, BIS-spliced, break-adjusted",,E,2014-07,33009.15581,,F,A,
M,CN,B,XDC,CNY,B,,"From January 2002 onwards: monthly balance sheet of the People's Bank of China. Between 1993 and 2001: sum of foreign assets (net), claims against the government, bank claims on deposit money, claims against non-monetary financial institutions and claims on the non-financial sector. Before 2000: Almanac of China's finance and banking.",BIS-spliced,-,,3,9,,"This series is adjusted for breaks. Break-adjustment calculations follow the methodology outlined in the BIS Quarterly Review (2013). For further detail, see https://www.bis.org/publ/qtrpdf/r_qt1303z.htm",People's Bank of China; Bank for International Settlements.,5B0,"China - Central bank, assets, total, BIS-spliced, break-adjusted",,E,2014-08,33063.42084,,F,A,
M,CN,B,XDC,CNY,B,,"From January 2002 onwards: monthly balance sheet of the People's Bank of China. Between 1993 and 2001: sum of foreign assets (net), claims against the government, bank claims on deposit money, claims against non-monetary financial institutions and claims on the non-financial sector. Before 2000: Almanac of China's finance and banking.",BIS-spliced,-,,3,9,,"This series is adjusted for breaks. Break-adjustment calculations follow the methodology outlined in the BIS Quarterly Review (2013). For further detail, see https://www.bis.org/publ/qtrpdf/r_qt1303z.htm",People's Bank of China; Bank for International Settlements.,5B0,"China - Central bank, assets, total, BIS-spliced, break-adjusted",,E,2014-09,33626.16145,,F,A,
M,CN,B,XDC,CNY,B,,"From January 2002 onwards: monthly balance sheet of the People's Bank of China. Between 1993 and 2001: sum of foreign assets (net), claims against the government, bank claims on deposit money, claims against non-monetary financial institutions and claims on the non-financial sector. Before 2000: Almanac of China's finance and banking.",BIS-spliced,-,,3,9,,"This series is adjusted for breaks. Break-adjustment calculations follow the methodology outlined in the BIS Quarterly Review (2013). For further detail, see https://www.bis.org/publ/qtrpdf/r_qt1303z.htm",People's Bank of China; Bank for International Settlements.,5B0,"China - Central bank, assets, total, BIS-spliced, break-adjusted",,E,2014-10,33928.49686,,F,A,
M,CN,B,XDC,CNY,B,,"From January 2002 onwards: monthly balance sheet of the People's Bank of China. Between 1993 and 2001: sum of foreign assets (net), claims against the government, bank claims on deposit money, claims against non-monetary financial institutions and claims on the non-financial sector. Before 2000: Almanac of China's finance and banking.",BIS-spliced,-,,3,9,,"This series is adjusted for breaks. Break-adjustment calculations follow the methodology outlined in the BIS Quarterly Review (2013). For further detail, see https://www.bis.org/publ/qtrpdf/r_qt1303z.htm",People's Bank of China; Bank for International Settlements.,5B0,"China - Central bank, assets, total, BIS-spliced, break-adjusted",,E,2014-11,34022.0622,,F,A,
M,CN,B,XDC,CNY,B,,"From January 2002 onwards: monthly balance sheet of the People's Bank of China. Between 1993 and 2001: sum of foreign assets (net), claims against the government, bank claims on deposit money, claims against non-monetary financial institutions and claims on the non-financial sector. Before 2000: Almanac of China's finance and banking.",BIS-spliced,-,,3,9,,"This series is adjusted for breaks. Break-adjustment calculations follow the methodology outlined in the BIS Quarterly Review (2013). For further detail, see https://www.bis.org/publ/qtrpdf/r_qt1303z.htm",People's Bank of China; Bank for International Settlements.,5B0,"China - Central bank, assets, total, BIS-spliced, break-adjusted",,E,2014-12,33824.87932,,F,A,
M,CN,B,XDC,CNY,B,,"From January 2002 onwards: monthly balance sheet of the People's Bank of China. Between 1993 and 2001: sum of foreign assets (net), claims against the government, bank claims on deposit money, claims against non-monetary financial institutions and claims on the non-financial sector. Before 2000: Almanac of China's finance and banking.",BIS-spliced,-,,3,9,,"This series is adjusted for breaks. Break-adjustment calculations follow the methodology outlined in the BIS Quarterly Review (2013). For further detail, see https://www.bis.org/publ/qtrpdf/r_qt1303z.htm",People's Bank of China; Bank for International Settlements.,5B0,"China - Central bank, assets, total, BIS-spliced, break-adjusted",,E,2015-01,33886.80468,,F,A,
M,CN,B,XDC,CNY,B,,"From January 2002 onwards: monthly balance sheet of the People's Bank of China. Between 1993 and 2001: sum of foreign assets (net), claims against the government, bank claims on deposit money, claims against non-monetary financial institutions and claims on the non-financial sector. Before 2000: Almanac of China's finance and banking.",BIS-spliced,-,,3,9,,"This series is adjusted for breaks. Break-adjustment calculations follow the methodology outlined in the BIS Quarterly Review (2013). For further detail, see https://www.bis.org/publ/qtrpdf/r_qt1303z.htm",People's Bank of China; Bank for International Settlements.,5B0,"China - Central bank, assets, total, BIS-spliced, break-adjusted",,E,2015-02,34541.08173,,F,A,
M,CN,B,XDC,CNY,B,,"From January 2002 onwards: monthly balance sheet of the People's Bank of China. Between 1993 and 2001: sum of foreign assets (net), claims against the government, bank claims on deposit money, claims against non-monetary financial institutions and claims on the non-financial sector. Before 2000: Almanac of China's finance and banking.",BIS-spliced,-,,3,9,,"This series is adjusted for breaks. Break-adjustment calculations follow the methodology outlined in the BIS Quarterly Review (2013). For further detail, see https://www.bis.org/publ/qtrpdf/r_qt1303z.htm",People's Bank of China; Bank for International Settlements.,5B0,"China - Central bank, assets, total, BIS-spliced, break-adjusted",,E,2015-03,34222.55462,,F,A,
M,CN,B,XDC,CNY,B,,"From January 2002 onwards: monthly balance sheet of the People's Bank of China. Between 1993 and 2001: sum of foreign assets (net), claims against the government, bank claims on deposit money, claims against non-monetary financial institutions and claims on the non-financial sector. Before 2000: Almanac of China's finance and banking.",BIS-spliced,-,,3,9,,"This series is adjusted for breaks. Break-adjustment calculations follow the methodology outlined in the BIS Quarterly Review (2013). For further detail, see https://www.bis.org/publ/qtrpdf/r_qt1303z.htm",People's Bank of China; Bank for International Settlements.,5B0,"China - Central bank, assets, total, BIS-spliced, break-adjusted",,E,2015-04,34088.82779,,F,A,
M,CN,B,XDC,CNY,B,,"From January 2002 onwards: monthly balance sheet of the People's Bank of China. Between 1993 and 2001: sum of foreign assets (net), claims against the government, bank claims on deposit money, claims against non-monetary financial institutions and claims on the non-financial sector. Before 2000: Almanac of China's finance and banking.",BIS-spliced,-,,3,9,,"This series is adjusted for breaks. Break-adjustment calculations follow the methodology outlined in the BIS Quarterly Review (2013). For further detail, see https://www.bis.org/publ/qtrpdf/r_qt1303z.htm",People's Bank of China; Bank for International Settlements.,5B0,"China - Central bank, assets, total, BIS-spliced, break-adjusted",,E,2015-05,34076.1466,,F,A,
M,CN,B,XDC,CNY,B,,"From January 2002 onwards: monthly balance sheet of the People's Bank of China. Between 1993 and 2001: sum of foreign assets (net), claims against the government, bank claims on deposit money, claims against non-monetary financial institutions and claims on the non-financial sector. Before 2000: Almanac of China's finance and banking.",BIS-spliced,-,,3,9,,"This series is adjusted for breaks. Break-adjustment calculations follow the methodology outlined in the BIS Quarterly Review (2013). For further detail, see https://www.bis.org/publ/qtrpdf/r_qt1303z.htm",People's Bank of China; Bank for International Settlements.,5B0,"China - Central bank, assets, total, BIS-spliced, break-adjusted",,E,2015-06,33707.58258,,F,A,
M,CN,B,XDC,CNY,B,,"From January 2002 onwards: monthly balance sheet of the People's Bank of China. Between 1993 and 2001: sum of foreign assets (net), claims against the government, bank claims on deposit money, claims against non-monetary financial institutions and claims on the non-financial sector. Before 2000: Almanac of China's finance and banking.",BIS-spliced,-,,3,9,,"This series is adjusted for breaks. Break-adjustment calculations follow the methodology outlined in the BIS Quarterly Review (2013). For further detail, see https://www.bis.org/publ/qtrpdf/r_qt1303z.htm",People's Bank of China; Bank for International Settlements.,5B0,"China - Central bank, assets, total, BIS-spliced, break-adjusted",,E,2015-07,33519.7679,,F,A,
M,CN,B,XDC,CNY,B,,"From January 2002 onwards: monthly balance sheet of the People's Bank of China. Between 1993 and 2001: sum of foreign assets (net), claims against the government, bank claims on deposit money, claims against non-monetary financial institutions and claims on the non-financial sector. Before 2000: Almanac of China's finance and banking.",BIS-spliced,-,,3,9,,"This series is adjusted for breaks. Break-adjustment calculations follow the methodology outlined in the BIS Quarterly Review (2013). For further detail, see https://www.bis.org/publ/qtrpdf/r_qt1303z.htm",People's Bank of China; Bank for International Settlements.,5B0,"China - Central bank, assets, total, BIS-spliced, break-adjusted",,E,2015-08,33338.64998,,F,A,
M,CN,B,XDC,CNY,B,,"From January 2002 onwards: monthly balance sheet of the People's Bank of China. Between 1993 and 2001: sum of foreign assets (net), claims against the government, bank claims on deposit money, claims against non-monetary financial institutions and claims on the non-financial sector. Before 2000: Almanac of China's finance and banking.",BIS-spliced,-,,3,9,,"This series is adjusted for breaks. Break-adjustment calculations follow the methodology outlined in the BIS Quarterly Review (2013). For further detail, see https://www.bis.org/publ/qtrpdf/r_qt1303z.htm",People's Bank of China; Bank for International Settlements.,5B0,"China - Central bank, assets, total, BIS-spliced, break-adjusted",,E,2015-09,32603.88845,,F,A,
M,CN,B,XDC,CNY,B,,"From January 2002 onwards: monthly balance sheet of the People's Bank of China. Between 1993 and 2001: sum of foreign assets (net), claims against the government, bank claims on deposit money, claims against non-monetary financial institutions and claims on the non-financial sector. Before 2000: Almanac of China's finance and banking.",BIS-spliced,-,,3,9,,"This series is adjusted for breaks. Break-adjustment calculations follow the methodology outlined in the BIS Quarterly Review (2013). For further detail, see https://www.bis.org/publ/qtrpdf/r_qt1303z.htm",People's Bank of China; Bank for International Settlements.,5B0,"China - Central bank, assets, total, BIS-spliced, break-adjusted",,E,2015-10,32731.38435,,F,A,
M,CN,B,XDC,CNY,B,,"From January 2002 onwards: monthly balance sheet of the People's Bank of China. Between 1993 and 2001: sum of foreign assets (net), claims against the government, bank claims on deposit money, claims against non-monetary financial institutions and claims on the non-financial sector. Before 2000: Almanac of China's finance and banking.",BIS-spliced,-,,3,9,,"This series is adjusted for breaks. Break-adjustment calculations follow the methodology outlined in the BIS Quarterly Review (2013). For further detail, see https://www.bis.org/publ/qtrpdf/r_qt1303z.htm",People's Bank of China; Bank for International Settlements.,5B0,"China - Central bank, assets, total, BIS-spliced, break-adjusted",,E,2015-11,32625.25664,,F,A,
M,CN,B,XDC,CNY,B,,"From January 2002 onwards: monthly balance sheet of the People's Bank of China. Between 1993 and 2001: sum of foreign assets (net), claims against the government, bank claims on deposit money, claims against non-monetary financial institutions and claims on the non-financial sector. Before 2000: Almanac of China's finance and banking.",BIS-spliced,-,,3,9,,"This series is adjusted for breaks. Break-adjustment calculations follow the methodology outlined in the BIS Quarterly Review (2013). For further detail, see https://www.bis.org/publ/qtrpdf/r_qt1303z.htm",People's Bank of China; Bank for International Settlements.,5B0,"China - Central bank, assets, total, BIS-spliced, break-adjusted",,E,2015-12,31783.69682,,F,A,
M,CN,B,XDC,CNY,B,,"From January 2002 onwards: monthly balance sheet of the People's Bank of China. Between 1993 and 2001: sum of foreign assets (net), claims against the government, bank claims on deposit money, claims against non-monetary financial institutions and claims on the non-financial sector. Before 2000: Almanac of China's finance and banking.",BIS-spliced,-,,3,9,,"This series is adjusted for breaks. Break-adjustment calculations follow the methodology outlined in the BIS Quarterly Review (2013). For further detail, see https://www.bis.org/publ/qtrpdf/r_qt1303z.htm",People's Bank of China; Bank for International Settlements.,5B0,"China - Central bank, assets, total, BIS-spliced, break-adjusted",,E,2016-01,33703.88,,F,A,
M,CN,B,XDC,CNY,B,,"From January 2002 onwards: monthly balance sheet of the People's Bank of China. Between 1993 and 2001: sum of foreign assets (net), claims against the government, bank claims on deposit money, claims against non-monetary financial institutions and claims on the non-financial sector. Before 2000: Almanac of China's finance and banking.",BIS-spliced,-,,3,9,,"This series is adjusted for breaks. Break-adjustment calculations follow the methodology outlined in the BIS Quarterly Review (2013). For further detail, see https://www.bis.org/publ/qtrpdf/r_qt1303z.htm",People's Bank of China; Bank for International Settlements.,5B0,"China - Central bank, assets, total, BIS-spliced, break-adjusted",,E,2016-02,33584.31,,F,A,
M,CN,B,XDC,CNY,B,,"From January 2002 onwards: monthly balance sheet of the People's Bank of China. Between 1993 and 2001: sum of foreign assets (net), claims against the government, bank claims on deposit money, claims against non-monetary financial institutions and claims on the non-financial sector. Before 2000: Almanac of China's finance and banking.",BIS-spliced,-,,3,9,,"This series is adjusted for breaks. Break-adjustment calculations follow the methodology outlined in the BIS Quarterly Review (2013). For further detail, see https://www.bis.org/publ/qtrpdf/r_qt1303z.htm",People's Bank of China; Bank for International Settlements.,5B0,"China - Central bank, assets, total, BIS-spliced, break-adjusted",,E,2016-03,32621.65,,F,A,
M,CN,B,XDC,CNY,B,,"From January 2002 onwards: monthly balance sheet of the People's Bank of China. Between 1993 and 2001: sum of foreign assets (net), claims against the government, bank claims on deposit money, claims against non-monetary financial institutions and claims on the non-financial sector. Before 2000: Almanac of China's finance and banking.",BIS-spliced,-,,3,9,,"This series is adjusted for breaks. Break-adjustment calculations follow the methodology outlined in the BIS Quarterly Review (2013). For further detail, see https://www.bis.org/publ/qtrpdf/r_qt1303z.htm",People's Bank of China; Bank for International Settlements.,5B0,"China - Central bank, assets, total, BIS-spliced, break-adjusted",,E,2016-04,32908.89,,F,A,
M,CN,B,XDC,CNY,B,,"From January 2002 onwards: monthly balance sheet of the People's Bank of China. Between 1993 and 2001: sum of foreign assets (net), claims against the government, bank claims on deposit money, claims against non-monetary financial institutions and claims on the non-financial sector. Before 2000: Almanac of China's finance and banking.",BIS-spliced,-,,3,9,,"This series is adjusted for breaks. Break-adjustment calculations follow the methodology outlined in the BIS Quarterly Review (2013). For further detail, see https://www.bis.org/publ/qtrpdf/r_qt1303z.htm",People's Bank of China; Bank for International Settlements.,5B0,"China - Central bank, assets, total, BIS-spliced, break-adjusted",,E,2016-05,33027.41,,F,A,
M,CN,B,XDC,CNY,B,,"From January 2002 onwards: monthly balance sheet of the People's Bank of China. Between 1993 and 2001: sum of foreign assets (net), claims against the government, bank claims on deposit money, claims against non-monetary financial institutions and claims on the non-financial sector. Before 2000: Almanac of China's finance and banking.",BIS-spliced,-,,3,9,,"This series is adjusted for breaks. Break-adjustment calculations follow the methodology outlined in the BIS Quarterly Review (2013). For further detail, see https://www.bis.org/publ/qtrpdf/r_qt1303z.htm",People's Bank of China; Bank for International Settlements.,5B0,"China - Central bank, assets, total, BIS-spliced, break-adjusted",,E,2016-06,33814.22,,F,A,
M,CN,B,XDC,CNY,B,,"From January 2002 onwards: monthly balance sheet of the People's Bank of China. Between 1993 and 2001: sum of foreign assets (net), claims against the government, bank claims on deposit money, claims against non-monetary financial institutions and claims on the non-financial sector. Before 2000: Almanac of China's finance and banking.",BIS-spliced,-,,3,9,,"This series is adjusted for breaks. Break-adjustment calculations follow the methodology outlined in the BIS Quarterly Review (2013). For further detail, see https://www.bis.org/publ/qtrpdf/r_qt1303z.htm",People's Bank of China; Bank for International Settlements.,5B0,"China - Central bank, assets, total, BIS-spliced, break-adjusted",,E,2016-07,33531.4,,F,A,
M,CN,B,XDC,CNY,B,,"From January 2002 onwards: monthly balance sheet of the People's Bank of China. Between 1993 and 2001: sum of foreign assets (net), claims against the government, bank claims on deposit money, claims against non-monetary financial institutions and claims on the non-financial sector. Before 2000: Almanac of China's finance and banking.",BIS-spliced,-,,3,9,,"This series is adjusted for breaks. Break-adjustment calculations follow the methodology outlined in the BIS Quarterly Review (2013). For further detail, see https://www.bis.org/publ/qtrpdf/r_qt1303z.htm",People's Bank of China; Bank for International Settlements.,5B0,"China - Central bank, assets, total, BIS-spliced, break-adjusted",,E,2016-08,33393.62,,F,A,
M,CN,B,XDC,CNY,B,,"From January 2002 onwards: monthly balance sheet of the People's Bank of China. Between 1993 and 2001: sum of foreign assets (net), claims against the government, bank claims on deposit money, claims against non-monetary financial institutions and claims on the non-financial sector. Before 2000: Almanac of China's finance and banking.",BIS-spliced,-,,3,9,,"This series is adjusted for breaks. Break-adjustment calculations follow the methodology outlined in the BIS Quarterly Review (2013). For further detail, see https://www.bis.org/publ/qtrpdf/r_qt1303z.htm",People's Bank of China; Bank for International Settlements.,5B0,"China - Central bank, assets, total, BIS-spliced, break-adjusted",,E,2016-09,33495.04,,F,A,
M,CN,B,XDC,CNY,B,,"From January 2002 onwards: monthly balance sheet of the People's Bank of China. Between 1993 and 2001: sum of foreign assets (net), claims against the government, bank claims on deposit money, claims against non-monetary financial institutions and claims on the non-financial sector. Before 2000: Almanac of China's finance and banking.",BIS-spliced,-,,3,9,,"This series is adjusted for breaks. Break-adjustment calculations follow the methodology outlined in the BIS Quarterly Review (2013). For further detail, see https://www.bis.org/publ/qtrpdf/r_qt1303z.htm",People's Bank of China; Bank for International Settlements.,5B0,"China - Central bank, assets, total, BIS-spliced, break-adjusted",,E,2016-10,34205.8,,F,A,
M,CN,B,XDC,CNY,B,,"From January 2002 onwards: monthly balance sheet of the People's Bank of China. Between 1993 and 2001: sum of foreign assets (net), claims against the government, bank claims on deposit money, claims against non-monetary financial institutions and claims on the non-financial sector. Before 2000: Almanac of China's finance and banking.",BIS-spliced,-,,3,9,,"This series is adjusted for breaks. Break-adjustment calculations follow the methodology outlined in the BIS Quarterly Review (2013). For further detail, see https://www.bis.org/publ/qtrpdf/r_qt1303z.htm",People's Bank of China; Bank for International Settlements.,5B0,"China - Central bank, assets, total, BIS-spliced, break-adjusted",,E,2016-11,33973.95,,F,A,
M,CN,B,XDC,CNY,B,,"From January 2002 onwards: monthly balance sheet of the People's Bank of China. Between 1993 and 2001: sum of foreign assets (net), claims against the government, bank claims on deposit money, claims against non-monetary financial institutions and claims on the non-financial sector. Before 2000: Almanac of China's finance and banking.",BIS-spliced,-,,3,9,,"This series is adjusted for breaks. Break-adjustment calculations follow the methodology outlined in the BIS Quarterly Review (2013). For further detail, see https://www.bis.org/publ/qtrpdf/r_qt1303z.htm",People's Bank of China; Bank for International Settlements.,5B0,"China - Central bank, assets, total, BIS-spliced, break-adjusted",,E,2016-12,34371.16,,F,A,
M,CN,B,XDC,CNY,B,,"From January 2002 onwards: monthly balance sheet of the People's Bank of China. Between 1993 and 2001: sum of foreign assets (net), claims against the government, bank claims on deposit money, claims against non-monetary financial institutions and claims on the non-financial sector. Before 2000: Almanac of China's finance and banking.",BIS-spliced,-,,3,9,,"This series is adjusted for breaks. Break-adjustment calculations follow the methodology outlined in the BIS Quarterly Review (2013). For further detail, see https://www.bis.org/publ/qtrpdf/r_qt1303z.htm",People's Bank of China; Bank for International Settlements.,5B0,"China - Central bank, assets, total, BIS-spliced, break-adjusted",,E,2017-01,34826.77,,F,A,
M,CN,B,XDC,CNY,B,,"From January 2002 onwards: monthly balance sheet of the People's Bank of China. Between 1993 and 2001: sum of foreign assets (net), claims against the government, bank claims on deposit money, claims against non-monetary financial institutions and claims on the non-financial sector. Before 2000: Almanac of China's finance and banking.",BIS-spliced,-,,3,9,,"This series is adjusted for breaks. Break-adjustment calculations follow the methodology outlined in the BIS Quarterly Review (2013). For further detail, see https://www.bis.org/publ/qtrpdf/r_qt1303z.htm",People's Bank of China; Bank for International Settlements.,5B0,"China - Central bank, assets, total, BIS-spliced, break-adjusted",,E,2017-02,34546.97,,F,A,
M,CN,B,XDC,CNY,B,,"From January 2002 onwards: monthly balance sheet of the People's Bank of China. Between 1993 and 2001: sum of foreign assets (net), claims against the government, bank claims on deposit money, claims against non-monetary financial institutions and claims on the non-financial sector. Before 2000: Almanac of China's finance and banking.",BIS-spliced,-,,3,9,,"This series is adjusted for breaks. Break-adjustment calculations follow the methodology outlined in the BIS Quarterly Review (2013). For further detail, see https://www.bis.org/publ/qtrpdf/r_qt1303z.htm",People's Bank of China; Bank for International Settlements.,5B0,"China - Central bank, assets, total, BIS-spliced, break-adjusted",,E,2017-03,33735.37,,F,A,
M,CN,B,XDC,CNY,B,,"From January 2002 onwards: monthly balance sheet of the People's Bank of China. Between 1993 and 2001: sum of foreign assets (net), claims against the government, bank claims on deposit money, claims against non-monetary financial institutions and claims on the non-financial sector. Before 2000: Almanac of China's finance and banking.",BIS-spliced,-,,3,9,,"This series is adjusted for breaks. Break-adjustment calculations follow the methodology outlined in the BIS Quarterly Review (2013). For further detail, see https://www.bis.org/publ/qtrpdf/r_qt1303z.htm",People's Bank of China; Bank for International Settlements.,5B0,"China - Central bank, assets, total, BIS-spliced, break-adjusted",,E,2017-04,34129.69,,F,A,
M,CN,B,XDC,CNY,B,,"From January 2002 onwards: monthly balance sheet of the People's Bank of China. Between 1993 and 2001: sum of foreign assets (net), claims against the government, bank claims on deposit money, claims against non-monetary financial institutions and claims on the non-financial sector. Before 2000: Almanac of China's finance and banking.",BIS-spliced,-,,3,9,,"This series is adjusted for breaks. Break-adjustment calculations follow the methodology outlined in the BIS Quarterly Review (2013). For further detail, see https://www.bis.org/publ/qtrpdf/r_qt1303z.htm",People's Bank of China; Bank for International Settlements.,5B0,"China - Central bank, assets, total, BIS-spliced, break-adjusted",,E,2017-05,34248.52,,F,A,
M,CN,B,XDC,CNY,B,,"From January 2002 onwards: monthly balance sheet of the People's Bank of China. Between 1993 and 2001: sum of foreign assets (net), claims against the government, bank claims on deposit money, claims against non-monetary financial institutions and claims on the non-financial sector. Before 2000: Almanac of China's finance and banking.",BIS-spliced,-,,3,9,,"This series is adjusted for breaks. Break-adjustment calculations follow the methodology outlined in the BIS Quarterly Review (2013). For further detail, see https://www.bis.org/publ/qtrpdf/r_qt1303z.htm",People's Bank of China; Bank for International Settlements.,5B0,"China - Central bank, assets, total, BIS-spliced, break-adjusted",,E,2017-06,34502.56,,F,A,
M,CN,B,XDC,CNY,B,,"From January 2002 onwards: monthly balance sheet of the People's Bank of China. Between 1993 and 2001: sum of foreign assets (net), claims against the government, bank claims on deposit money, claims against non-monetary financial institutions and claims on the non-financial sector. Before 2000: Almanac of China's finance and banking.",BIS-spliced,-,,3,9,,"This series is adjusted for breaks. Break-adjustment calculations follow the methodology outlined in the BIS Quarterly Review (2013). For further detail, see https://www.bis.org/publ/qtrpdf/r_qt1303z.htm",People's Bank of China; Bank for International Settlements.,5B0,"China - Central bank, assets, total, BIS-spliced, break-adjusted",,E,2017-07,35061.01,,F,A,
M,CN,B,XDC,CNY,B,,"From January 2002 onwards: monthly balance sheet of the People's Bank of China. Between 1993 and 2001: sum of foreign assets (net), claims against the government, bank claims on deposit money, claims against non-monetary financial institutions and claims on the non-financial sector. Before 2000: Almanac of China's finance and banking.",BIS-spliced,-,,3,9,,"This series is adjusted for breaks. Break-adjustment calculations follow the methodology outlined in the BIS Quarterly Review (2013). For further detail, see https://www.bis.org/publ/qtrpdf/r_qt1303z.htm",People's Bank of China; Bank for International Settlements.,5B0,"China - Central bank, assets, total, BIS-spliced, break-adjusted",,E,2017-08,34714.44,,F,A,
M,CN,B,XDC,CNY,B,,"From January 2002 onwards: monthly balance sheet of the People's Bank of China. Between 1993 and 2001: sum of foreign assets (net), claims against the government, bank claims on deposit money, claims against non-monetary financial institutions and claims on the non-financial sector. Before 2000: Almanac of China's finance and banking.",BIS-spliced,-,,3,9,,"This series is adjusted for breaks. Break-adjustment calculations follow the methodology outlined in the BIS Quarterly Review (2013). For further detail, see https://www.bis.org/publ/qtrpdf/r_qt1303z.htm",People's Bank of China; Bank for International Settlements.,5B0,"China - Central bank, assets, total, BIS-spliced, break-adjusted",,E,2017-09,34999.656,,F,A,
M,CN,B,XDC,CNY,B,,"From January 2002 onwards: monthly balance sheet of the People's Bank of China. Between 1993 and 2001: sum of foreign assets (net), claims against the government, bank claims on deposit money, claims against non-monetary financial institutions and claims on the non-financial sector. Before 2000: Almanac of China's finance and banking.",BIS-spliced,-,,3,9,,"This series is adjusted for breaks. Break-adjustment calculations follow the methodology outlined in the BIS Quarterly Review (2013). For further detail, see https://www.bis.org/publ/qtrpdf/r_qt1303z.htm",People's Bank of China; Bank for International Settlements.,5B0,"China - Central bank, assets, total, BIS-spliced, break-adjusted",,E,2017-10,35887.534,,F,A,
M,CN,B,XDC,CNY,B,,"From January 2002 onwards: monthly balance sheet of the People's Bank of China. Between 1993 and 2001: sum of foreign assets (net), claims against the government, bank claims on deposit money, claims against non-monetary financial institutions and claims on the non-financial sector. Before 2000: Almanac of China's finance and banking.",BIS-spliced,-,,3,9,,"This series is adjusted for breaks. Break-adjustment calculations follow the methodology outlined in the BIS Quarterly Review (2013). For further detail, see https://www.bis.org/publ/qtrpdf/r_qt1303z.htm",People's Bank of China; Bank for International Settlements.,5B0,"China - Central bank, assets, total, BIS-spliced, break-adjusted",,E,2017-11,36247.38806,,F,A,
M,CN,B,XDC,CNY,B,,"From January 2002 onwards: monthly balance sheet of the People's Bank of China. Between 1993 and 2001: sum of foreign assets (net), claims against the government, bank claims on deposit money, claims against non-monetary financial institutions and claims on the non-financial sector. Before 2000: Almanac of China's finance and banking.",BIS-spliced,-,,3,9,,"This series is adjusted for breaks. Break-adjustment calculations follow the methodology outlined in the BIS Quarterly Review (2013). For further detail, see https://www.bis.org/publ/qtrpdf/r_qt1303z.htm",People's Bank of China; Bank for International Settlements.,5B0,"China - Central bank, assets, total, BIS-spliced, break-adjusted",,E,2017-12,36293.16171,,F,A,
M,CN,B,XDC,CNY,B,,"From January 2002 onwards: monthly balance sheet of the People's Bank of China. Between 1993 and 2001: sum of foreign assets (net), claims against the government, bank claims on deposit money, claims against non-monetary financial institutions and claims on the non-financial sector. Before 2000: Almanac of China's finance and banking.",BIS-spliced,-,,3,9,,"This series is adjusted for breaks. Break-adjustment calculations follow the methodology outlined in the BIS Quarterly Review (2013). For further detail, see https://www.bis.org/publ/qtrpdf/r_qt1303z.htm",People's Bank of China; Bank for International Settlements.,5B0,"China - Central bank, assets, total, BIS-spliced, break-adjusted",,E,2018-01,35780,,F,A,
M,CN,B,XDC,CNY,B,,"From January 2002 onwards: monthly balance sheet of the People's Bank of China. Between 1993 and 2001: sum of foreign assets (net), claims against the government, bank claims on deposit money, claims against non-monetary financial institutions and claims on the non-financial sector. Before 2000: Almanac of China's finance and banking.",BIS-spliced,-,,3,9,,"This series is adjusted for breaks. Break-adjustment calculations follow the methodology outlined in the BIS Quarterly Review (2013). For further detail, see https://www.bis.org/publ/qtrpdf/r_qt1303z.htm",People's Bank of China; Bank for International Settlements.,5B0,"China - Central bank, assets, total, BIS-spliced, break-adjusted",,E,2018-02,36252.8,,F,A,
M,CN,B,XDC,CNY,B,,"From January 2002 onwards: monthly balance sheet of the People's Bank of China. Between 1993 and 2001: sum of foreign assets (net), claims against the government, bank claims on deposit money, claims against non-monetary financial institutions and claims on the non-financial sector. Before 2000: Almanac of China's finance and banking.",BIS-spliced,-,,3,9,,"This series is adjusted for breaks. Break-adjustment calculations follow the methodology outlined in the BIS Quarterly Review (2013). For further detail, see https://www.bis.org/publ/qtrpdf/r_qt1303z.htm",People's Bank of China; Bank for International Settlements.,5B0,"China - Central bank, assets, total, BIS-spliced, break-adjusted",,E,2018-03,35960.8,,F,A,
M,CN,B,XDC,CNY,B,,"From January 2002 onwards: monthly balance sheet of the People's Bank of China. Between 1993 and 2001: sum of foreign assets (net), claims against the government, bank claims on deposit money, claims against non-monetary financial institutions and claims on the non-financial sector. Before 2000: Almanac of China's finance and banking.",BIS-spliced,-,,3,9,,"This series is adjusted for breaks. Break-adjustment calculations follow the methodology outlined in the BIS Quarterly Review (2013). For further detail, see https://www.bis.org/publ/qtrpdf/r_qt1303z.htm",People's Bank of China; Bank for International Settlements.,5B0,"China - Central bank, assets, total, BIS-spliced, break-adjusted",,E,2018-04,35322.5,,F,A,
M,CN,B,XDC,CNY,B,,"From January 2002 onwards: monthly balance sheet of the People's Bank of China. Between 1993 and 2001: sum of foreign assets (net), claims against the government, bank claims on deposit money, claims against non-monetary financial institutions and claims on the non-financial sector. Before 2000: Almanac of China's finance and banking.",BIS-spliced,-,,3,9,,"This series is adjusted for breaks. Break-adjustment calculations follow the methodology outlined in the BIS Quarterly Review (2013). For further detail, see https://www.bis.org/publ/qtrpdf/r_qt1303z.htm",People's Bank of China; Bank for International Settlements.,5B0,"China - Central bank, assets, total, BIS-spliced, break-adjusted",,E,2018-05,35614.9,,F,A,
M,CN,B,XDC,CNY,B,,"From January 2002 onwards: monthly balance sheet of the People's Bank of China. Between 1993 and 2001: sum of foreign assets (net), claims against the government, bank claims on deposit money, claims against non-monetary financial institutions and claims on the non-financial sector. Before 2000: Almanac of China's finance and banking.",BIS-spliced,-,,3,9,,"This series is adjusted for breaks. Break-adjustment calculations follow the methodology outlined in the BIS Quarterly Review (2013). For further detail, see https://www.bis.org/publ/qtrpdf/r_qt1303z.htm",People's Bank of China; Bank for International Settlements.,5B0,"China - Central bank, assets, total, BIS-spliced, break-adjusted",,E,2018-06,36270.2,,F,A,
M,CN,B,XDC,CNY,B,,"From January 2002 onwards: monthly balance sheet of the People's Bank of China. Between 1993 and 2001: sum of foreign assets (net), claims against the government, bank claims on deposit money, claims against non-monetary financial institutions and claims on the non-financial sector. Before 2000: Almanac of China's finance and banking.",BIS-spliced,-,,3,9,,"This series is adjusted for breaks. Break-adjustment calculations follow the methodology outlined in the BIS Quarterly Review (2013). For further detail, see https://www.bis.org/publ/qtrpdf/r_qt1303z.htm",People's Bank of China; Bank for International Settlements.,5B0,"China - Central bank, assets, total, BIS-spliced, break-adjusted",,E,2018-07,36328.3,,F,A,
M,CN,B,XDC,CNY,B,,"From January 2002 onwards: monthly balance sheet of the People's Bank of China. Between 1993 and 2001: sum of foreign assets (net), claims against the government, bank claims on deposit money, claims against non-monetary financial institutions and claims on the non-financial sector. Before 2000: Almanac of China's finance and banking.",BIS-spliced,-,,3,9,,"This series is adjusted for breaks. Break-adjustment calculations follow the methodology outlined in the BIS Quarterly Review (2013). For further detail, see https://www.bis.org/publ/qtrpdf/r_qt1303z.htm",People's Bank of China; Bank for International Settlements.,5B0,"China - Central bank, assets, total, BIS-spliced, break-adjusted",,E,2018-08,36261.7,,F,A,
M,CN,B,XDC,CNY,B,,"From January 2002 onwards: monthly balance sheet of the People's Bank of China. Between 1993 and 2001: sum of foreign assets (net), claims against the government, bank claims on deposit money, claims against non-monetary financial institutions and claims on the non-financial sector. Before 2000: Almanac of China's finance and banking.",BIS-spliced,-,,3,9,,"This series is adjusted for breaks. Break-adjustment calculations follow the methodology outlined in the BIS Quarterly Review (2013). For further detail, see https://www.bis.org/publ/qtrpdf/r_qt1303z.htm",People's Bank of China; Bank for International Settlements.,5B0,"China - Central bank, assets, total, BIS-spliced, break-adjusted",,E,2018-09,36623,,F,A,
M,CN,B,XDC,CNY,B,,"From January 2002 onwards: monthly balance sheet of the People's Bank of China. Between 1993 and 2001: sum of foreign assets (net), claims against the government, bank claims on deposit money, claims against non-monetary financial institutions and claims on the non-financial sector. Before 2000: Almanac of China's finance and banking.",BIS-spliced,-,,3,9,,"This series is adjusted for breaks. Break-adjustment calculations follow the methodology outlined in the BIS Quarterly Review (2013). For further detail, see https://www.bis.org/publ/qtrpdf/r_qt1303z.htm",People's Bank of China; Bank for International Settlements.,5B0,"China - Central bank, assets, total, BIS-spliced, break-adjusted",,E,2018-10,35833.8,,F,A,
M,CN,B,XDC,CNY,B,,"From January 2002 onwards: monthly balance sheet of the People's Bank of China. Between 1993 and 2001: sum of foreign assets (net), claims against the government, bank claims on deposit money, claims against non-monetary financial institutions and claims on the non-financial sector. Before 2000: Almanac of China's finance and banking.",BIS-spliced,-,,3,9,,"This series is adjusted for breaks. Break-adjustment calculations follow the methodology outlined in the BIS Quarterly Review (2013). For further detail, see https://www.bis.org/publ/qtrpdf/r_qt1303z.htm",People's Bank of China; Bank for International Settlements.,5B0,"China - Central bank, assets, total, BIS-spliced, break-adjusted",,E,2018-11,35907,,F,A,
M,CN,B,XDC,CNY,B,,"From January 2002 onwards: monthly balance sheet of the People's Bank of China. Between 1993 and 2001: sum of foreign assets (net), claims against the government, bank claims on deposit money, claims against non-monetary financial institutions and claims on the non-financial sector. Before 2000: Almanac of China's finance and banking.",BIS-spliced,-,,3,9,,"This series is adjusted for breaks. Break-adjustment calculations follow the methodology outlined in the BIS Quarterly Review (2013). For further detail, see https://www.bis.org/publ/qtrpdf/r_qt1303z.htm",People's Bank of China; Bank for International Settlements.,5B0,"China - Central bank, assets, total, BIS-spliced, break-adjusted",,E,2018-12,37249.2,,F,A,
M,CN,B,XDC,CNY,B,,"From January 2002 onwards: monthly balance sheet of the People's Bank of China. Between 1993 and 2001: sum of foreign assets (net), claims against the government, bank claims on deposit money, claims against non-monetary financial institutions and claims on the non-financial sector. Before 2000: Almanac of China's finance and banking.",BIS-spliced,-,,3,9,,"This series is adjusted for breaks. Break-adjustment calculations follow the methodology outlined in the BIS Quarterly Review (2013). For further detail, see https://www.bis.org/publ/qtrpdf/r_qt1303z.htm",People's Bank of China; Bank for International Settlements.,5B0,"China - Central bank, assets, total, BIS-spliced, break-adjusted",,E,2019-01,36327.2,,F,A,
M,CN,B,XDC,CNY,B,,"From January 2002 onwards: monthly balance sheet of the People's Bank of China. Between 1993 and 2001: sum of foreign assets (net), claims against the government, bank claims on deposit money, claims against non-monetary financial institutions and claims on the non-financial sector. Before 2000: Almanac of China's finance and banking.",BIS-spliced,-,,3,9,,"This series is adjusted for breaks. Break-adjustment calculations follow the methodology outlined in the BIS Quarterly Review (2013). For further detail, see https://www.bis.org/publ/qtrpdf/r_qt1303z.htm",People's Bank of China; Bank for International Settlements.,5B0,"China - Central bank, assets, total, BIS-spliced, break-adjusted",,E,2019-02,35620.9,,F,A,
M,CN,B,XDC,CNY,B,,"From January 2002 onwards: monthly balance sheet of the People's Bank of China. Between 1993 and 2001: sum of foreign assets (net), claims against the government, bank claims on deposit money, claims against non-monetary financial institutions and claims on the non-financial sector. Before 2000: Almanac of China's finance and banking.",BIS-spliced,-,,3,9,,"This series is adjusted for breaks. Break-adjustment calculations follow the methodology outlined in the BIS Quarterly Review (2013). For further detail, see https://www.bis.org/publ/qtrpdf/r_qt1303z.htm",People's Bank of China; Bank for International Settlements.,5B0,"China - Central bank, assets, total, BIS-spliced, break-adjusted",,E,2019-03,34855.3,,F,A,
M,CN,B,XDC,CNY,B,,"From January 2002 onwards: monthly balance sheet of the People's Bank of China. Between 1993 and 2001: sum of foreign assets (net), claims against the government, bank claims on deposit money, claims against non-monetary financial institutions and claims on the non-financial sector. Before 2000: Almanac of China's finance and banking.",BIS-spliced,-,,3,9,,"This series is adjusted for breaks. Break-adjustment calculations follow the methodology outlined in the BIS Quarterly Review (2013). For further detail, see https://www.bis.org/publ/qtrpdf/r_qt1303z.htm",People's Bank of China; Bank for International Settlements.,5B0,"China - Central bank, assets, total, BIS-spliced, break-adjusted",,E,2019-04,34859.2,,F,A,
M,CN,B,XDC,CNY,B,,"From January 2002 onwards: monthly balance sheet of the People's Bank of China. Between 1993 and 2001: sum of foreign assets (net), claims against the government, bank claims on deposit money, claims against non-monetary financial institutions and claims on the non-financial sector. Before 2000: Almanac of China's finance and banking.",BIS-spliced,-,,3,9,,"This series is adjusted for breaks. Break-adjustment calculations follow the methodology outlined in the BIS Quarterly Review (2013). For further detail, see https://www.bis.org/publ/qtrpdf/r_qt1303z.htm",People's Bank of China; Bank for International Settlements.,5B0,"China - Central bank, assets, total, BIS-spliced, break-adjusted",,E,2019-05,35901.5,,F,A,
M,CN,B,XDC,CNY,B,,"From January 2002 onwards: monthly balance sheet of the People's Bank of China. Between 1993 and 2001: sum of foreign assets (net), claims against the government, bank claims on deposit money, claims against non-monetary financial institutions and claims on the non-financial sector. Before 2000: Almanac of China's finance and banking.",BIS-spliced,-,,3,9,,"This series is adjusted for breaks. Break-adjustment calculations follow the methodology outlined in the BIS Quarterly Review (2013). For further detail, see https://www.bis.org/publ/qtrpdf/r_qt1303z.htm",People's Bank of China; Bank for International Settlements.,5B0,"China - Central bank, assets, total, BIS-spliced, break-adjusted",,E,2019-06,36359.5,,F,A,
M,CN,B,XDC,CNY,B,,"From January 2002 onwards: monthly balance sheet of the People's Bank of China. Between 1993 and 2001: sum of foreign assets (net), claims against the government, bank claims on deposit money, claims against non-monetary financial institutions and claims on the non-financial sector. Before 2000: Almanac of China's finance and banking.",BIS-spliced,-,,3,9,,"This series is adjusted for breaks. Break-adjustment calculations follow the methodology outlined in the BIS Quarterly Review (2013). For further detail, see https://www.bis.org/publ/qtrpdf/r_qt1303z.htm",People's Bank of China; Bank for International Settlements.,5B0,"China - Central bank, assets, total, BIS-spliced, break-adjusted",,E,2019-07,35795.3,,F,A,
M,CN,B,XDC,CNY,B,,"From January 2002 onwards: monthly balance sheet of the People's Bank of China. Between 1993 and 2001: sum of foreign assets (net), claims against the government, bank claims on deposit money, claims against non-monetary financial institutions and claims on the non-financial sector. Before 2000: Almanac of China's finance and banking.",BIS-spliced,-,,3,9,,"This series is adjusted for breaks. Break-adjustment calculations follow the methodology outlined in the BIS Quarterly Review (2013). For further detail, see https://www.bis.org/publ/qtrpdf/r_qt1303z.htm",People's Bank of China; Bank for International Settlements.,5B0,"China - Central bank, assets, total, BIS-spliced, break-adjusted",,E,2019-08,36035.3,,F,A,
M,CN,B,XDC,CNY,B,,"From January 2002 onwards: monthly balance sheet of the People's Bank of China. Between 1993 and 2001: sum of foreign assets (net), claims against the government, bank claims on deposit money, claims against non-monetary financial institutions and claims on the non-financial sector. Before 2000: Almanac of China's finance and banking.",BIS-spliced,-,,3,9,,"This series is adjusted for breaks. Break-adjustment calculations follow the methodology outlined in the BIS Quarterly Review (2013). For further detail, see https://www.bis.org/publ/qtrpdf/r_qt1303z.htm",People's Bank of China; Bank for International Settlements.,5B0,"China - Central bank, assets, total, BIS-spliced, break-adjusted",,E,2019-09,36196.7,,F,A,
M,CN,B,XDC,CNY,B,,"From January 2002 onwards: monthly balance sheet of the People's Bank of China. Between 1993 and 2001: sum of foreign assets (net), claims against the government, bank claims on deposit money, claims against non-monetary financial institutions and claims on the non-financial sector. Before 2000: Almanac of China's finance and banking.",BIS-spliced,-,,3,9,,"This series is adjusted for breaks. Break-adjustment calculations follow the methodology outlined in the BIS Quarterly Review (2013). For further detail, see https://www.bis.org/publ/qtrpdf/r_qt1303z.htm",People's Bank of China; Bank for International Settlements.,5B0,"China - Central bank, assets, total, BIS-spliced, break-adjusted",,E,2019-10,35964.05,,F,A,
M,CN,B,XDC,CNY,B,,"From January 2002 onwards: monthly balance sheet of the People's Bank of China. Between 1993 and 2001: sum of foreign assets (net), claims against the government, bank claims on deposit money, claims against non-monetary financial institutions and claims on the non-financial sector. Before 2000: Almanac of China's finance and banking.",BIS-spliced,-,,3,9,,"This series is adjusted for breaks. Break-adjustment calculations follow the methodology outlined in the BIS Quarterly Review (2013). For further detail, see https://www.bis.org/publ/qtrpdf/r_qt1303z.htm",People's Bank of China; Bank for International Settlements.,5B0,"China - Central bank, assets, total, BIS-spliced, break-adjusted",,E,2019-11,36307.54,,F,A,
M,CN,B,XDC,CNY,B,,"From January 2002 onwards: monthly balance sheet of the People's Bank of China. Between 1993 and 2001: sum of foreign assets (net), claims against the government, bank claims on deposit money, claims against non-monetary financial institutions and claims on the non-financial sector. Before 2000: Almanac of China's finance and banking.",BIS-spliced,-,,3,9,,"This series is adjusted for breaks. Break-adjustment calculations follow the methodology outlined in the BIS Quarterly Review (2013). For further detail, see https://www.bis.org/publ/qtrpdf/r_qt1303z.htm",People's Bank of China; Bank for International Settlements.,5B0,"China - Central bank, assets, total, BIS-spliced, break-adjusted",,E,2019-12,37113.05,,F,A,
M,CN,B,XDC,CNY,B,,"From January 2002 onwards: monthly balance sheet of the People's Bank of China. Between 1993 and 2001: sum of foreign assets (net), claims against the government, bank claims on deposit money, claims against non-monetary financial institutions and claims on the non-financial sector. Before 2000: Almanac of China's finance and banking.",BIS-spliced,-,,3,9,,"This series is adjusted for breaks. Break-adjustment calculations follow the methodology outlined in the BIS Quarterly Review (2013). For further detail, see https://www.bis.org/publ/qtrpdf/r_qt1303z.htm",People's Bank of China; Bank for International Settlements.,5B0,"China - Central bank, assets, total, BIS-spliced, break-adjusted",,E,2020-01,37349.51,,F,A,
M,CN,B,XDC,CNY,B,,"From January 2002 onwards: monthly balance sheet of the People's Bank of China. Between 1993 and 2001: sum of foreign assets (net), claims against the government, bank claims on deposit money, claims against non-monetary financial institutions and claims on the non-financial sector. Before 2000: Almanac of China's finance and banking.",BIS-spliced,-,,3,9,,"This series is adjusted for breaks. Break-adjustment calculations follow the methodology outlined in the BIS Quarterly Review (2013). For further detail, see https://www.bis.org/publ/qtrpdf/r_qt1303z.htm",People's Bank of China; Bank for International Settlements.,5B0,"China - Central bank, assets, total, BIS-spliced, break-adjusted",,E,2020-02,36102.13,,F,A,
M,CN,B,XDC,CNY,B,,"From January 2002 onwards: monthly balance sheet of the People's Bank of China. Between 1993 and 2001: sum of foreign assets (net), claims against the government, bank claims on deposit money, claims against non-monetary financial institutions and claims on the non-financial sector. Before 2000: Almanac of China's finance and banking.",BIS-spliced,-,,3,9,,"This series is adjusted for breaks. Break-adjustment calculations follow the methodology outlined in the BIS Quarterly Review (2013). For further detail, see https://www.bis.org/publ/qtrpdf/r_qt1303z.htm",People's Bank of China; Bank for International Settlements.,5B0,"China - Central bank, assets, total, BIS-spliced, break-adjusted",,E,2020-03,36537.47,,F,A,
M,CN,B,XDC,CNY,B,,"From January 2002 onwards: monthly balance sheet of the People's Bank of China. Between 1993 and 2001: sum of foreign assets (net), claims against the government, bank claims on deposit money, claims against non-monetary financial institutions and claims on the non-financial sector. Before 2000: Almanac of China's finance and banking.",BIS-spliced,-,,3,9,,"This series is adjusted for breaks. Break-adjustment calculations follow the methodology outlined in the BIS Quarterly Review (2013). For further detail, see https://www.bis.org/publ/qtrpdf/r_qt1303z.htm",People's Bank of China; Bank for International Settlements.,5B0,"China - Central bank, assets, total, BIS-spliced, break-adjusted",,E,2020-04,36034.77,,F,A,
M,CN,B,XDC,CNY,B,,"From January 2002 onwards: monthly balance sheet of the People's Bank of China. Between 1993 and 2001: sum of foreign assets (net), claims against the government, bank claims on deposit money, claims against non-monetary financial institutions and claims on the non-financial sector. Before 2000: Almanac of China's finance and banking.",BIS-spliced,-,,3,9,,"This series is adjusted for breaks. Break-adjustment calculations follow the methodology outlined in the BIS Quarterly Review (2013). For further detail, see https://www.bis.org/publ/qtrpdf/r_qt1303z.htm",People's Bank of China; Bank for International Settlements.,5B0,"China - Central bank, assets, total, BIS-spliced, break-adjusted",,E,2020-05,36787.07,,F,A,
M,CN,B,XDC,CNY,B,,"From January 2002 onwards: monthly balance sheet of the People's Bank of China. Between 1993 and 2001: sum of foreign assets (net), claims against the government, bank claims on deposit money, claims against non-monetary financial institutions and claims on the non-financial sector. Before 2000: Almanac of China's finance and banking.",BIS-spliced,-,,3,9,,"This series is adjusted for breaks. Break-adjustment calculations follow the methodology outlined in the BIS Quarterly Review (2013). For further detail, see https://www.bis.org/publ/qtrpdf/r_qt1303z.htm",People's Bank of China; Bank for International Settlements.,5B0,"China - Central bank, assets, total, BIS-spliced, break-adjusted",,E,2020-06,36393.13,,F,A,
M,CN,B,XDC,CNY,B,,"From January 2002 onwards: monthly balance sheet of the People's Bank of China. Between 1993 and 2001: sum of foreign assets (net), claims against the government, bank claims on deposit money, claims against non-monetary financial institutions and claims on the non-financial sector. Before 2000: Almanac of China's finance and banking.",BIS-spliced,-,,3,9,,"This series is adjusted for breaks. Break-adjustment calculations follow the methodology outlined in the BIS Quarterly Review (2013). For further detail, see https://www.bis.org/publ/qtrpdf/r_qt1303z.htm",People's Bank of China; Bank for International Settlements.,5B0,"China - Central bank, assets, total, BIS-spliced, break-adjusted",,E,2020-07,35792.49,,F,A,
M,CN,B,XDC,CNY,B,,"From January 2002 onwards: monthly balance sheet of the People's Bank of China. Between 1993 and 2001: sum of foreign assets (net), claims against the government, bank claims on deposit money, claims against non-monetary financial institutions and claims on the non-financial sector. Before 2000: Almanac of China's finance and banking.",BIS-spliced,-,,3,9,,"This series is adjusted for breaks. Break-adjustment calculations follow the methodology outlined in the BIS Quarterly Review (2013). For further detail, see https://www.bis.org/publ/qtrpdf/r_qt1303z.htm",People's Bank of China; Bank for International Settlements.,5B0,"China - Central bank, assets, total, BIS-spliced, break-adjusted",,E,2020-08,36505.23,,F,A,
M,CN,B,XDC,CNY,B,,"From January 2002 onwards: monthly balance sheet of the People's Bank of China. Between 1993 and 2001: sum of foreign assets (net), claims against the government, bank claims on deposit money, claims against non-monetary financial institutions and claims on the non-financial sector. Before 2000: Almanac of China's finance and banking.",BIS-spliced,-,,3,9,,"This series is adjusted for breaks. Break-adjustment calculations follow the methodology outlined in the BIS Quarterly Review (2013). For further detail, see https://www.bis.org/publ/qtrpdf/r_qt1303z.htm",People's Bank of China; Bank for International Settlements.,5B0,"China - Central bank, assets, total, BIS-spliced, break-adjusted",,E,2020-09,37472.77,,F,A,
M,CN,B,XDC,CNY,B,,"From January 2002 onwards: monthly balance sheet of the People's Bank of China. Between 1993 and 2001: sum of foreign assets (net), claims against the government, bank claims on deposit money, claims against non-monetary financial institutions and claims on the non-financial sector. Before 2000: Almanac of China's finance and banking.",BIS-spliced,-,,3,9,,"This series is adjusted for breaks. Break-adjustment calculations follow the methodology outlined in the BIS Quarterly Review (2013). For further detail, see https://www.bis.org/publ/qtrpdf/r_qt1303z.htm",People's Bank of China; Bank for International Settlements.,5B0,"China - Central bank, assets, total, BIS-spliced, break-adjusted",,E,2020-10,37181.27,,F,A,
M,CN,B,XDC,CNY,B,,"From January 2002 onwards: monthly balance sheet of the People's Bank of China. Between 1993 and 2001: sum of foreign assets (net), claims against the government, bank claims on deposit money, claims against non-monetary financial institutions and claims on the non-financial sector. Before 2000: Almanac of China's finance and banking.",BIS-spliced,-,,3,9,,"This series is adjusted for breaks. Break-adjustment calculations follow the methodology outlined in the BIS Quarterly Review (2013). For further detail, see https://www.bis.org/publ/qtrpdf/r_qt1303z.htm",People's Bank of China; Bank for International Settlements.,5B0,"China - Central bank, assets, total, BIS-spliced, break-adjusted",,E,2020-11,38198.93,,F,A,
M,CN,B,XDC,CNY,B,,"From January 2002 onwards: monthly balance sheet of the People's Bank of China. Between 1993 and 2001: sum of foreign assets (net), claims against the government, bank claims on deposit money, claims against non-monetary financial institutions and claims on the non-financial sector. Before 2000: Almanac of China's finance and banking.",BIS-spliced,-,,3,9,,"This series is adjusted for breaks. Break-adjustment calculations follow the methodology outlined in the BIS Quarterly Review (2013). For further detail, see https://www.bis.org/publ/qtrpdf/r_qt1303z.htm",People's Bank of China; Bank for International Settlements.,5B0,"China - Central bank, assets, total, BIS-spliced, break-adjusted",,E,2020-12,38767.55,,F,A,
M,CN,B,XDC,CNY,B,,"From January 2002 onwards: monthly balance sheet of the People's Bank of China. Between 1993 and 2001: sum of foreign assets (net), claims against the government, bank claims on deposit money, claims against non-monetary financial institutions and claims on the non-financial sector. Before 2000: Almanac of China's finance and banking.",BIS-spliced,-,,3,9,,"This series is adjusted for breaks. Break-adjustment calculations follow the methodology outlined in the BIS Quarterly Review (2013). For further detail, see https://www.bis.org/publ/qtrpdf/r_qt1303z.htm",People's Bank of China; Bank for International Settlements.,5B0,"China - Central bank, assets, total, BIS-spliced, break-adjusted",,E,2021-01,38913.15,,F,A,
M,CN,B,XDC,CNY,B,,"From January 2002 onwards: monthly balance sheet of the People's Bank of China. Between 1993 and 2001: sum of foreign assets (net), claims against the government, bank claims on deposit money, claims against non-monetary financial institutions and claims on the non-financial sector. Before 2000: Almanac of China's finance and banking.",BIS-spliced,-,,3,9,,"This series is adjusted for breaks. Break-adjustment calculations follow the methodology outlined in the BIS Quarterly Review (2013). For further detail, see https://www.bis.org/publ/qtrpdf/r_qt1303z.htm",People's Bank of China; Bank for International Settlements.,5B0,"China - Central bank, assets, total, BIS-spliced, break-adjusted",,E,2021-02,38309.32,,F,A,
M,CN,B,XDC,CNY,B,,"From January 2002 onwards: monthly balance sheet of the People's Bank of China. Between 1993 and 2001: sum of foreign assets (net), claims against the government, bank claims on deposit money, claims against non-monetary financial institutions and claims on the non-financial sector. Before 2000: Almanac of China's finance and banking.",BIS-spliced,-,,3,9,,"This series is adjusted for breaks. Break-adjustment calculations follow the methodology outlined in the BIS Quarterly Review (2013). For further detail, see https://www.bis.org/publ/qtrpdf/r_qt1303z.htm",People's Bank of China; Bank for International Settlements.,5B0,"China - Central bank, assets, total, BIS-spliced, break-adjusted",,E,2021-03,38277.28,,F,A,
M,CN,B,XDC,CNY,B,,"From January 2002 onwards: monthly balance sheet of the People's Bank of China. Between 1993 and 2001: sum of foreign assets (net), claims against the government, bank claims on deposit money, claims against non-monetary financial institutions and claims on the non-financial sector. Before 2000: Almanac of China's finance and banking.",BIS-spliced,-,,3,9,,"This series is adjusted for breaks. Break-adjustment calculations follow the methodology outlined in the BIS Quarterly Review (2013). For further detail, see https://www.bis.org/publ/qtrpdf/r_qt1303z.htm",People's Bank of China; Bank for International Settlements.,5B0,"China - Central bank, assets, total, BIS-spliced, break-adjusted",,E,2021-04,38231.55,,F,A,
M,CN,B,XDC,CNY,B,,"From January 2002 onwards: monthly balance sheet of the People's Bank of China. Between 1993 and 2001: sum of foreign assets (net), claims against the government, bank claims on deposit money, claims against non-monetary financial institutions and claims on the non-financial sector. Before 2000: Almanac of China's finance and banking.",BIS-spliced,-,,3,9,,"This series is adjusted for breaks. Break-adjustment calculations follow the methodology outlined in the BIS Quarterly Review (2013). For further detail, see https://www.bis.org/publ/qtrpdf/r_qt1303z.htm",People's Bank of China; Bank for International Settlements.,5B0,"China - Central bank, assets, total, BIS-spliced, break-adjusted",,E,2021-05,38691.68,,F,A,
M,CN,B,XDC,CNY,B,,"From January 2002 onwards: monthly balance sheet of the People's Bank of China. Between 1993 and 2001: sum of foreign assets (net), claims against the government, bank claims on deposit money, claims against non-monetary financial institutions and claims on the non-financial sector. Before 2000: Almanac of China's finance and banking.",BIS-spliced,-,,3,9,,"This series is adjusted for breaks. Break-adjustment calculations follow the methodology outlined in the BIS Quarterly Review (2013). For further detail, see https://www.bis.org/publ/qtrpdf/r_qt1303z.htm",People's Bank of China; Bank for International Settlements.,5B0,"China - Central bank, assets, total, BIS-spliced, break-adjusted",,E,2021-06,38989.74,,F,A,
M,CN,B,XDC,CNY,B,,"From January 2002 onwards: monthly balance sheet of the People's Bank of China. Between 1993 and 2001: sum of foreign assets (net), claims against the government, bank claims on deposit money, claims against non-monetary financial institutions and claims on the non-financial sector. Before 2000: Almanac of China's finance and banking.",BIS-spliced,-,,3,9,,"This series is adjusted for breaks. Break-adjustment calculations follow the methodology outlined in the BIS Quarterly Review (2013). For further detail, see https://www.bis.org/publ/qtrpdf/r_qt1303z.htm",People's Bank of China; Bank for International Settlements.,5B0,"China - Central bank, assets, total, BIS-spliced, break-adjusted",,E,2021-07,38050.16,,F,A,
M,CN,B,XDC,CNY,B,,"From January 2002 onwards: monthly balance sheet of the People's Bank of China. Between 1993 and 2001: sum of foreign assets (net), claims against the government, bank claims on deposit money, claims against non-monetary financial institutions and claims on the non-financial sector. Before 2000: Almanac of China's finance and banking.",BIS-spliced,-,,3,9,,"This series is adjusted for breaks. Break-adjustment calculations follow the methodology outlined in the BIS Quarterly Review (2013). For further detail, see https://www.bis.org/publ/qtrpdf/r_qt1303z.htm",People's Bank of China; Bank for International Settlements.,5B0,"China - Central bank, assets, total, BIS-spliced, break-adjusted",,E,2021-08,37948.75,,F,A,
M,CN,B,XDC,CNY,B,,"From January 2002 onwards: monthly balance sheet of the People's Bank of China. Between 1993 and 2001: sum of foreign assets (net), claims against the government, bank claims on deposit money, claims against non-monetary financial institutions and claims on the non-financial sector. Before 2000: Almanac of China's finance and banking.",BIS-spliced,-,,3,9,,"This series is adjusted for breaks. Break-adjustment calculations follow the methodology outlined in the BIS Quarterly Review (2013). For further detail, see https://www.bis.org/publ/qtrpdf/r_qt1303z.htm",People's Bank of China; Bank for International Settlements.,5B0,"China - Central bank, assets, total, BIS-spliced, break-adjusted",,E,2021-09,39197.37,,F,A,
M,CN,B,XDC,CNY,B,,"From January 2002 onwards: monthly balance sheet of the People's Bank of China. Between 1993 and 2001: sum of foreign assets (net), claims against the government, bank claims on deposit money, claims against non-monetary financial institutions and claims on the non-financial sector. Before 2000: Almanac of China's finance and banking.",BIS-spliced,-,,3,9,,"This series is adjusted for breaks. Break-adjustment calculations follow the methodology outlined in the BIS Quarterly Review (2013). For further detail, see https://www.bis.org/publ/qtrpdf/r_qt1303z.htm",People's Bank of China; Bank for International Settlements.,5B0,"China - Central bank, assets, total, BIS-spliced, break-adjusted",,E,2021-10,39491.94,,F,A,
M,CN,B,XDC,CNY,B,,"From January 2002 onwards: monthly balance sheet of the People's Bank of China. Between 1993 and 2001: sum of foreign assets (net), claims against the government, bank claims on deposit money, claims against non-monetary financial institutions and claims on the non-financial sector. Before 2000: Almanac of China's finance and banking.",BIS-spliced,-,,3,9,,"This series is adjusted for breaks. Break-adjustment calculations follow the methodology outlined in the BIS Quarterly Review (2013). For further detail, see https://www.bis.org/publ/qtrpdf/r_qt1303z.htm",People's Bank of China; Bank for International Settlements.,5B0,"China - Central bank, assets, total, BIS-spliced, break-adjusted",,E,2021-11,39311.43,,F,A,
M,CN,B,XDC,CNY,B,,"From January 2002 onwards: monthly balance sheet of the People's Bank of China. Between 1993 and 2001: sum of foreign assets (net), claims against the government, bank claims on deposit money, claims against non-monetary financial institutions and claims on the non-financial sector. Before 2000: Almanac of China's finance and banking.",BIS-spliced,-,,3,9,,"This series is adjusted for breaks. Break-adjustment calculations follow the methodology outlined in the BIS Quarterly Review (2013). For further detail, see https://www.bis.org/publ/qtrpdf/r_qt1303z.htm",People's Bank of China; Bank for International Settlements.,5B0,"China - Central bank, assets, total, BIS-spliced, break-adjusted",,E,2021-12,39570.23,,F,A,
M,CN,B,XDC,CNY,B,,"From January 2002 onwards: monthly balance sheet of the People's Bank of China. Between 1993 and 2001: sum of foreign assets (net), claims against the government, bank claims on deposit money, claims against non-monetary financial institutions and claims on the non-financial sector. Before 2000: Almanac of China's finance and banking.",BIS-spliced,-,,3,9,,"This series is adjusted for breaks. Break-adjustment calculations follow the methodology outlined in the BIS Quarterly Review (2013). For further detail, see https://www.bis.org/publ/qtrpdf/r_qt1303z.htm",People's Bank of China; Bank for International Settlements.,5B0,"China - Central bank, assets, total, BIS-spliced, break-adjusted",,E,2022-01,40312.52,,F,A,
M,CN,B,XDC,CNY,B,,"From January 2002 onwards: monthly balance sheet of the People's Bank of China. Between 1993 and 2001: sum of foreign assets (net), claims against the government, bank claims on deposit money, claims against non-monetary financial institutions and claims on the non-financial sector. Before 2000: Almanac of China's finance and banking.",BIS-spliced,-,,3,9,,"This series is adjusted for breaks. Break-adjustment calculations follow the methodology outlined in the BIS Quarterly Review (2013). For further detail, see https://www.bis.org/publ/qtrpdf/r_qt1303z.htm",People's Bank of China; Bank for International Settlements.,5B0,"China - Central bank, assets, total, BIS-spliced, break-adjusted",,E,2022-02,40622.9,,F,A,
M,CN,B,XDC,CNY,B,,"From January 2002 onwards: monthly balance sheet of the People's Bank of China. Between 1993 and 2001: sum of foreign assets (net), claims against the government, bank claims on deposit money, claims against non-monetary financial institutions and claims on the non-financial sector. Before 2000: Almanac of China's finance and banking.",BIS-spliced,-,,3,9,,"This series is adjusted for breaks. Break-adjustment calculations follow the methodology outlined in the BIS Quarterly Review (2013). For further detail, see https://www.bis.org/publ/qtrpdf/r_qt1303z.htm",People's Bank of China; Bank for International Settlements.,5B0,"China - Central bank, assets, total, BIS-spliced, break-adjusted",,E,2022-03,39872.59,,F,A,
M,CN,B,XDC,CNY,B,,"From January 2002 onwards: monthly balance sheet of the People's Bank of China. Between 1993 and 2001: sum of foreign assets (net), claims against the government, bank claims on deposit money, claims against non-monetary financial institutions and claims on the non-financial sector. Before 2000: Almanac of China's finance and banking.",BIS-spliced,-,,3,9,,"This series is adjusted for breaks. Break-adjustment calculations follow the methodology outlined in the BIS Quarterly Review (2013). For further detail, see https://www.bis.org/publ/qtrpdf/r_qt1303z.htm",People's Bank of China; Bank for International Settlements.,5B0,"China - Central bank, assets, total, BIS-spliced, break-adjusted",,E,2022-04,38933.6,,F,A,
M,CN,B,XDC,CNY,B,,"From January 2002 onwards: monthly balance sheet of the People's Bank of China. Between 1993 and 2001: sum of foreign assets (net), claims against the government, bank claims on deposit money, claims against non-monetary financial institutions and claims on the non-financial sector. Before 2000: Almanac of China's finance and banking.",BIS-spliced,-,,3,9,,"This series is adjusted for breaks. Break-adjustment calculations follow the methodology outlined in the BIS Quarterly Review (2013). For further detail, see https://www.bis.org/publ/qtrpdf/r_qt1303z.htm",People's Bank of China; Bank for International Settlements.,5B0,"China - Central bank, assets, total, BIS-spliced, break-adjusted",,E,2022-05,38531.98,,F,A,
M,CN,B,XDC,CNY,B,,"From January 2002 onwards: monthly balance sheet of the People's Bank of China. Between 1993 and 2001: sum of foreign assets (net), claims against the government, bank claims on deposit money, claims against non-monetary financial institutions and claims on the non-financial sector. Before 2000: Almanac of China's finance and banking.",BIS-spliced,-,,3,9,,"This series is adjusted for breaks. Break-adjustment calculations follow the methodology outlined in the BIS Quarterly Review (2013). For further detail, see https://www.bis.org/publ/qtrpdf/r_qt1303z.htm",People's Bank of China; Bank for International Settlements.,5B0,"China - Central bank, assets, total, BIS-spliced, break-adjusted",,E,2022-06,39255.46,,F,A,
M,CN,B,XDC,CNY,B,,"From January 2002 onwards: monthly balance sheet of the People's Bank of China. Between 1993 and 2001: sum of foreign assets (net), claims against the government, bank claims on deposit money, claims against non-monetary financial institutions and claims on the non-financial sector. Before 2000: Almanac of China's finance and banking.",BIS-spliced,-,,3,9,,"This series is adjusted for breaks. Break-adjustment calculations follow the methodology outlined in the BIS Quarterly Review (2013). For further detail, see https://www.bis.org/publ/qtrpdf/r_qt1303z.htm",People's Bank of China; Bank for International Settlements.,5B0,"China - Central bank, assets, total, BIS-spliced, break-adjusted",,E,2022-07,38562.75,,F,A,
M,CN,B,XDC,CNY,B,,"From January 2002 onwards: monthly balance sheet of the People's Bank of China. Between 1993 and 2001: sum of foreign assets (net), claims against the government, bank claims on deposit money, claims against non-monetary financial institutions and claims on the non-financial sector. Before 2000: Almanac of China's finance and banking.",BIS-spliced,-,,3,9,,"This series is adjusted for breaks. Break-adjustment calculations follow the methodology outlined in the BIS Quarterly Review (2013). For further detail, see https://www.bis.org/publ/qtrpdf/r_qt1303z.htm",People's Bank of China; Bank for International Settlements.,5B0,"China - Central bank, assets, total, BIS-spliced, break-adjusted",,E,2022-08,38464.23,,F,A,
M,CN,B,XDC,CNY,B,,"From January 2002 onwards: monthly balance sheet of the People's Bank of China. Between 1993 and 2001: sum of foreign assets (net), claims against the government, bank claims on deposit money, claims against non-monetary financial institutions and claims on the non-financial sector. Before 2000: Almanac of China's finance and banking.",BIS-spliced,-,,3,9,,"This series is adjusted for breaks. Break-adjustment calculations follow the methodology outlined in the BIS Quarterly Review (2013). For further detail, see https://www.bis.org/publ/qtrpdf/r_qt1303z.htm",People's Bank of China; Bank for International Settlements.,5B0,"China - Central bank, assets, total, BIS-spliced, break-adjusted",,E,2022-09,39740.23,,F,A,
M,CN,B,XDC,CNY,B,,"From January 2002 onwards: monthly balance sheet of the People's Bank of China. Between 1993 and 2001: sum of foreign assets (net), claims against the government, bank claims on deposit money, claims against non-monetary financial institutions and claims on the non-financial sector. Before 2000: Almanac of China's finance and banking.",BIS-spliced,-,,3,9,,"This series is adjusted for breaks. Break-adjustment calculations follow the methodology outlined in the BIS Quarterly Review (2013). For further detail, see https://www.bis.org/publ/qtrpdf/r_qt1303z.htm",People's Bank of China; Bank for International Settlements.,5B0,"China - Central bank, assets, total, BIS-spliced, break-adjusted",,E,2022-10,39887.13,,F,A,
M,CN,B,XDC,CNY,B,,"From January 2002 onwards: monthly balance sheet of the People's Bank of China. Between 1993 and 2001: sum of foreign assets (net), claims against the government, bank claims on deposit money, claims against non-monetary financial institutions and claims on the non-financial sector. Before 2000: Almanac of China's finance and banking.",BIS-spliced,-,,3,9,,"This series is adjusted for breaks. Break-adjustment calculations follow the methodology outlined in the BIS Quarterly Review (2013). For further detail, see https://www.bis.org/publ/qtrpdf/r_qt1303z.htm",People's Bank of China; Bank for International Settlements.,5B0,"China - Central bank, assets, total, BIS-spliced, break-adjusted",,E,2022-11,40152.76,,F,A,
M,CN,B,XDC,CNY,B,,"From January 2002 onwards: monthly balance sheet of the People's Bank of China. Between 1993 and 2001: sum of foreign assets (net), claims against the government, bank claims on deposit money, claims against non-monetary financial institutions and claims on the non-financial sector. Before 2000: Almanac of China's finance and banking.",BIS-spliced,-,,3,9,,"This series is adjusted for breaks. Break-adjustment calculations follow the methodology outlined in the BIS Quarterly Review (2013). For further detail, see https://www.bis.org/publ/qtrpdf/r_qt1303z.htm",People's Bank of China; Bank for International Settlements.,5B0,"China - Central bank, assets, total, BIS-spliced, break-adjusted",,E,2022-12,41678.38,,F,A,
M,CN,B,XDC,CNY,B,,"From January 2002 onwards: monthly balance sheet of the People's Bank of China. Between 1993 and 2001: sum of foreign assets (net), claims against the government, bank claims on deposit money, claims against non-monetary financial institutions and claims on the non-financial sector. Before 2000: Almanac of China's finance and banking.",BIS-spliced,-,,3,9,,"This series is adjusted for breaks. Break-adjustment calculations follow the methodology outlined in the BIS Quarterly Review (2013). For further detail, see https://www.bis.org/publ/qtrpdf/r_qt1303z.htm",People's Bank of China; Bank for International Settlements.,5B0,"China - Central bank, assets, total, BIS-spliced, break-adjusted",,E,2023-01,42206.47,,F,A,
M,CN,B,XDC,CNY,B,,"From January 2002 onwards: monthly balance sheet of the People's Bank of China. Between 1993 and 2001: sum of foreign assets (net), claims against the government, bank claims on deposit money, claims against non-monetary financial institutions and claims on the non-financial sector. Before 2000: Almanac of China's finance and banking.",BIS-spliced,-,,3,9,,"This series is adjusted for breaks. Break-adjustment calculations follow the methodology outlined in the BIS Quarterly Review (2013). For further detail, see https://www.bis.org/publ/qtrpdf/r_qt1303z.htm",People's Bank of China; Bank for International Settlements.,5B0,"China - Central bank, assets, total, BIS-spliced, break-adjusted",,E,2023-02,41767.94,,F,A,
M,CN,B,XDC,CNY,B,,"From January 2002 onwards: monthly balance sheet of the People's Bank of China. Between 1993 and 2001: sum of foreign assets (net), claims against the government, bank claims on deposit money, claims against non-monetary financial institutions and claims on the non-financial sector. Before 2000: Almanac of China's finance and banking.",BIS-spliced,-,,3,9,,"This series is adjusted for breaks. Break-adjustment calculations follow the methodology outlined in the BIS Quarterly Review (2013). For further detail, see https://www.bis.org/publ/qtrpdf/r_qt1303z.htm",People's Bank of China; Bank for International Settlements.,5B0,"China - Central bank, assets, total, BIS-spliced, break-adjusted",,E,2023-03,42100.73,,F,A,
M,CN,B,XDC,CNY,B,,"From January 2002 onwards: monthly balance sheet of the People's Bank of China. Between 1993 and 2001: sum of foreign assets (net), claims against the government, bank claims on deposit money, claims against non-monetary financial institutions and claims on the non-financial sector. Before 2000: Almanac of China's finance and banking.",BIS-spliced,-,,3,9,,"This series is adjusted for breaks. Break-adjustment calculations follow the methodology outlined in the BIS Quarterly Review (2013). For further detail, see https://www.bis.org/publ/qtrpdf/r_qt1303z.htm",People's Bank of China; Bank for International Settlements.,5B0,"China - Central bank, assets, total, BIS-spliced, break-adjusted",,E,2023-04,41265.42,,F,A,
M,CN,B,XDC,CNY,B,,"From January 2002 onwards: monthly balance sheet of the People's Bank of China. Between 1993 and 2001: sum of foreign assets (net), claims against the government, bank claims on deposit money, claims against non-monetary financial institutions and claims on the non-financial sector. Before 2000: Almanac of China's finance and banking.",BIS-spliced,-,,3,9,,"This series is adjusted for breaks. Break-adjustment calculations follow the methodology outlined in the BIS Quarterly Review (2013). For further detail, see https://www.bis.org/publ/qtrpdf/r_qt1303z.htm",People's Bank of China; Bank for International Settlements.,5B0,"China - Central bank, assets, total, BIS-spliced, break-adjusted",,E,2023-05,40642.08,,F,A,
M,CN,B,XDC,CNY,B,,"From January 2002 onwards: monthly balance sheet of the People's Bank of China. Between 1993 and 2001: sum of foreign assets (net), claims against the government, bank claims on deposit money, claims against non-monetary financial institutions and claims on the non-financial sector. Before 2000: Almanac of China's finance and banking.",BIS-spliced,-,,3,9,,"This series is adjusted for breaks. Break-adjustment calculations follow the methodology outlined in the BIS Quarterly Review (2013). For further detail, see https://www.bis.org/publ/qtrpdf/r_qt1303z.htm",People's Bank of China; Bank for International Settlements.,5B0,"China - Central bank, assets, total, BIS-spliced, break-adjusted",,E,2023-06,41806.28,,F,A,
M,CN,B,XDC,CNY,B,,"From January 2002 onwards: monthly balance sheet of the People's Bank of China. Between 1993 and 2001: sum of foreign assets (net), claims against the government, bank claims on deposit money, claims against non-monetary financial institutions and claims on the non-financial sector. Before 2000: Almanac of China's finance and banking.",BIS-spliced,-,,3,9,,"This series is adjusted for breaks. Break-adjustment calculations follow the methodology outlined in the BIS Quarterly Review (2013). For further detail, see https://www.bis.org/publ/qtrpdf/r_qt1303z.htm",People's Bank of China; Bank for International Settlements.,5B0,"China - Central bank, assets, total, BIS-spliced, break-adjusted",,E,2023-07,40809.17,,F,A,
M,CN,B,XDC,CNY,B,,"From January 2002 onwards: monthly balance sheet of the People's Bank of China. Between 1993 and 2001: sum of foreign assets (net), claims against the government, bank claims on deposit money, claims against non-monetary financial institutions and claims on the non-financial sector. Before 2000: Almanac of China's finance and banking.",BIS-spliced,-,,3,9,,"This series is adjusted for breaks. Break-adjustment calculations follow the methodology outlined in the BIS Quarterly Review (2013). For further detail, see https://www.bis.org/publ/qtrpdf/r_qt1303z.htm",People's Bank of China; Bank for International Settlements.,5B0,"China - Central bank, assets, total, BIS-spliced, break-adjusted",,E,2023-08,41684.05,,F,A,
M,CN,B,XDC,CNY,B,,"From January 2002 onwards: monthly balance sheet of the People's Bank of China. Between 1993 and 2001: sum of foreign assets (net), claims against the government, bank claims on deposit money, claims against non-monetary financial institutions and claims on the non-financial sector. Before 2000: Almanac of China's finance and banking.",BIS-spliced,-,,3,9,,"This series is adjusted for breaks. Break-adjustment calculations follow the methodology outlined in the BIS Quarterly Review (2013). For further detail, see https://www.bis.org/publ/qtrpdf/r_qt1303z.htm",People's Bank of China; Bank for International Settlements.,5B0,"China - Central bank, assets, total, BIS-spliced, break-adjusted",,E,2023-09,42735.49,,F,A,
M,CN,B,XDC,CNY,B,,"From January 2002 onwards: monthly balance sheet of the People's Bank of China. Between 1993 and 2001: sum of foreign assets (net), claims against the government, bank claims on deposit money, claims against non-monetary financial institutions and claims on the non-financial sector. Before 2000: Almanac of China's finance and banking.",BIS-spliced,-,,3,9,,"This series is adjusted for breaks. Break-adjustment calculations follow the methodology outlined in the BIS Quarterly Review (2013). For further detail, see https://www.bis.org/publ/qtrpdf/r_qt1303z.htm",People's Bank of China; Bank for International Settlements.,5B0,"China - Central bank, assets, total, BIS-spliced, break-adjusted",,E,2023-10,43326,,F,A,
M,CN,B,XDC,CNY,B,,"From January 2002 onwards: monthly balance sheet of the People's Bank of China. Between 1993 and 2001: sum of foreign assets (net), claims against the government, bank claims on deposit money, claims against non-monetary financial institutions and claims on the non-financial sector. Before 2000: Almanac of China's finance and banking.",BIS-spliced,-,,3,9,,"This series is adjusted for breaks. Break-adjustment calculations follow the methodology outlined in the BIS Quarterly Review (2013). For further detail, see https://www.bis.org/publ/qtrpdf/r_qt1303z.htm",People's Bank of China; Bank for International Settlements.,5B0,"China - Central bank, assets, total, BIS-spliced, break-adjusted",,E,2023-11,44065.46,,F,A,
M,CN,B,XDC,CNY,B,,"From January 2002 onwards: monthly balance sheet of the People's Bank of China. Between 1993 and 2001: sum of foreign assets (net), claims against the government, bank claims on deposit money, claims against non-monetary financial institutions and claims on the non-financial sector. Before 2000: Almanac of China's finance and banking.",BIS-spliced,-,,3,9,,"This series is adjusted for breaks. Break-adjustment calculations follow the methodology outlined in the BIS Quarterly Review (2013). For further detail, see https://www.bis.org/publ/qtrpdf/r_qt1303z.htm",People's Bank of China; Bank for International Settlements.,5B0,"China - Central bank, assets, total, BIS-spliced, break-adjusted",,E,2023-12,45694.4,,F,A,
M,CN,B,XDC,CNY,B,,"From January 2002 onwards: monthly balance sheet of the People's Bank of China. Between 1993 and 2001: sum of foreign assets (net), claims against the government, bank claims on deposit money, claims against non-monetary financial institutions and claims on the non-financial sector. Before 2000: Almanac of China's finance and banking.",BIS-spliced,-,,3,9,,"This series is adjusted for breaks. Break-adjustment calculations follow the methodology outlined in the BIS Quarterly Review (2013). For further detail, see https://www.bis.org/publ/qtrpdf/r_qt1303z.htm",People's Bank of China; Bank for International Settlements.,5B0,"China - Central bank, assets, total, BIS-spliced, break-adjusted",,E,2024-01,45642.68,,F,A,
M,CN,B,XDC,CNY,B,,"From January 2002 onwards: monthly balance sheet of the People's Bank of China. Between 1993 and 2001: sum of foreign assets (net), claims against the government, bank claims on deposit money, claims against non-monetary financial institutions and claims on the non-financial sector. Before 2000: Almanac of China's finance and banking.",BIS-spliced,-,,3,9,,"This series is adjusted for breaks. Break-adjustment calculations follow the methodology outlined in the BIS Quarterly Review (2013). For further detail, see https://www.bis.org/publ/qtrpdf/r_qt1303z.htm",People's Bank of China; Bank for International Settlements.,5B0,"China - Central bank, assets, total, BIS-spliced, break-adjusted",,E,2024-02,44569.39,,F,A,
M,CN,B,XDC,CNY,B,,"From January 2002 onwards: monthly balance sheet of the People's Bank of China. Between 1993 and 2001: sum of foreign assets (net), claims against the government, bank claims on deposit money, claims against non-monetary financial institutions and claims on the non-financial sector. Before 2000: Almanac of China's finance and banking.",BIS-spliced,-,,3,9,,"This series is adjusted for breaks. Break-adjustment calculations follow the methodology outlined in the BIS Quarterly Review (2013). For further detail, see https://www.bis.org/publ/qtrpdf/r_qt1303z.htm",People's Bank of China; Bank for International Settlements.,5B0,"China - Central bank, assets, total, BIS-spliced, break-adjusted",,E,2024-03,43886.07,,F,A,
M,CN,B,XDC,CNY,B,,"From January 2002 onwards: monthly balance sheet of the People's Bank of China. Between 1993 and 2001: sum of foreign assets (net), claims against the government, bank claims on deposit money, claims against non-monetary financial institutions and claims on the non-financial sector. Before 2000: Almanac of China's finance and banking.",BIS-spliced,-,,3,9,,"This series is adjusted for breaks. Break-adjustment calculations follow the methodology outlined in the BIS Quarterly Review (2013). For further detail, see https://www.bis.org/publ/qtrpdf/r_qt1303z.htm",People's Bank of China; Bank for International Settlements.,5B0,"China - Central bank, assets, total, BIS-spliced, break-adjusted",,E,2024-04,42842.52,,F,A,
M,CN,B,XDC,CNY,B,,"From January 2002 onwards: monthly balance sheet of the People's Bank of China. Between 1993 and 2001: sum of foreign assets (net), claims against the government, bank claims on deposit money, claims against non-monetary financial institutions and claims on the non-financial sector. Before 2000: Almanac of China's finance and banking.",BIS-spliced,-,,3,9,,"This series is adjusted for breaks. Break-adjustment calculations follow the methodology outlined in the BIS Quarterly Review (2013). For further detail, see https://www.bis.org/publ/qtrpdf/r_qt1303z.htm",People's Bank of China; Bank for International Settlements.,5B0,"China - Central bank, assets, total, BIS-spliced, break-adjusted",,E,2024-05,42953.76,,F,A,
M,CN,B,XDC,CNY,B,,"From January 2002 onwards: monthly balance sheet of the People's Bank of China. Between 1993 and 2001: sum of foreign assets (net), claims against the government, bank claims on deposit money, claims against non-monetary financial institutions and claims on the non-financial sector. Before 2000: Almanac of China's finance and banking.",BIS-spliced,-,,3,9,,"This series is adjusted for breaks. Break-adjustment calculations follow the methodology outlined in the BIS Quarterly Review (2013). For further detail, see https://www.bis.org/publ/qtrpdf/r_qt1303z.htm",People's Bank of China; Bank for International Settlements.,5B0,"China - Central bank, assets, total, BIS-spliced, break-adjusted",,E,2024-06,43654.68,,F,A,
M,CN,B,XDC,CNY,B,,"From January 2002 onwards: monthly balance sheet of the People's Bank of China. Between 1993 and 2001: sum of foreign assets (net), claims against the government, bank claims on deposit money, claims against non-monetary financial institutions and claims on the non-financial sector. Before 2000: Almanac of China's finance and banking.",BIS-spliced,-,,3,9,,"This series is adjusted for breaks. Break-adjustment calculations follow the methodology outlined in the BIS Quarterly Review (2013). For further detail, see https://www.bis.org/publ/qtrpdf/r_qt1303z.htm",People's Bank of China; Bank for International Settlements.,5B0,"China - Central bank, assets, total, BIS-spliced, break-adjusted",,E,2024-07,43646.92,,F,A,
M,CN,B,XDC,CNY,B,,"From January 2002 onwards: monthly balance sheet of the People's Bank of China. Between 1993 and 2001: sum of foreign assets (net), claims against the government, bank claims on deposit money, claims against non-monetary financial institutions and claims on the non-financial sector. Before 2000: Almanac of China's finance and banking.",BIS-spliced,-,,3,9,,"This series is adjusted for breaks. Break-adjustment calculations follow the methodology outlined in the BIS Quarterly Review (2013). For further detail, see https://www.bis.org/publ/qtrpdf/r_qt1303z.htm",People's Bank of China; Bank for International Settlements.,5B0,"China - Central bank, assets, total, BIS-spliced, break-adjusted",,E,2024-08,43889.75,,F,A,
M,CN,B,XDC,CNY,B,,"From January 2002 onwards: monthly balance sheet of the People's Bank of China. Between 1993 and 2001: sum of foreign assets (net), claims against the government, bank claims on deposit money, claims against non-monetary financial institutions and claims on the non-financial sector. Before 2000: Almanac of China's finance and banking.",BIS-spliced,-,,3,9,,"This series is adjusted for breaks. Break-adjustment calculations follow the methodology outlined in the BIS Quarterly Review (2013). For further detail, see https://www.bis.org/publ/qtrpdf/r_qt1303z.htm",People's Bank of China; Bank for International Settlements.,5B0,"China - Central bank, assets, total, BIS-spliced, break-adjusted",,E,2024-09,45505.06,,F,A,
M,CN,B,XDC,CNY,B,,"From January 2002 onwards: monthly balance sheet of the People's Bank of China. Between 1993 and 2001: sum of foreign assets (net), claims against the government, bank claims on deposit money, claims against non-monetary financial institutions and claims on the non-financial sector. Before 2000: Almanac of China's finance and banking.",BIS-spliced,-,,3,9,,"This series is adjusted for breaks. Break-adjustment calculations follow the methodology outlined in the BIS Quarterly Review (2013). For further detail, see https://www.bis.org/publ/qtrpdf/r_qt1303z.htm",People's Bank of China; Bank for International Settlements.,5B0,"China - Central bank, assets, total, BIS-spliced, break-adjusted",,E,2024-10,44735.75,,F,A,
M,CN,B,XDC,CNY,B,,"From January 2002 onwards: monthly balance sheet of the People's Bank of China. Between 1993 and 2001: sum of foreign assets (net), claims against the government, bank claims on deposit money, claims against non-monetary financial institutions and claims on the non-financial sector. Before 2000: Almanac of China's finance and banking.",BIS-spliced,-,,3,9,,"This series is adjusted for breaks. Break-adjustment calculations follow the methodology outlined in the BIS Quarterly Review (2013). For further detail, see https://www.bis.org/publ/qtrpdf/r_qt1303z.htm",People's Bank of China; Bank for International Settlements.,5B0,"China - Central bank, assets, total, BIS-spliced, break-adjusted",,E,2024-11,45370.71,,F,A,
M,CN,B,XDC,CNY,B,,"From January 2002 onwards: monthly balance sheet of the People's Bank of China. Between 1993 and 2001: sum of foreign assets (net), claims against the government, bank claims on deposit money, claims against non-monetary financial institutions and claims on the non-financial sector. Before 2000: Almanac of China's finance and banking.",BIS-spliced,-,,3,9,,"This series is adjusted for breaks. Break-adjustment calculations follow the methodology outlined in the BIS Quarterly Review (2013). For further detail, see https://www.bis.org/publ/qtrpdf/r_qt1303z.htm",People's Bank of China; Bank for International Settlements.,5B0,"China - Central bank, assets, total, BIS-spliced, break-adjusted",,E,2024-12,44051.33,,F,A,
M,CN,B,XDC,CNY,B,,"From January 2002 onwards: monthly balance sheet of the People's Bank of China. Between 1993 and 2001: sum of foreign assets (net), claims against the government, bank claims on deposit money, claims against non-monetary financial institutions and claims on the non-financial sector. Before 2000: Almanac of China's finance and banking.",BIS-spliced,-,,3,9,,"This series is adjusted for breaks. Break-adjustment calculations follow the methodology outlined in the BIS Quarterly Review (2013). For further detail, see https://www.bis.org/publ/qtrpdf/r_qt1303z.htm",People's Bank of China; Bank for International Settlements.,5B0,"China - Central bank, assets, total, BIS-spliced, break-adjusted",,E,2025-01,46657.47,,F,A,
M,CN,B,XDC,CNY,B,,"From January 2002 onwards: monthly balance sheet of the People's Bank of China. Between 1993 and 2001: sum of foreign assets (net), claims against the government, bank claims on deposit money, claims against non-monetary financial institutions and claims on the non-financial sector. Before 2000: Almanac of China's finance and banking.",BIS-spliced,-,,3,9,,"This series is adjusted for breaks. Break-adjustment calculations follow the methodology outlined in the BIS Quarterly Review (2013). For further detail, see https://www.bis.org/publ/qtrpdf/r_qt1303z.htm",People's Bank of China; Bank for International Settlements.,5B0,"China - Central bank, assets, total, BIS-spliced, break-adjusted",,E,2025-02,47020.53,,F,A,
M,CN,B,XDC,CNY,B,,"From January 2002 onwards: monthly balance sheet of the People's Bank of China. Between 1993 and 2001: sum of foreign assets (net), claims against the government, bank claims on deposit money, claims against non-monetary financial institutions and claims on the non-financial sector. Before 2000: Almanac of China's finance and banking.",BIS-spliced,-,,3,9,,"This series is adjusted for breaks. Break-adjustment calculations follow the methodology outlined in the BIS Quarterly Review (2013). For further detail, see https://www.bis.org/publ/qtrpdf/r_qt1303z.htm",People's Bank of China; Bank for International Settlements.,5B0,"China - Central bank, assets, total, BIS-spliced, break-adjusted",,E,2025-03,45531.2,,F,A,
M,CN,B,XDC,CNY,B,,"From January 2002 onwards: monthly balance sheet of the People's Bank of China. Between 1993 and 2001: sum of foreign assets (net), claims against the government, bank claims on deposit money, claims against non-monetary financial institutions and claims on the non-financial sector. Before 2000: Almanac of China's finance and banking.",BIS-spliced,-,,3,9,,"This series is adjusted for breaks. Break-adjustment calculations follow the methodology outlined in the BIS Quarterly Review (2013). For further detail, see https://www.bis.org/publ/qtrpdf/r_qt1303z.htm",People's Bank of China; Bank for International Settlements.,5B0,"China - Central bank, assets, total, BIS-spliced, break-adjusted",,E,2025-04,45520.3,,F,A,
M,CN,B,XDC,CNY,B,,"From January 2002 onwards: monthly balance sheet of the People's Bank of China. Between 1993 and 2001: sum of foreign assets (net), claims against the government, bank claims on deposit money, claims against non-monetary financial institutions and claims on the non-financial sector. Before 2000: Almanac of China's finance and banking.",BIS-spliced,-,,3,9,,"This series is adjusted for breaks. Break-adjustment calculations follow the methodology outlined in the BIS Quarterly Review (2013). For further detail, see https://www.bis.org/publ/qtrpdf/r_qt1303z.htm",People's Bank of China; Bank for International Settlements.,5B0,"China - Central bank, assets, total, BIS-spliced, break-adjusted",,E,2025-05,45099.8,,F,A,
M,CN,B,XDC,CNY,B,,"From January 2002 onwards: monthly balance sheet of the People's Bank of China. Between 1993 and 2001: sum of foreign assets (net), claims against the government, bank claims on deposit money, claims against non-monetary financial institutions and claims on the non-financial sector. Before 2000: Almanac of China's finance and banking.",BIS-spliced,-,,3,9,,"This series is adjusted for breaks. Break-adjustment calculations follow the methodology outlined in the BIS Quarterly Review (2013). For further detail, see https://www.bis.org/publ/qtrpdf/r_qt1303z.htm",People's Bank of China; Bank for International Settlements.,5B0,"China - Central bank, assets, total, BIS-spliced, break-adjusted",,E,2025-06,45782.375,,F,A,
M,CN,B,XDC,CNY,B,,"From January 2002 onwards: monthly balance sheet of the People's Bank of China. Between 1993 and 2001: sum of foreign assets (net), claims against the government, bank claims on deposit money, claims against non-monetary financial institutions and claims on the non-financial sector. Before 2000: Almanac of China's finance and banking.",BIS-spliced,-,,3,9,,"This series is adjusted for breaks. Break-adjustment calculations follow the methodology outlined in the BIS Quarterly Review (2013). For further detail, see https://www.bis.org/publ/qtrpdf/r_qt1303z.htm",People's Bank of China; Bank for International Settlements.,5B0,"China - Central bank, assets, total, BIS-spliced, break-adjusted",,E,2025-07,45949.386,,F,A,
M,CN,B,XDC,CNY,B,,"From January 2002 onwards: monthly balance sheet of the People's Bank of China. Between 1993 and 2001: sum of foreign assets (net), claims against the government, bank claims on deposit money, claims against non-monetary financial institutions and claims on the non-financial sector. Before 2000: Almanac of China's finance and banking.",BIS-spliced,-,,3,9,,"This series is adjusted for breaks. Break-adjustment calculations follow the methodology outlined in the BIS Quarterly Review (2013). For further detail, see https://www.bis.org/publ/qtrpdf/r_qt1303z.htm",People's Bank of China; Bank for International Settlements.,5B0,"China - Central bank, assets, total, BIS-spliced, break-adjusted",,E,2025-08,46325.41,,F,A,
M,CN,B,XDC,CNY,B,,"From January 2002 onwards: monthly balance sheet of the People's Bank of China. Between 1993 and 2001: sum of foreign assets (net), claims against the government, bank claims on deposit money, claims against non-monetary financial institutions and claims on the non-financial sector. Before 2000: Almanac of China's finance and banking.",BIS-spliced,-,,3,9,,"This series is adjusted for breaks. Break-adjustment calculations follow the methodology outlined in the BIS Quarterly Review (2013). For further detail, see https://www.bis.org/publ/qtrpdf/r_qt1303z.htm",People's Bank of China; Bank for International Settlements.,5B0,"China - Central bank, assets, total, BIS-spliced, break-adjusted",,E,2025-09,47139.14,,F,A,
M,CN,B,XDC,CNY,B,,"From January 2002 onwards: monthly balance sheet of the People's Bank of China. Between 1993 and 2001: sum of foreign assets (net), claims against the government, bank claims on deposit money, claims against non-monetary financial institutions and claims on the non-financial sector. Before 2000: Almanac of China's finance and banking.",BIS-spliced,-,,3,9,,"This series is adjusted for breaks. Break-adjustment calculations follow the methodology outlined in the BIS Quarterly Review (2013). For further detail, see https://www.bis.org/publ/qtrpdf/r_qt1303z.htm",People's Bank of China; Bank for International Settlements.,5B0,"China - Central bank, assets, total, BIS-spliced, break-adjusted",,E,2025-10,47062.7,,F,A,
M,CN,B,XDC,CNY,B,,"From January 2002 onwards: monthly balance sheet of the People's Bank of China. Between 1993 and 2001: sum of foreign assets (net), claims against the government, bank claims on deposit money, claims against non-monetary financial institutions and claims on the non-financial sector. Before 2000: Almanac of China's finance and banking.",BIS-spliced,-,,3,9,,"This series is adjusted for breaks. Break-adjustment calculations follow the methodology outlined in the BIS Quarterly Review (2013). For further detail, see https://www.bis.org/publ/qtrpdf/r_qt1303z.htm",People's Bank of China; Bank for International Settlements.,5B0,"China - Central bank, assets, total, BIS-spliced, break-adjusted",,E,2025-11,47297,,F,A,
M,CN,B,XDC,CNY,B,,"From January 2002 onwards: monthly balance sheet of the People's Bank of China. Between 1993 and 2001: sum of foreign assets (net), claims against the government, bank claims on deposit money, claims against non-monetary financial institutions and claims on the non-financial sector. Before 2000: Almanac of China's finance and banking.",BIS-spliced,-,,3,9,,"This series is adjusted for breaks. Break-adjustment calculations follow the methodology outlined in the BIS Quarterly Review (2013). For further detail, see https://www.bis.org/publ/qtrpdf/r_qt1303z.htm",People's Bank of China; Bank for International Settlements.,5B0,"China - Central bank, assets, total, BIS-spliced, break-adjusted",,E,2025-12,48159.1,,F,A,
M,CN,B,XDC,CNY,B,,"From January 2002 onwards: monthly balance sheet of the People's Bank of China. Between 1993 and 2001: sum of foreign assets (net), claims against the government, bank claims on deposit money, claims against non-monetary financial institutions and claims on the non-financial sector. Before 2000: Almanac of China's finance and banking.",BIS-spliced,-,,3,9,,"This series is adjusted for breaks. Break-adjustment calculations follow the methodology outlined in the BIS Quarterly Review (2013). For further detail, see https://www.bis.org/publ/qtrpdf/r_qt1303z.htm",People's Bank of China; Bank for International Settlements.,5B0,"China - Central bank, assets, total, BIS-spliced, break-adjusted",,E,2026-01,49318.99,,F,A,
M,CN,B,XDC,CNY,B,,"From January 2002 onwards: monthly balance sheet of the People's Bank of China. Between 1993 and 2001: sum of foreign assets (net), claims against the government, bank claims on deposit money, claims against non-monetary financial institutions and claims on the non-financial sector. Before 2000: Almanac of China's finance and banking.",BIS-spliced,-,,3,9,,"This series is adjusted for breaks. Break-adjustment calculations follow the methodology outlined in the BIS Quarterly Review (2013). For further detail, see https://www.bis.org/publ/qtrpdf/r_qt1303z.htm",People's Bank of China; Bank for International Settlements.,5B0,"China - Central bank, assets, total, BIS-spliced, break-adjusted",,E,2026-02,49986.28,,F,A,
M,CN,B,XDC,CNY,B,,"From January 2002 onwards: monthly balance sheet of the People's Bank of China. Between 1993 and 2001: sum of foreign assets (net), claims against the government, bank claims on deposit money, claims against non-monetary financial institutions and claims on the non-financial sector. Before 2000: Almanac of China's finance and banking.",BIS-spliced,-,,3,9,,"This series is adjusted for breaks. Break-adjustment calculations follow the methodology outlined in the BIS Quarterly Review (2013). For further detail, see https://www.bis.org/publ/qtrpdf/r_qt1303z.htm",People's Bank of China; Bank for International Settlements.,5B0,"China - Central bank, assets, total, BIS-spliced, break-adjusted",,E,2026-03,49139.87,,F,A,
M,CN,B,XDC,CNY,B,,"From January 2002 onwards: monthly balance sheet of the People's Bank of China. Between 1993 and 2001: sum of foreign assets (net), claims against the government, bank claims on deposit money, claims against non-monetary financial institutions and claims on the non-financial sector. Before 2000: Almanac of China's finance and banking.",BIS-spliced,-,,3,9,,"This series is adjusted for breaks. Break-adjustment calculations follow the methodology outlined in the BIS Quarterly Review (2013). For further detail, see https://www.bis.org/publ/qtrpdf/r_qt1303z.htm",People's Bank of China; Bank for International Settlements.,5B0,"China - Central bank, assets, total, BIS-spliced, break-adjusted",,E,2026-04,48632.75,,F,A,
M,CN,B,XDC,CNY,B,,"From January 2002 onwards: monthly balance sheet of the People's Bank of China. Between 1993 and 2001: sum of foreign assets (net), claims against the government, bank claims on deposit money, claims against non-monetary financial institutions and claims on the non-financial sector. Before 2000: Almanac of China's finance and banking.",BIS-spliced,-,,3,9,,"This series is adjusted for breaks. Break-adjustment calculations follow the methodology outlined in the BIS Quarterly Review (2013). For further detail, see https://www.bis.org/publ/qtrpdf/r_qt1303z.htm",People's Bank of China; Bank for International Settlements.,5B0,"China - Central bank, assets, total, BIS-spliced, break-adjusted",,E,2026-05,48380.69,,F,A,
M,CN,B,XDC,CNY,B,,"From January 2002 onwards: monthly balance sheet of the People's Bank of China. Between 1993 and 2001: sum of foreign assets (net), claims against the government, bank claims on deposit money, claims against non-monetary financial institutions and claims on the non-financial sector. Before 2000: Almanac of China's finance and banking.",BIS-spliced,-,,3,9,,"This series is adjusted for breaks. Break-adjustment calculations follow the methodology outlined in the BIS Quarterly Review (2013). For further detail, see https://www.bis.org/publ/qtrpdf/r_qt1303z.htm",People's Bank of China; Bank for International Settlements.,5B0,"China - Central bank, assets, total, BIS-spliced, break-adjusted",,E,2026-06,49433.5,,F,A,
M,CN,B,XDC,CNY,N,,"From January 2002 onwards: monthly balance sheet of the People's Bank of China. Between 1993 and 2001: sum of foreign assets (net), claims against the government, bank claims on deposit money, claims against non-monetary financial institutions and claims on the non-financial sector. Before 2000: Almanac of China's finance and banking.",BIS-spliced,"In 2017, renminbi (RMB) accounts with international financial organisations are calculated on a net basis.",,3,9,,"Annual: 2002, 1999, 1993. Monthly: Jan 2002.",People's Bank of China; Bank for International Settlements.,5B0,"China - Central bank, assets, total, BIS-spliced",,E,1999-12,3534.98,,F,A,
M,CN,B,XDC,CNY,N,,"From January 2002 onwards: monthly balance sheet of the People's Bank of China. Between 1993 and 2001: sum of foreign assets (net), claims against the government, bank claims on deposit money, claims against non-monetary financial institutions and claims on the non-financial sector. Before 2000: Almanac of China's finance and banking.",BIS-spliced,"In 2017, renminbi (RMB) accounts with international financial organisations are calculated on a net basis.",,3,9,,"Annual: 2002, 1999, 1993. Monthly: Jan 2002.",People's Bank of China; Bank for International Settlements.,5B0,"China - Central bank, assets, total, BIS-spliced",,E,2000-01,3452.95,,F,A,
M,CN,B,XDC,CNY,N,,"From January 2002 onwards: monthly balance sheet of the People's Bank of China. Between 1993 and 2001: sum of foreign assets (net), claims against the government, bank claims on deposit money, claims against non-monetary financial institutions and claims on the non-financial sector. Before 2000: Almanac of China's finance and banking.",BIS-spliced,"In 2017, renminbi (RMB) accounts with international financial organisations are calculated on a net basis.",,3,9,,"Annual: 2002, 1999, 1993. Monthly: Jan 2002.",People's Bank of China; Bank for International Settlements.,5B0,"China - Central bank, assets, total, BIS-spliced",,E,2000-02,3444.39,,F,A,
M,CN,B,XDC,CNY,N,,"From January 2002 onwards: monthly balance sheet of the People's Bank of China. Between 1993 and 2001: sum of foreign assets (net), claims against the government, bank claims on deposit money, claims against non-monetary financial institutions and claims on the non-financial sector. Before 2000: Almanac of China's finance and banking.",BIS-spliced,"In 2017, renminbi (RMB) accounts with international financial organisations are calculated on a net basis.",,3,9,,"Annual: 2002, 1999, 1993. Monthly: Jan 2002.",People's Bank of China; Bank for International Settlements.,5B0,"China - Central bank, assets, total, BIS-spliced",,E,2000-03,3470.268,,F,A,
M,CN,B,XDC,CNY,N,,"From January 2002 onwards: monthly balance sheet of the People's Bank of China. Between 1993 and 2001: sum of foreign assets (net), claims against the government, bank claims on deposit money, claims against non-monetary financial institutions and claims on the non-financial sector. Before 2000: Almanac of China's finance and banking.",BIS-spliced,"In 2017, renminbi (RMB) accounts with international financial organisations are calculated on a net basis.",,3,9,,"Annual: 2002, 1999, 1993. Monthly: Jan 2002.",People's Bank of China; Bank for International Settlements.,5B0,"China - Central bank, assets, total, BIS-spliced",,E,2000-04,3483.893,,F,A,
M,CN,B,XDC,CNY,N,,"From January 2002 onwards: monthly balance sheet of the People's Bank of China. Between 1993 and 2001: sum of foreign assets (net), claims against the government, bank claims on deposit money, claims against non-monetary financial institutions and claims on the non-financial sector. Before 2000: Almanac of China's finance and banking.",BIS-spliced,"In 2017, renminbi (RMB) accounts with international financial organisations are calculated on a net basis.",,3,9,,"Annual: 2002, 1999, 1993. Monthly: Jan 2002.",People's Bank of China; Bank for International Settlements.,5B0,"China - Central bank, assets, total, BIS-spliced",,E,2000-05,3458.447,,F,A,
M,CN,B,XDC,CNY,N,,"From January 2002 onwards: monthly balance sheet of the People's Bank of China. Between 1993 and 2001: sum of foreign assets (net), claims against the government, bank claims on deposit money, claims against non-monetary financial institutions and claims on the non-financial sector. Before 2000: Almanac of China's finance and banking.",BIS-spliced,"In 2017, renminbi (RMB) accounts with international financial organisations are calculated on a net basis.",,3,9,,"Annual: 2002, 1999, 1993. Monthly: Jan 2002.",People's Bank of China; Bank for International Settlements.,5B0,"China - Central bank, assets, total, BIS-spliced",,E,2000-06,3561.091,,F,A,
M,CN,B,XDC,CNY,N,,"From January 2002 onwards: monthly balance sheet of the People's Bank of China. Between 1993 and 2001: sum of foreign assets (net), claims against the government, bank claims on deposit money, claims against non-monetary financial institutions and claims on the non-financial sector. Before 2000: Almanac of China's finance and banking.",BIS-spliced,"In 2017, renminbi (RMB) accounts with international financial organisations are calculated on a net basis.",,3,9,,"Annual: 2002, 1999, 1993. Monthly: Jan 2002.",People's Bank of China; Bank for International Settlements.,5B0,"China - Central bank, assets, total, BIS-spliced",,E,2000-07,3604.232,,F,A,
M,CN,B,XDC,CNY,N,,"From January 2002 onwards: monthly balance sheet of the People's Bank of China. Between 1993 and 2001: sum of foreign assets (net), claims against the government, bank claims on deposit money, claims against non-monetary financial institutions and claims on the non-financial sector. Before 2000: Almanac of China's finance and banking.",BIS-spliced,"In 2017, renminbi (RMB) accounts with international financial organisations are calculated on a net basis.",,3,9,,"Annual: 2002, 1999, 1993. Monthly: Jan 2002.",People's Bank of China; Bank for International Settlements.,5B0,"China - Central bank, assets, total, BIS-spliced",,E,2000-08,3626.91,,F,A,
M,CN,B,XDC,CNY,N,,"From January 2002 onwards: monthly balance sheet of the People's Bank of China. Between 1993 and 2001: sum of foreign assets (net), claims against the government, bank claims on deposit money, claims against non-monetary financial institutions and claims on the non-financial sector. Before 2000: Almanac of China's finance and banking.",BIS-spliced,"In 2017, renminbi (RMB) accounts with international financial organisations are calculated on a net basis.",,3,9,,"Annual: 2002, 1999, 1993. Monthly: Jan 2002.",People's Bank of China; Bank for International Settlements.,5B0,"China - Central bank, assets, total, BIS-spliced",,E,2000-09,3661.904,,F,A,
M,CN,B,XDC,CNY,N,,"From January 2002 onwards: monthly balance sheet of the People's Bank of China. Between 1993 and 2001: sum of foreign assets (net), claims against the government, bank claims on deposit money, claims against non-monetary financial institutions and claims on the non-financial sector. Before 2000: Almanac of China's finance and banking.",BIS-spliced,"In 2017, renminbi (RMB) accounts with international financial organisations are calculated on a net basis.",,3,9,,"Annual: 2002, 1999, 1993. Monthly: Jan 2002.",People's Bank of China; Bank for International Settlements.,5B0,"China - Central bank, assets, total, BIS-spliced",,E,2000-10,3706.553,,F,A,
M,CN,B,XDC,CNY,N,,"From January 2002 onwards: monthly balance sheet of the People's Bank of China. Between 1993 and 2001: sum of foreign assets (net), claims against the government, bank claims on deposit money, claims against non-monetary financial institutions and claims on the non-financial sector. Before 2000: Almanac of China's finance and banking.",BIS-spliced,"In 2017, renminbi (RMB) accounts with international financial organisations are calculated on a net basis.",,3,9,,"Annual: 2002, 1999, 1993. Monthly: Jan 2002.",People's Bank of China; Bank for International Settlements.,5B0,"China - Central bank, assets, total, BIS-spliced",,E,2000-11,3747.491,,F,A,
M,CN,B,XDC,CNY,N,,"From January 2002 onwards: monthly balance sheet of the People's Bank of China. Between 1993 and 2001: sum of foreign assets (net), claims against the government, bank claims on deposit money, claims against non-monetary financial institutions and claims on the non-financial sector. Before 2000: Almanac of China's finance and banking.",BIS-spliced,"In 2017, renminbi (RMB) accounts with international financial organisations are calculated on a net basis.",,3,9,,"Annual: 2002, 1999, 1993. Monthly: Jan 2002.",People's Bank of China; Bank for International Settlements.,5B0,"China - Central bank, assets, total, BIS-spliced",,E,2000-12,3939.536,,F,A,
M,CN,B,XDC,CNY,N,,"From January 2002 onwards: monthly balance sheet of the People's Bank of China. Between 1993 and 2001: sum of foreign assets (net), claims against the government, bank claims on deposit money, claims against non-monetary financial institutions and claims on the non-financial sector. Before 2000: Almanac of China's finance and banking.",BIS-spliced,"In 2017, renminbi (RMB) accounts with international financial organisations are calculated on a net basis.",,3,9,,"Annual: 2002, 1999, 1993. Monthly: Jan 2002.",People's Bank of China; Bank for International Settlements.,5B0,"China - Central bank, assets, total, BIS-spliced",,E,2001-01,3890.036,,F,A,
M,CN,B,XDC,CNY,N,,"From January 2002 onwards: monthly balance sheet of the People's Bank of China. Between 1993 and 2001: sum of foreign assets (net), claims against the government, bank claims on deposit money, claims against non-monetary financial institutions and claims on the non-financial sector. Before 2000: Almanac of China's finance and banking.",BIS-spliced,"In 2017, renminbi (RMB) accounts with international financial organisations are calculated on a net basis.",,3,9,,"Annual: 2002, 1999, 1993. Monthly: Jan 2002.",People's Bank of China; Bank for International Settlements.,5B0,"China - Central bank, assets, total, BIS-spliced",,E,2001-02,3737.234,,F,A,
M,CN,B,XDC,CNY,N,,"From January 2002 onwards: monthly balance sheet of the People's Bank of China. Between 1993 and 2001: sum of foreign assets (net), claims against the government, bank claims on deposit money, claims against non-monetary financial institutions and claims on the non-financial sector. Before 2000: Almanac of China's finance and banking.",BIS-spliced,"In 2017, renminbi (RMB) accounts with international financial organisations are calculated on a net basis.",,3,9,,"Annual: 2002, 1999, 1993. Monthly: Jan 2002.",People's Bank of China; Bank for International Settlements.,5B0,"China - Central bank, assets, total, BIS-spliced",,E,2001-03,3732.677,,F,A,
M,CN,B,XDC,CNY,N,,"From January 2002 onwards: monthly balance sheet of the People's Bank of China. Between 1993 and 2001: sum of foreign assets (net), claims against the government, bank claims on deposit money, claims against non-monetary financial institutions and claims on the non-financial sector. Before 2000: Almanac of China's finance and banking.",BIS-spliced,"In 2017, renminbi (RMB) accounts with international financial organisations are calculated on a net basis.",,3,9,,"Annual: 2002, 1999, 1993. Monthly: Jan 2002.",People's Bank of China; Bank for International Settlements.,5B0,"China - Central bank, assets, total, BIS-spliced",,E,2001-04,3854.278,,F,A,
M,CN,B,XDC,CNY,N,,"From January 2002 onwards: monthly balance sheet of the People's Bank of China. Between 1993 and 2001: sum of foreign assets (net), claims against the government, bank claims on deposit money, claims against non-monetary financial institutions and claims on the non-financial sector. Before 2000: Almanac of China's finance and banking.",BIS-spliced,"In 2017, renminbi (RMB) accounts with international financial organisations are calculated on a net basis.",,3,9,,"Annual: 2002, 1999, 1993. Monthly: Jan 2002.",People's Bank of China; Bank for International Settlements.,5B0,"China - Central bank, assets, total, BIS-spliced",,E,2001-05,3855.879,,F,A,
M,CN,B,XDC,CNY,N,,"From January 2002 onwards: monthly balance sheet of the People's Bank of China. Between 1993 and 2001: sum of foreign assets (net), claims against the government, bank claims on deposit money, claims against non-monetary financial institutions and claims on the non-financial sector. Before 2000: Almanac of China's finance and banking.",BIS-spliced,"In 2017, renminbi (RMB) accounts with international financial organisations are calculated on a net basis.",,3,9,,"Annual: 2002, 1999, 1993. Monthly: Jan 2002.",People's Bank of China; Bank for International Settlements.,5B0,"China - Central bank, assets, total, BIS-spliced",,E,2001-06,3969.227,,F,A,
M,CN,B,XDC,CNY,N,,"From January 2002 onwards: monthly balance sheet of the People's Bank of China. Between 1993 and 2001: sum of foreign assets (net), claims against the government, bank claims on deposit money, claims against non-monetary financial institutions and claims on the non-financial sector. Before 2000: Almanac of China's finance and banking.",BIS-spliced,"In 2017, renminbi (RMB) accounts with international financial organisations are calculated on a net basis.",,3,9,,"Annual: 2002, 1999, 1993. Monthly: Jan 2002.",People's Bank of China; Bank for International Settlements.,5B0,"China - Central bank, assets, total, BIS-spliced",,E,2001-07,3997.509,,F,A,
M,CN,B,XDC,CNY,N,,"From January 2002 onwards: monthly balance sheet of the People's Bank of China. Between 1993 and 2001: sum of foreign assets (net), claims against the government, bank claims on deposit money, claims against non-monetary financial institutions and claims on the non-financial sector. Before 2000: Almanac of China's finance and banking.",BIS-spliced,"In 2017, renminbi (RMB) accounts with international financial organisations are calculated on a net basis.",,3,9,,"Annual: 2002, 1999, 1993. Monthly: Jan 2002.",People's Bank of China; Bank for International Settlements.,5B0,"China - Central bank, assets, total, BIS-spliced",,E,2001-08,4037.557,,F,A,
M,CN,B,XDC,CNY,N,,"From January 2002 onwards: monthly balance sheet of the People's Bank of China. Between 1993 and 2001: sum of foreign assets (net), claims against the government, bank claims on deposit money, claims against non-monetary financial institutions and claims on the non-financial sector. Before 2000: Almanac of China's finance and banking.",BIS-spliced,"In 2017, renminbi (RMB) accounts with international financial organisations are calculated on a net basis.",,3,9,,"Annual: 2002, 1999, 1993. Monthly: Jan 2002.",People's Bank of China; Bank for International Settlements.,5B0,"China - Central bank, assets, total, BIS-spliced",,E,2001-09,4029.526,,F,A,
M,CN,B,XDC,CNY,N,,"From January 2002 onwards: monthly balance sheet of the People's Bank of China. Between 1993 and 2001: sum of foreign assets (net), claims against the government, bank claims on deposit money, claims against non-monetary financial institutions and claims on the non-financial sector. Before 2000: Almanac of China's finance and banking.",BIS-spliced,"In 2017, renminbi (RMB) accounts with international financial organisations are calculated on a net basis.",,3,9,,"Annual: 2002, 1999, 1993. Monthly: Jan 2002.",People's Bank of China; Bank for International Settlements.,5B0,"China - Central bank, assets, total, BIS-spliced",,E,2001-10,4131.191,,F,A,
M,CN,B,XDC,CNY,N,,"From January 2002 onwards: monthly balance sheet of the People's Bank of China. Between 1993 and 2001: sum of foreign assets (net), claims against the government, bank claims on deposit money, claims against non-monetary financial institutions and claims on the non-financial sector. Before 2000: Almanac of China's finance and banking.",BIS-spliced,"In 2017, renminbi (RMB) accounts with international financial organisations are calculated on a net basis.",,3,9,,"Annual: 2002, 1999, 1993. Monthly: Jan 2002.",People's Bank of China; Bank for International Settlements.,5B0,"China - Central bank, assets, total, BIS-spliced",,E,2001-11,4184.126,,F,A,
M,CN,B,XDC,CNY,N,,"From January 2002 onwards: monthly balance sheet of the People's Bank of China. Between 1993 and 2001: sum of foreign assets (net), claims against the government, bank claims on deposit money, claims against non-monetary financial institutions and claims on the non-financial sector. Before 2000: Almanac of China's finance and banking.",BIS-spliced,"In 2017, renminbi (RMB) accounts with international financial organisations are calculated on a net basis.",,3,9,,"Annual: 2002, 1999, 1993. Monthly: Jan 2002.",People's Bank of China; Bank for International Settlements.,5B0,"China - Central bank, assets, total, BIS-spliced",,E,2001-12,4273.618,,F,A,
M,CN,B,XDC,CNY,N,,"From January 2002 onwards: monthly balance sheet of the People's Bank of China. Between 1993 and 2001: sum of foreign assets (net), claims against the government, bank claims on deposit money, claims against non-monetary financial institutions and claims on the non-financial sector. Before 2000: Almanac of China's finance and banking.",BIS-spliced,"In 2017, renminbi (RMB) accounts with international financial organisations are calculated on a net basis.",,3,9,,"Annual: 2002, 1999, 1993. Monthly: Jan 2002.",People's Bank of China; Bank for International Settlements.,5B0,"China - Central bank, assets, total, BIS-spliced",,E,2002-01,4531.103,,F,B,NaN
M,CN,B,XDC,CNY,N,,"From January 2002 onwards: monthly balance sheet of the People's Bank of China. Between 1993 and 2001: sum of foreign assets (net), claims against the government, bank claims on deposit money, claims against non-monetary financial institutions and claims on the non-financial sector. Before 2000: Almanac of China's finance and banking.",BIS-spliced,"In 2017, renminbi (RMB) accounts with international financial organisations are calculated on a net basis.",,3,9,,"Annual: 2002, 1999, 1993. Monthly: Jan 2002.",People's Bank of China; Bank for International Settlements.,5B0,"China - Central bank, assets, total, BIS-spliced",,E,2002-02,4595.295,,F,A,
M,CN,B,XDC,CNY,N,,"From January 2002 onwards: monthly balance sheet of the People's Bank of China. Between 1993 and 2001: sum of foreign assets (net), claims against the government, bank claims on deposit money, claims against non-monetary financial institutions and claims on the non-financial sector. Before 2000: Almanac of China's finance and banking.",BIS-spliced,"In 2017, renminbi (RMB) accounts with international financial organisations are calculated on a net basis.",,3,9,,"Annual: 2002, 1999, 1993. Monthly: Jan 2002.",People's Bank of China; Bank for International Settlements.,5B0,"China - Central bank, assets, total, BIS-spliced",,E,2002-03,4704.817,,F,A,
M,CN,B,XDC,CNY,N,,"From January 2002 onwards: monthly balance sheet of the People's Bank of China. Between 1993 and 2001: sum of foreign assets (net), claims against the government, bank claims on deposit money, claims against non-monetary financial institutions and claims on the non-financial sector. Before 2000: Almanac of China's finance and banking.",BIS-spliced,"In 2017, renminbi (RMB) accounts with international financial organisations are calculated on a net basis.",,3,9,,"Annual: 2002, 1999, 1993. Monthly: Jan 2002.",People's Bank of China; Bank for International Settlements.,5B0,"China - Central bank, assets, total, BIS-spliced",,E,2002-04,4744.911,,F,A,
M,CN,B,XDC,CNY,N,,"From January 2002 onwards: monthly balance sheet of the People's Bank of China. Between 1993 and 2001: sum of foreign assets (net), claims against the government, bank claims on deposit money, claims against non-monetary financial institutions and claims on the non-financial sector. Before 2000: Almanac of China's finance and banking.",BIS-spliced,"In 2017, renminbi (RMB) accounts with international financial organisations are calculated on a net basis.",,3,9,,"Annual: 2002, 1999, 1993. Monthly: Jan 2002.",People's Bank of China; Bank for International Settlements.,5B0,"China - Central bank, assets, total, BIS-spliced",,E,2002-05,4676.81,,F,A,
M,CN,B,XDC,CNY,N,,"From January 2002 onwards: monthly balance sheet of the People's Bank of China. Between 1993 and 2001: sum of foreign assets (net), claims against the government, bank claims on deposit money, claims against non-monetary financial institutions and claims on the non-financial sector. Before 2000: Almanac of China's finance and banking.",BIS-spliced,"In 2017, renminbi (RMB) accounts with international financial organisations are calculated on a net basis.",,3,9,,"Annual: 2002, 1999, 1993. Monthly: Jan 2002.",People's Bank of China; Bank for International Settlements.,5B0,"China - Central bank, assets, total, BIS-spliced",,E,2002-06,4661.282,,F,A,
M,CN,B,XDC,CNY,N,,"From January 2002 onwards: monthly balance sheet of the People's Bank of China. Between 1993 and 2001: sum of foreign assets (net), claims against the government, bank claims on deposit money, claims against non-monetary financial institutions and claims on the non-financial sector. Before 2000: Almanac of China's finance and banking.",BIS-spliced,"In 2017, renminbi (RMB) accounts with international financial organisations are calculated on a net basis.",,3,9,,"Annual: 2002, 1999, 1993. Monthly: Jan 2002.",People's Bank of China; Bank for International Settlements.,5B0,"China - Central bank, assets, total, BIS-spliced",,E,2002-07,4712.708,,F,A,
M,CN,B,XDC,CNY,N,,"From January 2002 onwards: monthly balance sheet of the People's Bank of China. Between 1993 and 2001: sum of foreign assets (net), claims against the government, bank claims on deposit money, claims against non-monetary financial institutions and claims on the non-financial sector. Before 2000: Almanac of China's finance and banking.",BIS-spliced,"In 2017, renminbi (RMB) accounts with international financial organisations are calculated on a net basis.",,3,9,,"Annual: 2002, 1999, 1993. Monthly: Jan 2002.",People's Bank of China; Bank for International Settlements.,5B0,"China - Central bank, assets, total, BIS-spliced",,E,2002-08,4774.736,,F,A,
M,CN,B,XDC,CNY,N,,"From January 2002 onwards: monthly balance sheet of the People's Bank of China. Between 1993 and 2001: sum of foreign assets (net), claims against the government, bank claims on deposit money, claims against non-monetary financial institutions and claims on the non-financial sector. Before 2000: Almanac of China's finance and banking.",BIS-spliced,"In 2017, renminbi (RMB) accounts with international financial organisations are calculated on a net basis.",,3,9,,"Annual: 2002, 1999, 1993. Monthly: Jan 2002.",People's Bank of China; Bank for International Settlements.,5B0,"China - Central bank, assets, total, BIS-spliced",,E,2002-09,4826.39,,F,A,
M,CN,B,XDC,CNY,N,,"From January 2002 onwards: monthly balance sheet of the People's Bank of China. Between 1993 and 2001: sum of foreign assets (net), claims against the government, bank claims on deposit money, claims against non-monetary financial institutions and claims on the non-financial sector. Before 2000: Almanac of China's finance and banking.",BIS-spliced,"In 2017, renminbi (RMB) accounts with international financial organisations are calculated on a net basis.",,3,9,,"Annual: 2002, 1999, 1993. Monthly: Jan 2002.",People's Bank of China; Bank for International Settlements.,5B0,"China - Central bank, assets, total, BIS-spliced",,E,2002-10,4862.432,,F,A,
M,CN,B,XDC,CNY,N,,"From January 2002 onwards: monthly balance sheet of the People's Bank of China. Between 1993 and 2001: sum of foreign assets (net), claims against the government, bank claims on deposit money, claims against non-monetary financial institutions and claims on the non-financial sector. Before 2000: Almanac of China's finance and banking.",BIS-spliced,"In 2017, renminbi (RMB) accounts with international financial organisations are calculated on a net basis.",,3,9,,"Annual: 2002, 1999, 1993. Monthly: Jan 2002.",People's Bank of China; Bank for International Settlements.,5B0,"China - Central bank, assets, total, BIS-spliced",,E,2002-11,4909.617,,F,A,
M,CN,B,XDC,CNY,N,,"From January 2002 onwards: monthly balance sheet of the People's Bank of China. Between 1993 and 2001: sum of foreign assets (net), claims against the government, bank claims on deposit money, claims against non-monetary financial institutions and claims on the non-financial sector. Before 2000: Almanac of China's finance and banking.",BIS-spliced,"In 2017, renminbi (RMB) accounts with international financial organisations are calculated on a net basis.",,3,9,,"Annual: 2002, 1999, 1993. Monthly: Jan 2002.",People's Bank of China; Bank for International Settlements.,5B0,"China - Central bank, assets, total, BIS-spliced",,E,2002-12,5110.758,,F,A,
M,CN,B,XDC,CNY,N,,"From January 2002 onwards: monthly balance sheet of the People's Bank of China. Between 1993 and 2001: sum of foreign assets (net), claims against the government, bank claims on deposit money, claims against non-monetary financial institutions and claims on the non-financial sector. Before 2000: Almanac of China's finance and banking.",BIS-spliced,"In 2017, renminbi (RMB) accounts with international financial organisations are calculated on a net basis.",,3,9,,"Annual: 2002, 1999, 1993. Monthly: Jan 2002.",People's Bank of China; Bank for International Settlements.,5B0,"China - Central bank, assets, total, BIS-spliced",,E,2003-01,5233.655,,F,A,
M,CN,B,XDC,CNY,N,,"From January 2002 onwards: monthly balance sheet of the People's Bank of China. Between 1993 and 2001: sum of foreign assets (net), claims against the government, bank claims on deposit money, claims against non-monetary financial institutions and claims on the non-financial sector. Before 2000: Almanac of China's finance and banking.",BIS-spliced,"In 2017, renminbi (RMB) accounts with international financial organisations are calculated on a net basis.",,3,9,,"Annual: 2002, 1999, 1993. Monthly: Jan 2002.",People's Bank of China; Bank for International Settlements.,5B0,"China - Central bank, assets, total, BIS-spliced",,E,2003-02,5217.884,,F,A,
M,CN,B,XDC,CNY,N,,"From January 2002 onwards: monthly balance sheet of the People's Bank of China. Between 1993 and 2001: sum of foreign assets (net), claims against the government, bank claims on deposit money, claims against non-monetary financial institutions and claims on the non-financial sector. Before 2000: Almanac of China's finance and banking.",BIS-spliced,"In 2017, renminbi (RMB) accounts with international financial organisations are calculated on a net basis.",,3,9,,"Annual: 2002, 1999, 1993. Monthly: Jan 2002.",People's Bank of China; Bank for International Settlements.,5B0,"China - Central bank, assets, total, BIS-spliced",,E,2003-03,5280.717,,F,A,
M,CN,B,XDC,CNY,N,,"From January 2002 onwards: monthly balance sheet of the People's Bank of China. Between 1993 and 2001: sum of foreign assets (net), claims against the government, bank claims on deposit money, claims against non-monetary financial institutions and claims on the non-financial sector. Before 2000: Almanac of China's finance and banking.",BIS-spliced,"In 2017, renminbi (RMB) accounts with international financial organisations are calculated on a net basis.",,3,9,,"Annual: 2002, 1999, 1993. Monthly: Jan 2002.",People's Bank of China; Bank for International Settlements.,5B0,"China - Central bank, assets, total, BIS-spliced",,E,2003-04,5469.462,,F,A,
M,CN,B,XDC,CNY,N,,"From January 2002 onwards: monthly balance sheet of the People's Bank of China. Between 1993 and 2001: sum of foreign assets (net), claims against the government, bank claims on deposit money, claims against non-monetary financial institutions and claims on the non-financial sector. Before 2000: Almanac of China's finance and banking.",BIS-spliced,"In 2017, renminbi (RMB) accounts with international financial organisations are calculated on a net basis.",,3,9,,"Annual: 2002, 1999, 1993. Monthly: Jan 2002.",People's Bank of China; Bank for International Settlements.,5B0,"China - Central bank, assets, total, BIS-spliced",,E,2003-05,5374.383,,F,A,
M,CN,B,XDC,CNY,N,,"From January 2002 onwards: monthly balance sheet of the People's Bank of China. Between 1993 and 2001: sum of foreign assets (net), claims against the government, bank claims on deposit money, claims against non-monetary financial institutions and claims on the non-financial sector. Before 2000: Almanac of China's finance and banking.",BIS-spliced,"In 2017, renminbi (RMB) accounts with international financial organisations are calculated on a net basis.",,3,9,,"Annual: 2002, 1999, 1993. Monthly: Jan 2002.",People's Bank of China; Bank for International Settlements.,5B0,"China - Central bank, assets, total, BIS-spliced",,E,2003-06,5429.066,,F,A,
M,CN,B,XDC,CNY,N,,"From January 2002 onwards: monthly balance sheet of the People's Bank of China. Between 1993 and 2001: sum of foreign assets (net), claims against the government, bank claims on deposit money, claims against non-monetary financial institutions and claims on the non-financial sector. Before 2000: Almanac of China's finance and banking.",BIS-spliced,"In 2017, renminbi (RMB) accounts with international financial organisations are calculated on a net basis.",,3,9,,"Annual: 2002, 1999, 1993. Monthly: Jan 2002.",People's Bank of China; Bank for International Settlements.,5B0,"China - Central bank, assets, total, BIS-spliced",,E,2003-07,5508.441,,F,A,
M,CN,B,XDC,CNY,N,,"From January 2002 onwards: monthly balance sheet of the People's Bank of China. Between 1993 and 2001: sum of foreign assets (net), claims against the government, bank claims on deposit money, claims against non-monetary financial institutions and claims on the non-financial sector. Before 2000: Almanac of China's finance and banking.",BIS-spliced,"In 2017, renminbi (RMB) accounts with international financial organisations are calculated on a net basis.",,3,9,,"Annual: 2002, 1999, 1993. Monthly: Jan 2002.",People's Bank of China; Bank for International Settlements.,5B0,"China - Central bank, assets, total, BIS-spliced",,E,2003-08,5674.345,,F,A,
M,CN,B,XDC,CNY,N,,"From January 2002 onwards: monthly balance sheet of the People's Bank of China. Between 1993 and 2001: sum of foreign assets (net), claims against the government, bank claims on deposit money, claims against non-monetary financial institutions and claims on the non-financial sector. Before 2000: Almanac of China's finance and banking.",BIS-spliced,"In 2017, renminbi (RMB) accounts with international financial organisations are calculated on a net basis.",,3,9,,"Annual: 2002, 1999, 1993. Monthly: Jan 2002.",People's Bank of China; Bank for International Settlements.,5B0,"China - Central bank, assets, total, BIS-spliced",,E,2003-09,5794.856,,F,A,
M,CN,B,XDC,CNY,N,,"From January 2002 onwards: monthly balance sheet of the People's Bank of China. Between 1993 and 2001: sum of foreign assets (net), claims against the government, bank claims on deposit money, claims against non-monetary financial institutions and claims on the non-financial sector. Before 2000: Almanac of China's finance and banking.",BIS-spliced,"In 2017, renminbi (RMB) accounts with international financial organisations are calculated on a net basis.",,3,9,,"Annual: 2002, 1999, 1993. Monthly: Jan 2002.",People's Bank of China; Bank for International Settlements.,5B0,"China - Central bank, assets, total, BIS-spliced",,E,2003-10,5940.514,,F,A,
M,CN,B,XDC,CNY,N,,"From January 2002 onwards: monthly balance sheet of the People's Bank of China. Between 1993 and 2001: sum of foreign assets (net), claims against the government, bank claims on deposit money, claims against non-monetary financial institutions and claims on the non-financial sector. Before 2000: Almanac of China's finance and banking.",BIS-spliced,"In 2017, renminbi (RMB) accounts with international financial organisations are calculated on a net basis.",,3,9,,"Annual: 2002, 1999, 1993. Monthly: Jan 2002.",People's Bank of China; Bank for International Settlements.,5B0,"China - Central bank, assets, total, BIS-spliced",,E,2003-11,5996.924,,F,A,
M,CN,B,XDC,CNY,N,,"From January 2002 onwards: monthly balance sheet of the People's Bank of China. Between 1993 and 2001: sum of foreign assets (net), claims against the government, bank claims on deposit money, claims against non-monetary financial institutions and claims on the non-financial sector. Before 2000: Almanac of China's finance and banking.",BIS-spliced,"In 2017, renminbi (RMB) accounts with international financial organisations are calculated on a net basis.",,3,9,,"Annual: 2002, 1999, 1993. Monthly: Jan 2002.",People's Bank of China; Bank for International Settlements.,5B0,"China - Central bank, assets, total, BIS-spliced",,E,2003-12,6200.406,,F,A,
M,CN,B,XDC,CNY,N,,"From January 2002 onwards: monthly balance sheet of the People's Bank of China. Between 1993 and 2001: sum of foreign assets (net), claims against the government, bank claims on deposit money, claims against non-monetary financial institutions and claims on the non-financial sector. Before 2000: Almanac of China's finance and banking.",BIS-spliced,"In 2017, renminbi (RMB) accounts with international financial organisations are calculated on a net basis.",,3,9,,"Annual: 2002, 1999, 1993. Monthly: Jan 2002.",People's Bank of China; Bank for International Settlements.,5B0,"China - Central bank, assets, total, BIS-spliced",,E,2004-01,6413.289,,F,A,
M,CN,B,XDC,CNY,N,,"From January 2002 onwards: monthly balance sheet of the People's Bank of China. Between 1993 and 2001: sum of foreign assets (net), claims against the government, bank claims on deposit money, claims against non-monetary financial institutions and claims on the non-financial sector. Before 2000: Almanac of China's finance and banking.",BIS-spliced,"In 2017, renminbi (RMB) accounts with international financial organisations are calculated on a net basis.",,3,9,,"Annual: 2002, 1999, 1993. Monthly: Jan 2002.",People's Bank of China; Bank for International Settlements.,5B0,"China - Central bank, assets, total, BIS-spliced",,E,2004-02,6364.338,,F,A,
M,CN,B,XDC,CNY,N,,"From January 2002 onwards: monthly balance sheet of the People's Bank of China. Between 1993 and 2001: sum of foreign assets (net), claims against the government, bank claims on deposit money, claims against non-monetary financial institutions and claims on the non-financial sector. Before 2000: Almanac of China's finance and banking.",BIS-spliced,"In 2017, renminbi (RMB) accounts with international financial organisations are calculated on a net basis.",,3,9,,"Annual: 2002, 1999, 1993. Monthly: Jan 2002.",People's Bank of China; Bank for International Settlements.,5B0,"China - Central bank, assets, total, BIS-spliced",,E,2004-03,6457.111,,F,A,
M,CN,B,XDC,CNY,N,,"From January 2002 onwards: monthly balance sheet of the People's Bank of China. Between 1993 and 2001: sum of foreign assets (net), claims against the government, bank claims on deposit money, claims against non-monetary financial institutions and claims on the non-financial sector. Before 2000: Almanac of China's finance and banking.",BIS-spliced,"In 2017, renminbi (RMB) accounts with international financial organisations are calculated on a net basis.",,3,9,,"Annual: 2002, 1999, 1993. Monthly: Jan 2002.",People's Bank of China; Bank for International Settlements.,5B0,"China - Central bank, assets, total, BIS-spliced",,E,2004-04,6664.127,,F,A,
M,CN,B,XDC,CNY,N,,"From January 2002 onwards: monthly balance sheet of the People's Bank of China. Between 1993 and 2001: sum of foreign assets (net), claims against the government, bank claims on deposit money, claims against non-monetary financial institutions and claims on the non-financial sector. Before 2000: Almanac of China's finance and banking.",BIS-spliced,"In 2017, renminbi (RMB) accounts with international financial organisations are calculated on a net basis.",,3,9,,"Annual: 2002, 1999, 1993. Monthly: Jan 2002.",People's Bank of China; Bank for International Settlements.,5B0,"China - Central bank, assets, total, BIS-spliced",,E,2004-05,6560.602,,F,A,
M,CN,B,XDC,CNY,N,,"From January 2002 onwards: monthly balance sheet of the People's Bank of China. Between 1993 and 2001: sum of foreign assets (net), claims against the government, bank claims on deposit money, claims against non-monetary financial institutions and claims on the non-financial sector. Before 2000: Almanac of China's finance and banking.",BIS-spliced,"In 2017, renminbi (RMB) accounts with international financial organisations are calculated on a net basis.",,3,9,,"Annual: 2002, 1999, 1993. Monthly: Jan 2002.",People's Bank of China; Bank for International Settlements.,5B0,"China - Central bank, assets, total, BIS-spliced",,E,2004-06,6886.502,,F,A,
M,CN,B,XDC,CNY,N,,"From January 2002 onwards: monthly balance sheet of the People's Bank of China. Between 1993 and 2001: sum of foreign assets (net), claims against the government, bank claims on deposit money, claims against non-monetary financial institutions and claims on the non-financial sector. Before 2000: Almanac of China's finance and banking.",BIS-spliced,"In 2017, renminbi (RMB) accounts with international financial organisations are calculated on a net basis.",,3,9,,"Annual: 2002, 1999, 1993. Monthly: Jan 2002.",People's Bank of China; Bank for International Settlements.,5B0,"China - Central bank, assets, total, BIS-spliced",,E,2004-07,6970.241,,F,A,
M,CN,B,XDC,CNY,N,,"From January 2002 onwards: monthly balance sheet of the People's Bank of China. Between 1993 and 2001: sum of foreign assets (net), claims against the government, bank claims on deposit money, claims against non-monetary financial institutions and claims on the non-financial sector. Before 2000: Almanac of China's finance and banking.",BIS-spliced,"In 2017, renminbi (RMB) accounts with international financial organisations are calculated on a net basis.",,3,9,,"Annual: 2002, 1999, 1993. Monthly: Jan 2002.",People's Bank of China; Bank for International Settlements.,5B0,"China - Central bank, assets, total, BIS-spliced",,E,2004-08,7039.766,,F,A,
M,CN,B,XDC,CNY,N,,"From January 2002 onwards: monthly balance sheet of the People's Bank of China. Between 1993 and 2001: sum of foreign assets (net), claims against the government, bank claims on deposit money, claims against non-monetary financial institutions and claims on the non-financial sector. Before 2000: Almanac of China's finance and banking.",BIS-spliced,"In 2017, renminbi (RMB) accounts with international financial organisations are calculated on a net basis.",,3,9,,"Annual: 2002, 1999, 1993. Monthly: Jan 2002.",People's Bank of China; Bank for International Settlements.,5B0,"China - Central bank, assets, total, BIS-spliced",,E,2004-09,7163.51,,F,A,
M,CN,B,XDC,CNY,N,,"From January 2002 onwards: monthly balance sheet of the People's Bank of China. Between 1993 and 2001: sum of foreign assets (net), claims against the government, bank claims on deposit money, claims against non-monetary financial institutions and claims on the non-financial sector. Before 2000: Almanac of China's finance and banking.",BIS-spliced,"In 2017, renminbi (RMB) accounts with international financial organisations are calculated on a net basis.",,3,9,,"Annual: 2002, 1999, 1993. Monthly: Jan 2002.",People's Bank of China; Bank for International Settlements.,5B0,"China - Central bank, assets, total, BIS-spliced",,E,2004-10,7341.888,,F,A,
M,CN,B,XDC,CNY,N,,"From January 2002 onwards: monthly balance sheet of the People's Bank of China. Between 1993 and 2001: sum of foreign assets (net), claims against the government, bank claims on deposit money, claims against non-monetary financial institutions and claims on the non-financial sector. Before 2000: Almanac of China's finance and banking.",BIS-spliced,"In 2017, renminbi (RMB) accounts with international financial organisations are calculated on a net basis.",,3,9,,"Annual: 2002, 1999, 1993. Monthly: Jan 2002.",People's Bank of China; Bank for International Settlements.,5B0,"China - Central bank, assets, total, BIS-spliced",,E,2004-11,7658.626,,F,A,
M,CN,B,XDC,CNY,N,,"From January 2002 onwards: monthly balance sheet of the People's Bank of China. Between 1993 and 2001: sum of foreign assets (net), claims against the government, bank claims on deposit money, claims against non-monetary financial institutions and claims on the non-financial sector. Before 2000: Almanac of China's finance and banking.",BIS-spliced,"In 2017, renminbi (RMB) accounts with international financial organisations are calculated on a net basis.",,3,9,,"Annual: 2002, 1999, 1993. Monthly: Jan 2002.",People's Bank of China; Bank for International Settlements.,5B0,"China - Central bank, assets, total, BIS-spliced",,E,2004-12,7865.533,,F,A,
M,CN,B,XDC,CNY,N,,"From January 2002 onwards: monthly balance sheet of the People's Bank of China. Between 1993 and 2001: sum of foreign assets (net), claims against the government, bank claims on deposit money, claims against non-monetary financial institutions and claims on the non-financial sector. Before 2000: Almanac of China's finance and banking.",BIS-spliced,"In 2017, renminbi (RMB) accounts with international financial organisations are calculated on a net basis.",,3,9,,"Annual: 2002, 1999, 1993. Monthly: Jan 2002.",People's Bank of China; Bank for International Settlements.,5B0,"China - Central bank, assets, total, BIS-spliced",,E,2005-01,8045.094,,F,A,
M,CN,B,XDC,CNY,N,,"From January 2002 onwards: monthly balance sheet of the People's Bank of China. Between 1993 and 2001: sum of foreign assets (net), claims against the government, bank claims on deposit money, claims against non-monetary financial institutions and claims on the non-financial sector. Before 2000: Almanac of China's finance and banking.",BIS-spliced,"In 2017, renminbi (RMB) accounts with international financial organisations are calculated on a net basis.",,3,9,,"Annual: 2002, 1999, 1993. Monthly: Jan 2002.",People's Bank of China; Bank for International Settlements.,5B0,"China - Central bank, assets, total, BIS-spliced",,E,2005-02,8166.789,,F,A,
M,CN,B,XDC,CNY,N,,"From January 2002 onwards: monthly balance sheet of the People's Bank of China. Between 1993 and 2001: sum of foreign assets (net), claims against the government, bank claims on deposit money, claims against non-monetary financial institutions and claims on the non-financial sector. Before 2000: Almanac of China's finance and banking.",BIS-spliced,"In 2017, renminbi (RMB) accounts with international financial organisations are calculated on a net basis.",,3,9,,"Annual: 2002, 1999, 1993. Monthly: Jan 2002.",People's Bank of China; Bank for International Settlements.,5B0,"China - Central bank, assets, total, BIS-spliced",,E,2005-03,8304.91,,F,A,
M,CN,B,XDC,CNY,N,,"From January 2002 onwards: monthly balance sheet of the People's Bank of China. Between 1993 and 2001: sum of foreign assets (net), claims against the government, bank claims on deposit money, claims against non-monetary financial institutions and claims on the non-financial sector. Before 2000: Almanac of China's finance and banking.",BIS-spliced,"In 2017, renminbi (RMB) accounts with international financial organisations are calculated on a net basis.",,3,9,,"Annual: 2002, 1999, 1993. Monthly: Jan 2002.",People's Bank of China; Bank for International Settlements.,5B0,"China - Central bank, assets, total, BIS-spliced",,E,2005-04,8470.608,,F,A,
M,CN,B,XDC,CNY,N,,"From January 2002 onwards: monthly balance sheet of the People's Bank of China. Between 1993 and 2001: sum of foreign assets (net), claims against the government, bank claims on deposit money, claims against non-monetary financial institutions and claims on the non-financial sector. Before 2000: Almanac of China's finance and banking.",BIS-spliced,"In 2017, renminbi (RMB) accounts with international financial organisations are calculated on a net basis.",,3,9,,"Annual: 2002, 1999, 1993. Monthly: Jan 2002.",People's Bank of China; Bank for International Settlements.,5B0,"China - Central bank, assets, total, BIS-spliced",,E,2005-05,8668.909,,F,A,
M,CN,B,XDC,CNY,N,,"From January 2002 onwards: monthly balance sheet of the People's Bank of China. Between 1993 and 2001: sum of foreign assets (net), claims against the government, bank claims on deposit money, claims against non-monetary financial institutions and claims on the non-financial sector. Before 2000: Almanac of China's finance and banking.",BIS-spliced,"In 2017, renminbi (RMB) accounts with international financial organisations are calculated on a net basis.",,3,9,,"Annual: 2002, 1999, 1993. Monthly: Jan 2002.",People's Bank of China; Bank for International Settlements.,5B0,"China - Central bank, assets, total, BIS-spliced",,E,2005-06,9256.684,,F,A,
M,CN,B,XDC,CNY,N,,"From January 2002 onwards: monthly balance sheet of the People's Bank of China. Between 1993 and 2001: sum of foreign assets (net), claims against the government, bank claims on deposit money, claims against non-monetary financial institutions and claims on the non-financial sector. Before 2000: Almanac of China's finance and banking.",BIS-spliced,"In 2017, renminbi (RMB) accounts with international financial organisations are calculated on a net basis.",,3,9,,"Annual: 2002, 1999, 1993. Monthly: Jan 2002.",People's Bank of China; Bank for International Settlements.,5B0,"China - Central bank, assets, total, BIS-spliced",,E,2005-07,9505.485,,F,A,
M,CN,B,XDC,CNY,N,,"From January 2002 onwards: monthly balance sheet of the People's Bank of China. Between 1993 and 2001: sum of foreign assets (net), claims against the government, bank claims on deposit money, claims against non-monetary financial institutions and claims on the non-financial sector. Before 2000: Almanac of China's finance and banking.",BIS-spliced,"In 2017, renminbi (RMB) accounts with international financial organisations are calculated on a net basis.",,3,9,,"Annual: 2002, 1999, 1993. Monthly: Jan 2002.",People's Bank of China; Bank for International Settlements.,5B0,"China - Central bank, assets, total, BIS-spliced",,E,2005-08,9664.348,,F,A,
M,CN,B,XDC,CNY,N,,"From January 2002 onwards: monthly balance sheet of the People's Bank of China. Between 1993 and 2001: sum of foreign assets (net), claims against the government, bank claims on deposit money, claims against non-monetary financial institutions and claims on the non-financial sector. Before 2000: Almanac of China's finance and banking.",BIS-spliced,"In 2017, renminbi (RMB) accounts with international financial organisations are calculated on a net basis.",,3,9,,"Annual: 2002, 1999, 1993. Monthly: Jan 2002.",People's Bank of China; Bank for International Settlements.,5B0,"China - Central bank, assets, total, BIS-spliced",,E,2005-09,9884.452,,F,A,
M,CN,B,XDC,CNY,N,,"From January 2002 onwards: monthly balance sheet of the People's Bank of China. Between 1993 and 2001: sum of foreign assets (net), claims against the government, bank claims on deposit money, claims against non-monetary financial institutions and claims on the non-financial sector. Before 2000: Almanac of China's finance and banking.",BIS-spliced,"In 2017, renminbi (RMB) accounts with international financial organisations are calculated on a net basis.",,3,9,,"Annual: 2002, 1999, 1993. Monthly: Jan 2002.",People's Bank of China; Bank for International Settlements.,5B0,"China - Central bank, assets, total, BIS-spliced",,E,2005-10,10043.056,,F,A,
M,CN,B,XDC,CNY,N,,"From January 2002 onwards: monthly balance sheet of the People's Bank of China. Between 1993 and 2001: sum of foreign assets (net), claims against the government, bank claims on deposit money, claims against non-monetary financial institutions and claims on the non-financial sector. Before 2000: Almanac of China's finance and banking.",BIS-spliced,"In 2017, renminbi (RMB) accounts with international financial organisations are calculated on a net basis.",,3,9,,"Annual: 2002, 1999, 1993. Monthly: Jan 2002.",People's Bank of China; Bank for International Settlements.,5B0,"China - Central bank, assets, total, BIS-spliced",,E,2005-11,10179.55,,F,A,
M,CN,B,XDC,CNY,N,,"From January 2002 onwards: monthly balance sheet of the People's Bank of China. Between 1993 and 2001: sum of foreign assets (net), claims against the government, bank claims on deposit money, claims against non-monetary financial institutions and claims on the non-financial sector. Before 2000: Almanac of China's finance and banking.",BIS-spliced,"In 2017, renminbi (RMB) accounts with international financial organisations are calculated on a net basis.",,3,9,,"Annual: 2002, 1999, 1993. Monthly: Jan 2002.",People's Bank of China; Bank for International Settlements.,5B0,"China - Central bank, assets, total, BIS-spliced",,E,2005-12,10367.601,,F,A,
M,CN,B,XDC,CNY,N,,"From January 2002 onwards: monthly balance sheet of the People's Bank of China. Between 1993 and 2001: sum of foreign assets (net), claims against the government, bank claims on deposit money, claims against non-monetary financial institutions and claims on the non-financial sector. Before 2000: Almanac of China's finance and banking.",BIS-spliced,"In 2017, renminbi (RMB) accounts with international financial organisations are calculated on a net basis.",,3,9,,"Annual: 2002, 1999, 1993. Monthly: Jan 2002.",People's Bank of China; Bank for International Settlements.,5B0,"China - Central bank, assets, total, BIS-spliced",,E,2006-01,10826.23,,F,A,
M,CN,B,XDC,CNY,N,,"From January 2002 onwards: monthly balance sheet of the People's Bank of China. Between 1993 and 2001: sum of foreign assets (net), claims against the government, bank claims on deposit money, claims against non-monetary financial institutions and claims on the non-financial sector. Before 2000: Almanac of China's finance and banking.",BIS-spliced,"In 2017, renminbi (RMB) accounts with international financial organisations are calculated on a net basis.",,3,9,,"Annual: 2002, 1999, 1993. Monthly: Jan 2002.",People's Bank of China; Bank for International Settlements.,5B0,"China - Central bank, assets, total, BIS-spliced",,E,2006-02,10800.058,,F,A,
M,CN,B,XDC,CNY,N,,"From January 2002 onwards: monthly balance sheet of the People's Bank of China. Between 1993 and 2001: sum of foreign assets (net), claims against the government, bank claims on deposit money, claims against non-monetary financial institutions and claims on the non-financial sector. Before 2000: Almanac of China's finance and banking.",BIS-spliced,"In 2017, renminbi (RMB) accounts with international financial organisations are calculated on a net basis.",,3,9,,"Annual: 2002, 1999, 1993. Monthly: Jan 2002.",People's Bank of China; Bank for International Settlements.,5B0,"China - Central bank, assets, total, BIS-spliced",,E,2006-03,10975.801,,F,A,
M,CN,B,XDC,CNY,N,,"From January 2002 onwards: monthly balance sheet of the People's Bank of China. Between 1993 and 2001: sum of foreign assets (net), claims against the government, bank claims on deposit money, claims against non-monetary financial institutions and claims on the non-financial sector. Before 2000: Almanac of China's finance and banking.",BIS-spliced,"In 2017, renminbi (RMB) accounts with international financial organisations are calculated on a net basis.",,3,9,,"Annual: 2002, 1999, 1993. Monthly: Jan 2002.",People's Bank of China; Bank for International Settlements.,5B0,"China - Central bank, assets, total, BIS-spliced",,E,2006-04,11036.795,,F,A,
M,CN,B,XDC,CNY,N,,"From January 2002 onwards: monthly balance sheet of the People's Bank of China. Between 1993 and 2001: sum of foreign assets (net), claims against the government, bank claims on deposit money, claims against non-monetary financial institutions and claims on the non-financial sector. Before 2000: Almanac of China's finance and banking.",BIS-spliced,"In 2017, renminbi (RMB) accounts with international financial organisations are calculated on a net basis.",,3,9,,"Annual: 2002, 1999, 1993. Monthly: Jan 2002.",People's Bank of China; Bank for International Settlements.,5B0,"China - Central bank, assets, total, BIS-spliced",,E,2006-05,11237.792,,F,A,
M,CN,B,XDC,CNY,N,,"From January 2002 onwards: monthly balance sheet of the People's Bank of China. Between 1993 and 2001: sum of foreign assets (net), claims against the government, bank claims on deposit money, claims against non-monetary financial institutions and claims on the non-financial sector. Before 2000: Almanac of China's finance and banking.",BIS-spliced,"In 2017, renminbi (RMB) accounts with international financial organisations are calculated on a net basis.",,3,9,,"Annual: 2002, 1999, 1993. Monthly: Jan 2002.",People's Bank of China; Bank for International Settlements.,5B0,"China - Central bank, assets, total, BIS-spliced",,E,2006-06,11590.577,,F,A,
M,CN,B,XDC,CNY,N,,"From January 2002 onwards: monthly balance sheet of the People's Bank of China. Between 1993 and 2001: sum of foreign assets (net), claims against the government, bank claims on deposit money, claims against non-monetary financial institutions and claims on the non-financial sector. Before 2000: Almanac of China's finance and banking.",BIS-spliced,"In 2017, renminbi (RMB) accounts with international financial organisations are calculated on a net basis.",,3,9,,"Annual: 2002, 1999, 1993. Monthly: Jan 2002.",People's Bank of China; Bank for International Settlements.,5B0,"China - Central bank, assets, total, BIS-spliced",,E,2006-07,11587.91,,F,A,
M,CN,B,XDC,CNY,N,,"From January 2002 onwards: monthly balance sheet of the People's Bank of China. Between 1993 and 2001: sum of foreign assets (net), claims against the government, bank claims on deposit money, claims against non-monetary financial institutions and claims on the non-financial sector. Before 2000: Almanac of China's finance and banking.",BIS-spliced,"In 2017, renminbi (RMB) accounts with international financial organisations are calculated on a net basis.",,3,9,,"Annual: 2002, 1999, 1993. Monthly: Jan 2002.",People's Bank of China; Bank for International Settlements.,5B0,"China - Central bank, assets, total, BIS-spliced",,E,2006-08,11797.4,,F,A,
M,CN,B,XDC,CNY,N,,"From January 2002 onwards: monthly balance sheet of the People's Bank of China. Between 1993 and 2001: sum of foreign assets (net), claims against the government, bank claims on deposit money, claims against non-monetary financial institutions and claims on the non-financial sector. Before 2000: Almanac of China's finance and banking.",BIS-spliced,"In 2017, renminbi (RMB) accounts with international financial organisations are calculated on a net basis.",,3,9,,"Annual: 2002, 1999, 1993. Monthly: Jan 2002.",People's Bank of China; Bank for International Settlements.,5B0,"China - Central bank, assets, total, BIS-spliced",,E,2006-09,11973.961,,F,A,
M,CN,B,XDC,CNY,N,,"From January 2002 onwards: monthly balance sheet of the People's Bank of China. Between 1993 and 2001: sum of foreign assets (net), claims against the government, bank claims on deposit money, claims against non-monetary financial institutions and claims on the non-financial sector. Before 2000: Almanac of China's finance and banking.",BIS-spliced,"In 2017, renminbi (RMB) accounts with international financial organisations are calculated on a net basis.",,3,9,,"Annual: 2002, 1999, 1993. Monthly: Jan 2002.",People's Bank of China; Bank for International Settlements.,5B0,"China - Central bank, assets, total, BIS-spliced",,E,2006-10,12188.985,,F,A,
M,CN,B,XDC,CNY,N,,"From January 2002 onwards: monthly balance sheet of the People's Bank of China. Between 1993 and 2001: sum of foreign assets (net), claims against the government, bank claims on deposit money, claims against non-monetary financial institutions and claims on the non-financial sector. Before 2000: Almanac of China's finance and banking.",BIS-spliced,"In 2017, renminbi (RMB) accounts with international financial organisations are calculated on a net basis.",,3,9,,"Annual: 2002, 1999, 1993. Monthly: Jan 2002.",People's Bank of China; Bank for International Settlements.,5B0,"China - Central bank, assets, total, BIS-spliced",,E,2006-11,12430.645,,F,A,
M,CN,B,XDC,CNY,N,,"From January 2002 onwards: monthly balance sheet of the People's Bank of China. Between 1993 and 2001: sum of foreign assets (net), claims against the government, bank claims on deposit money, claims against non-monetary financial institutions and claims on the non-financial sector. Before 2000: Almanac of China's finance and banking.",BIS-spliced,"In 2017, renminbi (RMB) accounts with international financial organisations are calculated on a net basis.",,3,9,,"Annual: 2002, 1999, 1993. Monthly: Jan 2002.",People's Bank of China; Bank for International Settlements.,5B0,"China - Central bank, assets, total, BIS-spliced",,E,2006-12,12857.469,,F,A,
M,CN,B,XDC,CNY,N,,"From January 2002 onwards: monthly balance sheet of the People's Bank of China. Between 1993 and 2001: sum of foreign assets (net), claims against the government, bank claims on deposit money, claims against non-monetary financial institutions and claims on the non-financial sector. Before 2000: Almanac of China's finance and banking.",BIS-spliced,"In 2017, renminbi (RMB) accounts with international financial organisations are calculated on a net basis.",,3,9,,"Annual: 2002, 1999, 1993. Monthly: Jan 2002.",People's Bank of China; Bank for International Settlements.,5B0,"China - Central bank, assets, total, BIS-spliced",,E,2007-01,13250.777,,F,A,
M,CN,B,XDC,CNY,N,,"From January 2002 onwards: monthly balance sheet of the People's Bank of China. Between 1993 and 2001: sum of foreign assets (net), claims against the government, bank claims on deposit money, claims against non-monetary financial institutions and claims on the non-financial sector. Before 2000: Almanac of China's finance and banking.",BIS-spliced,"In 2017, renminbi (RMB) accounts with international financial organisations are calculated on a net basis.",,3,9,,"Annual: 2002, 1999, 1993. Monthly: Jan 2002.",People's Bank of China; Bank for International Settlements.,5B0,"China - Central bank, assets, total, BIS-spliced",,E,2007-02,13559.147,,F,A,
M,CN,B,XDC,CNY,N,,"From January 2002 onwards: monthly balance sheet of the People's Bank of China. Between 1993 and 2001: sum of foreign assets (net), claims against the government, bank claims on deposit money, claims against non-monetary financial institutions and claims on the non-financial sector. Before 2000: Almanac of China's finance and banking.",BIS-spliced,"In 2017, renminbi (RMB) accounts with international financial organisations are calculated on a net basis.",,3,9,,"Annual: 2002, 1999, 1993. Monthly: Jan 2002.",People's Bank of China; Bank for International Settlements.,5B0,"China - Central bank, assets, total, BIS-spliced",,E,2007-03,13910.83,,F,A,
M,CN,B,XDC,CNY,N,,"From January 2002 onwards: monthly balance sheet of the People's Bank of China. Between 1993 and 2001: sum of foreign assets (net), claims against the government, bank claims on deposit money, claims against non-monetary financial institutions and claims on the non-financial sector. Before 2000: Almanac of China's finance and banking.",BIS-spliced,"In 2017, renminbi (RMB) accounts with international financial organisations are calculated on a net basis.",,3,9,,"Annual: 2002, 1999, 1993. Monthly: Jan 2002.",People's Bank of China; Bank for International Settlements.,5B0,"China - Central bank, assets, total, BIS-spliced",,E,2007-04,14228.153,,F,A,
M,CN,B,XDC,CNY,N,,"From January 2002 onwards: monthly balance sheet of the People's Bank of China. Between 1993 and 2001: sum of foreign assets (net), claims against the government, bank claims on deposit money, claims against non-monetary financial institutions and claims on the non-financial sector. Before 2000: Almanac of China's finance and banking.",BIS-spliced,"In 2017, renminbi (RMB) accounts with international financial organisations are calculated on a net basis.",,3,9,,"Annual: 2002, 1999, 1993. Monthly: Jan 2002.",People's Bank of China; Bank for International Settlements.,5B0,"China - Central bank, assets, total, BIS-spliced",,E,2007-05,14540.506,,F,A,
M,CN,B,XDC,CNY,N,,"From January 2002 onwards: monthly balance sheet of the People's Bank of China. Between 1993 and 2001: sum of foreign assets (net), claims against the government, bank claims on deposit money, claims against non-monetary financial institutions and claims on the non-financial sector. Before 2000: Almanac of China's finance and banking.",BIS-spliced,"In 2017, renminbi (RMB) accounts with international financial organisations are calculated on a net basis.",,3,9,,"Annual: 2002, 1999, 1993. Monthly: Jan 2002.",People's Bank of China; Bank for International Settlements.,5B0,"China - Central bank, assets, total, BIS-spliced",,E,2007-06,14810.537,,F,A,
M,CN,B,XDC,CNY,N,,"From January 2002 onwards: monthly balance sheet of the People's Bank of China. Between 1993 and 2001: sum of foreign assets (net), claims against the government, bank claims on deposit money, claims against non-monetary financial institutions and claims on the non-financial sector. Before 2000: Almanac of China's finance and banking.",BIS-spliced,"In 2017, renminbi (RMB) accounts with international financial organisations are calculated on a net basis.",,3,9,,"Annual: 2002, 1999, 1993. Monthly: Jan 2002.",People's Bank of China; Bank for International Settlements.,5B0,"China - Central bank, assets, total, BIS-spliced",,E,2007-07,15188.099,,F,A,
M,CN,B,XDC,CNY,N,,"From January 2002 onwards: monthly balance sheet of the People's Bank of China. Between 1993 and 2001: sum of foreign assets (net), claims against the government, bank claims on deposit money, claims against non-monetary financial institutions and claims on the non-financial sector. Before 2000: Almanac of China's finance and banking.",BIS-spliced,"In 2017, renminbi (RMB) accounts with international financial organisations are calculated on a net basis.",,3,9,,"Annual: 2002, 1999, 1993. Monthly: Jan 2002.",People's Bank of China; Bank for International Settlements.,5B0,"China - Central bank, assets, total, BIS-spliced",,E,2007-08,15460.899,,F,A,
M,CN,B,XDC,CNY,N,,"From January 2002 onwards: monthly balance sheet of the People's Bank of China. Between 1993 and 2001: sum of foreign assets (net), claims against the government, bank claims on deposit money, claims against non-monetary financial institutions and claims on the non-financial sector. Before 2000: Almanac of China's finance and banking.",BIS-spliced,"In 2017, renminbi (RMB) accounts with international financial organisations are calculated on a net basis.",,3,9,,"Annual: 2002, 1999, 1993. Monthly: Jan 2002.",People's Bank of China; Bank for International Settlements.,5B0,"China - Central bank, assets, total, BIS-spliced",,E,2007-09,15936.089,,F,A,
M,CN,B,XDC,CNY,N,,"From January 2002 onwards: monthly balance sheet of the People's Bank of China. Between 1993 and 2001: sum of foreign assets (net), claims against the government, bank claims on deposit money, claims against non-monetary financial institutions and claims on the non-financial sector. Before 2000: Almanac of China's finance and banking.",BIS-spliced,"In 2017, renminbi (RMB) accounts with international financial organisations are calculated on a net basis.",,3,9,,"Annual: 2002, 1999, 1993. Monthly: Jan 2002.",People's Bank of China; Bank for International Settlements.,5B0,"China - Central bank, assets, total, BIS-spliced",,E,2007-10,16120.238,,F,A,
M,CN,B,XDC,CNY,N,,"From January 2002 onwards: monthly balance sheet of the People's Bank of China. Between 1993 and 2001: sum of foreign assets (net), claims against the government, bank claims on deposit money, claims against non-monetary financial institutions and claims on the non-financial sector. Before 2000: Almanac of China's finance and banking.",BIS-spliced,"In 2017, renminbi (RMB) accounts with international financial organisations are calculated on a net basis.",,3,9,,"Annual: 2002, 1999, 1993. Monthly: Jan 2002.",People's Bank of China; Bank for International Settlements.,5B0,"China - Central bank, assets, total, BIS-spliced",,E,2007-11,16529.999,,F,A,
M,CN,B,XDC,CNY,N,,"From January 2002 onwards: monthly balance sheet of the People's Bank of China. Between 1993 and 2001: sum of foreign assets (net), claims against the government, bank claims on deposit money, claims against non-monetary financial institutions and claims on the non-financial sector. Before 2000: Almanac of China's finance and banking.",BIS-spliced,"In 2017, renminbi (RMB) accounts with international financial organisations are calculated on a net basis.",,3,9,,"Annual: 2002, 1999, 1993. Monthly: Jan 2002.",People's Bank of China; Bank for International Settlements.,5B0,"China - Central bank, assets, total, BIS-spliced",,E,2007-12,16913.98,,F,A,
M,CN,B,XDC,CNY,N,,"From January 2002 onwards: monthly balance sheet of the People's Bank of China. Between 1993 and 2001: sum of foreign assets (net), claims against the government, bank claims on deposit money, claims against non-monetary financial institutions and claims on the non-financial sector. Before 2000: Almanac of China's finance and banking.",BIS-spliced,"In 2017, renminbi (RMB) accounts with international financial organisations are calculated on a net basis.",,3,9,,"Annual: 2002, 1999, 1993. Monthly: Jan 2002.",People's Bank of China; Bank for International Settlements.,5B0,"China - Central bank, assets, total, BIS-spliced",,E,2008-01,17446.287,,F,A,
M,CN,B,XDC,CNY,N,,"From January 2002 onwards: monthly balance sheet of the People's Bank of China. Between 1993 and 2001: sum of foreign assets (net), claims against the government, bank claims on deposit money, claims against non-monetary financial institutions and claims on the non-financial sector. Before 2000: Almanac of China's finance and banking.",BIS-spliced,"In 2017, renminbi (RMB) accounts with international financial organisations are calculated on a net basis.",,3,9,,"Annual: 2002, 1999, 1993. Monthly: Jan 2002.",People's Bank of China; Bank for International Settlements.,5B0,"China - Central bank, assets, total, BIS-spliced",,E,2008-02,17806.189,,F,A,
M,CN,B,XDC,CNY,N,,"From January 2002 onwards: monthly balance sheet of the People's Bank of China. Between 1993 and 2001: sum of foreign assets (net), claims against the government, bank claims on deposit money, claims against non-monetary financial institutions and claims on the non-financial sector. Before 2000: Almanac of China's finance and banking.",BIS-spliced,"In 2017, renminbi (RMB) accounts with international financial organisations are calculated on a net basis.",,3,9,,"Annual: 2002, 1999, 1993. Monthly: Jan 2002.",People's Bank of China; Bank for International Settlements.,5B0,"China - Central bank, assets, total, BIS-spliced",,E,2008-03,18204.779,,F,A,
M,CN,B,XDC,CNY,N,,"From January 2002 onwards: monthly balance sheet of the People's Bank of China. Between 1993 and 2001: sum of foreign assets (net), claims against the government, bank claims on deposit money, claims against non-monetary financial institutions and claims on the non-financial sector. Before 2000: Almanac of China's finance and banking.",BIS-spliced,"In 2017, renminbi (RMB) accounts with international financial organisations are calculated on a net basis.",,3,9,,"Annual: 2002, 1999, 1993. Monthly: Jan 2002.",People's Bank of China; Bank for International Settlements.,5B0,"China - Central bank, assets, total, BIS-spliced",,E,2008-04,18744.166,,F,A,
M,CN,B,XDC,CNY,N,,"From January 2002 onwards: monthly balance sheet of the People's Bank of China. Between 1993 and 2001: sum of foreign assets (net), claims against the government, bank claims on deposit money, claims against non-monetary financial institutions and claims on the non-financial sector. Before 2000: Almanac of China's finance and banking.",BIS-spliced,"In 2017, renminbi (RMB) accounts with international financial organisations are calculated on a net basis.",,3,9,,"Annual: 2002, 1999, 1993. Monthly: Jan 2002.",People's Bank of China; Bank for International Settlements.,5B0,"China - Central bank, assets, total, BIS-spliced",,E,2008-05,19104.846,,F,A,
M,CN,B,XDC,CNY,N,,"From January 2002 onwards: monthly balance sheet of the People's Bank of China. Between 1993 and 2001: sum of foreign assets (net), claims against the government, bank claims on deposit money, claims against non-monetary financial institutions and claims on the non-financial sector. Before 2000: Almanac of China's finance and banking.",BIS-spliced,"In 2017, renminbi (RMB) accounts with international financial organisations are calculated on a net basis.",,3,9,,"Annual: 2002, 1999, 1993. Monthly: Jan 2002.",People's Bank of China; Bank for International Settlements.,5B0,"China - Central bank, assets, total, BIS-spliced",,E,2008-06,19410.494,,F,A,
M,CN,B,XDC,CNY,N,,"From January 2002 onwards: monthly balance sheet of the People's Bank of China. Between 1993 and 2001: sum of foreign assets (net), claims against the government, bank claims on deposit money, claims against non-monetary financial institutions and claims on the non-financial sector. Before 2000: Almanac of China's finance and banking.",BIS-spliced,"In 2017, renminbi (RMB) accounts with international financial organisations are calculated on a net basis.",,3,9,,"Annual: 2002, 1999, 1993. Monthly: Jan 2002.",People's Bank of China; Bank for International Settlements.,5B0,"China - Central bank, assets, total, BIS-spliced",,E,2008-07,19747.292,,F,A,
M,CN,B,XDC,CNY,N,,"From January 2002 onwards: monthly balance sheet of the People's Bank of China. Between 1993 and 2001: sum of foreign assets (net), claims against the government, bank claims on deposit money, claims against non-monetary financial institutions and claims on the non-financial sector. Before 2000: Almanac of China's finance and banking.",BIS-spliced,"In 2017, renminbi (RMB) accounts with international financial organisations are calculated on a net basis.",,3,9,,"Annual: 2002, 1999, 1993. Monthly: Jan 2002.",People's Bank of China; Bank for International Settlements.,5B0,"China - Central bank, assets, total, BIS-spliced",,E,2008-08,19926.487,,F,A,
M,CN,B,XDC,CNY,N,,"From January 2002 onwards: monthly balance sheet of the People's Bank of China. Between 1993 and 2001: sum of foreign assets (net), claims against the government, bank claims on deposit money, claims against non-monetary financial institutions and claims on the non-financial sector. Before 2000: Almanac of China's finance and banking.",BIS-spliced,"In 2017, renminbi (RMB) accounts with international financial organisations are calculated on a net basis.",,3,9,,"Annual: 2002, 1999, 1993. Monthly: Jan 2002.",People's Bank of China; Bank for International Settlements.,5B0,"China - Central bank, assets, total, BIS-spliced",,E,2008-09,20292.44,,F,A,
M,CN,B,XDC,CNY,N,,"From January 2002 onwards: monthly balance sheet of the People's Bank of China. Between 1993 and 2001: sum of foreign assets (net), claims against the government, bank claims on deposit money, claims against non-monetary financial institutions and claims on the non-financial sector. Before 2000: Almanac of China's finance and banking.",BIS-spliced,"In 2017, renminbi (RMB) accounts with international financial organisations are calculated on a net basis.",,3,9,,"Annual: 2002, 1999, 1993. Monthly: Jan 2002.",People's Bank of China; Bank for International Settlements.,5B0,"China - Central bank, assets, total, BIS-spliced",,E,2008-10,20445.26,,F,A,
M,CN,B,XDC,CNY,N,,"From January 2002 onwards: monthly balance sheet of the People's Bank of China. Between 1993 and 2001: sum of foreign assets (net), claims against the government, bank claims on deposit money, claims against non-monetary financial institutions and claims on the non-financial sector. Before 2000: Almanac of China's finance and banking.",BIS-spliced,"In 2017, renminbi (RMB) accounts with international financial organisations are calculated on a net basis.",,3,9,,"Annual: 2002, 1999, 1993. Monthly: Jan 2002.",People's Bank of China; Bank for International Settlements.,5B0,"China - Central bank, assets, total, BIS-spliced",,E,2008-11,20480.057,,F,A,
M,CN,B,XDC,CNY,N,,"From January 2002 onwards: monthly balance sheet of the People's Bank of China. Between 1993 and 2001: sum of foreign assets (net), claims against the government, bank claims on deposit money, claims against non-monetary financial institutions and claims on the non-financial sector. Before 2000: Almanac of China's finance and banking.",BIS-spliced,"In 2017, renminbi (RMB) accounts with international financial organisations are calculated on a net basis.",,3,9,,"Annual: 2002, 1999, 1993. Monthly: Jan 2002.",People's Bank of China; Bank for International Settlements.,5B0,"China - Central bank, assets, total, BIS-spliced",,E,2008-12,20709.599,,F,A,
M,CN,B,XDC,CNY,N,,"From January 2002 onwards: monthly balance sheet of the People's Bank of China. Between 1993 and 2001: sum of foreign assets (net), claims against the government, bank claims on deposit money, claims against non-monetary financial institutions and claims on the non-financial sector. Before 2000: Almanac of China's finance and banking.",BIS-spliced,"In 2017, renminbi (RMB) accounts with international financial organisations are calculated on a net basis.",,3,9,,"Annual: 2002, 1999, 1993. Monthly: Jan 2002.",People's Bank of China; Bank for International Settlements.,5B0,"China - Central bank, assets, total, BIS-spliced",,E,2009-01,20825.51216,,F,A,
M,CN,B,XDC,CNY,N,,"From January 2002 onwards: monthly balance sheet of the People's Bank of China. Between 1993 and 2001: sum of foreign assets (net), claims against the government, bank claims on deposit money, claims against non-monetary financial institutions and claims on the non-financial sector. Before 2000: Almanac of China's finance and banking.",BIS-spliced,"In 2017, renminbi (RMB) accounts with international financial organisations are calculated on a net basis.",,3,9,,"Annual: 2002, 1999, 1993. Monthly: Jan 2002.",People's Bank of China; Bank for International Settlements.,5B0,"China - Central bank, assets, total, BIS-spliced",,E,2009-02,20961.65469,,F,A,
M,CN,B,XDC,CNY,N,,"From January 2002 onwards: monthly balance sheet of the People's Bank of China. Between 1993 and 2001: sum of foreign assets (net), claims against the government, bank claims on deposit money, claims against non-monetary financial institutions and claims on the non-financial sector. Before 2000: Almanac of China's finance and banking.",BIS-spliced,"In 2017, renminbi (RMB) accounts with international financial organisations are calculated on a net basis.",,3,9,,"Annual: 2002, 1999, 1993. Monthly: Jan 2002.",People's Bank of China; Bank for International Settlements.,5B0,"China - Central bank, assets, total, BIS-spliced",,E,2009-03,21064.26713,,F,A,
M,CN,B,XDC,CNY,N,,"From January 2002 onwards: monthly balance sheet of the People's Bank of China. Between 1993 and 2001: sum of foreign assets (net), claims against the government, bank claims on deposit money, claims against non-monetary financial institutions and claims on the non-financial sector. Before 2000: Almanac of China's finance and banking.",BIS-spliced,"In 2017, renminbi (RMB) accounts with international financial organisations are calculated on a net basis.",,3,9,,"Annual: 2002, 1999, 1993. Monthly: Jan 2002.",People's Bank of China; Bank for International Settlements.,5B0,"China - Central bank, assets, total, BIS-spliced",,E,2009-04,21227.45791,,F,A,
M,CN,B,XDC,CNY,N,,"From January 2002 onwards: monthly balance sheet of the People's Bank of China. Between 1993 and 2001: sum of foreign assets (net), claims against the government, bank claims on deposit money, claims against non-monetary financial institutions and claims on the non-financial sector. Before 2000: Almanac of China's finance and banking.",BIS-spliced,"In 2017, renminbi (RMB) accounts with international financial organisations are calculated on a net basis.",,3,9,,"Annual: 2002, 1999, 1993. Monthly: Jan 2002.",People's Bank of China; Bank for International Settlements.,5B0,"China - Central bank, assets, total, BIS-spliced",,E,2009-05,21602.2778,,F,A,
M,CN,B,XDC,CNY,N,,"From January 2002 onwards: monthly balance sheet of the People's Bank of China. Between 1993 and 2001: sum of foreign assets (net), claims against the government, bank claims on deposit money, claims against non-monetary financial institutions and claims on the non-financial sector. Before 2000: Almanac of China's finance and banking.",BIS-spliced,"In 2017, renminbi (RMB) accounts with international financial organisations are calculated on a net basis.",,3,9,,"Annual: 2002, 1999, 1993. Monthly: Jan 2002.",People's Bank of China; Bank for International Settlements.,5B0,"China - Central bank, assets, total, BIS-spliced",,E,2009-06,21578.53945,,F,A,
M,CN,B,XDC,CNY,N,,"From January 2002 onwards: monthly balance sheet of the People's Bank of China. Between 1993 and 2001: sum of foreign assets (net), claims against the government, bank claims on deposit money, claims against non-monetary financial institutions and claims on the non-financial sector. Before 2000: Almanac of China's finance and banking.",BIS-spliced,"In 2017, renminbi (RMB) accounts with international financial organisations are calculated on a net basis.",,3,9,,"Annual: 2002, 1999, 1993. Monthly: Jan 2002.",People's Bank of China; Bank for International Settlements.,5B0,"China - Central bank, assets, total, BIS-spliced",,E,2009-07,21732.63001,,F,A,
M,CN,B,XDC,CNY,N,,"From January 2002 onwards: monthly balance sheet of the People's Bank of China. Between 1993 and 2001: sum of foreign assets (net), claims against the government, bank claims on deposit money, claims against non-monetary financial institutions and claims on the non-financial sector. Before 2000: Almanac of China's finance and banking.",BIS-spliced,"In 2017, renminbi (RMB) accounts with international financial organisations are calculated on a net basis.",,3,9,,"Annual: 2002, 1999, 1993. Monthly: Jan 2002.",People's Bank of China; Bank for International Settlements.,5B0,"China - Central bank, assets, total, BIS-spliced",,E,2009-08,21856.56776,,F,A,
M,CN,B,XDC,CNY,N,,"From January 2002 onwards: monthly balance sheet of the People's Bank of China. Between 1993 and 2001: sum of foreign assets (net), claims against the government, bank claims on deposit money, claims against non-monetary financial institutions and claims on the non-financial sector. Before 2000: Almanac of China's finance and banking.",BIS-spliced,"In 2017, renminbi (RMB) accounts with international financial organisations are calculated on a net basis.",,3,9,,"Annual: 2002, 1999, 1993. Monthly: Jan 2002.",People's Bank of China; Bank for International Settlements.,5B0,"China - Central bank, assets, total, BIS-spliced",,E,2009-09,22255.09068,,F,A,
M,CN,B,XDC,CNY,N,,"From January 2002 onwards: monthly balance sheet of the People's Bank of China. Between 1993 and 2001: sum of foreign assets (net), claims against the government, bank claims on deposit money, claims against non-monetary financial institutions and claims on the non-financial sector. Before 2000: Almanac of China's finance and banking.",BIS-spliced,"In 2017, renminbi (RMB) accounts with international financial organisations are calculated on a net basis.",,3,9,,"Annual: 2002, 1999, 1993. Monthly: Jan 2002.",People's Bank of China; Bank for International Settlements.,5B0,"China - Central bank, assets, total, BIS-spliced",,E,2009-10,22499.15363,,F,A,
M,CN,B,XDC,CNY,N,,"From January 2002 onwards: monthly balance sheet of the People's Bank of China. Between 1993 and 2001: sum of foreign assets (net), claims against the government, bank claims on deposit money, claims against non-monetary financial institutions and claims on the non-financial sector. Before 2000: Almanac of China's finance and banking.",BIS-spliced,"In 2017, renminbi (RMB) accounts with international financial organisations are calculated on a net basis.",,3,9,,"Annual: 2002, 1999, 1993. Monthly: Jan 2002.",People's Bank of China; Bank for International Settlements.,5B0,"China - Central bank, assets, total, BIS-spliced",,E,2009-11,22760.714,,F,A,
M,CN,B,XDC,CNY,N,,"From January 2002 onwards: monthly balance sheet of the People's Bank of China. Between 1993 and 2001: sum of foreign assets (net), claims against the government, bank claims on deposit money, claims against non-monetary financial institutions and claims on the non-financial sector. Before 2000: Almanac of China's finance and banking.",BIS-spliced,"In 2017, renminbi (RMB) accounts with international financial organisations are calculated on a net basis.",,3,9,,"Annual: 2002, 1999, 1993. Monthly: Jan 2002.",People's Bank of China; Bank for International Settlements.,5B0,"China - Central bank, assets, total, BIS-spliced",,E,2009-12,22753.502,,F,A,
M,CN,B,XDC,CNY,N,,"From January 2002 onwards: monthly balance sheet of the People's Bank of China. Between 1993 and 2001: sum of foreign assets (net), claims against the government, bank claims on deposit money, claims against non-monetary financial institutions and claims on the non-financial sector. Before 2000: Almanac of China's finance and banking.",BIS-spliced,"In 2017, renminbi (RMB) accounts with international financial organisations are calculated on a net basis.",,3,9,,"Annual: 2002, 1999, 1993. Monthly: Jan 2002.",People's Bank of China; Bank for International Settlements.,5B0,"China - Central bank, assets, total, BIS-spliced",,E,2010-01,23021.471,,F,A,
M,CN,B,XDC,CNY,N,,"From January 2002 onwards: monthly balance sheet of the People's Bank of China. Between 1993 and 2001: sum of foreign assets (net), claims against the government, bank claims on deposit money, claims against non-monetary financial institutions and claims on the non-financial sector. Before 2000: Almanac of China's finance and banking.",BIS-spliced,"In 2017, renminbi (RMB) accounts with international financial organisations are calculated on a net basis.",,3,9,,"Annual: 2002, 1999, 1993. Monthly: Jan 2002.",People's Bank of China; Bank for International Settlements.,5B0,"China - Central bank, assets, total, BIS-spliced",,E,2010-02,23176.394,,F,A,
M,CN,B,XDC,CNY,N,,"From January 2002 onwards: monthly balance sheet of the People's Bank of China. Between 1993 and 2001: sum of foreign assets (net), claims against the government, bank claims on deposit money, claims against non-monetary financial institutions and claims on the non-financial sector. Before 2000: Almanac of China's finance and banking.",BIS-spliced,"In 2017, renminbi (RMB) accounts with international financial organisations are calculated on a net basis.",,3,9,,"Annual: 2002, 1999, 1993. Monthly: Jan 2002.",People's Bank of China; Bank for International Settlements.,5B0,"China - Central bank, assets, total, BIS-spliced",,E,2010-03,23609.067,,F,A,
M,CN,B,XDC,CNY,N,,"From January 2002 onwards: monthly balance sheet of the People's Bank of China. Between 1993 and 2001: sum of foreign assets (net), claims against the government, bank claims on deposit money, claims against non-monetary financial institutions and claims on the non-financial sector. Before 2000: Almanac of China's finance and banking.",BIS-spliced,"In 2017, renminbi (RMB) accounts with international financial organisations are calculated on a net basis.",,3,9,,"Annual: 2002, 1999, 1993. Monthly: Jan 2002.",People's Bank of China; Bank for International Settlements.,5B0,"China - Central bank, assets, total, BIS-spliced",,E,2010-04,23992.053,,F,A,
M,CN,B,XDC,CNY,N,,"From January 2002 onwards: monthly balance sheet of the People's Bank of China. Between 1993 and 2001: sum of foreign assets (net), claims against the government, bank claims on deposit money, claims against non-monetary financial institutions and claims on the non-financial sector. Before 2000: Almanac of China's finance and banking.",BIS-spliced,"In 2017, renminbi (RMB) accounts with international financial organisations are calculated on a net basis.",,3,9,,"Annual: 2002, 1999, 1993. Monthly: Jan 2002.",People's Bank of China; Bank for International Settlements.,5B0,"China - Central bank, assets, total, BIS-spliced",,E,2010-05,24129.59988,,F,A,
M,CN,B,XDC,CNY,N,,"From January 2002 onwards: monthly balance sheet of the People's Bank of China. Between 1993 and 2001: sum of foreign assets (net), claims against the government, bank claims on deposit money, claims against non-monetary financial institutions and claims on the non-financial sector. Before 2000: Almanac of China's finance and banking.",BIS-spliced,"In 2017, renminbi (RMB) accounts with international financial organisations are calculated on a net basis.",,3,9,,"Annual: 2002, 1999, 1993. Monthly: Jan 2002.",People's Bank of China; Bank for International Settlements.,5B0,"China - Central bank, assets, total, BIS-spliced",,E,2010-06,24293.20397,,F,A,
M,CN,B,XDC,CNY,N,,"From January 2002 onwards: monthly balance sheet of the People's Bank of China. Between 1993 and 2001: sum of foreign assets (net), claims against the government, bank claims on deposit money, claims against non-monetary financial institutions and claims on the non-financial sector. Before 2000: Almanac of China's finance and banking.",BIS-spliced,"In 2017, renminbi (RMB) accounts with international financial organisations are calculated on a net basis.",,3,9,,"Annual: 2002, 1999, 1993. Monthly: Jan 2002.",People's Bank of China; Bank for International Settlements.,5B0,"China - Central bank, assets, total, BIS-spliced",,E,2010-07,24476.98549,,F,A,
M,CN,B,XDC,CNY,N,,"From January 2002 onwards: monthly balance sheet of the People's Bank of China. Between 1993 and 2001: sum of foreign assets (net), claims against the government, bank claims on deposit money, claims against non-monetary financial institutions and claims on the non-financial sector. Before 2000: Almanac of China's finance and banking.",BIS-spliced,"In 2017, renminbi (RMB) accounts with international financial organisations are calculated on a net basis.",,3,9,,"Annual: 2002, 1999, 1993. Monthly: Jan 2002.",People's Bank of China; Bank for International Settlements.,5B0,"China - Central bank, assets, total, BIS-spliced",,E,2010-08,24612.34493,,F,A,
M,CN,B,XDC,CNY,N,,"From January 2002 onwards: monthly balance sheet of the People's Bank of China. Between 1993 and 2001: sum of foreign assets (net), claims against the government, bank claims on deposit money, claims against non-monetary financial institutions and claims on the non-financial sector. Before 2000: Almanac of China's finance and banking.",BIS-spliced,"In 2017, renminbi (RMB) accounts with international financial organisations are calculated on a net basis.",,3,9,,"Annual: 2002, 1999, 1993. Monthly: Jan 2002.",People's Bank of China; Bank for International Settlements.,5B0,"China - Central bank, assets, total, BIS-spliced",,E,2010-09,24868.38663,,F,A,
M,CN,B,XDC,CNY,N,,"From January 2002 onwards: monthly balance sheet of the People's Bank of China. Between 1993 and 2001: sum of foreign assets (net), claims against the government, bank claims on deposit money, claims against non-monetary financial institutions and claims on the non-financial sector. Before 2000: Almanac of China's finance and banking.",BIS-spliced,"In 2017, renminbi (RMB) accounts with international financial organisations are calculated on a net basis.",,3,9,,"Annual: 2002, 1999, 1993. Monthly: Jan 2002.",People's Bank of China; Bank for International Settlements.,5B0,"China - Central bank, assets, total, BIS-spliced",,E,2010-10,25368.85962,,F,A,
M,CN,B,XDC,CNY,N,,"From January 2002 onwards: monthly balance sheet of the People's Bank of China. Between 1993 and 2001: sum of foreign assets (net), claims against the government, bank claims on deposit money, claims against non-monetary financial institutions and claims on the non-financial sector. Before 2000: Almanac of China's finance and banking.",BIS-spliced,"In 2017, renminbi (RMB) accounts with international financial organisations are calculated on a net basis.",,3,9,,"Annual: 2002, 1999, 1993. Monthly: Jan 2002.",People's Bank of China; Bank for International Settlements.,5B0,"China - Central bank, assets, total, BIS-spliced",,E,2010-11,25645.37386,,F,A,
M,CN,B,XDC,CNY,N,,"From January 2002 onwards: monthly balance sheet of the People's Bank of China. Between 1993 and 2001: sum of foreign assets (net), claims against the government, bank claims on deposit money, claims against non-monetary financial institutions and claims on the non-financial sector. Before 2000: Almanac of China's finance and banking.",BIS-spliced,"In 2017, renminbi (RMB) accounts with international financial organisations are calculated on a net basis.",,3,9,,"Annual: 2002, 1999, 1993. Monthly: Jan 2002.",People's Bank of China; Bank for International Settlements.,5B0,"China - Central bank, assets, total, BIS-spliced",,E,2010-12,25927.48899,,F,A,
M,CN,B,XDC,CNY,N,,"From January 2002 onwards: monthly balance sheet of the People's Bank of China. Between 1993 and 2001: sum of foreign assets (net), claims against the government, bank claims on deposit money, claims against non-monetary financial institutions and claims on the non-financial sector. Before 2000: Almanac of China's finance and banking.",BIS-spliced,"In 2017, renminbi (RMB) accounts with international financial organisations are calculated on a net basis.",,3,9,,"Annual: 2002, 1999, 1993. Monthly: Jan 2002.",People's Bank of China; Bank for International Settlements.,5B0,"China - Central bank, assets, total, BIS-spliced",,E,2011-01,26898.87905,,F,A,
M,CN,B,XDC,CNY,N,,"From January 2002 onwards: monthly balance sheet of the People's Bank of China. Between 1993 and 2001: sum of foreign assets (net), claims against the government, bank claims on deposit money, claims against non-monetary financial institutions and claims on the non-financial sector. Before 2000: Almanac of China's finance and banking.",BIS-spliced,"In 2017, renminbi (RMB) accounts with international financial organisations are calculated on a net basis.",,3,9,,"Annual: 2002, 1999, 1993. Monthly: Jan 2002.",People's Bank of China; Bank for International Settlements.,5B0,"China - Central bank, assets, total, BIS-spliced",,E,2011-02,26605.00526,,F,A,
M,CN,B,XDC,CNY,N,,"From January 2002 onwards: monthly balance sheet of the People's Bank of China. Between 1993 and 2001: sum of foreign assets (net), claims against the government, bank claims on deposit money, claims against non-monetary financial institutions and claims on the non-financial sector. Before 2000: Almanac of China's finance and banking.",BIS-spliced,"In 2017, renminbi (RMB) accounts with international financial organisations are calculated on a net basis.",,3,9,,"Annual: 2002, 1999, 1993. Monthly: Jan 2002.",People's Bank of China; Bank for International Settlements.,5B0,"China - Central bank, assets, total, BIS-spliced",,E,2011-03,26881.8045,,F,A,
M,CN,B,XDC,CNY,N,,"From January 2002 onwards: monthly balance sheet of the People's Bank of China. Between 1993 and 2001: sum of foreign assets (net), claims against the government, bank claims on deposit money, claims against non-monetary financial institutions and claims on the non-financial sector. Before 2000: Almanac of China's finance and banking.",BIS-spliced,"In 2017, renminbi (RMB) accounts with international financial organisations are calculated on a net basis.",,3,9,,"Annual: 2002, 1999, 1993. Monthly: Jan 2002.",People's Bank of China; Bank for International Settlements.,5B0,"China - Central bank, assets, total, BIS-spliced",,E,2011-04,27176.50106,,F,A,
M,CN,B,XDC,CNY,N,,"From January 2002 onwards: monthly balance sheet of the People's Bank of China. Between 1993 and 2001: sum of foreign assets (net), claims against the government, bank claims on deposit money, claims against non-monetary financial institutions and claims on the non-financial sector. Before 2000: Almanac of China's finance and banking.",BIS-spliced,"In 2017, renminbi (RMB) accounts with international financial organisations are calculated on a net basis.",,3,9,,"Annual: 2002, 1999, 1993. Monthly: Jan 2002.",People's Bank of China; Bank for International Settlements.,5B0,"China - Central bank, assets, total, BIS-spliced",,E,2011-05,27461.21247,,F,A,
M,CN,B,XDC,CNY,N,,"From January 2002 onwards: monthly balance sheet of the People's Bank of China. Between 1993 and 2001: sum of foreign assets (net), claims against the government, bank claims on deposit money, claims against non-monetary financial institutions and claims on the non-financial sector. Before 2000: Almanac of China's finance and banking.",BIS-spliced,"In 2017, renminbi (RMB) accounts with international financial organisations are calculated on a net basis.",,3,9,,"Annual: 2002, 1999, 1993. Monthly: Jan 2002.",People's Bank of China; Bank for International Settlements.,5B0,"China - Central bank, assets, total, BIS-spliced",,E,2011-06,27807.86085,,F,A,
M,CN,B,XDC,CNY,N,,"From January 2002 onwards: monthly balance sheet of the People's Bank of China. Between 1993 and 2001: sum of foreign assets (net), claims against the government, bank claims on deposit money, claims against non-monetary financial institutions and claims on the non-financial sector. Before 2000: Almanac of China's finance and banking.",BIS-spliced,"In 2017, renminbi (RMB) accounts with international financial organisations are calculated on a net basis.",,3,9,,"Annual: 2002, 1999, 1993. Monthly: Jan 2002.",People's Bank of China; Bank for International Settlements.,5B0,"China - Central bank, assets, total, BIS-spliced",,E,2011-07,28071.34375,,F,A,
M,CN,B,XDC,CNY,N,,"From January 2002 onwards: monthly balance sheet of the People's Bank of China. Between 1993 and 2001: sum of foreign assets (net), claims against the government, bank claims on deposit money, claims against non-monetary financial institutions and claims on the non-financial sector. Before 2000: Almanac of China's finance and banking.",BIS-spliced,"In 2017, renminbi (RMB) accounts with international financial organisations are calculated on a net basis.",,3,9,,"Annual: 2002, 1999, 1993. Monthly: Jan 2002.",People's Bank of China; Bank for International Settlements.,5B0,"China - Central bank, assets, total, BIS-spliced",,E,2011-08,28264.2971,,F,A,
M,CN,B,XDC,CNY,N,,"From January 2002 onwards: monthly balance sheet of the People's Bank of China. Between 1993 and 2001: sum of foreign assets (net), claims against the government, bank claims on deposit money, claims against non-monetary financial institutions and claims on the non-financial sector. Before 2000: Almanac of China's finance and banking.",BIS-spliced,"In 2017, renminbi (RMB) accounts with international financial organisations are calculated on a net basis.",,3,9,,"Annual: 2002, 1999, 1993. Monthly: Jan 2002.",People's Bank of China; Bank for International Settlements.,5B0,"China - Central bank, assets, total, BIS-spliced",,E,2011-09,28491.22214,,F,A,
M,CN,B,XDC,CNY,N,,"From January 2002 onwards: monthly balance sheet of the People's Bank of China. Between 1993 and 2001: sum of foreign assets (net), claims against the government, bank claims on deposit money, claims against non-monetary financial institutions and claims on the non-financial sector. Before 2000: Almanac of China's finance and banking.",BIS-spliced,"In 2017, renminbi (RMB) accounts with international financial organisations are calculated on a net basis.",,3,9,,"Annual: 2002, 1999, 1993. Monthly: Jan 2002.",People's Bank of China; Bank for International Settlements.,5B0,"China - Central bank, assets, total, BIS-spliced",,E,2011-10,28573.03175,,F,A,
M,CN,B,XDC,CNY,N,,"From January 2002 onwards: monthly balance sheet of the People's Bank of China. Between 1993 and 2001: sum of foreign assets (net), claims against the government, bank claims on deposit money, claims against non-monetary financial institutions and claims on the non-financial sector. Before 2000: Almanac of China's finance and banking.",BIS-spliced,"In 2017, renminbi (RMB) accounts with international financial organisations are calculated on a net basis.",,3,9,,"Annual: 2002, 1999, 1993. Monthly: Jan 2002.",People's Bank of China; Bank for International Settlements.,5B0,"China - Central bank, assets, total, BIS-spliced",,E,2011-11,28287.72114,,F,A,
M,CN,B,XDC,CNY,N,,"From January 2002 onwards: monthly balance sheet of the People's Bank of China. Between 1993 and 2001: sum of foreign assets (net), claims against the government, bank claims on deposit money, claims against non-monetary financial institutions and claims on the non-financial sector. Before 2000: Almanac of China's finance and banking.",BIS-spliced,"In 2017, renminbi (RMB) accounts with international financial organisations are calculated on a net basis.",,3,9,,"Annual: 2002, 1999, 1993. Monthly: Jan 2002.",People's Bank of China; Bank for International Settlements.,5B0,"China - Central bank, assets, total, BIS-spliced",,E,2011-12,28097.75967,,F,A,
M,CN,B,XDC,CNY,N,,"From January 2002 onwards: monthly balance sheet of the People's Bank of China. Between 1993 and 2001: sum of foreign assets (net), claims against the government, bank claims on deposit money, claims against non-monetary financial institutions and claims on the non-financial sector. Before 2000: Almanac of China's finance and banking.",BIS-spliced,"In 2017, renminbi (RMB) accounts with international financial organisations are calculated on a net basis.",,3,9,,"Annual: 2002, 1999, 1993. Monthly: Jan 2002.",People's Bank of China; Bank for International Settlements.,5B0,"China - Central bank, assets, total, BIS-spliced",,E,2012-01,29502.40512,,F,A,
M,CN,B,XDC,CNY,N,,"From January 2002 onwards: monthly balance sheet of the People's Bank of China. Between 1993 and 2001: sum of foreign assets (net), claims against the government, bank claims on deposit money, claims against non-monetary financial institutions and claims on the non-financial sector. Before 2000: Almanac of China's finance and banking.",BIS-spliced,"In 2017, renminbi (RMB) accounts with international financial organisations are calculated on a net basis.",,3,9,,"Annual: 2002, 1999, 1993. Monthly: Jan 2002.",People's Bank of China; Bank for International Settlements.,5B0,"China - Central bank, assets, total, BIS-spliced",,E,2012-02,28327.64892,,F,A,
M,CN,B,XDC,CNY,N,,"From January 2002 onwards: monthly balance sheet of the People's Bank of China. Between 1993 and 2001: sum of foreign assets (net), claims against the government, bank claims on deposit money, claims against non-monetary financial institutions and claims on the non-financial sector. Before 2000: Almanac of China's finance and banking.",BIS-spliced,"In 2017, renminbi (RMB) accounts with international financial organisations are calculated on a net basis.",,3,9,,"Annual: 2002, 1999, 1993. Monthly: Jan 2002.",People's Bank of China; Bank for International Settlements.,5B0,"China - Central bank, assets, total, BIS-spliced",,E,2012-03,28402.23809,,F,A,
M,CN,B,XDC,CNY,N,,"From January 2002 onwards: monthly balance sheet of the People's Bank of China. Between 1993 and 2001: sum of foreign assets (net), claims against the government, bank claims on deposit money, claims against non-monetary financial institutions and claims on the non-financial sector. Before 2000: Almanac of China's finance and banking.",BIS-spliced,"In 2017, renminbi (RMB) accounts with international financial organisations are calculated on a net basis.",,3,9,,"Annual: 2002, 1999, 1993. Monthly: Jan 2002.",People's Bank of China; Bank for International Settlements.,5B0,"China - Central bank, assets, total, BIS-spliced",,E,2012-04,28355.1732,,F,A,
M,CN,B,XDC,CNY,N,,"From January 2002 onwards: monthly balance sheet of the People's Bank of China. Between 1993 and 2001: sum of foreign assets (net), claims against the government, bank claims on deposit money, claims against non-monetary financial institutions and claims on the non-financial sector. Before 2000: Almanac of China's finance and banking.",BIS-spliced,"In 2017, renminbi (RMB) accounts with international financial organisations are calculated on a net basis.",,3,9,,"Annual: 2002, 1999, 1993. Monthly: Jan 2002.",People's Bank of China; Bank for International Settlements.,5B0,"China - Central bank, assets, total, BIS-spliced",,E,2012-05,28375.47399,,F,A,
M,CN,B,XDC,CNY,N,,"From January 2002 onwards: monthly balance sheet of the People's Bank of China. Between 1993 and 2001: sum of foreign assets (net), claims against the government, bank claims on deposit money, claims against non-monetary financial institutions and claims on the non-financial sector. Before 2000: Almanac of China's finance and banking.",BIS-spliced,"In 2017, renminbi (RMB) accounts with international financial organisations are calculated on a net basis.",,3,9,,"Annual: 2002, 1999, 1993. Monthly: Jan 2002.",People's Bank of China; Bank for International Settlements.,5B0,"China - Central bank, assets, total, BIS-spliced",,E,2012-06,28607.10451,,F,A,
M,CN,B,XDC,CNY,N,,"From January 2002 onwards: monthly balance sheet of the People's Bank of China. Between 1993 and 2001: sum of foreign assets (net), claims against the government, bank claims on deposit money, claims against non-monetary financial institutions and claims on the non-financial sector. Before 2000: Almanac of China's finance and banking.",BIS-spliced,"In 2017, renminbi (RMB) accounts with international financial organisations are calculated on a net basis.",,3,9,,"Annual: 2002, 1999, 1993. Monthly: Jan 2002.",People's Bank of China; Bank for International Settlements.,5B0,"China - Central bank, assets, total, BIS-spliced",,E,2012-07,28458.02721,,F,A,
M,CN,B,XDC,CNY,N,,"From January 2002 onwards: monthly balance sheet of the People's Bank of China. Between 1993 and 2001: sum of foreign assets (net), claims against the government, bank claims on deposit money, claims against non-monetary financial institutions and claims on the non-financial sector. Before 2000: Almanac of China's finance and banking.",BIS-spliced,"In 2017, renminbi (RMB) accounts with international financial organisations are calculated on a net basis.",,3,9,,"Annual: 2002, 1999, 1993. Monthly: Jan 2002.",People's Bank of China; Bank for International Settlements.,5B0,"China - Central bank, assets, total, BIS-spliced",,E,2012-08,28597.4952,,F,A,
M,CN,B,XDC,CNY,N,,"From January 2002 onwards: monthly balance sheet of the People's Bank of China. Between 1993 and 2001: sum of foreign assets (net), claims against the government, bank claims on deposit money, claims against non-monetary financial institutions and claims on the non-financial sector. Before 2000: Almanac of China's finance and banking.",BIS-spliced,"In 2017, renminbi (RMB) accounts with international financial organisations are calculated on a net basis.",,3,9,,"Annual: 2002, 1999, 1993. Monthly: Jan 2002.",People's Bank of China; Bank for International Settlements.,5B0,"China - Central bank, assets, total, BIS-spliced",,E,2012-09,28965.77499,,F,A,
M,CN,B,XDC,CNY,N,,"From January 2002 onwards: monthly balance sheet of the People's Bank of China. Between 1993 and 2001: sum of foreign assets (net), claims against the government, bank claims on deposit money, claims against non-monetary financial institutions and claims on the non-financial sector. Before 2000: Almanac of China's finance and banking.",BIS-spliced,"In 2017, renminbi (RMB) accounts with international financial organisations are calculated on a net basis.",,3,9,,"Annual: 2002, 1999, 1993. Monthly: Jan 2002.",People's Bank of China; Bank for International Settlements.,5B0,"China - Central bank, assets, total, BIS-spliced",,E,2012-10,29230.44157,,F,A,
M,CN,B,XDC,CNY,N,,"From January 2002 onwards: monthly balance sheet of the People's Bank of China. Between 1993 and 2001: sum of foreign assets (net), claims against the government, bank claims on deposit money, claims against non-monetary financial institutions and claims on the non-financial sector. Before 2000: Almanac of China's finance and banking.",BIS-spliced,"In 2017, renminbi (RMB) accounts with international financial organisations are calculated on a net basis.",,3,9,,"Annual: 2002, 1999, 1993. Monthly: Jan 2002.",People's Bank of China; Bank for International Settlements.,5B0,"China - Central bank, assets, total, BIS-spliced",,E,2012-11,28987.73925,,F,A,
M,CN,B,XDC,CNY,N,,"From January 2002 onwards: monthly balance sheet of the People's Bank of China. Between 1993 and 2001: sum of foreign assets (net), claims against the government, bank claims on deposit money, claims against non-monetary financial institutions and claims on the non-financial sector. Before 2000: Almanac of China's finance and banking.",BIS-spliced,"In 2017, renminbi (RMB) accounts with international financial organisations are calculated on a net basis.",,3,9,,"Annual: 2002, 1999, 1993. Monthly: Jan 2002.",People's Bank of China; Bank for International Settlements.,5B0,"China - Central bank, assets, total, BIS-spliced",,E,2012-12,29453.71865,,F,A,
M,CN,B,XDC,CNY,N,,"From January 2002 onwards: monthly balance sheet of the People's Bank of China. Between 1993 and 2001: sum of foreign assets (net), claims against the government, bank claims on deposit money, claims against non-monetary financial institutions and claims on the non-financial sector. Before 2000: Almanac of China's finance and banking.",BIS-spliced,"In 2017, renminbi (RMB) accounts with international financial organisations are calculated on a net basis.",,3,9,,"Annual: 2002, 1999, 1993. Monthly: Jan 2002.",People's Bank of China; Bank for International Settlements.,5B0,"China - Central bank, assets, total, BIS-spliced",,E,2013-01,29793.15654,,F,A,
M,CN,B,XDC,CNY,N,,"From January 2002 onwards: monthly balance sheet of the People's Bank of China. Between 1993 and 2001: sum of foreign assets (net), claims against the government, bank claims on deposit money, claims against non-monetary financial institutions and claims on the non-financial sector. Before 2000: Almanac of China's finance and banking.",BIS-spliced,"In 2017, renminbi (RMB) accounts with international financial organisations are calculated on a net basis.",,3,9,,"Annual: 2002, 1999, 1993. Monthly: Jan 2002.",People's Bank of China; Bank for International Settlements.,5B0,"China - Central bank, assets, total, BIS-spliced",,E,2013-02,29817.53807,,F,A,
M,CN,B,XDC,CNY,N,,"From January 2002 onwards: monthly balance sheet of the People's Bank of China. Between 1993 and 2001: sum of foreign assets (net), claims against the government, bank claims on deposit money, claims against non-monetary financial institutions and claims on the non-financial sector. Before 2000: Almanac of China's finance and banking.",BIS-spliced,"In 2017, renminbi (RMB) accounts with international financial organisations are calculated on a net basis.",,3,9,,"Annual: 2002, 1999, 1993. Monthly: Jan 2002.",People's Bank of China; Bank for International Settlements.,5B0,"China - Central bank, assets, total, BIS-spliced",,E,2013-03,29894.0428,,F,A,
M,CN,B,XDC,CNY,N,,"From January 2002 onwards: monthly balance sheet of the People's Bank of China. Between 1993 and 2001: sum of foreign assets (net), claims against the government, bank claims on deposit money, claims against non-monetary financial institutions and claims on the non-financial sector. Before 2000: Almanac of China's finance and banking.",BIS-spliced,"In 2017, renminbi (RMB) accounts with international financial organisations are calculated on a net basis.",,3,9,,"Annual: 2002, 1999, 1993. Monthly: Jan 2002.",People's Bank of China; Bank for International Settlements.,5B0,"China - Central bank, assets, total, BIS-spliced",,E,2013-04,30080.08436,,F,A,
M,CN,B,XDC,CNY,N,,"From January 2002 onwards: monthly balance sheet of the People's Bank of China. Between 1993 and 2001: sum of foreign assets (net), claims against the government, bank claims on deposit money, claims against non-monetary financial institutions and claims on the non-financial sector. Before 2000: Almanac of China's finance and banking.",BIS-spliced,"In 2017, renminbi (RMB) accounts with international financial organisations are calculated on a net basis.",,3,9,,"Annual: 2002, 1999, 1993. Monthly: Jan 2002.",People's Bank of China; Bank for International Settlements.,5B0,"China - Central bank, assets, total, BIS-spliced",,E,2013-05,30214.5342,,F,A,
M,CN,B,XDC,CNY,N,,"From January 2002 onwards: monthly balance sheet of the People's Bank of China. Between 1993 and 2001: sum of foreign assets (net), claims against the government, bank claims on deposit money, claims against non-monetary financial institutions and claims on the non-financial sector. Before 2000: Almanac of China's finance and banking.",BIS-spliced,"In 2017, renminbi (RMB) accounts with international financial organisations are calculated on a net basis.",,3,9,,"Annual: 2002, 1999, 1993. Monthly: Jan 2002.",People's Bank of China; Bank for International Settlements.,5B0,"China - Central bank, assets, total, BIS-spliced",,E,2013-06,30674.11019,,F,A,
M,CN,B,XDC,CNY,N,,"From January 2002 onwards: monthly balance sheet of the People's Bank of China. Between 1993 and 2001: sum of foreign assets (net), claims against the government, bank claims on deposit money, claims against non-monetary financial institutions and claims on the non-financial sector. Before 2000: Almanac of China's finance and banking.",BIS-spliced,"In 2017, renminbi (RMB) accounts with international financial organisations are calculated on a net basis.",,3,9,,"Annual: 2002, 1999, 1993. Monthly: Jan 2002.",People's Bank of China; Bank for International Settlements.,5B0,"China - Central bank, assets, total, BIS-spliced",,E,2013-07,30669.71614,,F,A,
M,CN,B,XDC,CNY,N,,"From January 2002 onwards: monthly balance sheet of the People's Bank of China. Between 1993 and 2001: sum of foreign assets (net), claims against the government, bank claims on deposit money, claims against non-monetary financial institutions and claims on the non-financial sector. Before 2000: Almanac of China's finance and banking.",BIS-spliced,"In 2017, renminbi (RMB) accounts with international financial organisations are calculated on a net basis.",,3,9,,"Annual: 2002, 1999, 1993. Monthly: Jan 2002.",People's Bank of China; Bank for International Settlements.,5B0,"China - Central bank, assets, total, BIS-spliced",,E,2013-08,30892.59009,,F,A,
M,CN,B,XDC,CNY,N,,"From January 2002 onwards: monthly balance sheet of the People's Bank of China. Between 1993 and 2001: sum of foreign assets (net), claims against the government, bank claims on deposit money, claims against non-monetary financial institutions and claims on the non-financial sector. Before 2000: Almanac of China's finance and banking.",BIS-spliced,"In 2017, renminbi (RMB) accounts with international financial organisations are calculated on a net basis.",,3,9,,"Annual: 2002, 1999, 1993. Monthly: Jan 2002.",People's Bank of China; Bank for International Settlements.,5B0,"China - Central bank, assets, total, BIS-spliced",,E,2013-09,31119.12033,,F,A,
M,CN,B,XDC,CNY,N,,"From January 2002 onwards: monthly balance sheet of the People's Bank of China. Between 1993 and 2001: sum of foreign assets (net), claims against the government, bank claims on deposit money, claims against non-monetary financial institutions and claims on the non-financial sector. Before 2000: Almanac of China's finance and banking.",BIS-spliced,"In 2017, renminbi (RMB) accounts with international financial organisations are calculated on a net basis.",,3,9,,"Annual: 2002, 1999, 1993. Monthly: Jan 2002.",People's Bank of China; Bank for International Settlements.,5B0,"China - Central bank, assets, total, BIS-spliced",,E,2013-10,31451.73023,,F,A,
M,CN,B,XDC,CNY,N,,"From January 2002 onwards: monthly balance sheet of the People's Bank of China. Between 1993 and 2001: sum of foreign assets (net), claims against the government, bank claims on deposit money, claims against non-monetary financial institutions and claims on the non-financial sector. Before 2000: Almanac of China's finance and banking.",BIS-spliced,"In 2017, renminbi (RMB) accounts with international financial organisations are calculated on a net basis.",,3,9,,"Annual: 2002, 1999, 1993. Monthly: Jan 2002.",People's Bank of China; Bank for International Settlements.,5B0,"China - Central bank, assets, total, BIS-spliced",,E,2013-11,31846.91506,,F,A,
M,CN,B,XDC,CNY,N,,"From January 2002 onwards: monthly balance sheet of the People's Bank of China. Between 1993 and 2001: sum of foreign assets (net), claims against the government, bank claims on deposit money, claims against non-monetary financial institutions and claims on the non-financial sector. Before 2000: Almanac of China's finance and banking.",BIS-spliced,"In 2017, renminbi (RMB) accounts with international financial organisations are calculated on a net basis.",,3,9,,"Annual: 2002, 1999, 1993. Monthly: Jan 2002.",People's Bank of China; Bank for International Settlements.,5B0,"China - Central bank, assets, total, BIS-spliced",,E,2013-12,31727.85532,,F,A,
M,CN,B,XDC,CNY,N,,"From January 2002 onwards: monthly balance sheet of the People's Bank of China. Between 1993 and 2001: sum of foreign assets (net), claims against the government, bank claims on deposit money, claims against non-monetary financial institutions and claims on the non-financial sector. Before 2000: Almanac of China's finance and banking.",BIS-spliced,"In 2017, renminbi (RMB) accounts with international financial organisations are calculated on a net basis.",,3,9,,"Annual: 2002, 1999, 1993. Monthly: Jan 2002.",People's Bank of China; Bank for International Settlements.,5B0,"China - Central bank, assets, total, BIS-spliced",,E,2014-01,33118.15137,,F,A,
M,CN,B,XDC,CNY,N,,"From January 2002 onwards: monthly balance sheet of the People's Bank of China. Between 1993 and 2001: sum of foreign assets (net), claims against the government, bank claims on deposit money, claims against non-monetary financial institutions and claims on the non-financial sector. Before 2000: Almanac of China's finance and banking.",BIS-spliced,"In 2017, renminbi (RMB) accounts with international financial organisations are calculated on a net basis.",,3,9,,"Annual: 2002, 1999, 1993. Monthly: Jan 2002.",People's Bank of China; Bank for International Settlements.,5B0,"China - Central bank, assets, total, BIS-spliced",,E,2014-02,32501.97656,,F,A,
M,CN,B,XDC,CNY,N,,"From January 2002 onwards: monthly balance sheet of the People's Bank of China. Between 1993 and 2001: sum of foreign assets (net), claims against the government, bank claims on deposit money, claims against non-monetary financial institutions and claims on the non-financial sector. Before 2000: Almanac of China's finance and banking.",BIS-spliced,"In 2017, renminbi (RMB) accounts with international financial organisations are calculated on a net basis.",,3,9,,"Annual: 2002, 1999, 1993. Monthly: Jan 2002.",People's Bank of China; Bank for International Settlements.,5B0,"China - Central bank, assets, total, BIS-spliced",,E,2014-03,32664.72056,,F,A,
M,CN,B,XDC,CNY,N,,"From January 2002 onwards: monthly balance sheet of the People's Bank of China. Between 1993 and 2001: sum of foreign assets (net), claims against the government, bank claims on deposit money, claims against non-monetary financial institutions and claims on the non-financial sector. Before 2000: Almanac of China's finance and banking.",BIS-spliced,"In 2017, renminbi (RMB) accounts with international financial organisations are calculated on a net basis.",,3,9,,"Annual: 2002, 1999, 1993. Monthly: Jan 2002.",People's Bank of China; Bank for International Settlements.,5B0,"China - Central bank, assets, total, BIS-spliced",,E,2014-04,32808.02597,,F,A,
M,CN,B,XDC,CNY,N,,"From January 2002 onwards: monthly balance sheet of the People's Bank of China. Between 1993 and 2001: sum of foreign assets (net), claims against the government, bank claims on deposit money, claims against non-monetary financial institutions and claims on the non-financial sector. Before 2000: Almanac of China's finance and banking.",BIS-spliced,"In 2017, renminbi (RMB) accounts with international financial organisations are calculated on a net basis.",,3,9,,"Annual: 2002, 1999, 1993. Monthly: Jan 2002.",People's Bank of China; Bank for International Settlements.,5B0,"China - Central bank, assets, total, BIS-spliced",,E,2014-05,32902.32248,,F,A,
M,CN,B,XDC,CNY,N,,"From January 2002 onwards: monthly balance sheet of the People's Bank of China. Between 1993 and 2001: sum of foreign assets (net), claims against the government, bank claims on deposit money, claims against non-monetary financial institutions and claims on the non-financial sector. Before 2000: Almanac of China's finance and banking.",BIS-spliced,"In 2017, renminbi (RMB) accounts with international financial organisations are calculated on a net basis.",,3,9,,"Annual: 2002, 1999, 1993. Monthly: Jan 2002.",People's Bank of China; Bank for International Settlements.,5B0,"China - Central bank, assets, total, BIS-spliced",,E,2014-06,32969.85951,,F,A,
M,CN,B,XDC,CNY,N,,"From January 2002 onwards: monthly balance sheet of the People's Bank of China. Between 1993 and 2001: sum of foreign assets (net), claims against the government, bank claims on deposit money, claims against non-monetary financial institutions and claims on the non-financial sector. Before 2000: Almanac of China's finance and banking.",BIS-spliced,"In 2017, renminbi (RMB) accounts with international financial organisations are calculated on a net basis.",,3,9,,"Annual: 2002, 1999, 1993. Monthly: Jan 2002.",People's Bank of China; Bank for International Settlements.,5B0,"China - Central bank, assets, total, BIS-spliced",,E,2014-07,33009.15581,,F,A,
M,CN,B,XDC,CNY,N,,"From January 2002 onwards: monthly balance sheet of the People's Bank of China. Between 1993 and 2001: sum of foreign assets (net), claims against the government, bank claims on deposit money, claims against non-monetary financial institutions and claims on the non-financial sector. Before 2000: Almanac of China's finance and banking.",BIS-spliced,"In 2017, renminbi (RMB) accounts with international financial organisations are calculated on a net basis.",,3,9,,"Annual: 2002, 1999, 1993. Monthly: Jan 2002.",People's Bank of China; Bank for International Settlements.,5B0,"China - Central bank, assets, total, BIS-spliced",,E,2014-08,33063.42084,,F,A,
M,CN,B,XDC,CNY,N,,"From January 2002 onwards: monthly balance sheet of the People's Bank of China. Between 1993 and 2001: sum of foreign assets (net), claims against the government, bank claims on deposit money, claims against non-monetary financial institutions and claims on the non-financial sector. Before 2000: Almanac of China's finance and banking.",BIS-spliced,"In 2017, renminbi (RMB) accounts with international financial organisations are calculated on a net basis.",,3,9,,"Annual: 2002, 1999, 1993. Monthly: Jan 2002.",People's Bank of China; Bank for International Settlements.,5B0,"China - Central bank, assets, total, BIS-spliced",,E,2014-09,33626.16145,,F,A,
M,CN,B,XDC,CNY,N,,"From January 2002 onwards: monthly balance sheet of the People's Bank of China. Between 1993 and 2001: sum of foreign assets (net), claims against the government, bank claims on deposit money, claims against non-monetary financial institutions and claims on the non-financial sector. Before 2000: Almanac of China's finance and banking.",BIS-spliced,"In 2017, renminbi (RMB) accounts with international financial organisations are calculated on a net basis.",,3,9,,"Annual: 2002, 1999, 1993. Monthly: Jan 2002.",People's Bank of China; Bank for International Settlements.,5B0,"China - Central bank, assets, total, BIS-spliced",,E,2014-10,33928.49686,,F,A,
M,CN,B,XDC,CNY,N,,"From January 2002 onwards: monthly balance sheet of the People's Bank of China. Between 1993 and 2001: sum of foreign assets (net), claims against the government, bank claims on deposit money, claims against non-monetary financial institutions and claims on the non-financial sector. Before 2000: Almanac of China's finance and banking.",BIS-spliced,"In 2017, renminbi (RMB) accounts with international financial organisations are calculated on a net basis.",,3,9,,"Annual: 2002, 1999, 1993. Monthly: Jan 2002.",People's Bank of China; Bank for International Settlements.,5B0,"China - Central bank, assets, total, BIS-spliced",,E,2014-11,34022.0622,,F,A,
M,CN,B,XDC,CNY,N,,"From January 2002 onwards: monthly balance sheet of the People's Bank of China. Between 1993 and 2001: sum of foreign assets (net), claims against the government, bank claims on deposit money, claims against non-monetary financial institutions and claims on the non-financial sector. Before 2000: Almanac of China's finance and banking.",BIS-spliced,"In 2017, renminbi (RMB) accounts with international financial organisations are calculated on a net basis.",,3,9,,"Annual: 2002, 1999, 1993. Monthly: Jan 2002.",People's Bank of China; Bank for International Settlements.,5B0,"China - Central bank, assets, total, BIS-spliced",,E,2014-12,33824.87932,,F,A,
M,CN,B,XDC,CNY,N,,"From January 2002 onwards: monthly balance sheet of the People's Bank of China. Between 1993 and 2001: sum of foreign assets (net), claims against the government, bank claims on deposit money, claims against non-monetary financial institutions and claims on the non-financial sector. Before 2000: Almanac of China's finance and banking.",BIS-spliced,"In 2017, renminbi (RMB) accounts with international financial organisations are calculated on a net basis.",,3,9,,"Annual: 2002, 1999, 1993. Monthly: Jan 2002.",People's Bank of China; Bank for International Settlements.,5B0,"China - Central bank, assets, total, BIS-spliced",,E,2015-01,33886.80468,,F,A,
M,CN,B,XDC,CNY,N,,"From January 2002 onwards: monthly balance sheet of the People's Bank of China. Between 1993 and 2001: sum of foreign assets (net), claims against the government, bank claims on deposit money, claims against non-monetary financial institutions and claims on the non-financial sector. Before 2000: Almanac of China's finance and banking.",BIS-spliced,"In 2017, renminbi (RMB) accounts with international financial organisations are calculated on a net basis.",,3,9,,"Annual: 2002, 1999, 1993. Monthly: Jan 2002.",People's Bank of China; Bank for International Settlements.,5B0,"China - Central bank, assets, total, BIS-spliced",,E,2015-02,34541.08173,,F,A,
M,CN,B,XDC,CNY,N,,"From January 2002 onwards: monthly balance sheet of the People's Bank of China. Between 1993 and 2001: sum of foreign assets (net), claims against the government, bank claims on deposit money, claims against non-monetary financial institutions and claims on the non-financial sector. Before 2000: Almanac of China's finance and banking.",BIS-spliced,"In 2017, renminbi (RMB) accounts with international financial organisations are calculated on a net basis.",,3,9,,"Annual: 2002, 1999, 1993. Monthly: Jan 2002.",People's Bank of China; Bank for International Settlements.,5B0,"China - Central bank, assets, total, BIS-spliced",,E,2015-03,34222.55462,,F,A,
M,CN,B,XDC,CNY,N,,"From January 2002 onwards: monthly balance sheet of the People's Bank of China. Between 1993 and 2001: sum of foreign assets (net), claims against the government, bank claims on deposit money, claims against non-monetary financial institutions and claims on the non-financial sector. Before 2000: Almanac of China's finance and banking.",BIS-spliced,"In 2017, renminbi (RMB) accounts with international financial organisations are calculated on a net basis.",,3,9,,"Annual: 2002, 1999, 1993. Monthly: Jan 2002.",People's Bank of China; Bank for International Settlements.,5B0,"China - Central bank, assets, total, BIS-spliced",,E,2015-04,34088.82779,,F,A,
M,CN,B,XDC,CNY,N,,"From January 2002 onwards: monthly balance sheet of the People's Bank of China. Between 1993 and 2001: sum of foreign assets (net), claims against the government, bank claims on deposit money, claims against non-monetary financial institutions and claims on the non-financial sector. Before 2000: Almanac of China's finance and banking.",BIS-spliced,"In 2017, renminbi (RMB) accounts with international financial organisations are calculated on a net basis.",,3,9,,"Annual: 2002, 1999, 1993. Monthly: Jan 2002.",People's Bank of China; Bank for International Settlements.,5B0,"China - Central bank, assets, total, BIS-spliced",,E,2015-05,34076.1466,,F,A,
M,CN,B,XDC,CNY,N,,"From January 2002 onwards: monthly balance sheet of the People's Bank of China. Between 1993 and 2001: sum of foreign assets (net), claims against the government, bank claims on deposit money, claims against non-monetary financial institutions and claims on the non-financial sector. Before 2000: Almanac of China's finance and banking.",BIS-spliced,"In 2017, renminbi (RMB) accounts with international financial organisations are calculated on a net basis.",,3,9,,"Annual: 2002, 1999, 1993. Monthly: Jan 2002.",People's Bank of China; Bank for International Settlements.,5B0,"China - Central bank, assets, total, BIS-spliced",,E,2015-06,33707.58258,,F,A,
M,CN,B,XDC,CNY,N,,"From January 2002 onwards: monthly balance sheet of the People's Bank of China. Between 1993 and 2001: sum of foreign assets (net), claims against the government, bank claims on deposit money, claims against non-monetary financial institutions and claims on the non-financial sector. Before 2000: Almanac of China's finance and banking.",BIS-spliced,"In 2017, renminbi (RMB) accounts with international financial organisations are calculated on a net basis.",,3,9,,"Annual: 2002, 1999, 1993. Monthly: Jan 2002.",People's Bank of China; Bank for International Settlements.,5B0,"China - Central bank, assets, total, BIS-spliced",,E,2015-07,33519.7679,,F,A,
M,CN,B,XDC,CNY,N,,"From January 2002 onwards: monthly balance sheet of the People's Bank of China. Between 1993 and 2001: sum of foreign assets (net), claims against the government, bank claims on deposit money, claims against non-monetary financial institutions and claims on the non-financial sector. Before 2000: Almanac of China's finance and banking.",BIS-spliced,"In 2017, renminbi (RMB) accounts with international financial organisations are calculated on a net basis.",,3,9,,"Annual: 2002, 1999, 1993. Monthly: Jan 2002.",People's Bank of China; Bank for International Settlements.,5B0,"China - Central bank, assets, total, BIS-spliced",,E,2015-08,33338.64998,,F,A,
M,CN,B,XDC,CNY,N,,"From January 2002 onwards: monthly balance sheet of the People's Bank of China. Between 1993 and 2001: sum of foreign assets (net), claims against the government, bank claims on deposit money, claims against non-monetary financial institutions and claims on the non-financial sector. Before 2000: Almanac of China's finance and banking.",BIS-spliced,"In 2017, renminbi (RMB) accounts with international financial organisations are calculated on a net basis.",,3,9,,"Annual: 2002, 1999, 1993. Monthly: Jan 2002.",People's Bank of China; Bank for International Settlements.,5B0,"China - Central bank, assets, total, BIS-spliced",,E,2015-09,32603.88845,,F,A,
M,CN,B,XDC,CNY,N,,"From January 2002 onwards: monthly balance sheet of the People's Bank of China. Between 1993 and 2001: sum of foreign assets (net), claims against the government, bank claims on deposit money, claims against non-monetary financial institutions and claims on the non-financial sector. Before 2000: Almanac of China's finance and banking.",BIS-spliced,"In 2017, renminbi (RMB) accounts with international financial organisations are calculated on a net basis.",,3,9,,"Annual: 2002, 1999, 1993. Monthly: Jan 2002.",People's Bank of China; Bank for International Settlements.,5B0,"China - Central bank, assets, total, BIS-spliced",,E,2015-10,32731.38435,,F,A,
M,CN,B,XDC,CNY,N,,"From January 2002 onwards: monthly balance sheet of the People's Bank of China. Between 1993 and 2001: sum of foreign assets (net), claims against the government, bank claims on deposit money, claims against non-monetary financial institutions and claims on the non-financial sector. Before 2000: Almanac of China's finance and banking.",BIS-spliced,"In 2017, renminbi (RMB) accounts with international financial organisations are calculated on a net basis.",,3,9,,"Annual: 2002, 1999, 1993. Monthly: Jan 2002.",People's Bank of China; Bank for International Settlements.,5B0,"China - Central bank, assets, total, BIS-spliced",,E,2015-11,32625.25664,,F,A,
M,CN,B,XDC,CNY,N,,"From January 2002 onwards: monthly balance sheet of the People's Bank of China. Between 1993 and 2001: sum of foreign assets (net), claims against the government, bank claims on deposit money, claims against non-monetary financial institutions and claims on the non-financial sector. Before 2000: Almanac of China's finance and banking.",BIS-spliced,"In 2017, renminbi (RMB) accounts with international financial organisations are calculated on a net basis.",,3,9,,"Annual: 2002, 1999, 1993. Monthly: Jan 2002.",People's Bank of China; Bank for International Settlements.,5B0,"China - Central bank, assets, total, BIS-spliced",,E,2015-12,31783.69682,,F,A,
M,CN,B,XDC,CNY,N,,"From January 2002 onwards: monthly balance sheet of the People's Bank of China. Between 1993 and 2001: sum of foreign assets (net), claims against the government, bank claims on deposit money, claims against non-monetary financial institutions and claims on the non-financial sector. Before 2000: Almanac of China's finance and banking.",BIS-spliced,"In 2017, renminbi (RMB) accounts with international financial organisations are calculated on a net basis.",,3,9,,"Annual: 2002, 1999, 1993. Monthly: Jan 2002.",People's Bank of China; Bank for International Settlements.,5B0,"China - Central bank, assets, total, BIS-spliced",,E,2016-01,33703.88,,F,A,
M,CN,B,XDC,CNY,N,,"From January 2002 onwards: monthly balance sheet of the People's Bank of China. Between 1993 and 2001: sum of foreign assets (net), claims against the government, bank claims on deposit money, claims against non-monetary financial institutions and claims on the non-financial sector. Before 2000: Almanac of China's finance and banking.",BIS-spliced,"In 2017, renminbi (RMB) accounts with international financial organisations are calculated on a net basis.",,3,9,,"Annual: 2002, 1999, 1993. Monthly: Jan 2002.",People's Bank of China; Bank for International Settlements.,5B0,"China - Central bank, assets, total, BIS-spliced",,E,2016-02,33584.31,,F,A,
M,CN,B,XDC,CNY,N,,"From January 2002 onwards: monthly balance sheet of the People's Bank of China. Between 1993 and 2001: sum of foreign assets (net), claims against the government, bank claims on deposit money, claims against non-monetary financial institutions and claims on the non-financial sector. Before 2000: Almanac of China's finance and banking.",BIS-spliced,"In 2017, renminbi (RMB) accounts with international financial organisations are calculated on a net basis.",,3,9,,"Annual: 2002, 1999, 1993. Monthly: Jan 2002.",People's Bank of China; Bank for International Settlements.,5B0,"China - Central bank, assets, total, BIS-spliced",,E,2016-03,32621.65,,F,A,
M,CN,B,XDC,CNY,N,,"From January 2002 onwards: monthly balance sheet of the People's Bank of China. Between 1993 and 2001: sum of foreign assets (net), claims against the government, bank claims on deposit money, claims against non-monetary financial institutions and claims on the non-financial sector. Before 2000: Almanac of China's finance and banking.",BIS-spliced,"In 2017, renminbi (RMB) accounts with international financial organisations are calculated on a net basis.",,3,9,,"Annual: 2002, 1999, 1993. Monthly: Jan 2002.",People's Bank of China; Bank for International Settlements.,5B0,"China - Central bank, assets, total, BIS-spliced",,E,2016-04,32908.89,,F,A,
M,CN,B,XDC,CNY,N,,"From January 2002 onwards: monthly balance sheet of the People's Bank of China. Between 1993 and 2001: sum of foreign assets (net), claims against the government, bank claims on deposit money, claims against non-monetary financial institutions and claims on the non-financial sector. Before 2000: Almanac of China's finance and banking.",BIS-spliced,"In 2017, renminbi (RMB) accounts with international financial organisations are calculated on a net basis.",,3,9,,"Annual: 2002, 1999, 1993. Monthly: Jan 2002.",People's Bank of China; Bank for International Settlements.,5B0,"China - Central bank, assets, total, BIS-spliced",,E,2016-05,33027.41,,F,A,
M,CN,B,XDC,CNY,N,,"From January 2002 onwards: monthly balance sheet of the People's Bank of China. Between 1993 and 2001: sum of foreign assets (net), claims against the government, bank claims on deposit money, claims against non-monetary financial institutions and claims on the non-financial sector. Before 2000: Almanac of China's finance and banking.",BIS-spliced,"In 2017, renminbi (RMB) accounts with international financial organisations are calculated on a net basis.",,3,9,,"Annual: 2002, 1999, 1993. Monthly: Jan 2002.",People's Bank of China; Bank for International Settlements.,5B0,"China - Central bank, assets, total, BIS-spliced",,E,2016-06,33814.22,,F,A,
M,CN,B,XDC,CNY,N,,"From January 2002 onwards: monthly balance sheet of the People's Bank of China. Between 1993 and 2001: sum of foreign assets (net), claims against the government, bank claims on deposit money, claims against non-monetary financial institutions and claims on the non-financial sector. Before 2000: Almanac of China's finance and banking.",BIS-spliced,"In 2017, renminbi (RMB) accounts with international financial organisations are calculated on a net basis.",,3,9,,"Annual: 2002, 1999, 1993. Monthly: Jan 2002.",People's Bank of China; Bank for International Settlements.,5B0,"China - Central bank, assets, total, BIS-spliced",,E,2016-07,33531.4,,F,A,
M,CN,B,XDC,CNY,N,,"From January 2002 onwards: monthly balance sheet of the People's Bank of China. Between 1993 and 2001: sum of foreign assets (net), claims against the government, bank claims on deposit money, claims against non-monetary financial institutions and claims on the non-financial sector. Before 2000: Almanac of China's finance and banking.",BIS-spliced,"In 2017, renminbi (RMB) accounts with international financial organisations are calculated on a net basis.",,3,9,,"Annual: 2002, 1999, 1993. Monthly: Jan 2002.",People's Bank of China; Bank for International Settlements.,5B0,"China - Central bank, assets, total, BIS-spliced",,E,2016-08,33393.62,,F,A,
M,CN,B,XDC,CNY,N,,"From January 2002 onwards: monthly balance sheet of the People's Bank of China. Between 1993 and 2001: sum of foreign assets (net), claims against the government, bank claims on deposit money, claims against non-monetary financial institutions and claims on the non-financial sector. Before 2000: Almanac of China's finance and banking.",BIS-spliced,"In 2017, renminbi (RMB) accounts with international financial organisations are calculated on a net basis.",,3,9,,"Annual: 2002, 1999, 1993. Monthly: Jan 2002.",People's Bank of China; Bank for International Settlements.,5B0,"China - Central bank, assets, total, BIS-spliced",,E,2016-09,33495.04,,F,A,
M,CN,B,XDC,CNY,N,,"From January 2002 onwards: monthly balance sheet of the People's Bank of China. Between 1993 and 2001: sum of foreign assets (net), claims against the government, bank claims on deposit money, claims against non-monetary financial institutions and claims on the non-financial sector. Before 2000: Almanac of China's finance and banking.",BIS-spliced,"In 2017, renminbi (RMB) accounts with international financial organisations are calculated on a net basis.",,3,9,,"Annual: 2002, 1999, 1993. Monthly: Jan 2002.",People's Bank of China; Bank for International Settlements.,5B0,"China - Central bank, assets, total, BIS-spliced",,E,2016-10,34205.8,,F,A,
M,CN,B,XDC,CNY,N,,"From January 2002 onwards: monthly balance sheet of the People's Bank of China. Between 1993 and 2001: sum of foreign assets (net), claims against the government, bank claims on deposit money, claims against non-monetary financial institutions and claims on the non-financial sector. Before 2000: Almanac of China's finance and banking.",BIS-spliced,"In 2017, renminbi (RMB) accounts with international financial organisations are calculated on a net basis.",,3,9,,"Annual: 2002, 1999, 1993. Monthly: Jan 2002.",People's Bank of China; Bank for International Settlements.,5B0,"China - Central bank, assets, total, BIS-spliced",,E,2016-11,33973.95,,F,A,
M,CN,B,XDC,CNY,N,,"From January 2002 onwards: monthly balance sheet of the People's Bank of China. Between 1993 and 2001: sum of foreign assets (net), claims against the government, bank claims on deposit money, claims against non-monetary financial institutions and claims on the non-financial sector. Before 2000: Almanac of China's finance and banking.",BIS-spliced,"In 2017, renminbi (RMB) accounts with international financial organisations are calculated on a net basis.",,3,9,,"Annual: 2002, 1999, 1993. Monthly: Jan 2002.",People's Bank of China; Bank for International Settlements.,5B0,"China - Central bank, assets, total, BIS-spliced",,E,2016-12,34371.16,,F,A,
M,CN,B,XDC,CNY,N,,"From January 2002 onwards: monthly balance sheet of the People's Bank of China. Between 1993 and 2001: sum of foreign assets (net), claims against the government, bank claims on deposit money, claims against non-monetary financial institutions and claims on the non-financial sector. Before 2000: Almanac of China's finance and banking.",BIS-spliced,"In 2017, renminbi (RMB) accounts with international financial organisations are calculated on a net basis.",,3,9,,"Annual: 2002, 1999, 1993. Monthly: Jan 2002.",People's Bank of China; Bank for International Settlements.,5B0,"China - Central bank, assets, total, BIS-spliced",,E,2017-01,34826.77,,F,A,
M,CN,B,XDC,CNY,N,,"From January 2002 onwards: monthly balance sheet of the People's Bank of China. Between 1993 and 2001: sum of foreign assets (net), claims against the government, bank claims on deposit money, claims against non-monetary financial institutions and claims on the non-financial sector. Before 2000: Almanac of China's finance and banking.",BIS-spliced,"In 2017, renminbi (RMB) accounts with international financial organisations are calculated on a net basis.",,3,9,,"Annual: 2002, 1999, 1993. Monthly: Jan 2002.",People's Bank of China; Bank for International Settlements.,5B0,"China - Central bank, assets, total, BIS-spliced",,E,2017-02,34546.97,,F,A,
M,CN,B,XDC,CNY,N,,"From January 2002 onwards: monthly balance sheet of the People's Bank of China. Between 1993 and 2001: sum of foreign assets (net), claims against the government, bank claims on deposit money, claims against non-monetary financial institutions and claims on the non-financial sector. Before 2000: Almanac of China's finance and banking.",BIS-spliced,"In 2017, renminbi (RMB) accounts with international financial organisations are calculated on a net basis.",,3,9,,"Annual: 2002, 1999, 1993. Monthly: Jan 2002.",People's Bank of China; Bank for International Settlements.,5B0,"China - Central bank, assets, total, BIS-spliced",,E,2017-03,33735.37,,F,A,
M,CN,B,XDC,CNY,N,,"From January 2002 onwards: monthly balance sheet of the People's Bank of China. Between 1993 and 2001: sum of foreign assets (net), claims against the government, bank claims on deposit money, claims against non-monetary financial institutions and claims on the non-financial sector. Before 2000: Almanac of China's finance and banking.",BIS-spliced,"In 2017, renminbi (RMB) accounts with international financial organisations are calculated on a net basis.",,3,9,,"Annual: 2002, 1999, 1993. Monthly: Jan 2002.",People's Bank of China; Bank for International Settlements.,5B0,"China - Central bank, assets, total, BIS-spliced",,E,2017-04,34129.69,,F,A,
M,CN,B,XDC,CNY,N,,"From January 2002 onwards: monthly balance sheet of the People's Bank of China. Between 1993 and 2001: sum of foreign assets (net), claims against the government, bank claims on deposit money, claims against non-monetary financial institutions and claims on the non-financial sector. Before 2000: Almanac of China's finance and banking.",BIS-spliced,"In 2017, renminbi (RMB) accounts with international financial organisations are calculated on a net basis.",,3,9,,"Annual: 2002, 1999, 1993. Monthly: Jan 2002.",People's Bank of China; Bank for International Settlements.,5B0,"China - Central bank, assets, total, BIS-spliced",,E,2017-05,34248.52,,F,A,
M,CN,B,XDC,CNY,N,,"From January 2002 onwards: monthly balance sheet of the People's Bank of China. Between 1993 and 2001: sum of foreign assets (net), claims against the government, bank claims on deposit money, claims against non-monetary financial institutions and claims on the non-financial sector. Before 2000: Almanac of China's finance and banking.",BIS-spliced,"In 2017, renminbi (RMB) accounts with international financial organisations are calculated on a net basis.",,3,9,,"Annual: 2002, 1999, 1993. Monthly: Jan 2002.",People's Bank of China; Bank for International Settlements.,5B0,"China - Central bank, assets, total, BIS-spliced",,E,2017-06,34502.56,,F,A,
M,CN,B,XDC,CNY,N,,"From January 2002 onwards: monthly balance sheet of the People's Bank of China. Between 1993 and 2001: sum of foreign assets (net), claims against the government, bank claims on deposit money, claims against non-monetary financial institutions and claims on the non-financial sector. Before 2000: Almanac of China's finance and banking.",BIS-spliced,"In 2017, renminbi (RMB) accounts with international financial organisations are calculated on a net basis.",,3,9,,"Annual: 2002, 1999, 1993. Monthly: Jan 2002.",People's Bank of China; Bank for International Settlements.,5B0,"China - Central bank, assets, total, BIS-spliced",,E,2017-07,35061.01,,F,A,
M,CN,B,XDC,CNY,N,,"From January 2002 onwards: monthly balance sheet of the People's Bank of China. Between 1993 and 2001: sum of foreign assets (net), claims against the government, bank claims on deposit money, claims against non-monetary financial institutions and claims on the non-financial sector. Before 2000: Almanac of China's finance and banking.",BIS-spliced,"In 2017, renminbi (RMB) accounts with international financial organisations are calculated on a net basis.",,3,9,,"Annual: 2002, 1999, 1993. Monthly: Jan 2002.",People's Bank of China; Bank for International Settlements.,5B0,"China - Central bank, assets, total, BIS-spliced",,E,2017-08,34714.44,,F,A,
M,CN,B,XDC,CNY,N,,"From January 2002 onwards: monthly balance sheet of the People's Bank of China. Between 1993 and 2001: sum of foreign assets (net), claims against the government, bank claims on deposit money, claims against non-monetary financial institutions and claims on the non-financial sector. Before 2000: Almanac of China's finance and banking.",BIS-spliced,"In 2017, renminbi (RMB) accounts with international financial organisations are calculated on a net basis.",,3,9,,"Annual: 2002, 1999, 1993. Monthly: Jan 2002.",People's Bank of China; Bank for International Settlements.,5B0,"China - Central bank, assets, total, BIS-spliced",,E,2017-09,34999.656,,F,A,
M,CN,B,XDC,CNY,N,,"From January 2002 onwards: monthly balance sheet of the People's Bank of China. Between 1993 and 2001: sum of foreign assets (net), claims against the government, bank claims on deposit money, claims against non-monetary financial institutions and claims on the non-financial sector. Before 2000: Almanac of China's finance and banking.",BIS-spliced,"In 2017, renminbi (RMB) accounts with international financial organisations are calculated on a net basis.",,3,9,,"Annual: 2002, 1999, 1993. Monthly: Jan 2002.",People's Bank of China; Bank for International Settlements.,5B0,"China - Central bank, assets, total, BIS-spliced",,E,2017-10,35887.534,,F,A,
M,CN,B,XDC,CNY,N,,"From January 2002 onwards: monthly balance sheet of the People's Bank of China. Between 1993 and 2001: sum of foreign assets (net), claims against the government, bank claims on deposit money, claims against non-monetary financial institutions and claims on the non-financial sector. Before 2000: Almanac of China's finance and banking.",BIS-spliced,"In 2017, renminbi (RMB) accounts with international financial organisations are calculated on a net basis.",,3,9,,"Annual: 2002, 1999, 1993. Monthly: Jan 2002.",People's Bank of China; Bank for International Settlements.,5B0,"China - Central bank, assets, total, BIS-spliced",,E,2017-11,36247.38806,,F,A,
M,CN,B,XDC,CNY,N,,"From January 2002 onwards: monthly balance sheet of the People's Bank of China. Between 1993 and 2001: sum of foreign assets (net), claims against the government, bank claims on deposit money, claims against non-monetary financial institutions and claims on the non-financial sector. Before 2000: Almanac of China's finance and banking.",BIS-spliced,"In 2017, renminbi (RMB) accounts with international financial organisations are calculated on a net basis.",,3,9,,"Annual: 2002, 1999, 1993. Monthly: Jan 2002.",People's Bank of China; Bank for International Settlements.,5B0,"China - Central bank, assets, total, BIS-spliced",,E,2017-12,36293.16171,,F,A,
M,CN,B,XDC,CNY,N,,"From January 2002 onwards: monthly balance sheet of the People's Bank of China. Between 1993 and 2001: sum of foreign assets (net), claims against the government, bank claims on deposit money, claims against non-monetary financial institutions and claims on the non-financial sector. Before 2000: Almanac of China's finance and banking.",BIS-spliced,"In 2017, renminbi (RMB) accounts with international financial organisations are calculated on a net basis.",,3,9,,"Annual: 2002, 1999, 1993. Monthly: Jan 2002.",People's Bank of China; Bank for International Settlements.,5B0,"China - Central bank, assets, total, BIS-spliced",,E,2018-01,35780,,F,A,
M,CN,B,XDC,CNY,N,,"From January 2002 onwards: monthly balance sheet of the People's Bank of China. Between 1993 and 2001: sum of foreign assets (net), claims against the government, bank claims on deposit money, claims against non-monetary financial institutions and claims on the non-financial sector. Before 2000: Almanac of China's finance and banking.",BIS-spliced,"In 2017, renminbi (RMB) accounts with international financial organisations are calculated on a net basis.",,3,9,,"Annual: 2002, 1999, 1993. Monthly: Jan 2002.",People's Bank of China; Bank for International Settlements.,5B0,"China - Central bank, assets, total, BIS-spliced",,E,2018-02,36252.8,,F,A,
M,CN,B,XDC,CNY,N,,"From January 2002 onwards: monthly balance sheet of the People's Bank of China. Between 1993 and 2001: sum of foreign assets (net), claims against the government, bank claims on deposit money, claims against non-monetary financial institutions and claims on the non-financial sector. Before 2000: Almanac of China's finance and banking.",BIS-spliced,"In 2017, renminbi (RMB) accounts with international financial organisations are calculated on a net basis.",,3,9,,"Annual: 2002, 1999, 1993. Monthly: Jan 2002.",People's Bank of China; Bank for International Settlements.,5B0,"China - Central bank, assets, total, BIS-spliced",,E,2018-03,35960.8,,F,A,
M,CN,B,XDC,CNY,N,,"From January 2002 onwards: monthly balance sheet of the People's Bank of China. Between 1993 and 2001: sum of foreign assets (net), claims against the government, bank claims on deposit money, claims against non-monetary financial institutions and claims on the non-financial sector. Before 2000: Almanac of China's finance and banking.",BIS-spliced,"In 2017, renminbi (RMB) accounts with international financial organisations are calculated on a net basis.",,3,9,,"Annual: 2002, 1999, 1993. Monthly: Jan 2002.",People's Bank of China; Bank for International Settlements.,5B0,"China - Central bank, assets, total, BIS-spliced",,E,2018-04,35322.5,,F,A,
M,CN,B,XDC,CNY,N,,"From January 2002 onwards: monthly balance sheet of the People's Bank of China. Between 1993 and 2001: sum of foreign assets (net), claims against the government, bank claims on deposit money, claims against non-monetary financial institutions and claims on the non-financial sector. Before 2000: Almanac of China's finance and banking.",BIS-spliced,"In 2017, renminbi (RMB) accounts with international financial organisations are calculated on a net basis.",,3,9,,"Annual: 2002, 1999, 1993. Monthly: Jan 2002.",People's Bank of China; Bank for International Settlements.,5B0,"China - Central bank, assets, total, BIS-spliced",,E,2018-05,35614.9,,F,A,
M,CN,B,XDC,CNY,N,,"From January 2002 onwards: monthly balance sheet of the People's Bank of China. Between 1993 and 2001: sum of foreign assets (net), claims against the government, bank claims on deposit money, claims against non-monetary financial institutions and claims on the non-financial sector. Before 2000: Almanac of China's finance and banking.",BIS-spliced,"In 2017, renminbi (RMB) accounts with international financial organisations are calculated on a net basis.",,3,9,,"Annual: 2002, 1999, 1993. Monthly: Jan 2002.",People's Bank of China; Bank for International Settlements.,5B0,"China - Central bank, assets, total, BIS-spliced",,E,2018-06,36270.2,,F,A,
M,CN,B,XDC,CNY,N,,"From January 2002 onwards: monthly balance sheet of the People's Bank of China. Between 1993 and 2001: sum of foreign assets (net), claims against the government, bank claims on deposit money, claims against non-monetary financial institutions and claims on the non-financial sector. Before 2000: Almanac of China's finance and banking.",BIS-spliced,"In 2017, renminbi (RMB) accounts with international financial organisations are calculated on a net basis.",,3,9,,"Annual: 2002, 1999, 1993. Monthly: Jan 2002.",People's Bank of China; Bank for International Settlements.,5B0,"China - Central bank, assets, total, BIS-spliced",,E,2018-07,36328.3,,F,A,
M,CN,B,XDC,CNY,N,,"From January 2002 onwards: monthly balance sheet of the People's Bank of China. Between 1993 and 2001: sum of foreign assets (net), claims against the government, bank claims on deposit money, claims against non-monetary financial institutions and claims on the non-financial sector. Before 2000: Almanac of China's finance and banking.",BIS-spliced,"In 2017, renminbi (RMB) accounts with international financial organisations are calculated on a net basis.",,3,9,,"Annual: 2002, 1999, 1993. Monthly: Jan 2002.",People's Bank of China; Bank for International Settlements.,5B0,"China - Central bank, assets, total, BIS-spliced",,E,2018-08,36261.7,,F,A,
M,CN,B,XDC,CNY,N,,"From January 2002 onwards: monthly balance sheet of the People's Bank of China. Between 1993 and 2001: sum of foreign assets (net), claims against the government, bank claims on deposit money, claims against non-monetary financial institutions and claims on the non-financial sector. Before 2000: Almanac of China's finance and banking.",BIS-spliced,"In 2017, renminbi (RMB) accounts with international financial organisations are calculated on a net basis.",,3,9,,"Annual: 2002, 1999, 1993. Monthly: Jan 2002.",People's Bank of China; Bank for International Settlements.,5B0,"China - Central bank, assets, total, BIS-spliced",,E,2018-09,36623,,F,A,
M,CN,B,XDC,CNY,N,,"From January 2002 onwards: monthly balance sheet of the People's Bank of China. Between 1993 and 2001: sum of foreign assets (net), claims against the government, bank claims on deposit money, claims against non-monetary financial institutions and claims on the non-financial sector. Before 2000: Almanac of China's finance and banking.",BIS-spliced,"In 2017, renminbi (RMB) accounts with international financial organisations are calculated on a net basis.",,3,9,,"Annual: 2002, 1999, 1993. Monthly: Jan 2002.",People's Bank of China; Bank for International Settlements.,5B0,"China - Central bank, assets, total, BIS-spliced",,E,2018-10,35833.8,,F,A,
M,CN,B,XDC,CNY,N,,"From January 2002 onwards: monthly balance sheet of the People's Bank of China. Between 1993 and 2001: sum of foreign assets (net), claims against the government, bank claims on deposit money, claims against non-monetary financial institutions and claims on the non-financial sector. Before 2000: Almanac of China's finance and banking.",BIS-spliced,"In 2017, renminbi (RMB) accounts with international financial organisations are calculated on a net basis.",,3,9,,"Annual: 2002, 1999, 1993. Monthly: Jan 2002.",People's Bank of China; Bank for International Settlements.,5B0,"China - Central bank, assets, total, BIS-spliced",,E,2018-11,35907,,F,A,
M,CN,B,XDC,CNY,N,,"From January 2002 onwards: monthly balance sheet of the People's Bank of China. Between 1993 and 2001: sum of foreign assets (net), claims against the government, bank claims on deposit money, claims against non-monetary financial institutions and claims on the non-financial sector. Before 2000: Almanac of China's finance and banking.",BIS-spliced,"In 2017, renminbi (RMB) accounts with international financial organisations are calculated on a net basis.",,3,9,,"Annual: 2002, 1999, 1993. Monthly: Jan 2002.",People's Bank of China; Bank for International Settlements.,5B0,"China - Central bank, assets, total, BIS-spliced",,E,2018-12,37249.2,,F,A,
M,CN,B,XDC,CNY,N,,"From January 2002 onwards: monthly balance sheet of the People's Bank of China. Between 1993 and 2001: sum of foreign assets (net), claims against the government, bank claims on deposit money, claims against non-monetary financial institutions and claims on the non-financial sector. Before 2000: Almanac of China's finance and banking.",BIS-spliced,"In 2017, renminbi (RMB) accounts with international financial organisations are calculated on a net basis.",,3,9,,"Annual: 2002, 1999, 1993. Monthly: Jan 2002.",People's Bank of China; Bank for International Settlements.,5B0,"China - Central bank, assets, total, BIS-spliced",,E,2019-01,36327.2,,F,A,
M,CN,B,XDC,CNY,N,,"From January 2002 onwards: monthly balance sheet of the People's Bank of China. Between 1993 and 2001: sum of foreign assets (net), claims against the government, bank claims on deposit money, claims against non-monetary financial institutions and claims on the non-financial sector. Before 2000: Almanac of China's finance and banking.",BIS-spliced,"In 2017, renminbi (RMB) accounts with international financial organisations are calculated on a net basis.",,3,9,,"Annual: 2002, 1999, 1993. Monthly: Jan 2002.",People's Bank of China; Bank for International Settlements.,5B0,"China - Central bank, assets, total, BIS-spliced",,E,2019-02,35620.9,,F,A,
M,CN,B,XDC,CNY,N,,"From January 2002 onwards: monthly balance sheet of the People's Bank of China. Between 1993 and 2001: sum of foreign assets (net), claims against the government, bank claims on deposit money, claims against non-monetary financial institutions and claims on the non-financial sector. Before 2000: Almanac of China's finance and banking.",BIS-spliced,"In 2017, renminbi (RMB) accounts with international financial organisations are calculated on a net basis.",,3,9,,"Annual: 2002, 1999, 1993. Monthly: Jan 2002.",People's Bank of China; Bank for International Settlements.,5B0,"China - Central bank, assets, total, BIS-spliced",,E,2019-03,34855.3,,F,A,
M,CN,B,XDC,CNY,N,,"From January 2002 onwards: monthly balance sheet of the People's Bank of China. Between 1993 and 2001: sum of foreign assets (net), claims against the government, bank claims on deposit money, claims against non-monetary financial institutions and claims on the non-financial sector. Before 2000: Almanac of China's finance and banking.",BIS-spliced,"In 2017, renminbi (RMB) accounts with international financial organisations are calculated on a net basis.",,3,9,,"Annual: 2002, 1999, 1993. Monthly: Jan 2002.",People's Bank of China; Bank for International Settlements.,5B0,"China - Central bank, assets, total, BIS-spliced",,E,2019-04,34859.2,,F,A,
M,CN,B,XDC,CNY,N,,"From January 2002 onwards: monthly balance sheet of the People's Bank of China. Between 1993 and 2001: sum of foreign assets (net), claims against the government, bank claims on deposit money, claims against non-monetary financial institutions and claims on the non-financial sector. Before 2000: Almanac of China's finance and banking.",BIS-spliced,"In 2017, renminbi (RMB) accounts with international financial organisations are calculated on a net basis.",,3,9,,"Annual: 2002, 1999, 1993. Monthly: Jan 2002.",People's Bank of China; Bank for International Settlements.,5B0,"China - Central bank, assets, total, BIS-spliced",,E,2019-05,35901.5,,F,A,
M,CN,B,XDC,CNY,N,,"From January 2002 onwards: monthly balance sheet of the People's Bank of China. Between 1993 and 2001: sum of foreign assets (net), claims against the government, bank claims on deposit money, claims against non-monetary financial institutions and claims on the non-financial sector. Before 2000: Almanac of China's finance and banking.",BIS-spliced,"In 2017, renminbi (RMB) accounts with international financial organisations are calculated on a net basis.",,3,9,,"Annual: 2002, 1999, 1993. Monthly: Jan 2002.",People's Bank of China; Bank for International Settlements.,5B0,"China - Central bank, assets, total, BIS-spliced",,E,2019-06,36359.5,,F,A,
M,CN,B,XDC,CNY,N,,"From January 2002 onwards: monthly balance sheet of the People's Bank of China. Between 1993 and 2001: sum of foreign assets (net), claims against the government, bank claims on deposit money, claims against non-monetary financial institutions and claims on the non-financial sector. Before 2000: Almanac of China's finance and banking.",BIS-spliced,"In 2017, renminbi (RMB) accounts with international financial organisations are calculated on a net basis.",,3,9,,"Annual: 2002, 1999, 1993. Monthly: Jan 2002.",People's Bank of China; Bank for International Settlements.,5B0,"China - Central bank, assets, total, BIS-spliced",,E,2019-07,35795.3,,F,A,
M,CN,B,XDC,CNY,N,,"From January 2002 onwards: monthly balance sheet of the People's Bank of China. Between 1993 and 2001: sum of foreign assets (net), claims against the government, bank claims on deposit money, claims against non-monetary financial institutions and claims on the non-financial sector. Before 2000: Almanac of China's finance and banking.",BIS-spliced,"In 2017, renminbi (RMB) accounts with international financial organisations are calculated on a net basis.",,3,9,,"Annual: 2002, 1999, 1993. Monthly: Jan 2002.",People's Bank of China; Bank for International Settlements.,5B0,"China - Central bank, assets, total, BIS-spliced",,E,2019-08,36035.3,,F,A,
M,CN,B,XDC,CNY,N,,"From January 2002 onwards: monthly balance sheet of the People's Bank of China. Between 1993 and 2001: sum of foreign assets (net), claims against the government, bank claims on deposit money, claims against non-monetary financial institutions and claims on the non-financial sector. Before 2000: Almanac of China's finance and banking.",BIS-spliced,"In 2017, renminbi (RMB) accounts with international financial organisations are calculated on a net basis.",,3,9,,"Annual: 2002, 1999, 1993. Monthly: Jan 2002.",People's Bank of China; Bank for International Settlements.,5B0,"China - Central bank, assets, total, BIS-spliced",,E,2019-09,36196.7,,F,A,
M,CN,B,XDC,CNY,N,,"From January 2002 onwards: monthly balance sheet of the People's Bank of China. Between 1993 and 2001: sum of foreign assets (net), claims against the government, bank claims on deposit money, claims against non-monetary financial institutions and claims on the non-financial sector. Before 2000: Almanac of China's finance and banking.",BIS-spliced,"In 2017, renminbi (RMB) accounts with international financial organisations are calculated on a net basis.",,3,9,,"Annual: 2002, 1999, 1993. Monthly: Jan 2002.",People's Bank of China; Bank for International Settlements.,5B0,"China - Central bank, assets, total, BIS-spliced",,E,2019-10,35964.05,,F,A,
M,CN,B,XDC,CNY,N,,"From January 2002 onwards: monthly balance sheet of the People's Bank of China. Between 1993 and 2001: sum of foreign assets (net), claims against the government, bank claims on deposit money, claims against non-monetary financial institutions and claims on the non-financial sector. Before 2000: Almanac of China's finance and banking.",BIS-spliced,"In 2017, renminbi (RMB) accounts with international financial organisations are calculated on a net basis.",,3,9,,"Annual: 2002, 1999, 1993. Monthly: Jan 2002.",People's Bank of China; Bank for International Settlements.,5B0,"China - Central bank, assets, total, BIS-spliced",,E,2019-11,36307.54,,F,A,
M,CN,B,XDC,CNY,N,,"From January 2002 onwards: monthly balance sheet of the People's Bank of China. Between 1993 and 2001: sum of foreign assets (net), claims against the government, bank claims on deposit money, claims against non-monetary financial institutions and claims on the non-financial sector. Before 2000: Almanac of China's finance and banking.",BIS-spliced,"In 2017, renminbi (RMB) accounts with international financial organisations are calculated on a net basis.",,3,9,,"Annual: 2002, 1999, 1993. Monthly: Jan 2002.",People's Bank of China; Bank for International Settlements.,5B0,"China - Central bank, assets, total, BIS-spliced",,E,2019-12,37113.05,,F,A,
M,CN,B,XDC,CNY,N,,"From January 2002 onwards: monthly balance sheet of the People's Bank of China. Between 1993 and 2001: sum of foreign assets (net), claims against the government, bank claims on deposit money, claims against non-monetary financial institutions and claims on the non-financial sector. Before 2000: Almanac of China's finance and banking.",BIS-spliced,"In 2017, renminbi (RMB) accounts with international financial organisations are calculated on a net basis.",,3,9,,"Annual: 2002, 1999, 1993. Monthly: Jan 2002.",People's Bank of China; Bank for International Settlements.,5B0,"China - Central bank, assets, total, BIS-spliced",,E,2020-01,37349.51,,F,A,
M,CN,B,XDC,CNY,N,,"From January 2002 onwards: monthly balance sheet of the People's Bank of China. Between 1993 and 2001: sum of foreign assets (net), claims against the government, bank claims on deposit money, claims against non-monetary financial institutions and claims on the non-financial sector. Before 2000: Almanac of China's finance and banking.",BIS-spliced,"In 2017, renminbi (RMB) accounts with international financial organisations are calculated on a net basis.",,3,9,,"Annual: 2002, 1999, 1993. Monthly: Jan 2002.",People's Bank of China; Bank for International Settlements.,5B0,"China - Central bank, assets, total, BIS-spliced",,E,2020-02,36102.13,,F,A,
M,CN,B,XDC,CNY,N,,"From January 2002 onwards: monthly balance sheet of the People's Bank of China. Between 1993 and 2001: sum of foreign assets (net), claims against the government, bank claims on deposit money, claims against non-monetary financial institutions and claims on the non-financial sector. Before 2000: Almanac of China's finance and banking.",BIS-spliced,"In 2017, renminbi (RMB) accounts with international financial organisations are calculated on a net basis.",,3,9,,"Annual: 2002, 1999, 1993. Monthly: Jan 2002.",People's Bank of China; Bank for International Settlements.,5B0,"China - Central bank, assets, total, BIS-spliced",,E,2020-03,36537.47,,F,A,
M,CN,B,XDC,CNY,N,,"From January 2002 onwards: monthly balance sheet of the People's Bank of China. Between 1993 and 2001: sum of foreign assets (net), claims against the government, bank claims on deposit money, claims against non-monetary financial institutions and claims on the non-financial sector. Before 2000: Almanac of China's finance and banking.",BIS-spliced,"In 2017, renminbi (RMB) accounts with international financial organisations are calculated on a net basis.",,3,9,,"Annual: 2002, 1999, 1993. Monthly: Jan 2002.",People's Bank of China; Bank for International Settlements.,5B0,"China - Central bank, assets, total, BIS-spliced",,E,2020-04,36034.77,,F,A,
M,CN,B,XDC,CNY,N,,"From January 2002 onwards: monthly balance sheet of the People's Bank of China. Between 1993 and 2001: sum of foreign assets (net), claims against the government, bank claims on deposit money, claims against non-monetary financial institutions and claims on the non-financial sector. Before 2000: Almanac of China's finance and banking.",BIS-spliced,"In 2017, renminbi (RMB) accounts with international financial organisations are calculated on a net basis.",,3,9,,"Annual: 2002, 1999, 1993. Monthly: Jan 2002.",People's Bank of China; Bank for International Settlements.,5B0,"China - Central bank, assets, total, BIS-spliced",,E,2020-05,36787.07,,F,A,
M,CN,B,XDC,CNY,N,,"From January 2002 onwards: monthly balance sheet of the People's Bank of China. Between 1993 and 2001: sum of foreign assets (net), claims against the government, bank claims on deposit money, claims against non-monetary financial institutions and claims on the non-financial sector. Before 2000: Almanac of China's finance and banking.",BIS-spliced,"In 2017, renminbi (RMB) accounts with international financial organisations are calculated on a net basis.",,3,9,,"Annual: 2002, 1999, 1993. Monthly: Jan 2002.",People's Bank of China; Bank for International Settlements.,5B0,"China - Central bank, assets, total, BIS-spliced",,E,2020-06,36393.13,,F,A,
M,CN,B,XDC,CNY,N,,"From January 2002 onwards: monthly balance sheet of the People's Bank of China. Between 1993 and 2001: sum of foreign assets (net), claims against the government, bank claims on deposit money, claims against non-monetary financial institutions and claims on the non-financial sector. Before 2000: Almanac of China's finance and banking.",BIS-spliced,"In 2017, renminbi (RMB) accounts with international financial organisations are calculated on a net basis.",,3,9,,"Annual: 2002, 1999, 1993. Monthly: Jan 2002.",People's Bank of China; Bank for International Settlements.,5B0,"China - Central bank, assets, total, BIS-spliced",,E,2020-07,35792.49,,F,A,
M,CN,B,XDC,CNY,N,,"From January 2002 onwards: monthly balance sheet of the People's Bank of China. Between 1993 and 2001: sum of foreign assets (net), claims against the government, bank claims on deposit money, claims against non-monetary financial institutions and claims on the non-financial sector. Before 2000: Almanac of China's finance and banking.",BIS-spliced,"In 2017, renminbi (RMB) accounts with international financial organisations are calculated on a net basis.",,3,9,,"Annual: 2002, 1999, 1993. Monthly: Jan 2002.",People's Bank of China; Bank for International Settlements.,5B0,"China - Central bank, assets, total, BIS-spliced",,E,2020-08,36505.23,,F,A,
M,CN,B,XDC,CNY,N,,"From January 2002 onwards: monthly balance sheet of the People's Bank of China. Between 1993 and 2001: sum of foreign assets (net), claims against the government, bank claims on deposit money, claims against non-monetary financial institutions and claims on the non-financial sector. Before 2000: Almanac of China's finance and banking.",BIS-spliced,"In 2017, renminbi (RMB) accounts with international financial organisations are calculated on a net basis.",,3,9,,"Annual: 2002, 1999, 1993. Monthly: Jan 2002.",People's Bank of China; Bank for International Settlements.,5B0,"China - Central bank, assets, total, BIS-spliced",,E,2020-09,37472.77,,F,A,
M,CN,B,XDC,CNY,N,,"From January 2002 onwards: monthly balance sheet of the People's Bank of China. Between 1993 and 2001: sum of foreign assets (net), claims against the government, bank claims on deposit money, claims against non-monetary financial institutions and claims on the non-financial sector. Before 2000: Almanac of China's finance and banking.",BIS-spliced,"In 2017, renminbi (RMB) accounts with international financial organisations are calculated on a net basis.",,3,9,,"Annual: 2002, 1999, 1993. Monthly: Jan 2002.",People's Bank of China; Bank for International Settlements.,5B0,"China - Central bank, assets, total, BIS-spliced",,E,2020-10,37181.27,,F,A,
M,CN,B,XDC,CNY,N,,"From January 2002 onwards: monthly balance sheet of the People's Bank of China. Between 1993 and 2001: sum of foreign assets (net), claims against the government, bank claims on deposit money, claims against non-monetary financial institutions and claims on the non-financial sector. Before 2000: Almanac of China's finance and banking.",BIS-spliced,"In 2017, renminbi (RMB) accounts with international financial organisations are calculated on a net basis.",,3,9,,"Annual: 2002, 1999, 1993. Monthly: Jan 2002.",People's Bank of China; Bank for International Settlements.,5B0,"China - Central bank, assets, total, BIS-spliced",,E,2020-11,38198.93,,F,A,
M,CN,B,XDC,CNY,N,,"From January 2002 onwards: monthly balance sheet of the People's Bank of China. Between 1993 and 2001: sum of foreign assets (net), claims against the government, bank claims on deposit money, claims against non-monetary financial institutions and claims on the non-financial sector. Before 2000: Almanac of China's finance and banking.",BIS-spliced,"In 2017, renminbi (RMB) accounts with international financial organisations are calculated on a net basis.",,3,9,,"Annual: 2002, 1999, 1993. Monthly: Jan 2002.",People's Bank of China; Bank for International Settlements.,5B0,"China - Central bank, assets, total, BIS-spliced",,E,2020-12,38767.55,,F,A,
M,CN,B,XDC,CNY,N,,"From January 2002 onwards: monthly balance sheet of the People's Bank of China. Between 1993 and 2001: sum of foreign assets (net), claims against the government, bank claims on deposit money, claims against non-monetary financial institutions and claims on the non-financial sector. Before 2000: Almanac of China's finance and banking.",BIS-spliced,"In 2017, renminbi (RMB) accounts with international financial organisations are calculated on a net basis.",,3,9,,"Annual: 2002, 1999, 1993. Monthly: Jan 2002.",People's Bank of China; Bank for International Settlements.,5B0,"China - Central bank, assets, total, BIS-spliced",,E,2021-01,38913.15,,F,A,
M,CN,B,XDC,CNY,N,,"From January 2002 onwards: monthly balance sheet of the People's Bank of China. Between 1993 and 2001: sum of foreign assets (net), claims against the government, bank claims on deposit money, claims against non-monetary financial institutions and claims on the non-financial sector. Before 2000: Almanac of China's finance and banking.",BIS-spliced,"In 2017, renminbi (RMB) accounts with international financial organisations are calculated on a net basis.",,3,9,,"Annual: 2002, 1999, 1993. Monthly: Jan 2002.",People's Bank of China; Bank for International Settlements.,5B0,"China - Central bank, assets, total, BIS-spliced",,E,2021-02,38309.32,,F,A,
M,CN,B,XDC,CNY,N,,"From January 2002 onwards: monthly balance sheet of the People's Bank of China. Between 1993 and 2001: sum of foreign assets (net), claims against the government, bank claims on deposit money, claims against non-monetary financial institutions and claims on the non-financial sector. Before 2000: Almanac of China's finance and banking.",BIS-spliced,"In 2017, renminbi (RMB) accounts with international financial organisations are calculated on a net basis.",,3,9,,"Annual: 2002, 1999, 1993. Monthly: Jan 2002.",People's Bank of China; Bank for International Settlements.,5B0,"China - Central bank, assets, total, BIS-spliced",,E,2021-03,38277.28,,F,A,
M,CN,B,XDC,CNY,N,,"From January 2002 onwards: monthly balance sheet of the People's Bank of China. Between 1993 and 2001: sum of foreign assets (net), claims against the government, bank claims on deposit money, claims against non-monetary financial institutions and claims on the non-financial sector. Before 2000: Almanac of China's finance and banking.",BIS-spliced,"In 2017, renminbi (RMB) accounts with international financial organisations are calculated on a net basis.",,3,9,,"Annual: 2002, 1999, 1993. Monthly: Jan 2002.",People's Bank of China; Bank for International Settlements.,5B0,"China - Central bank, assets, total, BIS-spliced",,E,2021-04,38231.55,,F,A,
M,CN,B,XDC,CNY,N,,"From January 2002 onwards: monthly balance sheet of the People's Bank of China. Between 1993 and 2001: sum of foreign assets (net), claims against the government, bank claims on deposit money, claims against non-monetary financial institutions and claims on the non-financial sector. Before 2000: Almanac of China's finance and banking.",BIS-spliced,"In 2017, renminbi (RMB) accounts with international financial organisations are calculated on a net basis.",,3,9,,"Annual: 2002, 1999, 1993. Monthly: Jan 2002.",People's Bank of China; Bank for International Settlements.,5B0,"China - Central bank, assets, total, BIS-spliced",,E,2021-05,38691.68,,F,A,
M,CN,B,XDC,CNY,N,,"From January 2002 onwards: monthly balance sheet of the People's Bank of China. Between 1993 and 2001: sum of foreign assets (net), claims against the government, bank claims on deposit money, claims against non-monetary financial institutions and claims on the non-financial sector. Before 2000: Almanac of China's finance and banking.",BIS-spliced,"In 2017, renminbi (RMB) accounts with international financial organisations are calculated on a net basis.",,3,9,,"Annual: 2002, 1999, 1993. Monthly: Jan 2002.",People's Bank of China; Bank for International Settlements.,5B0,"China - Central bank, assets, total, BIS-spliced",,E,2021-06,38989.74,,F,A,
M,CN,B,XDC,CNY,N,,"From January 2002 onwards: monthly balance sheet of the People's Bank of China. Between 1993 and 2001: sum of foreign assets (net), claims against the government, bank claims on deposit money, claims against non-monetary financial institutions and claims on the non-financial sector. Before 2000: Almanac of China's finance and banking.",BIS-spliced,"In 2017, renminbi (RMB) accounts with international financial organisations are calculated on a net basis.",,3,9,,"Annual: 2002, 1999, 1993. Monthly: Jan 2002.",People's Bank of China; Bank for International Settlements.,5B0,"China - Central bank, assets, total, BIS-spliced",,E,2021-07,38050.16,,F,A,
M,CN,B,XDC,CNY,N,,"From January 2002 onwards: monthly balance sheet of the People's Bank of China. Between 1993 and 2001: sum of foreign assets (net), claims against the government, bank claims on deposit money, claims against non-monetary financial institutions and claims on the non-financial sector. Before 2000: Almanac of China's finance and banking.",BIS-spliced,"In 2017, renminbi (RMB) accounts with international financial organisations are calculated on a net basis.",,3,9,,"Annual: 2002, 1999, 1993. Monthly: Jan 2002.",People's Bank of China; Bank for International Settlements.,5B0,"China - Central bank, assets, total, BIS-spliced",,E,2021-08,37948.75,,F,A,
M,CN,B,XDC,CNY,N,,"From January 2002 onwards: monthly balance sheet of the People's Bank of China. Between 1993 and 2001: sum of foreign assets (net), claims against the government, bank claims on deposit money, claims against non-monetary financial institutions and claims on the non-financial sector. Before 2000: Almanac of China's finance and banking.",BIS-spliced,"In 2017, renminbi (RMB) accounts with international financial organisations are calculated on a net basis.",,3,9,,"Annual: 2002, 1999, 1993. Monthly: Jan 2002.",People's Bank of China; Bank for International Settlements.,5B0,"China - Central bank, assets, total, BIS-spliced",,E,2021-09,39197.37,,F,A,
M,CN,B,XDC,CNY,N,,"From January 2002 onwards: monthly balance sheet of the People's Bank of China. Between 1993 and 2001: sum of foreign assets (net), claims against the government, bank claims on deposit money, claims against non-monetary financial institutions and claims on the non-financial sector. Before 2000: Almanac of China's finance and banking.",BIS-spliced,"In 2017, renminbi (RMB) accounts with international financial organisations are calculated on a net basis.",,3,9,,"Annual: 2002, 1999, 1993. Monthly: Jan 2002.",People's Bank of China; Bank for International Settlements.,5B0,"China - Central bank, assets, total, BIS-spliced",,E,2021-10,39491.94,,F,A,
M,CN,B,XDC,CNY,N,,"From January 2002 onwards: monthly balance sheet of the People's Bank of China. Between 1993 and 2001: sum of foreign assets (net), claims against the government, bank claims on deposit money, claims against non-monetary financial institutions and claims on the non-financial sector. Before 2000: Almanac of China's finance and banking.",BIS-spliced,"In 2017, renminbi (RMB) accounts with international financial organisations are calculated on a net basis.",,3,9,,"Annual: 2002, 1999, 1993. Monthly: Jan 2002.",People's Bank of China; Bank for International Settlements.,5B0,"China - Central bank, assets, total, BIS-spliced",,E,2021-11,39311.43,,F,A,
M,CN,B,XDC,CNY,N,,"From January 2002 onwards: monthly balance sheet of the People's Bank of China. Between 1993 and 2001: sum of foreign assets (net), claims against the government, bank claims on deposit money, claims against non-monetary financial institutions and claims on the non-financial sector. Before 2000: Almanac of China's finance and banking.",BIS-spliced,"In 2017, renminbi (RMB) accounts with international financial organisations are calculated on a net basis.",,3,9,,"Annual: 2002, 1999, 1993. Monthly: Jan 2002.",People's Bank of China; Bank for International Settlements.,5B0,"China - Central bank, assets, total, BIS-spliced",,E,2021-12,39570.23,,F,A,
M,CN,B,XDC,CNY,N,,"From January 2002 onwards: monthly balance sheet of the People's Bank of China. Between 1993 and 2001: sum of foreign assets (net), claims against the government, bank claims on deposit money, claims against non-monetary financial institutions and claims on the non-financial sector. Before 2000: Almanac of China's finance and banking.",BIS-spliced,"In 2017, renminbi (RMB) accounts with international financial organisations are calculated on a net basis.",,3,9,,"Annual: 2002, 1999, 1993. Monthly: Jan 2002.",People's Bank of China; Bank for International Settlements.,5B0,"China - Central bank, assets, total, BIS-spliced",,E,2022-01,40312.52,,F,A,
M,CN,B,XDC,CNY,N,,"From January 2002 onwards: monthly balance sheet of the People's Bank of China. Between 1993 and 2001: sum of foreign assets (net), claims against the government, bank claims on deposit money, claims against non-monetary financial institutions and claims on the non-financial sector. Before 2000: Almanac of China's finance and banking.",BIS-spliced,"In 2017, renminbi (RMB) accounts with international financial organisations are calculated on a net basis.",,3,9,,"Annual: 2002, 1999, 1993. Monthly: Jan 2002.",People's Bank of China; Bank for International Settlements.,5B0,"China - Central bank, assets, total, BIS-spliced",,E,2022-02,40622.9,,F,A,
M,CN,B,XDC,CNY,N,,"From January 2002 onwards: monthly balance sheet of the People's Bank of China. Between 1993 and 2001: sum of foreign assets (net), claims against the government, bank claims on deposit money, claims against non-monetary financial institutions and claims on the non-financial sector. Before 2000: Almanac of China's finance and banking.",BIS-spliced,"In 2017, renminbi (RMB) accounts with international financial organisations are calculated on a net basis.",,3,9,,"Annual: 2002, 1999, 1993. Monthly: Jan 2002.",People's Bank of China; Bank for International Settlements.,5B0,"China - Central bank, assets, total, BIS-spliced",,E,2022-03,39872.59,,F,A,
M,CN,B,XDC,CNY,N,,"From January 2002 onwards: monthly balance sheet of the People's Bank of China. Between 1993 and 2001: sum of foreign assets (net), claims against the government, bank claims on deposit money, claims against non-monetary financial institutions and claims on the non-financial sector. Before 2000: Almanac of China's finance and banking.",BIS-spliced,"In 2017, renminbi (RMB) accounts with international financial organisations are calculated on a net basis.",,3,9,,"Annual: 2002, 1999, 1993. Monthly: Jan 2002.",People's Bank of China; Bank for International Settlements.,5B0,"China - Central bank, assets, total, BIS-spliced",,E,2022-04,38933.6,,F,A,
M,CN,B,XDC,CNY,N,,"From January 2002 onwards: monthly balance sheet of the People's Bank of China. Between 1993 and 2001: sum of foreign assets (net), claims against the government, bank claims on deposit money, claims against non-monetary financial institutions and claims on the non-financial sector. Before 2000: Almanac of China's finance and banking.",BIS-spliced,"In 2017, renminbi (RMB) accounts with international financial organisations are calculated on a net basis.",,3,9,,"Annual: 2002, 1999, 1993. Monthly: Jan 2002.",People's Bank of China; Bank for International Settlements.,5B0,"China - Central bank, assets, total, BIS-spliced",,E,2022-05,38531.98,,F,A,
M,CN,B,XDC,CNY,N,,"From January 2002 onwards: monthly balance sheet of the People's Bank of China. Between 1993 and 2001: sum of foreign assets (net), claims against the government, bank claims on deposit money, claims against non-monetary financial institutions and claims on the non-financial sector. Before 2000: Almanac of China's finance and banking.",BIS-spliced,"In 2017, renminbi (RMB) accounts with international financial organisations are calculated on a net basis.",,3,9,,"Annual: 2002, 1999, 1993. Monthly: Jan 2002.",People's Bank of China; Bank for International Settlements.,5B0,"China - Central bank, assets, total, BIS-spliced",,E,2022-06,39255.46,,F,A,
M,CN,B,XDC,CNY,N,,"From January 2002 onwards: monthly balance sheet of the People's Bank of China. Between 1993 and 2001: sum of foreign assets (net), claims against the government, bank claims on deposit money, claims against non-monetary financial institutions and claims on the non-financial sector. Before 2000: Almanac of China's finance and banking.",BIS-spliced,"In 2017, renminbi (RMB) accounts with international financial organisations are calculated on a net basis.",,3,9,,"Annual: 2002, 1999, 1993. Monthly: Jan 2002.",People's Bank of China; Bank for International Settlements.,5B0,"China - Central bank, assets, total, BIS-spliced",,E,2022-07,38562.75,,F,A,
M,CN,B,XDC,CNY,N,,"From January 2002 onwards: monthly balance sheet of the People's Bank of China. Between 1993 and 2001: sum of foreign assets (net), claims against the government, bank claims on deposit money, claims against non-monetary financial institutions and claims on the non-financial sector. Before 2000: Almanac of China's finance and banking.",BIS-spliced,"In 2017, renminbi (RMB) accounts with international financial organisations are calculated on a net basis.",,3,9,,"Annual: 2002, 1999, 1993. Monthly: Jan 2002.",People's Bank of China; Bank for International Settlements.,5B0,"China - Central bank, assets, total, BIS-spliced",,E,2022-08,38464.23,,F,A,
M,CN,B,XDC,CNY,N,,"From January 2002 onwards: monthly balance sheet of the People's Bank of China. Between 1993 and 2001: sum of foreign assets (net), claims against the government, bank claims on deposit money, claims against non-monetary financial institutions and claims on the non-financial sector. Before 2000: Almanac of China's finance and banking.",BIS-spliced,"In 2017, renminbi (RMB) accounts with international financial organisations are calculated on a net basis.",,3,9,,"Annual: 2002, 1999, 1993. Monthly: Jan 2002.",People's Bank of China; Bank for International Settlements.,5B0,"China - Central bank, assets, total, BIS-spliced",,E,2022-09,39740.23,,F,A,
M,CN,B,XDC,CNY,N,,"From January 2002 onwards: monthly balance sheet of the People's Bank of China. Between 1993 and 2001: sum of foreign assets (net), claims against the government, bank claims on deposit money, claims against non-monetary financial institutions and claims on the non-financial sector. Before 2000: Almanac of China's finance and banking.",BIS-spliced,"In 2017, renminbi (RMB) accounts with international financial organisations are calculated on a net basis.",,3,9,,"Annual: 2002, 1999, 1993. Monthly: Jan 2002.",People's Bank of China; Bank for International Settlements.,5B0,"China - Central bank, assets, total, BIS-spliced",,E,2022-10,39887.13,,F,A,
M,CN,B,XDC,CNY,N,,"From January 2002 onwards: monthly balance sheet of the People's Bank of China. Between 1993 and 2001: sum of foreign assets (net), claims against the government, bank claims on deposit money, claims against non-monetary financial institutions and claims on the non-financial sector. Before 2000: Almanac of China's finance and banking.",BIS-spliced,"In 2017, renminbi (RMB) accounts with international financial organisations are calculated on a net basis.",,3,9,,"Annual: 2002, 1999, 1993. Monthly: Jan 2002.",People's Bank of China; Bank for International Settlements.,5B0,"China - Central bank, assets, total, BIS-spliced",,E,2022-11,40152.76,,F,A,
M,CN,B,XDC,CNY,N,,"From January 2002 onwards: monthly balance sheet of the People's Bank of China. Between 1993 and 2001: sum of foreign assets (net), claims against the government, bank claims on deposit money, claims against non-monetary financial institutions and claims on the non-financial sector. Before 2000: Almanac of China's finance and banking.",BIS-spliced,"In 2017, renminbi (RMB) accounts with international financial organisations are calculated on a net basis.",,3,9,,"Annual: 2002, 1999, 1993. Monthly: Jan 2002.",People's Bank of China; Bank for International Settlements.,5B0,"China - Central bank, assets, total, BIS-spliced",,E,2022-12,41678.38,,F,A,
M,CN,B,XDC,CNY,N,,"From January 2002 onwards: monthly balance sheet of the People's Bank of China. Between 1993 and 2001: sum of foreign assets (net), claims against the government, bank claims on deposit money, claims against non-monetary financial institutions and claims on the non-financial sector. Before 2000: Almanac of China's finance and banking.",BIS-spliced,"In 2017, renminbi (RMB) accounts with international financial organisations are calculated on a net basis.",,3,9,,"Annual: 2002, 1999, 1993. Monthly: Jan 2002.",People's Bank of China; Bank for International Settlements.,5B0,"China - Central bank, assets, total, BIS-spliced",,E,2023-01,42206.47,,F,A,
M,CN,B,XDC,CNY,N,,"From January 2002 onwards: monthly balance sheet of the People's Bank of China. Between 1993 and 2001: sum of foreign assets (net), claims against the government, bank claims on deposit money, claims against non-monetary financial institutions and claims on the non-financial sector. Before 2000: Almanac of China's finance and banking.",BIS-spliced,"In 2017, renminbi (RMB) accounts with international financial organisations are calculated on a net basis.",,3,9,,"Annual: 2002, 1999, 1993. Monthly: Jan 2002.",People's Bank of China; Bank for International Settlements.,5B0,"China - Central bank, assets, total, BIS-spliced",,E,2023-02,41767.94,,F,A,
M,CN,B,XDC,CNY,N,,"From January 2002 onwards: monthly balance sheet of the People's Bank of China. Between 1993 and 2001: sum of foreign assets (net), claims against the government, bank claims on deposit money, claims against non-monetary financial institutions and claims on the non-financial sector. Before 2000: Almanac of China's finance and banking.",BIS-spliced,"In 2017, renminbi (RMB) accounts with international financial organisations are calculated on a net basis.",,3,9,,"Annual: 2002, 1999, 1993. Monthly: Jan 2002.",People's Bank of China; Bank for International Settlements.,5B0,"China - Central bank, assets, total, BIS-spliced",,E,2023-03,42100.73,,F,A,
M,CN,B,XDC,CNY,N,,"From January 2002 onwards: monthly balance sheet of the People's Bank of China. Between 1993 and 2001: sum of foreign assets (net), claims against the government, bank claims on deposit money, claims against non-monetary financial institutions and claims on the non-financial sector. Before 2000: Almanac of China's finance and banking.",BIS-spliced,"In 2017, renminbi (RMB) accounts with international financial organisations are calculated on a net basis.",,3,9,,"Annual: 2002, 1999, 1993. Monthly: Jan 2002.",People's Bank of China; Bank for International Settlements.,5B0,"China - Central bank, assets, total, BIS-spliced",,E,2023-04,41265.42,,F,A,
M,CN,B,XDC,CNY,N,,"From January 2002 onwards: monthly balance sheet of the People's Bank of China. Between 1993 and 2001: sum of foreign assets (net), claims against the government, bank claims on deposit money, claims against non-monetary financial institutions and claims on the non-financial sector. Before 2000: Almanac of China's finance and banking.",BIS-spliced,"In 2017, renminbi (RMB) accounts with international financial organisations are calculated on a net basis.",,3,9,,"Annual: 2002, 1999, 1993. Monthly: Jan 2002.",People's Bank of China; Bank for International Settlements.,5B0,"China - Central bank, assets, total, BIS-spliced",,E,2023-05,40642.08,,F,A,
M,CN,B,XDC,CNY,N,,"From January 2002 onwards: monthly balance sheet of the People's Bank of China. Between 1993 and 2001: sum of foreign assets (net), claims against the government, bank claims on deposit money, claims against non-monetary financial institutions and claims on the non-financial sector. Before 2000: Almanac of China's finance and banking.",BIS-spliced,"In 2017, renminbi (RMB) accounts with international financial organisations are calculated on a net basis.",,3,9,,"Annual: 2002, 1999, 1993. Monthly: Jan 2002.",People's Bank of China; Bank for International Settlements.,5B0,"China - Central bank, assets, total, BIS-spliced",,E,2023-06,41806.28,,F,A,
M,CN,B,XDC,CNY,N,,"From January 2002 onwards: monthly balance sheet of the People's Bank of China. Between 1993 and 2001: sum of foreign assets (net), claims against the government, bank claims on deposit money, claims against non-monetary financial institutions and claims on the non-financial sector. Before 2000: Almanac of China's finance and banking.",BIS-spliced,"In 2017, renminbi (RMB) accounts with international financial organisations are calculated on a net basis.",,3,9,,"Annual: 2002, 1999, 1993. Monthly: Jan 2002.",People's Bank of China; Bank for International Settlements.,5B0,"China - Central bank, assets, total, BIS-spliced",,E,2023-07,40809.17,,F,A,
M,CN,B,XDC,CNY,N,,"From January 2002 onwards: monthly balance sheet of the People's Bank of China. Between 1993 and 2001: sum of foreign assets (net), claims against the government, bank claims on deposit money, claims against non-monetary financial institutions and claims on the non-financial sector. Before 2000: Almanac of China's finance and banking.",BIS-spliced,"In 2017, renminbi (RMB) accounts with international financial organisations are calculated on a net basis.",,3,9,,"Annual: 2002, 1999, 1993. Monthly: Jan 2002.",People's Bank of China; Bank for International Settlements.,5B0,"China - Central bank, assets, total, BIS-spliced",,E,2023-08,41684.05,,F,A,
M,CN,B,XDC,CNY,N,,"From January 2002 onwards: monthly balance sheet of the People's Bank of China. Between 1993 and 2001: sum of foreign assets (net), claims against the government, bank claims on deposit money, claims against non-monetary financial institutions and claims on the non-financial sector. Before 2000: Almanac of China's finance and banking.",BIS-spliced,"In 2017, renminbi (RMB) accounts with international financial organisations are calculated on a net basis.",,3,9,,"Annual: 2002, 1999, 1993. Monthly: Jan 2002.",People's Bank of China; Bank for International Settlements.,5B0,"China - Central bank, assets, total, BIS-spliced",,E,2023-09,42735.49,,F,A,
M,CN,B,XDC,CNY,N,,"From January 2002 onwards: monthly balance sheet of the People's Bank of China. Between 1993 and 2001: sum of foreign assets (net), claims against the government, bank claims on deposit money, claims against non-monetary financial institutions and claims on the non-financial sector. Before 2000: Almanac of China's finance and banking.",BIS-spliced,"In 2017, renminbi (RMB) accounts with international financial organisations are calculated on a net basis.",,3,9,,"Annual: 2002, 1999, 1993. Monthly: Jan 2002.",People's Bank of China; Bank for International Settlements.,5B0,"China - Central bank, assets, total, BIS-spliced",,E,2023-10,43326,,F,A,
M,CN,B,XDC,CNY,N,,"From January 2002 onwards: monthly balance sheet of the People's Bank of China. Between 1993 and 2001: sum of foreign assets (net), claims against the government, bank claims on deposit money, claims against non-monetary financial institutions and claims on the non-financial sector. Before 2000: Almanac of China's finance and banking.",BIS-spliced,"In 2017, renminbi (RMB) accounts with international financial organisations are calculated on a net basis.",,3,9,,"Annual: 2002, 1999, 1993. Monthly: Jan 2002.",People's Bank of China; Bank for International Settlements.,5B0,"China - Central bank, assets, total, BIS-spliced",,E,2023-11,44065.46,,F,A,
M,CN,B,XDC,CNY,N,,"From January 2002 onwards: monthly balance sheet of the People's Bank of China. Between 1993 and 2001: sum of foreign assets (net), claims against the government, bank claims on deposit money, claims against non-monetary financial institutions and claims on the non-financial sector. Before 2000: Almanac of China's finance and banking.",BIS-spliced,"In 2017, renminbi (RMB) accounts with international financial organisations are calculated on a net basis.",,3,9,,"Annual: 2002, 1999, 1993. Monthly: Jan 2002.",People's Bank of China; Bank for International Settlements.,5B0,"China - Central bank, assets, total, BIS-spliced",,E,2023-12,45694.4,,F,A,
M,CN,B,XDC,CNY,N,,"From January 2002 onwards: monthly balance sheet of the People's Bank of China. Between 1993 and 2001: sum of foreign assets (net), claims against the government, bank claims on deposit money, claims against non-monetary financial institutions and claims on the non-financial sector. Before 2000: Almanac of China's finance and banking.",BIS-spliced,"In 2017, renminbi (RMB) accounts with international financial organisations are calculated on a net basis.",,3,9,,"Annual: 2002, 1999, 1993. Monthly: Jan 2002.",People's Bank of China; Bank for International Settlements.,5B0,"China - Central bank, assets, total, BIS-spliced",,E,2024-01,45642.68,,F,A,
M,CN,B,XDC,CNY,N,,"From January 2002 onwards: monthly balance sheet of the People's Bank of China. Between 1993 and 2001: sum of foreign assets (net), claims against the government, bank claims on deposit money, claims against non-monetary financial institutions and claims on the non-financial sector. Before 2000: Almanac of China's finance and banking.",BIS-spliced,"In 2017, renminbi (RMB) accounts with international financial organisations are calculated on a net basis.",,3,9,,"Annual: 2002, 1999, 1993. Monthly: Jan 2002.",People's Bank of China; Bank for International Settlements.,5B0,"China - Central bank, assets, total, BIS-spliced",,E,2024-02,44569.39,,F,A,
M,CN,B,XDC,CNY,N,,"From January 2002 onwards: monthly balance sheet of the People's Bank of China. Between 1993 and 2001: sum of foreign assets (net), claims against the government, bank claims on deposit money, claims against non-monetary financial institutions and claims on the non-financial sector. Before 2000: Almanac of China's finance and banking.",BIS-spliced,"In 2017, renminbi (RMB) accounts with international financial organisations are calculated on a net basis.",,3,9,,"Annual: 2002, 1999, 1993. Monthly: Jan 2002.",People's Bank of China; Bank for International Settlements.,5B0,"China - Central bank, assets, total, BIS-spliced",,E,2024-03,43886.07,,F,A,
M,CN,B,XDC,CNY,N,,"From January 2002 onwards: monthly balance sheet of the People's Bank of China. Between 1993 and 2001: sum of foreign assets (net), claims against the government, bank claims on deposit money, claims against non-monetary financial institutions and claims on the non-financial sector. Before 2000: Almanac of China's finance and banking.",BIS-spliced,"In 2017, renminbi (RMB) accounts with international financial organisations are calculated on a net basis.",,3,9,,"Annual: 2002, 1999, 1993. Monthly: Jan 2002.",People's Bank of China; Bank for International Settlements.,5B0,"China - Central bank, assets, total, BIS-spliced",,E,2024-04,42842.52,,F,A,
M,CN,B,XDC,CNY,N,,"From January 2002 onwards: monthly balance sheet of the People's Bank of China. Between 1993 and 2001: sum of foreign assets (net), claims against the government, bank claims on deposit money, claims against non-monetary financial institutions and claims on the non-financial sector. Before 2000: Almanac of China's finance and banking.",BIS-spliced,"In 2017, renminbi (RMB) accounts with international financial organisations are calculated on a net basis.",,3,9,,"Annual: 2002, 1999, 1993. Monthly: Jan 2002.",People's Bank of China; Bank for International Settlements.,5B0,"China - Central bank, assets, total, BIS-spliced",,E,2024-05,42953.76,,F,A,
M,CN,B,XDC,CNY,N,,"From January 2002 onwards: monthly balance sheet of the People's Bank of China. Between 1993 and 2001: sum of foreign assets (net), claims against the government, bank claims on deposit money, claims against non-monetary financial institutions and claims on the non-financial sector. Before 2000: Almanac of China's finance and banking.",BIS-spliced,"In 2017, renminbi (RMB) accounts with international financial organisations are calculated on a net basis.",,3,9,,"Annual: 2002, 1999, 1993. Monthly: Jan 2002.",People's Bank of China; Bank for International Settlements.,5B0,"China - Central bank, assets, total, BIS-spliced",,E,2024-06,43654.68,,F,A,
M,CN,B,XDC,CNY,N,,"From January 2002 onwards: monthly balance sheet of the People's Bank of China. Between 1993 and 2001: sum of foreign assets (net), claims against the government, bank claims on deposit money, claims against non-monetary financial institutions and claims on the non-financial sector. Before 2000: Almanac of China's finance and banking.",BIS-spliced,"In 2017, renminbi (RMB) accounts with international financial organisations are calculated on a net basis.",,3,9,,"Annual: 2002, 1999, 1993. Monthly: Jan 2002.",People's Bank of China; Bank for International Settlements.,5B0,"China - Central bank, assets, total, BIS-spliced",,E,2024-07,43646.92,,F,A,
M,CN,B,XDC,CNY,N,,"From January 2002 onwards: monthly balance sheet of the People's Bank of China. Between 1993 and 2001: sum of foreign assets (net), claims against the government, bank claims on deposit money, claims against non-monetary financial institutions and claims on the non-financial sector. Before 2000: Almanac of China's finance and banking.",BIS-spliced,"In 2017, renminbi (RMB) accounts with international financial organisations are calculated on a net basis.",,3,9,,"Annual: 2002, 1999, 1993. Monthly: Jan 2002.",People's Bank of China; Bank for International Settlements.,5B0,"China - Central bank, assets, total, BIS-spliced",,E,2024-08,43889.75,,F,A,
M,CN,B,XDC,CNY,N,,"From January 2002 onwards: monthly balance sheet of the People's Bank of China. Between 1993 and 2001: sum of foreign assets (net), claims against the government, bank claims on deposit money, claims against non-monetary financial institutions and claims on the non-financial sector. Before 2000: Almanac of China's finance and banking.",BIS-spliced,"In 2017, renminbi (RMB) accounts with international financial organisations are calculated on a net basis.",,3,9,,"Annual: 2002, 1999, 1993. Monthly: Jan 2002.",People's Bank of China; Bank for International Settlements.,5B0,"China - Central bank, assets, total, BIS-spliced",,E,2024-09,45505.06,,F,A,
M,CN,B,XDC,CNY,N,,"From January 2002 onwards: monthly balance sheet of the People's Bank of China. Between 1993 and 2001: sum of foreign assets (net), claims against the government, bank claims on deposit money, claims against non-monetary financial institutions and claims on the non-financial sector. Before 2000: Almanac of China's finance and banking.",BIS-spliced,"In 2017, renminbi (RMB) accounts with international financial organisations are calculated on a net basis.",,3,9,,"Annual: 2002, 1999, 1993. Monthly: Jan 2002.",People's Bank of China; Bank for International Settlements.,5B0,"China - Central bank, assets, total, BIS-spliced",,E,2024-10,44735.75,,F,A,
M,CN,B,XDC,CNY,N,,"From January 2002 onwards: monthly balance sheet of the People's Bank of China. Between 1993 and 2001: sum of foreign assets (net), claims against the government, bank claims on deposit money, claims against non-monetary financial institutions and claims on the non-financial sector. Before 2000: Almanac of China's finance and banking.",BIS-spliced,"In 2017, renminbi (RMB) accounts with international financial organisations are calculated on a net basis.",,3,9,,"Annual: 2002, 1999, 1993. Monthly: Jan 2002.",People's Bank of China; Bank for International Settlements.,5B0,"China - Central bank, assets, total, BIS-spliced",,E,2024-11,45370.71,,F,A,
M,CN,B,XDC,CNY,N,,"From January 2002 onwards: monthly balance sheet of the People's Bank of China. Between 1993 and 2001: sum of foreign assets (net), claims against the government, bank claims on deposit money, claims against non-monetary financial institutions and claims on the non-financial sector. Before 2000: Almanac of China's finance and banking.",BIS-spliced,"In 2017, renminbi (RMB) accounts with international financial organisations are calculated on a net basis.",,3,9,,"Annual: 2002, 1999, 1993. Monthly: Jan 2002.",People's Bank of China; Bank for International Settlements.,5B0,"China - Central bank, assets, total, BIS-spliced",,E,2024-12,44051.33,,F,A,
M,CN,B,XDC,CNY,N,,"From January 2002 onwards: monthly balance sheet of the People's Bank of China. Between 1993 and 2001: sum of foreign assets (net), claims against the government, bank claims on deposit money, claims against non-monetary financial institutions and claims on the non-financial sector. Before 2000: Almanac of China's finance and banking.",BIS-spliced,"In 2017, renminbi (RMB) accounts with international financial organisations are calculated on a net basis.",,3,9,,"Annual: 2002, 1999, 1993. Monthly: Jan 2002.",People's Bank of China; Bank for International Settlements.,5B0,"China - Central bank, assets, total, BIS-spliced",,E,2025-01,46657.47,,F,A,
M,CN,B,XDC,CNY,N,,"From January 2002 onwards: monthly balance sheet of the People's Bank of China. Between 1993 and 2001: sum of foreign assets (net), claims against the government, bank claims on deposit money, claims against non-monetary financial institutions and claims on the non-financial sector. Before 2000: Almanac of China's finance and banking.",BIS-spliced,"In 2017, renminbi (RMB) accounts with international financial organisations are calculated on a net basis.",,3,9,,"Annual: 2002, 1999, 1993. Monthly: Jan 2002.",People's Bank of China; Bank for International Settlements.,5B0,"China - Central bank, assets, total, BIS-spliced",,E,2025-02,47020.53,,F,A,
M,CN,B,XDC,CNY,N,,"From January 2002 onwards: monthly balance sheet of the People's Bank of China. Between 1993 and 2001: sum of foreign assets (net), claims against the government, bank claims on deposit money, claims against non-monetary financial institutions and claims on the non-financial sector. Before 2000: Almanac of China's finance and banking.",BIS-spliced,"In 2017, renminbi (RMB) accounts with international financial organisations are calculated on a net basis.",,3,9,,"Annual: 2002, 1999, 1993. Monthly: Jan 2002.",People's Bank of China; Bank for International Settlements.,5B0,"China - Central bank, assets, total, BIS-spliced",,E,2025-03,45531.2,,F,A,
M,CN,B,XDC,CNY,N,,"From January 2002 onwards: monthly balance sheet of the People's Bank of China. Between 1993 and 2001: sum of foreign assets (net), claims against the government, bank claims on deposit money, claims against non-monetary financial institutions and claims on the non-financial sector. Before 2000: Almanac of China's finance and banking.",BIS-spliced,"In 2017, renminbi (RMB) accounts with international financial organisations are calculated on a net basis.",,3,9,,"Annual: 2002, 1999, 1993. Monthly: Jan 2002.",People's Bank of China; Bank for International Settlements.,5B0,"China - Central bank, assets, total, BIS-spliced",,E,2025-04,45520.3,,F,A,
M,CN,B,XDC,CNY,N,,"From January 2002 onwards: monthly balance sheet of the People's Bank of China. Between 1993 and 2001: sum of foreign assets (net), claims against the government, bank claims on deposit money, claims against non-monetary financial institutions and claims on the non-financial sector. Before 2000: Almanac of China's finance and banking.",BIS-spliced,"In 2017, renminbi (RMB) accounts with international financial organisations are calculated on a net basis.",,3,9,,"Annual: 2002, 1999, 1993. Monthly: Jan 2002.",People's Bank of China; Bank for International Settlements.,5B0,"China - Central bank, assets, total, BIS-spliced",,E,2025-05,45099.8,,F,A,
M,CN,B,XDC,CNY,N,,"From January 2002 onwards: monthly balance sheet of the People's Bank of China. Between 1993 and 2001: sum of foreign assets (net), claims against the government, bank claims on deposit money, claims against non-monetary financial institutions and claims on the non-financial sector. Before 2000: Almanac of China's finance and banking.",BIS-spliced,"In 2017, renminbi (RMB) accounts with international financial organisations are calculated on a net basis.",,3,9,,"Annual: 2002, 1999, 1993. Monthly: Jan 2002.",People's Bank of China; Bank for International Settlements.,5B0,"China - Central bank, assets, total, BIS-spliced",,E,2025-06,45782.375,,F,A,
M,CN,B,XDC,CNY,N,,"From January 2002 onwards: monthly balance sheet of the People's Bank of China. Between 1993 and 2001: sum of foreign assets (net), claims against the government, bank claims on deposit money, claims against non-monetary financial institutions and claims on the non-financial sector. Before 2000: Almanac of China's finance and banking.",BIS-spliced,"In 2017, renminbi (RMB) accounts with international financial organisations are calculated on a net basis.",,3,9,,"Annual: 2002, 1999, 1993. Monthly: Jan 2002.",People's Bank of China; Bank for International Settlements.,5B0,"China - Central bank, assets, total, BIS-spliced",,E,2025-07,45949.386,,F,A,
M,CN,B,XDC,CNY,N,,"From January 2002 onwards: monthly balance sheet of the People's Bank of China. Between 1993 and 2001: sum of foreign assets (net), claims against the government, bank claims on deposit money, claims against non-monetary financial institutions and claims on the non-financial sector. Before 2000: Almanac of China's finance and banking.",BIS-spliced,"In 2017, renminbi (RMB) accounts with international financial organisations are calculated on a net basis.",,3,9,,"Annual: 2002, 1999, 1993. Monthly: Jan 2002.",People's Bank of China; Bank for International Settlements.,5B0,"China - Central bank, assets, total, BIS-spliced",,E,2025-08,46325.41,,F,A,
M,CN,B,XDC,CNY,N,,"From January 2002 onwards: monthly balance sheet of the People's Bank of China. Between 1993 and 2001: sum of foreign assets (net), claims against the government, bank claims on deposit money, claims against non-monetary financial institutions and claims on the non-financial sector. Before 2000: Almanac of China's finance and banking.",BIS-spliced,"In 2017, renminbi (RMB) accounts with international financial organisations are calculated on a net basis.",,3,9,,"Annual: 2002, 1999, 1993. Monthly: Jan 2002.",People's Bank of China; Bank for International Settlements.,5B0,"China - Central bank, assets, total, BIS-spliced",,E,2025-09,47139.14,,F,A,
M,CN,B,XDC,CNY,N,,"From January 2002 onwards: monthly balance sheet of the People's Bank of China. Between 1993 and 2001: sum of foreign assets (net), claims against the government, bank claims on deposit money, claims against non-monetary financial institutions and claims on the non-financial sector. Before 2000: Almanac of China's finance and banking.",BIS-spliced,"In 2017, renminbi (RMB) accounts with international financial organisations are calculated on a net basis.",,3,9,,"Annual: 2002, 1999, 1993. Monthly: Jan 2002.",People's Bank of China; Bank for International Settlements.,5B0,"China - Central bank, assets, total, BIS-spliced",,E,2025-10,47062.7,,F,A,
M,CN,B,XDC,CNY,N,,"From January 2002 onwards: monthly balance sheet of the People's Bank of China. Between 1993 and 2001: sum of foreign assets (net), claims against the government, bank claims on deposit money, claims against non-monetary financial institutions and claims on the non-financial sector. Before 2000: Almanac of China's finance and banking.",BIS-spliced,"In 2017, renminbi (RMB) accounts with international financial organisations are calculated on a net basis.",,3,9,,"Annual: 2002, 1999, 1993. Monthly: Jan 2002.",People's Bank of China; Bank for International Settlements.,5B0,"China - Central bank, assets, total, BIS-spliced",,E,2025-11,47297,,F,A,
M,CN,B,XDC,CNY,N,,"From January 2002 onwards: monthly balance sheet of the People's Bank of China. Between 1993 and 2001: sum of foreign assets (net), claims against the government, bank claims on deposit money, claims against non-monetary financial institutions and claims on the non-financial sector. Before 2000: Almanac of China's finance and banking.",BIS-spliced,"In 2017, renminbi (RMB) accounts with international financial organisations are calculated on a net basis.",,3,9,,"Annual: 2002, 1999, 1993. Monthly: Jan 2002.",People's Bank of China; Bank for International Settlements.,5B0,"China - Central bank, assets, total, BIS-spliced",,E,2025-12,48159.1,,F,A,
M,CN,B,XDC,CNY,N,,"From January 2002 onwards: monthly balance sheet of the People's Bank of China. Between 1993 and 2001: sum of foreign assets (net), claims against the government, bank claims on deposit money, claims against non-monetary financial institutions and claims on the non-financial sector. Before 2000: Almanac of China's finance and banking.",BIS-spliced,"In 2017, renminbi (RMB) accounts with international financial organisations are calculated on a net basis.",,3,9,,"Annual: 2002, 1999, 1993. Monthly: Jan 2002.",People's Bank of China; Bank for International Settlements.,5B0,"China - Central bank, assets, total, BIS-spliced",,E,2026-01,49318.99,,F,A,
M,CN,B,XDC,CNY,N,,"From January 2002 onwards: monthly balance sheet of the People's Bank of China. Between 1993 and 2001: sum of foreign assets (net), claims against the government, bank claims on deposit money, claims against non-monetary financial institutions and claims on the non-financial sector. Before 2000: Almanac of China's finance and banking.",BIS-spliced,"In 2017, renminbi (RMB) accounts with international financial organisations are calculated on a net basis.",,3,9,,"Annual: 2002, 1999, 1993. Monthly: Jan 2002.",People's Bank of China; Bank for International Settlements.,5B0,"China - Central bank, assets, total, BIS-spliced",,E,2026-02,49986.28,,F,A,
M,CN,B,XDC,CNY,N,,"From January 2002 onwards: monthly balance sheet of the People's Bank of China. Between 1993 and 2001: sum of foreign assets (net), claims against the government, bank claims on deposit money, claims against non-monetary financial institutions and claims on the non-financial sector. Before 2000: Almanac of China's finance and banking.",BIS-spliced,"In 2017, renminbi (RMB) accounts with international financial organisations are calculated on a net basis.",,3,9,,"Annual: 2002, 1999, 1993. Monthly: Jan 2002.",People's Bank of China; Bank for International Settlements.,5B0,"China - Central bank, assets, total, BIS-spliced",,E,2026-03,49139.87,,F,A,
M,CN,B,XDC,CNY,N,,"From January 2002 onwards: monthly balance sheet of the People's Bank of China. Between 1993 and 2001: sum of foreign assets (net), claims against the government, bank claims on deposit money, claims against non-monetary financial institutions and claims on the non-financial sector. Before 2000: Almanac of China's finance and banking.",BIS-spliced,"In 2017, renminbi (RMB) accounts with international financial organisations are calculated on a net basis.",,3,9,,"Annual: 2002, 1999, 1993. Monthly: Jan 2002.",People's Bank of China; Bank for International Settlements.,5B0,"China - Central bank, assets, total, BIS-spliced",,E,2026-04,48632.75,,F,A,
M,CN,B,XDC,CNY,N,,"From January 2002 onwards: monthly balance sheet of the People's Bank of China. Between 1993 and 2001: sum of foreign assets (net), claims against the government, bank claims on deposit money, claims against non-monetary financial institutions and claims on the non-financial sector. Before 2000: Almanac of China's finance and banking.",BIS-spliced,"In 2017, renminbi (RMB) accounts with international financial organisations are calculated on a net basis.",,3,9,,"Annual: 2002, 1999, 1993. Monthly: Jan 2002.",People's Bank of China; Bank for International Settlements.,5B0,"China - Central bank, assets, total, BIS-spliced",,E,2026-05,48380.69,,F,A,
M,CN,B,XDC,CNY,N,,"From January 2002 onwards: monthly balance sheet of the People's Bank of China. Between 1993 and 2001: sum of foreign assets (net), claims against the government, bank claims on deposit money, claims against non-monetary financial institutions and claims on the non-financial sector. Before 2000: Almanac of China's finance and banking.",BIS-spliced,"In 2017, renminbi (RMB) accounts with international financial organisations are calculated on a net basis.",,3,9,,"Annual: 2002, 1999, 1993. Monthly: Jan 2002.",People's Bank of China; Bank for International Settlements.,5B0,"China - Central bank, assets, total, BIS-spliced",,E,2026-06,49433.5,,F,A,
