STATUS,200
MESSAGEID,M181000I
MESSAGE,Successfully completed
DATE,2026-10-08T00:30:15.380+09:00
PARAMETER,FORMAT,CSV
PARAMETER,LANG,EN
PARAMETER,DB,BS01
PARAMETER,STARTDATE,
PARAMETER,ENDDATE,
PARAMETER,STARTPOSITION,
NEXTPOSITION,
SERIES_CODE,NAME_OF_TIME_SERIES,UNIT,FREQUENCY,CATEGORY,LAST_UPDATE,SURVEY_DATES,VALUES
MABJMTA,"Bank of Japan Accounts/Assets/Total (Assets, or Liabilities and Net Assets) (s)",100 million yen,MONTHLY,Bank of Japan Accounts,20260903,199804,800652
MABJMTA,"Bank of Japan Accounts/Assets/Total (Assets, or Liabilities and Net Assets) (s)",100 million yen,MONTHLY,Bank of Japan Accounts,20260903,199805,771888
MABJMTA,"Bank of Japan Accounts/Assets/Total (Assets, or Liabilities and Net Assets) (s)",100 million yen,MONTHLY,Bank of Japan Accounts,20260903,199806,753964
MABJMTA,"Bank of Japan Accounts/Assets/Total (Assets, or Liabilities and Net Assets) (s)",100 million yen,MONTHLY,Bank of Japan Accounts,20260903,199807,724375
MABJMTA,"Bank of Japan Accounts/Assets/Total (Assets, or Liabilities and Net Assets) (s)",100 million yen,MONTHLY,Bank of Japan Accounts,20260903,199808,763742
MABJMTA,"Bank of Japan Accounts/Assets/Total (Assets, or Liabilities and Net Assets) (s)",100 million yen,MONTHLY,Bank of Japan Accounts,20260903,199809,783667
MABJMTA,"Bank of Japan Accounts/Assets/Total (Assets, or Liabilities and Net Assets) (s)",100 million yen,MONTHLY,Bank of Japan Accounts,20260903,199810,775368
MABJMTA,"Bank of Japan Accounts/Assets/Total (Assets, or Liabilities and Net Assets) (s)",100 million yen,MONTHLY,Bank of Japan Accounts,20260903,199811,883012
MABJMTA,"Bank of Japan Accounts/Assets/Total (Assets, or Liabilities and Net Assets) (s)",100 million yen,MONTHLY,Bank of Japan Accounts,20260903,199812,912382
MABJMTA,"Bank of Japan Accounts/Assets/Total (Assets, or Liabilities and Net Assets) (s)",100 million yen,MONTHLY,Bank of Japan Accounts,20260903,199901,797188
MABJMTA,"Bank of Japan Accounts/Assets/Total (Assets, or Liabilities and Net Assets) (s)",100 million yen,MONTHLY,Bank of Japan Accounts,20260903,199902,755897
MABJMTA,"Bank of Japan Accounts/Assets/Total (Assets, or Liabilities and Net Assets) (s)",100 million yen,MONTHLY,Bank of Japan Accounts,20260903,199903,797450
MABJMTA,"Bank of Japan Accounts/Assets/Total (Assets, or Liabilities and Net Assets) (s)",100 million yen,MONTHLY,Bank of Japan Accounts,20260903,199904,791152
MABJMTA,"Bank of Japan Accounts/Assets/Total (Assets, or Liabilities and Net Assets) (s)",100 million yen,MONTHLY,Bank of Japan Accounts,20260903,199905,744742
MABJMTA,"Bank of Japan Accounts/Assets/Total (Assets, or Liabilities and Net Assets) (s)",100 million yen,MONTHLY,Bank of Japan Accounts,20260903,199906,734211
MABJMTA,"Bank of Japan Accounts/Assets/Total (Assets, or Liabilities and Net Assets) (s)",100 million yen,MONTHLY,Bank of Japan Accounts,20260903,199907,686329
MABJMTA,"Bank of Japan Accounts/Assets/Total (Assets, or Liabilities and Net Assets) (s)",100 million yen,MONTHLY,Bank of Japan Accounts,20260903,199908,680224
MABJMTA,"Bank of Japan Accounts/Assets/Total (Assets, or Liabilities and Net Assets) (s)",100 million yen,MONTHLY,Bank of Japan Accounts,20260903,199909,688207
MABJMTA,"Bank of Japan Accounts/Assets/Total (Assets, or Liabilities and Net Assets) (s)",100 million yen,MONTHLY,Bank of Japan Accounts,20260903,199910,680064
MABJMTA,"Bank of Japan Accounts/Assets/Total (Assets, or Liabilities and Net Assets) (s)",100 million yen,MONTHLY,Bank of Japan Accounts,20260903,199911,841508
MABJMTA,"Bank of Japan Accounts/Assets/Total (Assets, or Liabilities and Net Assets) (s)",100 million yen,MONTHLY,Bank of Japan Accounts,20260903,199912,1113478
MABJMTA,"Bank of Japan Accounts/Assets/Total (Assets, or Liabilities and Net Assets) (s)",100 million yen,MONTHLY,Bank of Japan Accounts,20260903,200001,905251
MABJMTA,"Bank of Japan Accounts/Assets/Total (Assets, or Liabilities and Net Assets) (s)",100 million yen,MONTHLY,Bank of Japan Accounts,20260903,200002,941085
MABJMTA,"Bank of Japan Accounts/Assets/Total (Assets, or Liabilities and Net Assets) (s)",100 million yen,MONTHLY,Bank of Japan Accounts,20260903,200003,1062017
MABJMTA,"Bank of Japan Accounts/Assets/Total (Assets, or Liabilities and Net Assets) (s)",100 million yen,MONTHLY,Bank of Japan Accounts,20260903,200004,797289
MABJMTA,"Bank of Japan Accounts/Assets/Total (Assets, or Liabilities and Net Assets) (s)",100 million yen,MONTHLY,Bank of Japan Accounts,20260903,200005,838507
MABJMTA,"Bank of Japan Accounts/Assets/Total (Assets, or Liabilities and Net Assets) (s)",100 million yen,MONTHLY,Bank of Japan Accounts,20260903,200006,837194
MABJMTA,"Bank of Japan Accounts/Assets/Total (Assets, or Liabilities and Net Assets) (s)",100 million yen,MONTHLY,Bank of Japan Accounts,20260903,200007,807840
MABJMTA,"Bank of Japan Accounts/Assets/Total (Assets, or Liabilities and Net Assets) (s)",100 million yen,MONTHLY,Bank of Japan Accounts,20260903,200008,885391
MABJMTA,"Bank of Japan Accounts/Assets/Total (Assets, or Liabilities and Net Assets) (s)",100 million yen,MONTHLY,Bank of Japan Accounts,20260903,200009,853390
MABJMTA,"Bank of Japan Accounts/Assets/Total (Assets, or Liabilities and Net Assets) (s)",100 million yen,MONTHLY,Bank of Japan Accounts,20260903,200010,920988
MABJMTA,"Bank of Japan Accounts/Assets/Total (Assets, or Liabilities and Net Assets) (s)",100 million yen,MONTHLY,Bank of Japan Accounts,20260903,200011,1054097
MABJMTA,"Bank of Japan Accounts/Assets/Total (Assets, or Liabilities and Net Assets) (s)",100 million yen,MONTHLY,Bank of Japan Accounts,20260903,200012,1067962
MABJMTA,"Bank of Japan Accounts/Assets/Total (Assets, or Liabilities and Net Assets) (s)",100 million yen,MONTHLY,Bank of Japan Accounts,20260903,200101,1078487
MABJMTA,"Bank of Japan Accounts/Assets/Total (Assets, or Liabilities and Net Assets) (s)",100 million yen,MONTHLY,Bank of Japan Accounts,20260903,200102,1102160
MABJMTA,"Bank of Japan Accounts/Assets/Total (Assets, or Liabilities and Net Assets) (s)",100 million yen,MONTHLY,Bank of Japan Accounts,20260903,200103,1150959
MABJMTA,"Bank of Japan Accounts/Assets/Total (Assets, or Liabilities and Net Assets) (s)",100 million yen,MONTHLY,Bank of Japan Accounts,20260903,200104,1123259
MABJMTA,"Bank of Japan Accounts/Assets/Total (Assets, or Liabilities and Net Assets) (s)",100 million yen,MONTHLY,Bank of Japan Accounts,20260903,200105,1138146
MABJMTA,"Bank of Japan Accounts/Assets/Total (Assets, or Liabilities and Net Assets) (s)",100 million yen,MONTHLY,Bank of Japan Accounts,20260903,200106,1169329
MABJMTA,"Bank of Japan Accounts/Assets/Total (Assets, or Liabilities and Net Assets) (s)",100 million yen,MONTHLY,Bank of Japan Accounts,20260903,200107,1163779
MABJMTA,"Bank of Japan Accounts/Assets/Total (Assets, or Liabilities and Net Assets) (s)",100 million yen,MONTHLY,Bank of Japan Accounts,20260903,200108,1133882
MABJMTA,"Bank of Japan Accounts/Assets/Total (Assets, or Liabilities and Net Assets) (s)",100 million yen,MONTHLY,Bank of Japan Accounts,20260903,200109,1156156
MABJMTA,"Bank of Japan Accounts/Assets/Total (Assets, or Liabilities and Net Assets) (s)",100 million yen,MONTHLY,Bank of Japan Accounts,20260903,200110,1107271
MABJMTA,"Bank of Japan Accounts/Assets/Total (Assets, or Liabilities and Net Assets) (s)",100 million yen,MONTHLY,Bank of Japan Accounts,20260903,200111,1133942
MABJMTA,"Bank of Japan Accounts/Assets/Total (Assets, or Liabilities and Net Assets) (s)",100 million yen,MONTHLY,Bank of Japan Accounts,20260903,200112,1175079
MABJMTA,"Bank of Japan Accounts/Assets/Total (Assets, or Liabilities and Net Assets) (s)",100 million yen,MONTHLY,Bank of Japan Accounts,20260903,200201,1224388
MABJMTA,"Bank of Japan Accounts/Assets/Total (Assets, or Liabilities and Net Assets) (s)",100 million yen,MONTHLY,Bank of Japan Accounts,20260903,200202,1313520
MABJMTA,"Bank of Japan Accounts/Assets/Total (Assets, or Liabilities and Net Assets) (s)",100 million yen,MONTHLY,Bank of Japan Accounts,20260903,200203,1385648
MABJMTA,"Bank of Japan Accounts/Assets/Total (Assets, or Liabilities and Net Assets) (s)",100 million yen,MONTHLY,Bank of Japan Accounts,20260903,200204,1328094
MABJMTA,"Bank of Japan Accounts/Assets/Total (Assets, or Liabilities and Net Assets) (s)",100 million yen,MONTHLY,Bank of Japan Accounts,20260903,200205,1279453
MABJMTA,"Bank of Japan Accounts/Assets/Total (Assets, or Liabilities and Net Assets) (s)",100 million yen,MONTHLY,Bank of Japan Accounts,20260903,200206,1241193
MABJMTA,"Bank of Japan Accounts/Assets/Total (Assets, or Liabilities and Net Assets) (s)",100 million yen,MONTHLY,Bank of Japan Accounts,20260903,200207,1265421
MABJMTA,"Bank of Japan Accounts/Assets/Total (Assets, or Liabilities and Net Assets) (s)",100 million yen,MONTHLY,Bank of Japan Accounts,20260903,200208,1284793
MABJMTA,"Bank of Japan Accounts/Assets/Total (Assets, or Liabilities and Net Assets) (s)",100 million yen,MONTHLY,Bank of Japan Accounts,20260903,200209,1244691
MABJMTA,"Bank of Japan Accounts/Assets/Total (Assets, or Liabilities and Net Assets) (s)",100 million yen,MONTHLY,Bank of Japan Accounts,20260903,200210,1246432
MABJMTA,"Bank of Japan Accounts/Assets/Total (Assets, or Liabilities and Net Assets) (s)",100 million yen,MONTHLY,Bank of Japan Accounts,20260903,200211,1250866
MABJMTA,"Bank of Japan Accounts/Assets/Total (Assets, or Liabilities and Net Assets) (s)",100 million yen,MONTHLY,Bank of Japan Accounts,20260903,200212,1251263
MABJMTA,"Bank of Japan Accounts/Assets/Total (Assets, or Liabilities and Net Assets) (s)",100 million yen,MONTHLY,Bank of Japan Accounts,20260903,200301,1245386
MABJMTA,"Bank of Japan Accounts/Assets/Total (Assets, or Liabilities and Net Assets) (s)",100 million yen,MONTHLY,Bank of Japan Accounts,20260903,200302,1325273
MABJMTA,"Bank of Japan Accounts/Assets/Total (Assets, or Liabilities and Net Assets) (s)",100 million yen,MONTHLY,Bank of Japan Accounts,20260903,200303,1411674
MABJMTA,"Bank of Japan Accounts/Assets/Total (Assets, or Liabilities and Net Assets) (s)",100 million yen,MONTHLY,Bank of Japan Accounts,20260903,200304,1283101
MABJMTA,"Bank of Japan Accounts/Assets/Total (Assets, or Liabilities and Net Assets) (s)",100 million yen,MONTHLY,Bank of Japan Accounts,20260903,200305,1306815
MABJMTA,"Bank of Japan Accounts/Assets/Total (Assets, or Liabilities and Net Assets) (s)",100 million yen,MONTHLY,Bank of Japan Accounts,20260903,200306,1252605
MABJMTA,"Bank of Japan Accounts/Assets/Total (Assets, or Liabilities and Net Assets) (s)",100 million yen,MONTHLY,Bank of Japan Accounts,20260903,200307,1263771
MABJMTA,"Bank of Japan Accounts/Assets/Total (Assets, or Liabilities and Net Assets) (s)",100 million yen,MONTHLY,Bank of Japan Accounts,20260903,200308,1283228
MABJMTA,"Bank of Japan Accounts/Assets/Total (Assets, or Liabilities and Net Assets) (s)",100 million yen,MONTHLY,Bank of Japan Accounts,20260903,200309,1339295
MABJMTA,"Bank of Japan Accounts/Assets/Total (Assets, or Liabilities and Net Assets) (s)",100 million yen,MONTHLY,Bank of Japan Accounts,20260903,200310,1322521
MABJMTA,"Bank of Japan Accounts/Assets/Total (Assets, or Liabilities and Net Assets) (s)",100 million yen,MONTHLY,Bank of Japan Accounts,20260903,200311,1347558
MABJMTA,"Bank of Japan Accounts/Assets/Total (Assets, or Liabilities and Net Assets) (s)",100 million yen,MONTHLY,Bank of Japan Accounts,20260903,200312,1313685
MABJMTA,"Bank of Japan Accounts/Assets/Total (Assets, or Liabilities and Net Assets) (s)",100 million yen,MONTHLY,Bank of Japan Accounts,20260903,200401,1354300
MABJMTA,"Bank of Japan Accounts/Assets/Total (Assets, or Liabilities and Net Assets) (s)",100 million yen,MONTHLY,Bank of Japan Accounts,20260903,200402,1405509
MABJMTA,"Bank of Japan Accounts/Assets/Total (Assets, or Liabilities and Net Assets) (s)",100 million yen,MONTHLY,Bank of Japan Accounts,20260903,200403,1493819
MABJMTA,"Bank of Japan Accounts/Assets/Total (Assets, or Liabilities and Net Assets) (s)",100 million yen,MONTHLY,Bank of Japan Accounts,20260903,200404,1382514
MABJMTA,"Bank of Japan Accounts/Assets/Total (Assets, or Liabilities and Net Assets) (s)",100 million yen,MONTHLY,Bank of Japan Accounts,20260903,200405,1390667
MABJMTA,"Bank of Japan Accounts/Assets/Total (Assets, or Liabilities and Net Assets) (s)",100 million yen,MONTHLY,Bank of Japan Accounts,20260903,200406,1347362
MABJMTA,"Bank of Japan Accounts/Assets/Total (Assets, or Liabilities and Net Assets) (s)",100 million yen,MONTHLY,Bank of Japan Accounts,20260903,200407,1314783
MABJMTA,"Bank of Japan Accounts/Assets/Total (Assets, or Liabilities and Net Assets) (s)",100 million yen,MONTHLY,Bank of Japan Accounts,20260903,200408,1382251
MABJMTA,"Bank of Japan Accounts/Assets/Total (Assets, or Liabilities and Net Assets) (s)",100 million yen,MONTHLY,Bank of Japan Accounts,20260903,200409,1394564
MABJMTA,"Bank of Japan Accounts/Assets/Total (Assets, or Liabilities and Net Assets) (s)",100 million yen,MONTHLY,Bank of Japan Accounts,20260903,200410,1384015
MABJMTA,"Bank of Japan Accounts/Assets/Total (Assets, or Liabilities and Net Assets) (s)",100 million yen,MONTHLY,Bank of Japan Accounts,20260903,200411,1478802
MABJMTA,"Bank of Japan Accounts/Assets/Total (Assets, or Liabilities and Net Assets) (s)",100 million yen,MONTHLY,Bank of Japan Accounts,20260903,200412,1445467
MABJMTA,"Bank of Japan Accounts/Assets/Total (Assets, or Liabilities and Net Assets) (s)",100 million yen,MONTHLY,Bank of Japan Accounts,20260903,200501,1473561
MABJMTA,"Bank of Japan Accounts/Assets/Total (Assets, or Liabilities and Net Assets) (s)",100 million yen,MONTHLY,Bank of Japan Accounts,20260903,200502,1514085
MABJMTA,"Bank of Japan Accounts/Assets/Total (Assets, or Liabilities and Net Assets) (s)",100 million yen,MONTHLY,Bank of Japan Accounts,20260903,200503,1505173
MABJMTA,"Bank of Japan Accounts/Assets/Total (Assets, or Liabilities and Net Assets) (s)",100 million yen,MONTHLY,Bank of Japan Accounts,20260903,200504,1473513
MABJMTA,"Bank of Japan Accounts/Assets/Total (Assets, or Liabilities and Net Assets) (s)",100 million yen,MONTHLY,Bank of Japan Accounts,20260903,200505,1477619
MABJMTA,"Bank of Japan Accounts/Assets/Total (Assets, or Liabilities and Net Assets) (s)",100 million yen,MONTHLY,Bank of Japan Accounts,20260903,200506,1442122
MABJMTA,"Bank of Japan Accounts/Assets/Total (Assets, or Liabilities and Net Assets) (s)",100 million yen,MONTHLY,Bank of Japan Accounts,20260903,200507,1476503
MABJMTA,"Bank of Japan Accounts/Assets/Total (Assets, or Liabilities and Net Assets) (s)",100 million yen,MONTHLY,Bank of Japan Accounts,20260903,200508,1513847
MABJMTA,"Bank of Japan Accounts/Assets/Total (Assets, or Liabilities and Net Assets) (s)",100 million yen,MONTHLY,Bank of Japan Accounts,20260903,200509,1481357
MABJMTA,"Bank of Japan Accounts/Assets/Total (Assets, or Liabilities and Net Assets) (s)",100 million yen,MONTHLY,Bank of Japan Accounts,20260903,200510,1477546
MABJMTA,"Bank of Japan Accounts/Assets/Total (Assets, or Liabilities and Net Assets) (s)",100 million yen,MONTHLY,Bank of Japan Accounts,20260903,200511,1519701
MABJMTA,"Bank of Japan Accounts/Assets/Total (Assets, or Liabilities and Net Assets) (s)",100 million yen,MONTHLY,Bank of Japan Accounts,20260903,200512,1556071
MABJMTA,"Bank of Japan Accounts/Assets/Total (Assets, or Liabilities and Net Assets) (s)",100 million yen,MONTHLY,Bank of Japan Accounts,20260903,200601,1528656
MABJMTA,"Bank of Japan Accounts/Assets/Total (Assets, or Liabilities and Net Assets) (s)",100 million yen,MONTHLY,Bank of Japan Accounts,20260903,200602,1523477
MABJMTA,"Bank of Japan Accounts/Assets/Total (Assets, or Liabilities and Net Assets) (s)",100 million yen,MONTHLY,Bank of Japan Accounts,20260903,200603,1448629
MABJMTA,"Bank of Japan Accounts/Assets/Total (Assets, or Liabilities and Net Assets) (s)",100 million yen,MONTHLY,Bank of Japan Accounts,20260903,200604,1299799
MABJMTA,"Bank of Japan Accounts/Assets/Total (Assets, or Liabilities and Net Assets) (s)",100 million yen,MONTHLY,Bank of Japan Accounts,20260903,200605,1227935
MABJMTA,"Bank of Japan Accounts/Assets/Total (Assets, or Liabilities and Net Assets) (s)",100 million yen,MONTHLY,Bank of Japan Accounts,20260903,200606,1138328
MABJMTA,"Bank of Japan Accounts/Assets/Total (Assets, or Liabilities and Net Assets) (s)",100 million yen,MONTHLY,Bank of Japan Accounts,20260903,200607,1159675
MABJMTA,"Bank of Japan Accounts/Assets/Total (Assets, or Liabilities and Net Assets) (s)",100 million yen,MONTHLY,Bank of Japan Accounts,20260903,200608,1132672
MABJMTA,"Bank of Japan Accounts/Assets/Total (Assets, or Liabilities and Net Assets) (s)",100 million yen,MONTHLY,Bank of Japan Accounts,20260903,200609,1174523
MABJMTA,"Bank of Japan Accounts/Assets/Total (Assets, or Liabilities and Net Assets) (s)",100 million yen,MONTHLY,Bank of Japan Accounts,20260903,200610,1151993
MABJMTA,"Bank of Japan Accounts/Assets/Total (Assets, or Liabilities and Net Assets) (s)",100 million yen,MONTHLY,Bank of Japan Accounts,20260903,200611,1185414
MABJMTA,"Bank of Japan Accounts/Assets/Total (Assets, or Liabilities and Net Assets) (s)",100 million yen,MONTHLY,Bank of Japan Accounts,20260903,200612,1155436
MABJMTA,"Bank of Japan Accounts/Assets/Total (Assets, or Liabilities and Net Assets) (s)",100 million yen,MONTHLY,Bank of Japan Accounts,20260903,200701,1146223
MABJMTA,"Bank of Japan Accounts/Assets/Total (Assets, or Liabilities and Net Assets) (s)",100 million yen,MONTHLY,Bank of Japan Accounts,20260903,200702,1176947
MABJMTA,"Bank of Japan Accounts/Assets/Total (Assets, or Liabilities and Net Assets) (s)",100 million yen,MONTHLY,Bank of Japan Accounts,20260903,200703,1127409
MABJMTA,"Bank of Japan Accounts/Assets/Total (Assets, or Liabilities and Net Assets) (s)",100 million yen,MONTHLY,Bank of Japan Accounts,20260903,200704,1060053
MABJMTA,"Bank of Japan Accounts/Assets/Total (Assets, or Liabilities and Net Assets) (s)",100 million yen,MONTHLY,Bank of Japan Accounts,20260903,200705,1075105
MABJMTA,"Bank of Japan Accounts/Assets/Total (Assets, or Liabilities and Net Assets) (s)",100 million yen,MONTHLY,Bank of Japan Accounts,20260903,200706,1000712
MABJMTA,"Bank of Japan Accounts/Assets/Total (Assets, or Liabilities and Net Assets) (s)",100 million yen,MONTHLY,Bank of Japan Accounts,20260903,200707,1077171
MABJMTA,"Bank of Japan Accounts/Assets/Total (Assets, or Liabilities and Net Assets) (s)",100 million yen,MONTHLY,Bank of Japan Accounts,20260903,200708,1107917
MABJMTA,"Bank of Japan Accounts/Assets/Total (Assets, or Liabilities and Net Assets) (s)",100 million yen,MONTHLY,Bank of Japan Accounts,20260903,200709,1110324
MABJMTA,"Bank of Japan Accounts/Assets/Total (Assets, or Liabilities and Net Assets) (s)",100 million yen,MONTHLY,Bank of Japan Accounts,20260903,200710,1073472
MABJMTA,"Bank of Japan Accounts/Assets/Total (Assets, or Liabilities and Net Assets) (s)",100 million yen,MONTHLY,Bank of Japan Accounts,20260903,200711,1114939
MABJMTA,"Bank of Japan Accounts/Assets/Total (Assets, or Liabilities and Net Assets) (s)",100 million yen,MONTHLY,Bank of Japan Accounts,20260903,200712,1112844
MABJMTA,"Bank of Japan Accounts/Assets/Total (Assets, or Liabilities and Net Assets) (s)",100 million yen,MONTHLY,Bank of Japan Accounts,20260903,200801,1130604
MABJMTA,"Bank of Japan Accounts/Assets/Total (Assets, or Liabilities and Net Assets) (s)",100 million yen,MONTHLY,Bank of Japan Accounts,20260903,200802,1142477
MABJMTA,"Bank of Japan Accounts/Assets/Total (Assets, or Liabilities and Net Assets) (s)",100 million yen,MONTHLY,Bank of Japan Accounts,20260903,200803,1134262
MABJMTA,"Bank of Japan Accounts/Assets/Total (Assets, or Liabilities and Net Assets) (s)",100 million yen,MONTHLY,Bank of Japan Accounts,20260903,200804,1072225
MABJMTA,"Bank of Japan Accounts/Assets/Total (Assets, or Liabilities and Net Assets) (s)",100 million yen,MONTHLY,Bank of Japan Accounts,20260903,200805,1101273
MABJMTA,"Bank of Japan Accounts/Assets/Total (Assets, or Liabilities and Net Assets) (s)",100 million yen,MONTHLY,Bank of Japan Accounts,20260903,200806,1014199
MABJMTA,"Bank of Japan Accounts/Assets/Total (Assets, or Liabilities and Net Assets) (s)",100 million yen,MONTHLY,Bank of Japan Accounts,20260903,200807,1083652
MABJMTA,"Bank of Japan Accounts/Assets/Total (Assets, or Liabilities and Net Assets) (s)",100 million yen,MONTHLY,Bank of Japan Accounts,20260903,200808,1098870
MABJMTA,"Bank of Japan Accounts/Assets/Total (Assets, or Liabilities and Net Assets) (s)",100 million yen,MONTHLY,Bank of Japan Accounts,20260903,200809,1125287
MABJMTA,"Bank of Japan Accounts/Assets/Total (Assets, or Liabilities and Net Assets) (s)",100 million yen,MONTHLY,Bank of Japan Accounts,20260903,200810,1168028
MABJMTA,"Bank of Japan Accounts/Assets/Total (Assets, or Liabilities and Net Assets) (s)",100 million yen,MONTHLY,Bank of Japan Accounts,20260903,200811,1215262
MABJMTA,"Bank of Japan Accounts/Assets/Total (Assets, or Liabilities and Net Assets) (s)",100 million yen,MONTHLY,Bank of Japan Accounts,20260903,200812,1227708
MABJMTA,"Bank of Japan Accounts/Assets/Total (Assets, or Liabilities and Net Assets) (s)",100 million yen,MONTHLY,Bank of Japan Accounts,20260903,200901,1195135
MABJMTA,"Bank of Japan Accounts/Assets/Total (Assets, or Liabilities and Net Assets) (s)",100 million yen,MONTHLY,Bank of Japan Accounts,20260903,200902,1221730
MABJMTA,"Bank of Japan Accounts/Assets/Total (Assets, or Liabilities and Net Assets) (s)",100 million yen,MONTHLY,Bank of Japan Accounts,20260903,200903,1238886
MABJMTA,"Bank of Japan Accounts/Assets/Total (Assets, or Liabilities and Net Assets) (s)",100 million yen,MONTHLY,Bank of Japan Accounts,20260903,200904,1147983
MABJMTA,"Bank of Japan Accounts/Assets/Total (Assets, or Liabilities and Net Assets) (s)",100 million yen,MONTHLY,Bank of Japan Accounts,20260903,200905,1187973
MABJMTA,"Bank of Japan Accounts/Assets/Total (Assets, or Liabilities and Net Assets) (s)",100 million yen,MONTHLY,Bank of Japan Accounts,20260903,200906,1098429
MABJMTA,"Bank of Japan Accounts/Assets/Total (Assets, or Liabilities and Net Assets) (s)",100 million yen,MONTHLY,Bank of Japan Accounts,20260903,200907,1147349
MABJMTA,"Bank of Japan Accounts/Assets/Total (Assets, or Liabilities and Net Assets) (s)",100 million yen,MONTHLY,Bank of Japan Accounts,20260903,200908,1171842
MABJMTA,"Bank of Japan Accounts/Assets/Total (Assets, or Liabilities and Net Assets) (s)",100 million yen,MONTHLY,Bank of Japan Accounts,20260903,200909,1163248
MABJMTA,"Bank of Japan Accounts/Assets/Total (Assets, or Liabilities and Net Assets) (s)",100 million yen,MONTHLY,Bank of Japan Accounts,20260903,200910,1114000
MABJMTA,"Bank of Japan Accounts/Assets/Total (Assets, or Liabilities and Net Assets) (s)",100 million yen,MONTHLY,Bank of Japan Accounts,20260903,200911,1172964
MABJMTA,"Bank of Japan Accounts/Assets/Total (Assets, or Liabilities and Net Assets) (s)",100 million yen,MONTHLY,Bank of Japan Accounts,20260903,200912,1225336
MABJMTA,"Bank of Japan Accounts/Assets/Total (Assets, or Liabilities and Net Assets) (s)",100 million yen,MONTHLY,Bank of Japan Accounts,20260903,201001,1224342
MABJMTA,"Bank of Japan Accounts/Assets/Total (Assets, or Liabilities and Net Assets) (s)",100 million yen,MONTHLY,Bank of Japan Accounts,20260903,201002,1267675
MABJMTA,"Bank of Japan Accounts/Assets/Total (Assets, or Liabilities and Net Assets) (s)",100 million yen,MONTHLY,Bank of Japan Accounts,20260903,201003,1218241
MABJMTA,"Bank of Japan Accounts/Assets/Total (Assets, or Liabilities and Net Assets) (s)",100 million yen,MONTHLY,Bank of Japan Accounts,20260903,201004,1142013
MABJMTA,"Bank of Japan Accounts/Assets/Total (Assets, or Liabilities and Net Assets) (s)",100 million yen,MONTHLY,Bank of Japan Accounts,20260903,201005,1209586
MABJMTA,"Bank of Japan Accounts/Assets/Total (Assets, or Liabilities and Net Assets) (s)",100 million yen,MONTHLY,Bank of Japan Accounts,20260903,201006,1132336
MABJMTA,"Bank of Japan Accounts/Assets/Total (Assets, or Liabilities and Net Assets) (s)",100 million yen,MONTHLY,Bank of Japan Accounts,20260903,201007,1173742
MABJMTA,"Bank of Japan Accounts/Assets/Total (Assets, or Liabilities and Net Assets) (s)",100 million yen,MONTHLY,Bank of Japan Accounts,20260903,201008,1230414
MABJMTA,"Bank of Japan Accounts/Assets/Total (Assets, or Liabilities and Net Assets) (s)",100 million yen,MONTHLY,Bank of Japan Accounts,20260903,201009,1203317
MABJMTA,"Bank of Japan Accounts/Assets/Total (Assets, or Liabilities and Net Assets) (s)",100 million yen,MONTHLY,Bank of Japan Accounts,20260903,201010,1214171
MABJMTA,"Bank of Japan Accounts/Assets/Total (Assets, or Liabilities and Net Assets) (s)",100 million yen,MONTHLY,Bank of Japan Accounts,20260903,201011,1270457
MABJMTA,"Bank of Japan Accounts/Assets/Total (Assets, or Liabilities and Net Assets) (s)",100 million yen,MONTHLY,Bank of Japan Accounts,20260903,201012,1287104
MABJMTA,"Bank of Japan Accounts/Assets/Total (Assets, or Liabilities and Net Assets) (s)",100 million yen,MONTHLY,Bank of Japan Accounts,20260903,201101,1279996
MABJMTA,"Bank of Japan Accounts/Assets/Total (Assets, or Liabilities and Net Assets) (s)",100 million yen,MONTHLY,Bank of Japan Accounts,20260903,201102,1301181
MABJMTA,"Bank of Japan Accounts/Assets/Total (Assets, or Liabilities and Net Assets) (s)",100 million yen,MONTHLY,Bank of Japan Accounts,20260903,201103,1423631
MABJMTA,"Bank of Japan Accounts/Assets/Total (Assets, or Liabilities and Net Assets) (s)",100 million yen,MONTHLY,Bank of Japan Accounts,20260903,201104,1346213
MABJMTA,"Bank of Japan Accounts/Assets/Total (Assets, or Liabilities and Net Assets) (s)",100 million yen,MONTHLY,Bank of Japan Accounts,20260903,201105,1351200
MABJMTA,"Bank of Japan Accounts/Assets/Total (Assets, or Liabilities and Net Assets) (s)",100 million yen,MONTHLY,Bank of Japan Accounts,20260903,201106,1295844
MABJMTA,"Bank of Japan Accounts/Assets/Total (Assets, or Liabilities and Net Assets) (s)",100 million yen,MONTHLY,Bank of Japan Accounts,20260903,201107,1344737
MABJMTA,"Bank of Japan Accounts/Assets/Total (Assets, or Liabilities and Net Assets) (s)",100 million yen,MONTHLY,Bank of Japan Accounts,20260903,201108,1414829
MABJMTA,"Bank of Japan Accounts/Assets/Total (Assets, or Liabilities and Net Assets) (s)",100 million yen,MONTHLY,Bank of Japan Accounts,20260903,201109,1376890
MABJMTA,"Bank of Japan Accounts/Assets/Total (Assets, or Liabilities and Net Assets) (s)",100 million yen,MONTHLY,Bank of Japan Accounts,20260903,201110,1329858
MABJMTA,"Bank of Japan Accounts/Assets/Total (Assets, or Liabilities and Net Assets) (s)",100 million yen,MONTHLY,Bank of Japan Accounts,20260903,201111,1432056
MABJMTA,"Bank of Japan Accounts/Assets/Total (Assets, or Liabilities and Net Assets) (s)",100 million yen,MONTHLY,Bank of Japan Accounts,20260903,201112,1430219
MABJMTA,"Bank of Japan Accounts/Assets/Total (Assets, or Liabilities and Net Assets) (s)",100 million yen,MONTHLY,Bank of Japan Accounts,20260903,201201,1369064
MABJMTA,"Bank of Japan Accounts/Assets/Total (Assets, or Liabilities and Net Assets) (s)",100 million yen,MONTHLY,Bank of Japan Accounts,20260903,201202,1442443
MABJMTA,"Bank of Japan Accounts/Assets/Total (Assets, or Liabilities and Net Assets) (s)",100 million yen,MONTHLY,Bank of Japan Accounts,20260903,201203,1394569
MABJMTA,"Bank of Japan Accounts/Assets/Total (Assets, or Liabilities and Net Assets) (s)",100 million yen,MONTHLY,Bank of Japan Accounts,20260903,201204,1412065
MABJMTA,"Bank of Japan Accounts/Assets/Total (Assets, or Liabilities and Net Assets) (s)",100 million yen,MONTHLY,Bank of Japan Accounts,20260903,201205,1428007
MABJMTA,"Bank of Japan Accounts/Assets/Total (Assets, or Liabilities and Net Assets) (s)",100 million yen,MONTHLY,Bank of Japan Accounts,20260903,201206,1436265
MABJMTA,"Bank of Japan Accounts/Assets/Total (Assets, or Liabilities and Net Assets) (s)",100 million yen,MONTHLY,Bank of Japan Accounts,20260903,201207,1454954
MABJMTA,"Bank of Japan Accounts/Assets/Total (Assets, or Liabilities and Net Assets) (s)",100 million yen,MONTHLY,Bank of Japan Accounts,20260903,201208,1499672
MABJMTA,"Bank of Japan Accounts/Assets/Total (Assets, or Liabilities and Net Assets) (s)",100 million yen,MONTHLY,Bank of Japan Accounts,20260903,201209,1499208
MABJMTA,"Bank of Japan Accounts/Assets/Total (Assets, or Liabilities and Net Assets) (s)",100 million yen,MONTHLY,Bank of Japan Accounts,20260903,201210,1537316
MABJMTA,"Bank of Japan Accounts/Assets/Total (Assets, or Liabilities and Net Assets) (s)",100 million yen,MONTHLY,Bank of Japan Accounts,20260903,201211,1563579
MABJMTA,"Bank of Japan Accounts/Assets/Total (Assets, or Liabilities and Net Assets) (s)",100 million yen,MONTHLY,Bank of Japan Accounts,20260903,201212,1583627
MABJMTA,"Bank of Japan Accounts/Assets/Total (Assets, or Liabilities and Net Assets) (s)",100 million yen,MONTHLY,Bank of Japan Accounts,20260903,201301,1597903
MABJMTA,"Bank of Japan Accounts/Assets/Total (Assets, or Liabilities and Net Assets) (s)",100 million yen,MONTHLY,Bank of Japan Accounts,20260903,201302,1635325
MABJMTA,"Bank of Japan Accounts/Assets/Total (Assets, or Liabilities and Net Assets) (s)",100 million yen,MONTHLY,Bank of Japan Accounts,20260903,201303,1648127
MABJMTA,"Bank of Japan Accounts/Assets/Total (Assets, or Liabilities and Net Assets) (s)",100 million yen,MONTHLY,Bank of Japan Accounts,20260903,201304,1746913
MABJMTA,"Bank of Japan Accounts/Assets/Total (Assets, or Liabilities and Net Assets) (s)",100 million yen,MONTHLY,Bank of Japan Accounts,20260903,201305,1842861
MABJMTA,"Bank of Japan Accounts/Assets/Total (Assets, or Liabilities and Net Assets) (s)",100 million yen,MONTHLY,Bank of Japan Accounts,20260903,201306,1870684
MABJMTA,"Bank of Japan Accounts/Assets/Total (Assets, or Liabilities and Net Assets) (s)",100 million yen,MONTHLY,Bank of Japan Accounts,20260903,201307,1967581
MABJMTA,"Bank of Japan Accounts/Assets/Total (Assets, or Liabilities and Net Assets) (s)",100 million yen,MONTHLY,Bank of Japan Accounts,20260903,201308,2056918
MABJMTA,"Bank of Japan Accounts/Assets/Total (Assets, or Liabilities and Net Assets) (s)",100 million yen,MONTHLY,Bank of Japan Accounts,20260903,201309,2088625
MABJMTA,"Bank of Japan Accounts/Assets/Total (Assets, or Liabilities and Net Assets) (s)",100 million yen,MONTHLY,Bank of Japan Accounts,20260903,201310,2155142
MABJMTA,"Bank of Japan Accounts/Assets/Total (Assets, or Liabilities and Net Assets) (s)",100 million yen,MONTHLY,Bank of Japan Accounts,20260903,201311,2240888
MABJMTA,"Bank of Japan Accounts/Assets/Total (Assets, or Liabilities and Net Assets) (s)",100 million yen,MONTHLY,Bank of Japan Accounts,20260903,201312,2241897
MABJMTA,"Bank of Japan Accounts/Assets/Total (Assets, or Liabilities and Net Assets) (s)",100 million yen,MONTHLY,Bank of Japan Accounts,20260903,201401,2321780
MABJMTA,"Bank of Japan Accounts/Assets/Total (Assets, or Liabilities and Net Assets) (s)",100 million yen,MONTHLY,Bank of Japan Accounts,20260903,201402,2404502
MABJMTA,"Bank of Japan Accounts/Assets/Total (Assets, or Liabilities and Net Assets) (s)",100 million yen,MONTHLY,Bank of Japan Accounts,20260903,201403,2415798
MABJMTA,"Bank of Japan Accounts/Assets/Total (Assets, or Liabilities and Net Assets) (s)",100 million yen,MONTHLY,Bank of Japan Accounts,20260903,201404,2461764
MABJMTA,"Bank of Japan Accounts/Assets/Total (Assets, or Liabilities and Net Assets) (s)",100 million yen,MONTHLY,Bank of Japan Accounts,20260903,201405,2539730
MABJMTA,"Bank of Japan Accounts/Assets/Total (Assets, or Liabilities and Net Assets) (s)",100 million yen,MONTHLY,Bank of Japan Accounts,20260903,201406,2577613
MABJMTA,"Bank of Japan Accounts/Assets/Total (Assets, or Liabilities and Net Assets) (s)",100 million yen,MONTHLY,Bank of Japan Accounts,20260903,201407,2689676
MABJMTA,"Bank of Japan Accounts/Assets/Total (Assets, or Liabilities and Net Assets) (s)",100 million yen,MONTHLY,Bank of Japan Accounts,20260903,201408,2758955
MABJMTA,"Bank of Japan Accounts/Assets/Total (Assets, or Liabilities and Net Assets) (s)",100 million yen,MONTHLY,Bank of Japan Accounts,20260903,201409,2770994
MABJMTA,"Bank of Japan Accounts/Assets/Total (Assets, or Liabilities and Net Assets) (s)",100 million yen,MONTHLY,Bank of Japan Accounts,20260903,201410,2868380
MABJMTA,"Bank of Japan Accounts/Assets/Total (Assets, or Liabilities and Net Assets) (s)",100 million yen,MONTHLY,Bank of Japan Accounts,20260903,201411,2973747
MABJMTA,"Bank of Japan Accounts/Assets/Total (Assets, or Liabilities and Net Assets) (s)",100 million yen,MONTHLY,Bank of Japan Accounts,20260903,201412,3002117
MABJMTA,"Bank of Japan Accounts/Assets/Total (Assets, or Liabilities and Net Assets) (s)",100 million yen,MONTHLY,Bank of Japan Accounts,20260903,201501,3111731
MABJMTA,"Bank of Japan Accounts/Assets/Total (Assets, or Liabilities and Net Assets) (s)",100 million yen,MONTHLY,Bank of Japan Accounts,20260903,201502,3204418
MABJMTA,"Bank of Japan Accounts/Assets/Total (Assets, or Liabilities and Net Assets) (s)",100 million yen,MONTHLY,Bank of Japan Accounts,20260903,201503,3235937
MABJMTA,"Bank of Japan Accounts/Assets/Total (Assets, or Liabilities and Net Assets) (s)",100 million yen,MONTHLY,Bank of Japan Accounts,20260903,201504,3328186
MABJMTA,"Bank of Japan Accounts/Assets/Total (Assets, or Liabilities and Net Assets) (s)",100 million yen,MONTHLY,Bank of Japan Accounts,20260903,201505,3431402
MABJMTA,"Bank of Japan Accounts/Assets/Total (Assets, or Liabilities and Net Assets) (s)",100 million yen,MONTHLY,Bank of Japan Accounts,20260903,201506,3454395
MABJMTA,"Bank of Japan Accounts/Assets/Total (Assets, or Liabilities and Net Assets) (s)",100 million yen,MONTHLY,Bank of Japan Accounts,20260903,201507,3542941
MABJMTA,"Bank of Japan Accounts/Assets/Total (Assets, or Liabilities and Net Assets) (s)",100 million yen,MONTHLY,Bank of Japan Accounts,20260903,201508,3614591
MABJMTA,"Bank of Japan Accounts/Assets/Total (Assets, or Liabilities and Net Assets) (s)",100 million yen,MONTHLY,Bank of Japan Accounts,20260903,201509,3661278
MABJMTA,"Bank of Japan Accounts/Assets/Total (Assets, or Liabilities and Net Assets) (s)",100 million yen,MONTHLY,Bank of Japan Accounts,20260903,201510,3735537
MABJMTA,"Bank of Japan Accounts/Assets/Total (Assets, or Liabilities and Net Assets) (s)",100 million yen,MONTHLY,Bank of Japan Accounts,20260903,201511,3812542
MABJMTA,"Bank of Japan Accounts/Assets/Total (Assets, or Liabilities and Net Assets) (s)",100 million yen,MONTHLY,Bank of Japan Accounts,20260903,201512,3831076
MABJMTA,"Bank of Japan Accounts/Assets/Total (Assets, or Liabilities and Net Assets) (s)",100 million yen,MONTHLY,Bank of Japan Accounts,20260903,201601,3964498
MABJMTA,"Bank of Japan Accounts/Assets/Total (Assets, or Liabilities and Net Assets) (s)",100 million yen,MONTHLY,Bank of Japan Accounts,20260903,201602,4037909
MABJMTA,"Bank of Japan Accounts/Assets/Total (Assets, or Liabilities and Net Assets) (s)",100 million yen,MONTHLY,Bank of Japan Accounts,20260903,201603,4056481
MABJMTA,"Bank of Japan Accounts/Assets/Total (Assets, or Liabilities and Net Assets) (s)",100 million yen,MONTHLY,Bank of Japan Accounts,20260903,201604,4144163
MABJMTA,"Bank of Japan Accounts/Assets/Total (Assets, or Liabilities and Net Assets) (s)",100 million yen,MONTHLY,Bank of Japan Accounts,20260903,201605,4256697
MABJMTA,"Bank of Japan Accounts/Assets/Total (Assets, or Liabilities and Net Assets) (s)",100 million yen,MONTHLY,Bank of Japan Accounts,20260903,201606,4327586
MABJMTA,"Bank of Japan Accounts/Assets/Total (Assets, or Liabilities and Net Assets) (s)",100 million yen,MONTHLY,Bank of Japan Accounts,20260903,201607,4430848
MABJMTA,"Bank of Japan Accounts/Assets/Total (Assets, or Liabilities and Net Assets) (s)",100 million yen,MONTHLY,Bank of Japan Accounts,20260903,201608,4529802
MABJMTA,"Bank of Japan Accounts/Assets/Total (Assets, or Liabilities and Net Assets) (s)",100 million yen,MONTHLY,Bank of Japan Accounts,20260903,201609,4568058
MABJMTA,"Bank of Japan Accounts/Assets/Total (Assets, or Liabilities and Net Assets) (s)",100 million yen,MONTHLY,Bank of Japan Accounts,20260903,201610,4633922
MABJMTA,"Bank of Japan Accounts/Assets/Total (Assets, or Liabilities and Net Assets) (s)",100 million yen,MONTHLY,Bank of Japan Accounts,20260903,201611,4711310
MABJMTA,"Bank of Japan Accounts/Assets/Total (Assets, or Liabilities and Net Assets) (s)",100 million yen,MONTHLY,Bank of Japan Accounts,20260903,201612,4764980
MABJMTA,"Bank of Japan Accounts/Assets/Total (Assets, or Liabilities and Net Assets) (s)",100 million yen,MONTHLY,Bank of Japan Accounts,20260903,201701,4819817
MABJMTA,"Bank of Japan Accounts/Assets/Total (Assets, or Liabilities and Net Assets) (s)",100 million yen,MONTHLY,Bank of Japan Accounts,20260903,201702,4879011
MABJMTA,"Bank of Japan Accounts/Assets/Total (Assets, or Liabilities and Net Assets) (s)",100 million yen,MONTHLY,Bank of Japan Accounts,20260903,201703,4900893
MABJMTA,"Bank of Japan Accounts/Assets/Total (Assets, or Liabilities and Net Assets) (s)",100 million yen,MONTHLY,Bank of Japan Accounts,20260903,201704,4977463
MABJMTA,"Bank of Japan Accounts/Assets/Total (Assets, or Liabilities and Net Assets) (s)",100 million yen,MONTHLY,Bank of Japan Accounts,20260903,201705,5008008
MABJMTA,"Bank of Japan Accounts/Assets/Total (Assets, or Liabilities and Net Assets) (s)",100 million yen,MONTHLY,Bank of Japan Accounts,20260903,201706,5021084
MABJMTA,"Bank of Japan Accounts/Assets/Total (Assets, or Liabilities and Net Assets) (s)",100 million yen,MONTHLY,Bank of Japan Accounts,20260903,201707,5055602
MABJMTA,"Bank of Japan Accounts/Assets/Total (Assets, or Liabilities and Net Assets) (s)",100 million yen,MONTHLY,Bank of Japan Accounts,20260903,201708,5115845
MABJMTA,"Bank of Japan Accounts/Assets/Total (Assets, or Liabilities and Net Assets) (s)",100 million yen,MONTHLY,Bank of Japan Accounts,20260903,201709,5134438
MABJMTA,"Bank of Japan Accounts/Assets/Total (Assets, or Liabilities and Net Assets) (s)",100 million yen,MONTHLY,Bank of Japan Accounts,20260903,201710,5180461
MABJMTA,"Bank of Japan Accounts/Assets/Total (Assets, or Liabilities and Net Assets) (s)",100 million yen,MONTHLY,Bank of Japan Accounts,20260903,201711,5218600
MABJMTA,"Bank of Japan Accounts/Assets/Total (Assets, or Liabilities and Net Assets) (s)",100 million yen,MONTHLY,Bank of Japan Accounts,20260903,201712,5214161
MABJMTA,"Bank of Japan Accounts/Assets/Total (Assets, or Liabilities and Net Assets) (s)",100 million yen,MONTHLY,Bank of Japan Accounts,20260903,201801,5267036
MABJMTA,"Bank of Japan Accounts/Assets/Total (Assets, or Liabilities and Net Assets) (s)",100 million yen,MONTHLY,Bank of Japan Accounts,20260903,201802,5331792
MABJMTA,"Bank of Japan Accounts/Assets/Total (Assets, or Liabilities and Net Assets) (s)",100 million yen,MONTHLY,Bank of Japan Accounts,20260903,201803,5282856
MABJMTA,"Bank of Japan Accounts/Assets/Total (Assets, or Liabilities and Net Assets) (s)",100 million yen,MONTHLY,Bank of Japan Accounts,20260903,201804,5350510
MABJMTA,"Bank of Japan Accounts/Assets/Total (Assets, or Liabilities and Net Assets) (s)",100 million yen,MONTHLY,Bank of Japan Accounts,20260903,201805,5408036
MABJMTA,"Bank of Japan Accounts/Assets/Total (Assets, or Liabilities and Net Assets) (s)",100 million yen,MONTHLY,Bank of Japan Accounts,20260903,201806,5370168
MABJMTA,"Bank of Japan Accounts/Assets/Total (Assets, or Liabilities and Net Assets) (s)",100 million yen,MONTHLY,Bank of Japan Accounts,20260903,201807,5463108
MABJMTA,"Bank of Japan Accounts/Assets/Total (Assets, or Liabilities and Net Assets) (s)",100 million yen,MONTHLY,Bank of Japan Accounts,20260903,201808,5509363
MABJMTA,"Bank of Japan Accounts/Assets/Total (Assets, or Liabilities and Net Assets) (s)",100 million yen,MONTHLY,Bank of Japan Accounts,20260903,201809,5456615
MABJMTA,"Bank of Japan Accounts/Assets/Total (Assets, or Liabilities and Net Assets) (s)",100 million yen,MONTHLY,Bank of Japan Accounts,20260903,201810,5518054
MABJMTA,"Bank of Japan Accounts/Assets/Total (Assets, or Liabilities and Net Assets) (s)",100 million yen,MONTHLY,Bank of Japan Accounts,20260903,201811,5555010
MABJMTA,"Bank of Japan Accounts/Assets/Total (Assets, or Liabilities and Net Assets) (s)",100 million yen,MONTHLY,Bank of Japan Accounts,20260903,201812,5520843
MABJMTA,"Bank of Japan Accounts/Assets/Total (Assets, or Liabilities and Net Assets) (s)",100 million yen,MONTHLY,Bank of Japan Accounts,20260903,201901,5569180
MABJMTA,"Bank of Japan Accounts/Assets/Total (Assets, or Liabilities and Net Assets) (s)",100 million yen,MONTHLY,Bank of Japan Accounts,20260903,201902,5619262
MABJMTA,"Bank of Japan Accounts/Assets/Total (Assets, or Liabilities and Net Assets) (s)",100 million yen,MONTHLY,Bank of Japan Accounts,20260903,201903,5570243
MABJMTA,"Bank of Japan Accounts/Assets/Total (Assets, or Liabilities and Net Assets) (s)",100 million yen,MONTHLY,Bank of Japan Accounts,20260903,201904,5620357
MABJMTA,"Bank of Japan Accounts/Assets/Total (Assets, or Liabilities and Net Assets) (s)",100 million yen,MONTHLY,Bank of Japan Accounts,20260903,201905,5671565
MABJMTA,"Bank of Japan Accounts/Assets/Total (Assets, or Liabilities and Net Assets) (s)",100 million yen,MONTHLY,Bank of Japan Accounts,20260903,201906,5648665
MABJMTA,"Bank of Japan Accounts/Assets/Total (Assets, or Liabilities and Net Assets) (s)",100 million yen,MONTHLY,Bank of Japan Accounts,20260903,201907,5683142
MABJMTA,"Bank of Japan Accounts/Assets/Total (Assets, or Liabilities and Net Assets) (s)",100 million yen,MONTHLY,Bank of Japan Accounts,20260903,201908,5727192
MABJMTA,"Bank of Japan Accounts/Assets/Total (Assets, or Liabilities and Net Assets) (s)",100 million yen,MONTHLY,Bank of Japan Accounts,20260903,201909,5698026
MABJMTA,"Bank of Japan Accounts/Assets/Total (Assets, or Liabilities and Net Assets) (s)",100 million yen,MONTHLY,Bank of Japan Accounts,20260903,201910,5756702
MABJMTA,"Bank of Japan Accounts/Assets/Total (Assets, or Liabilities and Net Assets) (s)",100 million yen,MONTHLY,Bank of Japan Accounts,20260903,201911,5785322
MABJMTA,"Bank of Japan Accounts/Assets/Total (Assets, or Liabilities and Net Assets) (s)",100 million yen,MONTHLY,Bank of Japan Accounts,20260903,201912,5730531
MABJMTA,"Bank of Japan Accounts/Assets/Total (Assets, or Liabilities and Net Assets) (s)",100 million yen,MONTHLY,Bank of Japan Accounts,20260903,202001,5783352
MABJMTA,"Bank of Japan Accounts/Assets/Total (Assets, or Liabilities and Net Assets) (s)",100 million yen,MONTHLY,Bank of Japan Accounts,20260903,202002,5849208
MABJMTA,"Bank of Japan Accounts/Assets/Total (Assets, or Liabilities and Net Assets) (s)",100 million yen,MONTHLY,Bank of Japan Accounts,20260903,202003,6044846
MABJMTA,"Bank of Japan Accounts/Assets/Total (Assets, or Liabilities and Net Assets) (s)",100 million yen,MONTHLY,Bank of Japan Accounts,20260903,202004,6190306
MABJMTA,"Bank of Japan Accounts/Assets/Total (Assets, or Liabilities and Net Assets) (s)",100 million yen,MONTHLY,Bank of Japan Accounts,20260903,202005,6385922
MABJMTA,"Bank of Japan Accounts/Assets/Total (Assets, or Liabilities and Net Assets) (s)",100 million yen,MONTHLY,Bank of Japan Accounts,20260903,202006,6489462
MABJMTA,"Bank of Japan Accounts/Assets/Total (Assets, or Liabilities and Net Assets) (s)",100 million yen,MONTHLY,Bank of Japan Accounts,20260903,202007,6658852
MABJMTA,"Bank of Japan Accounts/Assets/Total (Assets, or Liabilities and Net Assets) (s)",100 million yen,MONTHLY,Bank of Japan Accounts,20260903,202008,6828990
MABJMTA,"Bank of Japan Accounts/Assets/Total (Assets, or Liabilities and Net Assets) (s)",100 million yen,MONTHLY,Bank of Japan Accounts,20260903,202009,6900269
MABJMTA,"Bank of Japan Accounts/Assets/Total (Assets, or Liabilities and Net Assets) (s)",100 million yen,MONTHLY,Bank of Japan Accounts,20260903,202010,6982309
MABJMTA,"Bank of Japan Accounts/Assets/Total (Assets, or Liabilities and Net Assets) (s)",100 million yen,MONTHLY,Bank of Japan Accounts,20260903,202011,7053047
MABJMTA,"Bank of Japan Accounts/Assets/Total (Assets, or Liabilities and Net Assets) (s)",100 million yen,MONTHLY,Bank of Japan Accounts,20260903,202012,7025822
MABJMTA,"Bank of Japan Accounts/Assets/Total (Assets, or Liabilities and Net Assets) (s)",100 million yen,MONTHLY,Bank of Japan Accounts,20260903,202101,7094935
MABJMTA,"Bank of Japan Accounts/Assets/Total (Assets, or Liabilities and Net Assets) (s)",100 million yen,MONTHLY,Bank of Japan Accounts,20260903,202102,7126021
MABJMTA,"Bank of Japan Accounts/Assets/Total (Assets, or Liabilities and Net Assets) (s)",100 million yen,MONTHLY,Bank of Japan Accounts,20260903,202103,7145566
MABJMTA,"Bank of Japan Accounts/Assets/Total (Assets, or Liabilities and Net Assets) (s)",100 million yen,MONTHLY,Bank of Japan Accounts,20260903,202104,7202316
MABJMTA,"Bank of Japan Accounts/Assets/Total (Assets, or Liabilities and Net Assets) (s)",100 million yen,MONTHLY,Bank of Japan Accounts,20260903,202105,7246409
MABJMTA,"Bank of Japan Accounts/Assets/Total (Assets, or Liabilities and Net Assets) (s)",100 million yen,MONTHLY,Bank of Japan Accounts,20260903,202106,7169006
MABJMTA,"Bank of Japan Accounts/Assets/Total (Assets, or Liabilities and Net Assets) (s)",100 million yen,MONTHLY,Bank of Japan Accounts,20260903,202107,7229429
MABJMTA,"Bank of Japan Accounts/Assets/Total (Assets, or Liabilities and Net Assets) (s)",100 million yen,MONTHLY,Bank of Japan Accounts,20260903,202108,7267102
MABJMTA,"Bank of Japan Accounts/Assets/Total (Assets, or Liabilities and Net Assets) (s)",100 million yen,MONTHLY,Bank of Japan Accounts,20260903,202109,7240579
MABJMTA,"Bank of Japan Accounts/Assets/Total (Assets, or Liabilities and Net Assets) (s)",100 million yen,MONTHLY,Bank of Japan Accounts,20260903,202110,7251886
MABJMTA,"Bank of Japan Accounts/Assets/Total (Assets, or Liabilities and Net Assets) (s)",100 million yen,MONTHLY,Bank of Japan Accounts,20260903,202111,7282186
MABJMTA,"Bank of Japan Accounts/Assets/Total (Assets, or Liabilities and Net Assets) (s)",100 million yen,MONTHLY,Bank of Japan Accounts,20260903,202112,7237659
MABJMTA,"Bank of Japan Accounts/Assets/Total (Assets, or Liabilities and Net Assets) (s)",100 million yen,MONTHLY,Bank of Japan Accounts,20260903,202201,7251444
MABJMTA,"Bank of Japan Accounts/Assets/Total (Assets, or Liabilities and Net Assets) (s)",100 million yen,MONTHLY,Bank of Japan Accounts,20260903,202202,7305553
MABJMTA,"Bank of Japan Accounts/Assets/Total (Assets, or Liabilities and Net Assets) (s)",100 million yen,MONTHLY,Bank of Japan Accounts,20260903,202203,7362535
MABJMTA,"Bank of Japan Accounts/Assets/Total (Assets, or Liabilities and Net Assets) (s)",100 million yen,MONTHLY,Bank of Japan Accounts,20260903,202204,7386915
MABJMTA,"Bank of Japan Accounts/Assets/Total (Assets, or Liabilities and Net Assets) (s)",100 million yen,MONTHLY,Bank of Japan Accounts,20260903,202205,7364911
MABJMTA,"Bank of Japan Accounts/Assets/Total (Assets, or Liabilities and Net Assets) (s)",100 million yen,MONTHLY,Bank of Japan Accounts,20260903,202206,7327306
MABJMTA,"Bank of Japan Accounts/Assets/Total (Assets, or Liabilities and Net Assets) (s)",100 million yen,MONTHLY,Bank of Japan Accounts,20260903,202207,7253573
MABJMTA,"Bank of Japan Accounts/Assets/Total (Assets, or Liabilities and Net Assets) (s)",100 million yen,MONTHLY,Bank of Japan Accounts,20260903,202208,7092488
MABJMTA,"Bank of Japan Accounts/Assets/Total (Assets, or Liabilities and Net Assets) (s)",100 million yen,MONTHLY,Bank of Japan Accounts,20260903,202209,6857902
MABJMTA,"Bank of Japan Accounts/Assets/Total (Assets, or Liabilities and Net Assets) (s)",100 million yen,MONTHLY,Bank of Japan Accounts,20260903,202210,6959532
MABJMTA,"Bank of Japan Accounts/Assets/Total (Assets, or Liabilities and Net Assets) (s)",100 million yen,MONTHLY,Bank of Japan Accounts,20260903,202211,6998931
MABJMTA,"Bank of Japan Accounts/Assets/Total (Assets, or Liabilities and Net Assets) (s)",100 million yen,MONTHLY,Bank of Japan Accounts,20260903,202212,7039414
MABJMTA,"Bank of Japan Accounts/Assets/Total (Assets, or Liabilities and Net Assets) (s)",100 million yen,MONTHLY,Bank of Japan Accounts,20260903,202301,7337761
MABJMTA,"Bank of Japan Accounts/Assets/Total (Assets, or Liabilities and Net Assets) (s)",100 million yen,MONTHLY,Bank of Japan Accounts,20260903,202302,7395800
MABJMTA,"Bank of Japan Accounts/Assets/Total (Assets, or Liabilities and Net Assets) (s)",100 million yen,MONTHLY,Bank of Japan Accounts,20260903,202303,7351165
MABJMTA,"Bank of Japan Accounts/Assets/Total (Assets, or Liabilities and Net Assets) (s)",100 million yen,MONTHLY,Bank of Japan Accounts,20260903,202304,7400726
MABJMTA,"Bank of Japan Accounts/Assets/Total (Assets, or Liabilities and Net Assets) (s)",100 million yen,MONTHLY,Bank of Japan Accounts,20260903,202305,7455518
MABJMTA,"Bank of Japan Accounts/Assets/Total (Assets, or Liabilities and Net Assets) (s)",100 million yen,MONTHLY,Bank of Japan Accounts,20260903,202306,7328285
MABJMTA,"Bank of Japan Accounts/Assets/Total (Assets, or Liabilities and Net Assets) (s)",100 million yen,MONTHLY,Bank of Japan Accounts,20260903,202307,7416142
MABJMTA,"Bank of Japan Accounts/Assets/Total (Assets, or Liabilities and Net Assets) (s)",100 million yen,MONTHLY,Bank of Japan Accounts,20260903,202308,7485376
MABJMTA,"Bank of Japan Accounts/Assets/Total (Assets, or Liabilities and Net Assets) (s)",100 million yen,MONTHLY,Bank of Japan Accounts,20260903,202309,7414910
MABJMTA,"Bank of Japan Accounts/Assets/Total (Assets, or Liabilities and Net Assets) (s)",100 million yen,MONTHLY,Bank of Japan Accounts,20260903,202310,7506502
MABJMTA,"Bank of Japan Accounts/Assets/Total (Assets, or Liabilities and Net Assets) (s)",100 million yen,MONTHLY,Bank of Japan Accounts,20260903,202311,7557805
MABJMTA,"Bank of Japan Accounts/Assets/Total (Assets, or Liabilities and Net Assets) (s)",100 million yen,MONTHLY,Bank of Japan Accounts,20260903,202312,7499632
MABJMTA,"Bank of Japan Accounts/Assets/Total (Assets, or Liabilities and Net Assets) (s)",100 million yen,MONTHLY,Bank of Japan Accounts,20260903,202401,7564336
MABJMTA,"Bank of Japan Accounts/Assets/Total (Assets, or Liabilities and Net Assets) (s)",100 million yen,MONTHLY,Bank of Japan Accounts,20260903,202402,7604307
MABJMTA,"Bank of Japan Accounts/Assets/Total (Assets, or Liabilities and Net Assets) (s)",100 million yen,MONTHLY,Bank of Japan Accounts,20260903,202403,7564231
MABJMTA,"Bank of Japan Accounts/Assets/Total (Assets, or Liabilities and Net Assets) (s)",100 million yen,MONTHLY,Bank of Japan Accounts,20260903,202404,7583199
MABJMTA,"Bank of Japan Accounts/Assets/Total (Assets, or Liabilities and Net Assets) (s)",100 million yen,MONTHLY,Bank of Japan Accounts,20260903,202405,7610851
MABJMTA,"Bank of Japan Accounts/Assets/Total (Assets, or Liabilities and Net Assets) (s)",100 million yen,MONTHLY,Bank of Japan Accounts,20260903,202406,7536709
MABJMTA,"Bank of Japan Accounts/Assets/Total (Assets, or Liabilities and Net Assets) (s)",100 million yen,MONTHLY,Bank of Japan Accounts,20260903,202407,7617141
MABJMTA,"Bank of Japan Accounts/Assets/Total (Assets, or Liabilities and Net Assets) (s)",100 million yen,MONTHLY,Bank of Japan Accounts,20260903,202408,7648115
MABJMTA,"Bank of Japan Accounts/Assets/Total (Assets, or Liabilities and Net Assets) (s)",100 million yen,MONTHLY,Bank of Japan Accounts,20260903,202409,7532992
MABJMTA,"Bank of Japan Accounts/Assets/Total (Assets, or Liabilities and Net Assets) (s)",100 million yen,MONTHLY,Bank of Japan Accounts,20260903,202410,7568635
MABJMTA,"Bank of Japan Accounts/Assets/Total (Assets, or Liabilities and Net Assets) (s)",100 million yen,MONTHLY,Bank of Japan Accounts,20260903,202411,7599596
MABJMTA,"Bank of Japan Accounts/Assets/Total (Assets, or Liabilities and Net Assets) (s)",100 million yen,MONTHLY,Bank of Japan Accounts,20260903,202412,7479920
MABJMTA,"Bank of Japan Accounts/Assets/Total (Assets, or Liabilities and Net Assets) (s)",100 million yen,MONTHLY,Bank of Japan Accounts,20260903,202501,7443455
MABJMTA,"Bank of Japan Accounts/Assets/Total (Assets, or Liabilities and Net Assets) (s)",100 million yen,MONTHLY,Bank of Japan Accounts,20260903,202502,7470520
MABJMTA,"Bank of Japan Accounts/Assets/Total (Assets, or Liabilities and Net Assets) (s)",100 million yen,MONTHLY,Bank of Japan Accounts,20260903,202503,7297669
MABJMTA,"Bank of Japan Accounts/Assets/Total (Assets, or Liabilities and Net Assets) (s)",100 million yen,MONTHLY,Bank of Japan Accounts,20260903,202504,7312029
MABJMTA,"Bank of Japan Accounts/Assets/Total (Assets, or Liabilities and Net Assets) (s)",100 million yen,MONTHLY,Bank of Japan Accounts,20260903,202505,7336035
MABJMTA,"Bank of Japan Accounts/Assets/Total (Assets, or Liabilities and Net Assets) (s)",100 million yen,MONTHLY,Bank of Japan Accounts,20260903,202506,7174942
MABJMTA,"Bank of Japan Accounts/Assets/Total (Assets, or Liabilities and Net Assets) (s)",100 million yen,MONTHLY,Bank of Japan Accounts,20260903,202507,7214098
MABJMTA,"Bank of Japan Accounts/Assets/Total (Assets, or Liabilities and Net Assets) (s)",100 million yen,MONTHLY,Bank of Japan Accounts,20260903,202508,7240302
MABJMTA,"Bank of Japan Accounts/Assets/Total (Assets, or Liabilities and Net Assets) (s)",100 million yen,MONTHLY,Bank of Japan Accounts,20260903,202509,6957819
MABJMTA,"Bank of Japan Accounts/Assets/Total (Assets, or Liabilities and Net Assets) (s)",100 million yen,MONTHLY,Bank of Japan Accounts,20260903,202510,6963487
MABJMTA,"Bank of Japan Accounts/Assets/Total (Assets, or Liabilities and Net Assets) (s)",100 million yen,MONTHLY,Bank of Japan Accounts,20260903,202511,6979490
MABJMTA,"Bank of Japan Accounts/Assets/Total (Assets, or Liabilities and Net Assets) (s)",100 million yen,MONTHLY,Bank of Japan Accounts,20260903,202512,6777762
MABJMTA,"Bank of Japan Accounts/Assets/Total (Assets, or Liabilities and Net Assets) (s)",100 million yen,MONTHLY,Bank of Japan Accounts,20260903,202601,6828680
MABJMTA,"Bank of Japan Accounts/Assets/Total (Assets, or Liabilities and Net Assets) (s)",100 million yen,MONTHLY,Bank of Japan Accounts,20260903,202602,6837705
MABJMTA,"Bank of Japan Accounts/Assets/Total (Assets, or Liabilities and Net Assets) (s)",100 million yen,MONTHLY,Bank of Japan Accounts,20260903,202603,6630250
MABJMTA,"Bank of Japan Accounts/Assets/Total (Assets, or Liabilities and Net Assets) (s)",100 million yen,MONTHLY,Bank of Japan Accounts,20260903,202604,6632533
MABJMTA,"Bank of Japan Accounts/Assets/Total (Assets, or Liabilities and Net Assets) (s)",100 million yen,MONTHLY,Bank of Japan Accounts,20260903,202605,6643630
MABJMTA,"Bank of Japan Accounts/Assets/Total (Assets, or Liabilities and Net Assets) (s)",100 million yen,MONTHLY,Bank of Japan Accounts,20260903,202606,6395509
MABJMTA,"Bank of Japan Accounts/Assets/Total (Assets, or Liabilities and Net Assets) (s)",100 million yen,MONTHLY,Bank of Japan Accounts,20260903,202607,6442957
MABJMTA,"Bank of Japan Accounts/Assets/Total (Assets, or Liabilities and Net Assets) (s)",100 million yen,MONTHLY,Bank of Japan Accounts,20260903,202608,6446620
MABJMA5,Bank of Japan Accounts/Assets/Japanese Government Securities (f),100 million yen,MONTHLY,Bank of Japan Accounts,20260903,199804,539133
MABJMA5,Bank of Japan Accounts/Assets/Japanese Government Securities (f),100 million yen,MONTHLY,Bank of Japan Accounts,20260903,199805,539286
MABJMA5,Bank of Japan Accounts/Assets/Japanese Government Securities (f),100 million yen,MONTHLY,Bank of Japan Accounts,20260903,199806,556310
MABJMA5,Bank of Japan Accounts/Assets/Japanese Government Securities (f),100 million yen,MONTHLY,Bank of Japan Accounts,20260903,199807,509824
MABJMA5,Bank of Japan Accounts/Assets/Japanese Government Securities (f),100 million yen,MONTHLY,Bank of Japan Accounts,20260903,199808,518376
MABJMA5,Bank of Japan Accounts/Assets/Japanese Government Securities (f),100 million yen,MONTHLY,Bank of Japan Accounts,20260903,199809,489491
MABJMA5,Bank of Japan Accounts/Assets/Japanese Government Securities (f),100 million yen,MONTHLY,Bank of Japan Accounts,20260903,199810,497661
MABJMA5,Bank of Japan Accounts/Assets/Japanese Government Securities (f),100 million yen,MONTHLY,Bank of Japan Accounts,20260903,199811,524287
MABJMA5,Bank of Japan Accounts/Assets/Japanese Government Securities (f),100 million yen,MONTHLY,Bank of Japan Accounts,20260903,199812,520022
MABJMA5,Bank of Japan Accounts/Assets/Japanese Government Securities (f),100 million yen,MONTHLY,Bank of Japan Accounts,20260903,199901,473373
MABJMA5,Bank of Japan Accounts/Assets/Japanese Government Securities (f),100 million yen,MONTHLY,Bank of Japan Accounts,20260903,199902,481651
MABJMA5,Bank of Japan Accounts/Assets/Japanese Government Securities (f),100 million yen,MONTHLY,Bank of Japan Accounts,20260903,199903,494695
MABJMA5,Bank of Japan Accounts/Assets/Japanese Government Securities (f),100 million yen,MONTHLY,Bank of Japan Accounts,20260903,199904,584435
MABJMA5,Bank of Japan Accounts/Assets/Japanese Government Securities (f),100 million yen,MONTHLY,Bank of Japan Accounts,20260903,199905,549098
MABJMA5,Bank of Japan Accounts/Assets/Japanese Government Securities (f),100 million yen,MONTHLY,Bank of Japan Accounts,20260903,199906,559856
MABJMA5,Bank of Japan Accounts/Assets/Japanese Government Securities (f),100 million yen,MONTHLY,Bank of Japan Accounts,20260903,199907,502431
MABJMA5,Bank of Japan Accounts/Assets/Japanese Government Securities (f),100 million yen,MONTHLY,Bank of Japan Accounts,20260903,199908,495075
MABJMA5,Bank of Japan Accounts/Assets/Japanese Government Securities (f),100 million yen,MONTHLY,Bank of Japan Accounts,20260903,199909,500202
MABJMA5,Bank of Japan Accounts/Assets/Japanese Government Securities (f),100 million yen,MONTHLY,Bank of Japan Accounts,20260903,199910,491485
MABJMA5,Bank of Japan Accounts/Assets/Japanese Government Securities (f),100 million yen,MONTHLY,Bank of Japan Accounts,20260903,199911,521005
MABJMA5,Bank of Japan Accounts/Assets/Japanese Government Securities (f),100 million yen,MONTHLY,Bank of Japan Accounts,20260903,199912,692362
MABJMA5,Bank of Japan Accounts/Assets/Japanese Government Securities (f),100 million yen,MONTHLY,Bank of Japan Accounts,20260903,200001,558297
MABJMA5,Bank of Japan Accounts/Assets/Japanese Government Securities (f),100 million yen,MONTHLY,Bank of Japan Accounts,20260903,200002,649495
MABJMA5,Bank of Japan Accounts/Assets/Japanese Government Securities (f),100 million yen,MONTHLY,Bank of Japan Accounts,20260903,200003,745963
MABJMA5,Bank of Japan Accounts/Assets/Japanese Government Securities (f),100 million yen,MONTHLY,Bank of Japan Accounts,20260903,200004,673179
MABJMA5,Bank of Japan Accounts/Assets/Japanese Government Securities (f),100 million yen,MONTHLY,Bank of Japan Accounts,20260903,200005,632368
MABJMA5,Bank of Japan Accounts/Assets/Japanese Government Securities (f),100 million yen,MONTHLY,Bank of Japan Accounts,20260903,200006,621363
MABJMA5,Bank of Japan Accounts/Assets/Japanese Government Securities (f),100 million yen,MONTHLY,Bank of Japan Accounts,20260903,200007,585340
MABJMA5,Bank of Japan Accounts/Assets/Japanese Government Securities (f),100 million yen,MONTHLY,Bank of Japan Accounts,20260903,200008,631763
MABJMA5,Bank of Japan Accounts/Assets/Japanese Government Securities (f),100 million yen,MONTHLY,Bank of Japan Accounts,20260903,200009,592608
MABJMA5,Bank of Japan Accounts/Assets/Japanese Government Securities (f),100 million yen,MONTHLY,Bank of Japan Accounts,20260903,200010,580663
MABJMA5,Bank of Japan Accounts/Assets/Japanese Government Securities (f),100 million yen,MONTHLY,Bank of Japan Accounts,20260903,200011,614093
MABJMA5,Bank of Japan Accounts/Assets/Japanese Government Securities (f),100 million yen,MONTHLY,Bank of Japan Accounts,20260903,200012,562943
MABJMA5,Bank of Japan Accounts/Assets/Japanese Government Securities (f),100 million yen,MONTHLY,Bank of Japan Accounts,20260903,200101,557879
MABJMA5,Bank of Japan Accounts/Assets/Japanese Government Securities (f),100 million yen,MONTHLY,Bank of Japan Accounts,20260903,200102,533222
MABJMA5,Bank of Japan Accounts/Assets/Japanese Government Securities (f),100 million yen,MONTHLY,Bank of Japan Accounts,20260903,200103,577319
MABJMA5,Bank of Japan Accounts/Assets/Japanese Government Securities (f),100 million yen,MONTHLY,Bank of Japan Accounts,20260903,200104,641642
MABJMA5,Bank of Japan Accounts/Assets/Japanese Government Securities (f),100 million yen,MONTHLY,Bank of Japan Accounts,20260903,200105,603155
MABJMA5,Bank of Japan Accounts/Assets/Japanese Government Securities (f),100 million yen,MONTHLY,Bank of Japan Accounts,20260903,200106,697938
MABJMA5,Bank of Japan Accounts/Assets/Japanese Government Securities (f),100 million yen,MONTHLY,Bank of Japan Accounts,20260903,200107,769399
MABJMA5,Bank of Japan Accounts/Assets/Japanese Government Securities (f),100 million yen,MONTHLY,Bank of Japan Accounts,20260903,200108,779738
MABJMA5,Bank of Japan Accounts/Assets/Japanese Government Securities (f),100 million yen,MONTHLY,Bank of Japan Accounts,20260903,200109,758166
MABJMA5,Bank of Japan Accounts/Assets/Japanese Government Securities (f),100 million yen,MONTHLY,Bank of Japan Accounts,20260903,200110,743993
MABJMA5,Bank of Japan Accounts/Assets/Japanese Government Securities (f),100 million yen,MONTHLY,Bank of Japan Accounts,20260903,200111,757966
MABJMA5,Bank of Japan Accounts/Assets/Japanese Government Securities (f),100 million yen,MONTHLY,Bank of Japan Accounts,20260903,200112,755911
MABJMA5,Bank of Japan Accounts/Assets/Japanese Government Securities (f),100 million yen,MONTHLY,Bank of Japan Accounts,20260903,200201,754358
MABJMA5,Bank of Japan Accounts/Assets/Japanese Government Securities (f),100 million yen,MONTHLY,Bank of Japan Accounts,20260903,200202,837712
MABJMA5,Bank of Japan Accounts/Assets/Japanese Government Securities (f),100 million yen,MONTHLY,Bank of Japan Accounts,20260903,200203,866537
MABJMA5,Bank of Japan Accounts/Assets/Japanese Government Securities (f),100 million yen,MONTHLY,Bank of Japan Accounts,20260903,200204,871849
MABJMA5,Bank of Japan Accounts/Assets/Japanese Government Securities (f),100 million yen,MONTHLY,Bank of Japan Accounts,20260903,200205,851119
MABJMA5,Bank of Japan Accounts/Assets/Japanese Government Securities (f),100 million yen,MONTHLY,Bank of Japan Accounts,20260903,200206,862062
MABJMA5,Bank of Japan Accounts/Assets/Japanese Government Securities (f),100 million yen,MONTHLY,Bank of Japan Accounts,20260903,200207,865373
MABJMA5,Bank of Japan Accounts/Assets/Japanese Government Securities (f),100 million yen,MONTHLY,Bank of Japan Accounts,20260903,200208,857320
MABJMA5,Bank of Japan Accounts/Assets/Japanese Government Securities (f),100 million yen,MONTHLY,Bank of Japan Accounts,20260903,200209,836297
MABJMA5,Bank of Japan Accounts/Assets/Japanese Government Securities (f),100 million yen,MONTHLY,Bank of Japan Accounts,20260903,200210,856793
MABJMA5,Bank of Japan Accounts/Assets/Japanese Government Securities (f),100 million yen,MONTHLY,Bank of Japan Accounts,20260903,200211,842098
MABJMA5,Bank of Japan Accounts/Assets/Japanese Government Securities (f),100 million yen,MONTHLY,Bank of Japan Accounts,20260903,200212,831236
MABJMA5,Bank of Japan Accounts/Assets/Japanese Government Securities (f),100 million yen,MONTHLY,Bank of Japan Accounts,20260903,200301,836088
MABJMA5,Bank of Japan Accounts/Assets/Japanese Government Securities (f),100 million yen,MONTHLY,Bank of Japan Accounts,20260903,200302,867962
MABJMA5,Bank of Japan Accounts/Assets/Japanese Government Securities (f),100 million yen,MONTHLY,Bank of Japan Accounts,20260903,200303,886512
MABJMA5,Bank of Japan Accounts/Assets/Japanese Government Securities (f),100 million yen,MONTHLY,Bank of Japan Accounts,20260903,200304,875351
MABJMA5,Bank of Japan Accounts/Assets/Japanese Government Securities (f),100 million yen,MONTHLY,Bank of Japan Accounts,20260903,200305,888591
MABJMA5,Bank of Japan Accounts/Assets/Japanese Government Securities (f),100 million yen,MONTHLY,Bank of Japan Accounts,20260903,200306,868377
MABJMA5,Bank of Japan Accounts/Assets/Japanese Government Securities (f),100 million yen,MONTHLY,Bank of Japan Accounts,20260903,200307,873140
MABJMA5,Bank of Japan Accounts/Assets/Japanese Government Securities (f),100 million yen,MONTHLY,Bank of Japan Accounts,20260903,200308,878662
MABJMA5,Bank of Japan Accounts/Assets/Japanese Government Securities (f),100 million yen,MONTHLY,Bank of Japan Accounts,20260903,200309,918888
MABJMA5,Bank of Japan Accounts/Assets/Japanese Government Securities (f),100 million yen,MONTHLY,Bank of Japan Accounts,20260903,200310,933788
MABJMA5,Bank of Japan Accounts/Assets/Japanese Government Securities (f),100 million yen,MONTHLY,Bank of Japan Accounts,20260903,200311,935617
MABJMA5,Bank of Japan Accounts/Assets/Japanese Government Securities (f),100 million yen,MONTHLY,Bank of Japan Accounts,20260903,200312,935026
MABJMA5,Bank of Japan Accounts/Assets/Japanese Government Securities (f),100 million yen,MONTHLY,Bank of Japan Accounts,20260903,200401,916525
MABJMA5,Bank of Japan Accounts/Assets/Japanese Government Securities (f),100 million yen,MONTHLY,Bank of Japan Accounts,20260903,200402,941094
MABJMA5,Bank of Japan Accounts/Assets/Japanese Government Securities (f),100 million yen,MONTHLY,Bank of Japan Accounts,20260903,200403,1000220
MABJMA5,Bank of Japan Accounts/Assets/Japanese Government Securities (f),100 million yen,MONTHLY,Bank of Japan Accounts,20260903,200404,949960
MABJMA5,Bank of Japan Accounts/Assets/Japanese Government Securities (f),100 million yen,MONTHLY,Bank of Japan Accounts,20260903,200405,934393
MABJMA5,Bank of Japan Accounts/Assets/Japanese Government Securities (f),100 million yen,MONTHLY,Bank of Japan Accounts,20260903,200406,944958
MABJMA5,Bank of Japan Accounts/Assets/Japanese Government Securities (f),100 million yen,MONTHLY,Bank of Japan Accounts,20260903,200407,921541
MABJMA5,Bank of Japan Accounts/Assets/Japanese Government Securities (f),100 million yen,MONTHLY,Bank of Japan Accounts,20260903,200408,947022
MABJMA5,Bank of Japan Accounts/Assets/Japanese Government Securities (f),100 million yen,MONTHLY,Bank of Japan Accounts,20260903,200409,941493
MABJMA5,Bank of Japan Accounts/Assets/Japanese Government Securities (f),100 million yen,MONTHLY,Bank of Japan Accounts,20260903,200410,951269
MABJMA5,Bank of Japan Accounts/Assets/Japanese Government Securities (f),100 million yen,MONTHLY,Bank of Japan Accounts,20260903,200411,977531
MABJMA5,Bank of Japan Accounts/Assets/Japanese Government Securities (f),100 million yen,MONTHLY,Bank of Japan Accounts,20260903,200412,950259
MABJMA5,Bank of Japan Accounts/Assets/Japanese Government Securities (f),100 million yen,MONTHLY,Bank of Japan Accounts,20260903,200501,953528
MABJMA5,Bank of Japan Accounts/Assets/Japanese Government Securities (f),100 million yen,MONTHLY,Bank of Japan Accounts,20260903,200502,994692
MABJMA5,Bank of Japan Accounts/Assets/Japanese Government Securities (f),100 million yen,MONTHLY,Bank of Japan Accounts,20260903,200503,991239
MABJMA5,Bank of Japan Accounts/Assets/Japanese Government Securities (f),100 million yen,MONTHLY,Bank of Japan Accounts,20260903,200504,967519
MABJMA5,Bank of Japan Accounts/Assets/Japanese Government Securities (f),100 million yen,MONTHLY,Bank of Japan Accounts,20260903,200505,968166
MABJMA5,Bank of Japan Accounts/Assets/Japanese Government Securities (f),100 million yen,MONTHLY,Bank of Japan Accounts,20260903,200506,971004
MABJMA5,Bank of Japan Accounts/Assets/Japanese Government Securities (f),100 million yen,MONTHLY,Bank of Japan Accounts,20260903,200507,979735
MABJMA5,Bank of Japan Accounts/Assets/Japanese Government Securities (f),100 million yen,MONTHLY,Bank of Japan Accounts,20260903,200508,998255
MABJMA5,Bank of Japan Accounts/Assets/Japanese Government Securities (f),100 million yen,MONTHLY,Bank of Japan Accounts,20260903,200509,979470
MABJMA5,Bank of Japan Accounts/Assets/Japanese Government Securities (f),100 million yen,MONTHLY,Bank of Japan Accounts,20260903,200510,970122
MABJMA5,Bank of Japan Accounts/Assets/Japanese Government Securities (f),100 million yen,MONTHLY,Bank of Japan Accounts,20260903,200511,980948
MABJMA5,Bank of Japan Accounts/Assets/Japanese Government Securities (f),100 million yen,MONTHLY,Bank of Japan Accounts,20260903,200512,989175
MABJMA5,Bank of Japan Accounts/Assets/Japanese Government Securities (f),100 million yen,MONTHLY,Bank of Japan Accounts,20260903,200601,959358
MABJMA5,Bank of Japan Accounts/Assets/Japanese Government Securities (f),100 million yen,MONTHLY,Bank of Japan Accounts,20260903,200602,940509
MABJMA5,Bank of Japan Accounts/Assets/Japanese Government Securities (f),100 million yen,MONTHLY,Bank of Japan Accounts,20260903,200603,932731
MABJMA5,Bank of Japan Accounts/Assets/Japanese Government Securities (f),100 million yen,MONTHLY,Bank of Japan Accounts,20260903,200604,920927
MABJMA5,Bank of Japan Accounts/Assets/Japanese Government Securities (f),100 million yen,MONTHLY,Bank of Japan Accounts,20260903,200605,840124
MABJMA5,Bank of Japan Accounts/Assets/Japanese Government Securities (f),100 million yen,MONTHLY,Bank of Japan Accounts,20260903,200606,849027
MABJMA5,Bank of Japan Accounts/Assets/Japanese Government Securities (f),100 million yen,MONTHLY,Bank of Japan Accounts,20260903,200607,845678
MABJMA5,Bank of Japan Accounts/Assets/Japanese Government Securities (f),100 million yen,MONTHLY,Bank of Japan Accounts,20260903,200608,806206
MABJMA5,Bank of Japan Accounts/Assets/Japanese Government Securities (f),100 million yen,MONTHLY,Bank of Japan Accounts,20260903,200609,807989
MABJMA5,Bank of Japan Accounts/Assets/Japanese Government Securities (f),100 million yen,MONTHLY,Bank of Japan Accounts,20260903,200610,815084
MABJMA5,Bank of Japan Accounts/Assets/Japanese Government Securities (f),100 million yen,MONTHLY,Bank of Japan Accounts,20260903,200611,807485
MABJMA5,Bank of Japan Accounts/Assets/Japanese Government Securities (f),100 million yen,MONTHLY,Bank of Japan Accounts,20260903,200612,805964
MABJMA5,Bank of Japan Accounts/Assets/Japanese Government Securities (f),100 million yen,MONTHLY,Bank of Japan Accounts,20260903,200701,775778
MABJMA5,Bank of Japan Accounts/Assets/Japanese Government Securities (f),100 million yen,MONTHLY,Bank of Japan Accounts,20260903,200702,770242
MABJMA5,Bank of Japan Accounts/Assets/Japanese Government Securities (f),100 million yen,MONTHLY,Bank of Japan Accounts,20260903,200703,764457
MABJMA5,Bank of Japan Accounts/Assets/Japanese Government Securities (f),100 million yen,MONTHLY,Bank of Japan Accounts,20260903,200704,753523
MABJMA5,Bank of Japan Accounts/Assets/Japanese Government Securities (f),100 million yen,MONTHLY,Bank of Japan Accounts,20260903,200705,744336
MABJMA5,Bank of Japan Accounts/Assets/Japanese Government Securities (f),100 million yen,MONTHLY,Bank of Japan Accounts,20260903,200706,711477
MABJMA5,Bank of Japan Accounts/Assets/Japanese Government Securities (f),100 million yen,MONTHLY,Bank of Japan Accounts,20260903,200707,724189
MABJMA5,Bank of Japan Accounts/Assets/Japanese Government Securities (f),100 million yen,MONTHLY,Bank of Japan Accounts,20260903,200708,739682
MABJMA5,Bank of Japan Accounts/Assets/Japanese Government Securities (f),100 million yen,MONTHLY,Bank of Japan Accounts,20260903,200709,727673
MABJMA5,Bank of Japan Accounts/Assets/Japanese Government Securities (f),100 million yen,MONTHLY,Bank of Japan Accounts,20260903,200710,733527
MABJMA5,Bank of Japan Accounts/Assets/Japanese Government Securities (f),100 million yen,MONTHLY,Bank of Japan Accounts,20260903,200711,737766
MABJMA5,Bank of Japan Accounts/Assets/Japanese Government Securities (f),100 million yen,MONTHLY,Bank of Japan Accounts,20260903,200712,704612
MABJMA5,Bank of Japan Accounts/Assets/Japanese Government Securities (f),100 million yen,MONTHLY,Bank of Japan Accounts,20260903,200801,704339
MABJMA5,Bank of Japan Accounts/Assets/Japanese Government Securities (f),100 million yen,MONTHLY,Bank of Japan Accounts,20260903,200802,687705
MABJMA5,Bank of Japan Accounts/Assets/Japanese Government Securities (f),100 million yen,MONTHLY,Bank of Japan Accounts,20260903,200803,673907
MABJMA5,Bank of Japan Accounts/Assets/Japanese Government Securities (f),100 million yen,MONTHLY,Bank of Japan Accounts,20260903,200804,670899
MABJMA5,Bank of Japan Accounts/Assets/Japanese Government Securities (f),100 million yen,MONTHLY,Bank of Japan Accounts,20260903,200805,691102
MABJMA5,Bank of Japan Accounts/Assets/Japanese Government Securities (f),100 million yen,MONTHLY,Bank of Japan Accounts,20260903,200806,660642
MABJMA5,Bank of Japan Accounts/Assets/Japanese Government Securities (f),100 million yen,MONTHLY,Bank of Japan Accounts,20260903,200807,670430
MABJMA5,Bank of Japan Accounts/Assets/Japanese Government Securities (f),100 million yen,MONTHLY,Bank of Japan Accounts,20260903,200808,668674
MABJMA5,Bank of Japan Accounts/Assets/Japanese Government Securities (f),100 million yen,MONTHLY,Bank of Japan Accounts,20260903,200809,655638
MABJMA5,Bank of Japan Accounts/Assets/Japanese Government Securities (f),100 million yen,MONTHLY,Bank of Japan Accounts,20260903,200810,664146
MABJMA5,Bank of Japan Accounts/Assets/Japanese Government Securities (f),100 million yen,MONTHLY,Bank of Japan Accounts,20260903,200811,673658
MABJMA5,Bank of Japan Accounts/Assets/Japanese Government Securities (f),100 million yen,MONTHLY,Bank of Japan Accounts,20260903,200812,631255
MABJMA5,Bank of Japan Accounts/Assets/Japanese Government Securities (f),100 million yen,MONTHLY,Bank of Japan Accounts,20260903,200901,646728
MABJMA5,Bank of Japan Accounts/Assets/Japanese Government Securities (f),100 million yen,MONTHLY,Bank of Japan Accounts,20260903,200902,651302
MABJMA5,Bank of Japan Accounts/Assets/Japanese Government Securities (f),100 million yen,MONTHLY,Bank of Japan Accounts,20260903,200903,642655
MABJMA5,Bank of Japan Accounts/Assets/Japanese Government Securities (f),100 million yen,MONTHLY,Bank of Japan Accounts,20260903,200904,649173
MABJMA5,Bank of Japan Accounts/Assets/Japanese Government Securities (f),100 million yen,MONTHLY,Bank of Japan Accounts,20260903,200905,664074
MABJMA5,Bank of Japan Accounts/Assets/Japanese Government Securities (f),100 million yen,MONTHLY,Bank of Japan Accounts,20260903,200906,660531
MABJMA5,Bank of Japan Accounts/Assets/Japanese Government Securities (f),100 million yen,MONTHLY,Bank of Japan Accounts,20260903,200907,680661
MABJMA5,Bank of Japan Accounts/Assets/Japanese Government Securities (f),100 million yen,MONTHLY,Bank of Japan Accounts,20260903,200908,687903
MABJMA5,Bank of Japan Accounts/Assets/Japanese Government Securities (f),100 million yen,MONTHLY,Bank of Japan Accounts,20260903,200909,684090
MABJMA5,Bank of Japan Accounts/Assets/Japanese Government Securities (f),100 million yen,MONTHLY,Bank of Japan Accounts,20260903,200910,709965
MABJMA5,Bank of Japan Accounts/Assets/Japanese Government Securities (f),100 million yen,MONTHLY,Bank of Japan Accounts,20260903,200911,727822
MABJMA5,Bank of Japan Accounts/Assets/Japanese Government Securities (f),100 million yen,MONTHLY,Bank of Japan Accounts,20260903,200912,719900
MABJMA5,Bank of Japan Accounts/Assets/Japanese Government Securities (f),100 million yen,MONTHLY,Bank of Japan Accounts,20260903,201001,731914
MABJMA5,Bank of Japan Accounts/Assets/Japanese Government Securities (f),100 million yen,MONTHLY,Bank of Japan Accounts,20260903,201002,725539
MABJMA5,Bank of Japan Accounts/Assets/Japanese Government Securities (f),100 million yen,MONTHLY,Bank of Japan Accounts,20260903,201003,730661
MABJMA5,Bank of Japan Accounts/Assets/Japanese Government Securities (f),100 million yen,MONTHLY,Bank of Japan Accounts,20260903,201004,744174
MABJMA5,Bank of Japan Accounts/Assets/Japanese Government Securities (f),100 million yen,MONTHLY,Bank of Japan Accounts,20260903,201005,756909
MABJMA5,Bank of Japan Accounts/Assets/Japanese Government Securities (f),100 million yen,MONTHLY,Bank of Japan Accounts,20260903,201006,748406
MABJMA5,Bank of Japan Accounts/Assets/Japanese Government Securities (f),100 million yen,MONTHLY,Bank of Japan Accounts,20260903,201007,765772
MABJMA5,Bank of Japan Accounts/Assets/Japanese Government Securities (f),100 million yen,MONTHLY,Bank of Japan Accounts,20260903,201008,771107
MABJMA5,Bank of Japan Accounts/Assets/Japanese Government Securities (f),100 million yen,MONTHLY,Bank of Japan Accounts,20260903,201009,766687
MABJMA5,Bank of Japan Accounts/Assets/Japanese Government Securities (f),100 million yen,MONTHLY,Bank of Japan Accounts,20260903,201010,776737
MABJMA5,Bank of Japan Accounts/Assets/Japanese Government Securities (f),100 million yen,MONTHLY,Bank of Japan Accounts,20260903,201011,771306
MABJMA5,Bank of Japan Accounts/Assets/Japanese Government Securities (f),100 million yen,MONTHLY,Bank of Japan Accounts,20260903,201012,767382
MABJMA5,Bank of Japan Accounts/Assets/Japanese Government Securities (f),100 million yen,MONTHLY,Bank of Japan Accounts,20260903,201101,768844
MABJMA5,Bank of Japan Accounts/Assets/Japanese Government Securities (f),100 million yen,MONTHLY,Bank of Japan Accounts,20260903,201102,768849
MABJMA5,Bank of Japan Accounts/Assets/Japanese Government Securities (f),100 million yen,MONTHLY,Bank of Japan Accounts,20260903,201103,772992
MABJMA5,Bank of Japan Accounts/Assets/Japanese Government Securities (f),100 million yen,MONTHLY,Bank of Japan Accounts,20260903,201104,786076
MABJMA5,Bank of Japan Accounts/Assets/Japanese Government Securities (f),100 million yen,MONTHLY,Bank of Japan Accounts,20260903,201105,799147
MABJMA5,Bank of Japan Accounts/Assets/Japanese Government Securities (f),100 million yen,MONTHLY,Bank of Japan Accounts,20260903,201106,802216
MABJMA5,Bank of Japan Accounts/Assets/Japanese Government Securities (f),100 million yen,MONTHLY,Bank of Japan Accounts,20260903,201107,810699
MABJMA5,Bank of Japan Accounts/Assets/Japanese Government Securities (f),100 million yen,MONTHLY,Bank of Japan Accounts,20260903,201108,868317
MABJMA5,Bank of Japan Accounts/Assets/Japanese Government Securities (f),100 million yen,MONTHLY,Bank of Japan Accounts,20260903,201109,843671
MABJMA5,Bank of Japan Accounts/Assets/Japanese Government Securities (f),100 million yen,MONTHLY,Bank of Japan Accounts,20260903,201110,812042
MABJMA5,Bank of Japan Accounts/Assets/Japanese Government Securities (f),100 million yen,MONTHLY,Bank of Japan Accounts,20260903,201111,915271
MABJMA5,Bank of Japan Accounts/Assets/Japanese Government Securities (f),100 million yen,MONTHLY,Bank of Japan Accounts,20260903,201112,901964
MABJMA5,Bank of Japan Accounts/Assets/Japanese Government Securities (f),100 million yen,MONTHLY,Bank of Japan Accounts,20260903,201201,825358
MABJMA5,Bank of Japan Accounts/Assets/Japanese Government Securities (f),100 million yen,MONTHLY,Bank of Japan Accounts,20260903,201202,845541
MABJMA5,Bank of Japan Accounts/Assets/Japanese Government Securities (f),100 million yen,MONTHLY,Bank of Japan Accounts,20260903,201203,872471
MABJMA5,Bank of Japan Accounts/Assets/Japanese Government Securities (f),100 million yen,MONTHLY,Bank of Japan Accounts,20260903,201204,903899
MABJMA5,Bank of Japan Accounts/Assets/Japanese Government Securities (f),100 million yen,MONTHLY,Bank of Japan Accounts,20260903,201205,930930
MABJMA5,Bank of Japan Accounts/Assets/Japanese Government Securities (f),100 million yen,MONTHLY,Bank of Japan Accounts,20260903,201206,942736
MABJMA5,Bank of Japan Accounts/Assets/Japanese Government Securities (f),100 million yen,MONTHLY,Bank of Japan Accounts,20260903,201207,977401
MABJMA5,Bank of Japan Accounts/Assets/Japanese Government Securities (f),100 million yen,MONTHLY,Bank of Japan Accounts,20260903,201208,1026174
MABJMA5,Bank of Japan Accounts/Assets/Japanese Government Securities (f),100 million yen,MONTHLY,Bank of Japan Accounts,20260903,201209,1028593
MABJMA5,Bank of Japan Accounts/Assets/Japanese Government Securities (f),100 million yen,MONTHLY,Bank of Japan Accounts,20260903,201210,1075530
MABJMA5,Bank of Japan Accounts/Assets/Japanese Government Securities (f),100 million yen,MONTHLY,Bank of Japan Accounts,20260903,201211,1116047
MABJMA5,Bank of Japan Accounts/Assets/Japanese Government Securities (f),100 million yen,MONTHLY,Bank of Japan Accounts,20260903,201212,1136768
MABJMA5,Bank of Japan Accounts/Assets/Japanese Government Securities (f),100 million yen,MONTHLY,Bank of Japan Accounts,20260903,201301,1186310
MABJMA5,Bank of Japan Accounts/Assets/Japanese Government Securities (f),100 million yen,MONTHLY,Bank of Japan Accounts,20260903,201302,1219471
MABJMA5,Bank of Japan Accounts/Assets/Japanese Government Securities (f),100 million yen,MONTHLY,Bank of Japan Accounts,20260903,201303,1253556
MABJMA5,Bank of Japan Accounts/Assets/Japanese Government Securities (f),100 million yen,MONTHLY,Bank of Japan Accounts,20260903,201304,1340815
MABJMA5,Bank of Japan Accounts/Assets/Japanese Government Securities (f),100 million yen,MONTHLY,Bank of Japan Accounts,20260903,201305,1429091
MABJMA5,Bank of Japan Accounts/Assets/Japanese Government Securities (f),100 million yen,MONTHLY,Bank of Japan Accounts,20260903,201306,1480413
MABJMA5,Bank of Japan Accounts/Assets/Japanese Government Securities (f),100 million yen,MONTHLY,Bank of Japan Accounts,20260903,201307,1559645
MABJMA5,Bank of Japan Accounts/Assets/Japanese Government Securities (f),100 million yen,MONTHLY,Bank of Japan Accounts,20260903,201308,1633855
MABJMA5,Bank of Japan Accounts/Assets/Japanese Government Securities (f),100 million yen,MONTHLY,Bank of Japan Accounts,20260903,201309,1676917
MABJMA5,Bank of Japan Accounts/Assets/Japanese Government Securities (f),100 million yen,MONTHLY,Bank of Japan Accounts,20260903,201310,1755632
MABJMA5,Bank of Japan Accounts/Assets/Japanese Government Securities (f),100 million yen,MONTHLY,Bank of Japan Accounts,20260903,201311,1838995
MABJMA5,Bank of Japan Accounts/Assets/Japanese Government Securities (f),100 million yen,MONTHLY,Bank of Japan Accounts,20260903,201312,1813958
MABJMA5,Bank of Japan Accounts/Assets/Japanese Government Securities (f),100 million yen,MONTHLY,Bank of Japan Accounts,20260903,201401,1898262
MABJMA5,Bank of Japan Accounts/Assets/Japanese Government Securities (f),100 million yen,MONTHLY,Bank of Japan Accounts,20260903,201402,1994216
MABJMA5,Bank of Japan Accounts/Assets/Japanese Government Securities (f),100 million yen,MONTHLY,Bank of Japan Accounts,20260903,201403,1983370
MABJMA5,Bank of Japan Accounts/Assets/Japanese Government Securities (f),100 million yen,MONTHLY,Bank of Japan Accounts,20260903,201404,2044005
MABJMA5,Bank of Japan Accounts/Assets/Japanese Government Securities (f),100 million yen,MONTHLY,Bank of Japan Accounts,20260903,201405,2132378
MABJMA5,Bank of Japan Accounts/Assets/Japanese Government Securities (f),100 million yen,MONTHLY,Bank of Japan Accounts,20260903,201406,2119505
MABJMA5,Bank of Japan Accounts/Assets/Japanese Government Securities (f),100 million yen,MONTHLY,Bank of Japan Accounts,20260903,201407,2246125
MABJMA5,Bank of Japan Accounts/Assets/Japanese Government Securities (f),100 million yen,MONTHLY,Bank of Japan Accounts,20260903,201408,2317874
MABJMA5,Bank of Japan Accounts/Assets/Japanese Government Securities (f),100 million yen,MONTHLY,Bank of Japan Accounts,20260903,201409,2293115
MABJMA5,Bank of Japan Accounts/Assets/Japanese Government Securities (f),100 million yen,MONTHLY,Bank of Japan Accounts,20260903,201410,2405848
MABJMA5,Bank of Japan Accounts/Assets/Japanese Government Securities (f),100 million yen,MONTHLY,Bank of Japan Accounts,20260903,201411,2514691
MABJMA5,Bank of Japan Accounts/Assets/Japanese Government Securities (f),100 million yen,MONTHLY,Bank of Japan Accounts,20260903,201412,2504394
MABJMA5,Bank of Japan Accounts/Assets/Japanese Government Securities (f),100 million yen,MONTHLY,Bank of Japan Accounts,20260903,201501,2616921
MABJMA5,Bank of Japan Accounts/Assets/Japanese Government Securities (f),100 million yen,MONTHLY,Bank of Japan Accounts,20260903,201502,2715040
MABJMA5,Bank of Japan Accounts/Assets/Japanese Government Securities (f),100 million yen,MONTHLY,Bank of Japan Accounts,20260903,201503,2697921
MABJMA5,Bank of Japan Accounts/Assets/Japanese Government Securities (f),100 million yen,MONTHLY,Bank of Japan Accounts,20260903,201504,2796683
MABJMA5,Bank of Japan Accounts/Assets/Japanese Government Securities (f),100 million yen,MONTHLY,Bank of Japan Accounts,20260903,201505,2887611
MABJMA5,Bank of Japan Accounts/Assets/Japanese Government Securities (f),100 million yen,MONTHLY,Bank of Japan Accounts,20260903,201506,2912485
MABJMA5,Bank of Japan Accounts/Assets/Japanese Government Securities (f),100 million yen,MONTHLY,Bank of Japan Accounts,20260903,201507,2993980
MABJMA5,Bank of Japan Accounts/Assets/Japanese Government Securities (f),100 million yen,MONTHLY,Bank of Japan Accounts,20260903,201508,3061736
MABJMA5,Bank of Japan Accounts/Assets/Japanese Government Securities (f),100 million yen,MONTHLY,Bank of Japan Accounts,20260903,201509,3095718
MABJMA5,Bank of Japan Accounts/Assets/Japanese Government Securities (f),100 million yen,MONTHLY,Bank of Japan Accounts,20260903,201510,3170606
MABJMA5,Bank of Japan Accounts/Assets/Japanese Government Securities (f),100 million yen,MONTHLY,Bank of Japan Accounts,20260903,201511,3246410
MABJMA5,Bank of Japan Accounts/Assets/Japanese Government Securities (f),100 million yen,MONTHLY,Bank of Japan Accounts,20260903,201512,3250019
MABJMA5,Bank of Japan Accounts/Assets/Japanese Government Securities (f),100 million yen,MONTHLY,Bank of Japan Accounts,20260903,201601,3380763
MABJMA5,Bank of Japan Accounts/Assets/Japanese Government Securities (f),100 million yen,MONTHLY,Bank of Japan Accounts,20260903,201602,3453627
MABJMA5,Bank of Japan Accounts/Assets/Japanese Government Securities (f),100 million yen,MONTHLY,Bank of Japan Accounts,20260903,201603,3491955
MABJMA5,Bank of Japan Accounts/Assets/Japanese Government Securities (f),100 million yen,MONTHLY,Bank of Japan Accounts,20260903,201604,3590664
MABJMA5,Bank of Japan Accounts/Assets/Japanese Government Securities (f),100 million yen,MONTHLY,Bank of Japan Accounts,20260903,201605,3705146
MABJMA5,Bank of Japan Accounts/Assets/Japanese Government Securities (f),100 million yen,MONTHLY,Bank of Japan Accounts,20260903,201606,3763822
MABJMA5,Bank of Japan Accounts/Assets/Japanese Government Securities (f),100 million yen,MONTHLY,Bank of Japan Accounts,20260903,201607,3866538
MABJMA5,Bank of Japan Accounts/Assets/Japanese Government Securities (f),100 million yen,MONTHLY,Bank of Japan Accounts,20260903,201608,3967109
MABJMA5,Bank of Japan Accounts/Assets/Japanese Government Securities (f),100 million yen,MONTHLY,Bank of Japan Accounts,20260903,201609,3975971
MABJMA5,Bank of Japan Accounts/Assets/Japanese Government Securities (f),100 million yen,MONTHLY,Bank of Japan Accounts,20260903,201610,4034627
MABJMA5,Bank of Japan Accounts/Assets/Japanese Government Securities (f),100 million yen,MONTHLY,Bank of Japan Accounts,20260903,201611,4103904
MABJMA5,Bank of Japan Accounts/Assets/Japanese Government Securities (f),100 million yen,MONTHLY,Bank of Japan Accounts,20260903,201612,4105010
MABJMA5,Bank of Japan Accounts/Assets/Japanese Government Securities (f),100 million yen,MONTHLY,Bank of Japan Accounts,20260903,201701,4154241
MABJMA5,Bank of Japan Accounts/Assets/Japanese Government Securities (f),100 million yen,MONTHLY,Bank of Japan Accounts,20260903,201702,4208690
MABJMA5,Bank of Japan Accounts/Assets/Japanese Government Securities (f),100 million yen,MONTHLY,Bank of Japan Accounts,20260903,201703,4177114
MABJMA5,Bank of Japan Accounts/Assets/Japanese Government Securities (f),100 million yen,MONTHLY,Bank of Japan Accounts,20260903,201704,4245954
MABJMA5,Bank of Japan Accounts/Assets/Japanese Government Securities (f),100 million yen,MONTHLY,Bank of Japan Accounts,20260903,201705,4272495
MABJMA5,Bank of Japan Accounts/Assets/Japanese Government Securities (f),100 million yen,MONTHLY,Bank of Japan Accounts,20260903,201706,4274256
MABJMA5,Bank of Japan Accounts/Assets/Japanese Government Securities (f),100 million yen,MONTHLY,Bank of Japan Accounts,20260903,201707,4305105
MABJMA5,Bank of Japan Accounts/Assets/Japanese Government Securities (f),100 million yen,MONTHLY,Bank of Japan Accounts,20260903,201708,4355426
MABJMA5,Bank of Japan Accounts/Assets/Japanese Government Securities (f),100 million yen,MONTHLY,Bank of Japan Accounts,20260903,201709,4359081
MABJMA5,Bank of Japan Accounts/Assets/Japanese Government Securities (f),100 million yen,MONTHLY,Bank of Japan Accounts,20260903,201710,4403930
MABJMA5,Bank of Japan Accounts/Assets/Japanese Government Securities (f),100 million yen,MONTHLY,Bank of Japan Accounts,20260903,201711,4435715
MABJMA5,Bank of Japan Accounts/Assets/Japanese Government Securities (f),100 million yen,MONTHLY,Bank of Japan Accounts,20260903,201712,4406729
MABJMA5,Bank of Japan Accounts/Assets/Japanese Government Securities (f),100 million yen,MONTHLY,Bank of Japan Accounts,20260903,201801,4460764
MABJMA5,Bank of Japan Accounts/Assets/Japanese Government Securities (f),100 million yen,MONTHLY,Bank of Japan Accounts,20260903,201802,4517864
MABJMA5,Bank of Japan Accounts/Assets/Japanese Government Securities (f),100 million yen,MONTHLY,Bank of Japan Accounts,20260903,201803,4483261
MABJMA5,Bank of Japan Accounts/Assets/Japanese Government Securities (f),100 million yen,MONTHLY,Bank of Japan Accounts,20260903,201804,4539787
MABJMA5,Bank of Japan Accounts/Assets/Japanese Government Securities (f),100 million yen,MONTHLY,Bank of Japan Accounts,20260903,201805,4593943
MABJMA5,Bank of Japan Accounts/Assets/Japanese Government Securities (f),100 million yen,MONTHLY,Bank of Japan Accounts,20260903,201806,4547638
MABJMA5,Bank of Japan Accounts/Assets/Japanese Government Securities (f),100 million yen,MONTHLY,Bank of Japan Accounts,20260903,201807,4637204
MABJMA5,Bank of Japan Accounts/Assets/Japanese Government Securities (f),100 million yen,MONTHLY,Bank of Japan Accounts,20260903,201808,4682067
MABJMA5,Bank of Japan Accounts/Assets/Japanese Government Securities (f),100 million yen,MONTHLY,Bank of Japan Accounts,20260903,201809,4621375
MABJMA5,Bank of Japan Accounts/Assets/Japanese Government Securities (f),100 million yen,MONTHLY,Bank of Japan Accounts,20260903,201810,4676544
MABJMA5,Bank of Japan Accounts/Assets/Japanese Government Securities (f),100 million yen,MONTHLY,Bank of Japan Accounts,20260903,201811,4705591
MABJMA5,Bank of Japan Accounts/Assets/Japanese Government Securities (f),100 million yen,MONTHLY,Bank of Japan Accounts,20260903,201812,4675585
MABJMA5,Bank of Japan Accounts/Assets/Japanese Government Securities (f),100 million yen,MONTHLY,Bank of Japan Accounts,20260903,201901,4714514
MABJMA5,Bank of Japan Accounts/Assets/Japanese Government Securities (f),100 million yen,MONTHLY,Bank of Japan Accounts,20260903,201902,4762643
MABJMA5,Bank of Japan Accounts/Assets/Japanese Government Securities (f),100 million yen,MONTHLY,Bank of Japan Accounts,20260903,201903,4699538
MABJMA5,Bank of Japan Accounts/Assets/Japanese Government Securities (f),100 million yen,MONTHLY,Bank of Japan Accounts,20260903,201904,4744670
MABJMA5,Bank of Japan Accounts/Assets/Japanese Government Securities (f),100 million yen,MONTHLY,Bank of Japan Accounts,20260903,201905,4794303
MABJMA5,Bank of Japan Accounts/Assets/Japanese Government Securities (f),100 million yen,MONTHLY,Bank of Japan Accounts,20260903,201906,4763453
MABJMA5,Bank of Japan Accounts/Assets/Japanese Government Securities (f),100 million yen,MONTHLY,Bank of Japan Accounts,20260903,201907,4798933
MABJMA5,Bank of Japan Accounts/Assets/Japanese Government Securities (f),100 million yen,MONTHLY,Bank of Japan Accounts,20260903,201908,4837437
MABJMA5,Bank of Japan Accounts/Assets/Japanese Government Securities (f),100 million yen,MONTHLY,Bank of Japan Accounts,20260903,201909,4796810
MABJMA5,Bank of Japan Accounts/Assets/Japanese Government Securities (f),100 million yen,MONTHLY,Bank of Japan Accounts,20260903,201910,4848447
MABJMA5,Bank of Japan Accounts/Assets/Japanese Government Securities (f),100 million yen,MONTHLY,Bank of Japan Accounts,20260903,201911,4877969
MABJMA5,Bank of Japan Accounts/Assets/Japanese Government Securities (f),100 million yen,MONTHLY,Bank of Japan Accounts,20260903,201912,4813419
MABJMA5,Bank of Japan Accounts/Assets/Japanese Government Securities (f),100 million yen,MONTHLY,Bank of Japan Accounts,20260903,202001,4861759
MABJMA5,Bank of Japan Accounts/Assets/Japanese Government Securities (f),100 million yen,MONTHLY,Bank of Japan Accounts,20260903,202002,4923670
MABJMA5,Bank of Japan Accounts/Assets/Japanese Government Securities (f),100 million yen,MONTHLY,Bank of Japan Accounts,20260903,202003,4859181
MABJMA5,Bank of Japan Accounts/Assets/Japanese Government Securities (f),100 million yen,MONTHLY,Bank of Japan Accounts,20260903,202004,4927053
MABJMA5,Bank of Japan Accounts/Assets/Japanese Government Securities (f),100 million yen,MONTHLY,Bank of Japan Accounts,20260903,202005,5001671
MABJMA5,Bank of Japan Accounts/Assets/Japanese Government Securities (f),100 million yen,MONTHLY,Bank of Japan Accounts,20260903,202006,5091733
MABJMA5,Bank of Japan Accounts/Assets/Japanese Government Securities (f),100 million yen,MONTHLY,Bank of Japan Accounts,20260903,202007,5266639
MABJMA5,Bank of Japan Accounts/Assets/Japanese Government Securities (f),100 million yen,MONTHLY,Bank of Japan Accounts,20260903,202008,5357122
MABJMA5,Bank of Japan Accounts/Assets/Japanese Government Securities (f),100 million yen,MONTHLY,Bank of Japan Accounts,20260903,202009,5299563
MABJMA5,Bank of Japan Accounts/Assets/Japanese Government Securities (f),100 million yen,MONTHLY,Bank of Japan Accounts,20260903,202010,5361247
MABJMA5,Bank of Japan Accounts/Assets/Japanese Government Securities (f),100 million yen,MONTHLY,Bank of Japan Accounts,20260903,202011,5391971
MABJMA5,Bank of Japan Accounts/Assets/Japanese Government Securities (f),100 million yen,MONTHLY,Bank of Japan Accounts,20260903,202012,5355098
MABJMA5,Bank of Japan Accounts/Assets/Japanese Government Securities (f),100 million yen,MONTHLY,Bank of Japan Accounts,20260903,202101,5366476
MABJMA5,Bank of Japan Accounts/Assets/Japanese Government Securities (f),100 million yen,MONTHLY,Bank of Japan Accounts,20260903,202102,5398366
MABJMA5,Bank of Japan Accounts/Assets/Japanese Government Securities (f),100 million yen,MONTHLY,Bank of Japan Accounts,20260903,202103,5321652
MABJMA5,Bank of Japan Accounts/Assets/Japanese Government Securities (f),100 million yen,MONTHLY,Bank of Japan Accounts,20260903,202104,5360979
MABJMA5,Bank of Japan Accounts/Assets/Japanese Government Securities (f),100 million yen,MONTHLY,Bank of Japan Accounts,20260903,202105,5385507
MABJMA5,Bank of Japan Accounts/Assets/Japanese Government Securities (f),100 million yen,MONTHLY,Bank of Japan Accounts,20260903,202106,5299654
MABJMA5,Bank of Japan Accounts/Assets/Japanese Government Securities (f),100 million yen,MONTHLY,Bank of Japan Accounts,20260903,202107,5344157
MABJMA5,Bank of Japan Accounts/Assets/Japanese Government Securities (f),100 million yen,MONTHLY,Bank of Japan Accounts,20260903,202108,5361744
MABJMA5,Bank of Japan Accounts/Assets/Japanese Government Securities (f),100 million yen,MONTHLY,Bank of Japan Accounts,20260903,202109,5280295
MABJMA5,Bank of Japan Accounts/Assets/Japanese Government Securities (f),100 million yen,MONTHLY,Bank of Japan Accounts,20260903,202110,5279579
MABJMA5,Bank of Japan Accounts/Assets/Japanese Government Securities (f),100 million yen,MONTHLY,Bank of Japan Accounts,20260903,202111,5294973
MABJMA5,Bank of Japan Accounts/Assets/Japanese Government Securities (f),100 million yen,MONTHLY,Bank of Japan Accounts,20260903,202112,5211195
MABJMA5,Bank of Japan Accounts/Assets/Japanese Government Securities (f),100 million yen,MONTHLY,Bank of Japan Accounts,20260903,202201,5232279
MABJMA5,Bank of Japan Accounts/Assets/Japanese Government Securities (f),100 million yen,MONTHLY,Bank of Japan Accounts,20260903,202202,5275472
MABJMA5,Bank of Japan Accounts/Assets/Japanese Government Securities (f),100 million yen,MONTHLY,Bank of Japan Accounts,20260903,202203,5261736
MABJMA5,Bank of Japan Accounts/Assets/Japanese Government Securities (f),100 million yen,MONTHLY,Bank of Japan Accounts,20260903,202204,5338814
MABJMA5,Bank of Japan Accounts/Assets/Japanese Government Securities (f),100 million yen,MONTHLY,Bank of Japan Accounts,20260903,202205,5381785
MABJMA5,Bank of Japan Accounts/Assets/Japanese Government Securities (f),100 million yen,MONTHLY,Bank of Japan Accounts,20260903,202206,5424527
MABJMA5,Bank of Japan Accounts/Assets/Japanese Government Securities (f),100 million yen,MONTHLY,Bank of Japan Accounts,20260903,202207,5452620
MABJMA5,Bank of Japan Accounts/Assets/Japanese Government Securities (f),100 million yen,MONTHLY,Bank of Japan Accounts,20260903,202208,5476088
MABJMA5,Bank of Japan Accounts/Assets/Japanese Government Securities (f),100 million yen,MONTHLY,Bank of Japan Accounts,20260903,202209,5455211
MABJMA5,Bank of Japan Accounts/Assets/Japanese Government Securities (f),100 million yen,MONTHLY,Bank of Japan Accounts,20260903,202210,5565499
MABJMA5,Bank of Japan Accounts/Assets/Japanese Government Securities (f),100 million yen,MONTHLY,Bank of Japan Accounts,20260903,202211,5614526
MABJMA5,Bank of Japan Accounts/Assets/Japanese Government Securities (f),100 million yen,MONTHLY,Bank of Japan Accounts,20260903,202212,5641557
MABJMA5,Bank of Japan Accounts/Assets/Japanese Government Securities (f),100 million yen,MONTHLY,Bank of Japan Accounts,20260903,202301,5835491
MABJMA5,Bank of Japan Accounts/Assets/Japanese Government Securities (f),100 million yen,MONTHLY,Bank of Japan Accounts,20260903,202302,5883099
MABJMA5,Bank of Japan Accounts/Assets/Japanese Government Securities (f),100 million yen,MONTHLY,Bank of Japan Accounts,20260903,202303,5817206
MABJMA5,Bank of Japan Accounts/Assets/Japanese Government Securities (f),100 million yen,MONTHLY,Bank of Japan Accounts,20260903,202304,5866295
MABJMA5,Bank of Japan Accounts/Assets/Japanese Government Securities (f),100 million yen,MONTHLY,Bank of Japan Accounts,20260903,202305,5928156
MABJMA5,Bank of Japan Accounts/Assets/Japanese Government Securities (f),100 million yen,MONTHLY,Bank of Japan Accounts,20260903,202306,5828729
MABJMA5,Bank of Japan Accounts/Assets/Japanese Government Securities (f),100 million yen,MONTHLY,Bank of Japan Accounts,20260903,202307,5898803
MABJMA5,Bank of Japan Accounts/Assets/Japanese Government Securities (f),100 million yen,MONTHLY,Bank of Japan Accounts,20260903,202308,5964278
MABJMA5,Bank of Japan Accounts/Assets/Japanese Government Securities (f),100 million yen,MONTHLY,Bank of Japan Accounts,20260903,202309,5868781
MABJMA5,Bank of Japan Accounts/Assets/Japanese Government Securities (f),100 million yen,MONTHLY,Bank of Japan Accounts,20260903,202310,5948528
MABJMA5,Bank of Japan Accounts/Assets/Japanese Government Securities (f),100 million yen,MONTHLY,Bank of Japan Accounts,20260903,202311,6000647
MABJMA5,Bank of Japan Accounts/Assets/Japanese Government Securities (f),100 million yen,MONTHLY,Bank of Japan Accounts,20260903,202312,5922695
MABJMA5,Bank of Japan Accounts/Assets/Japanese Government Securities (f),100 million yen,MONTHLY,Bank of Japan Accounts,20260903,202401,5968971
MABJMA5,Bank of Japan Accounts/Assets/Japanese Government Securities (f),100 million yen,MONTHLY,Bank of Japan Accounts,20260903,202402,6007696
MABJMA5,Bank of Japan Accounts/Assets/Japanese Government Securities (f),100 million yen,MONTHLY,Bank of Japan Accounts,20260903,202403,5896634
MABJMA5,Bank of Japan Accounts/Assets/Japanese Government Securities (f),100 million yen,MONTHLY,Bank of Japan Accounts,20260903,202404,5937579
MABJMA5,Bank of Japan Accounts/Assets/Japanese Government Securities (f),100 million yen,MONTHLY,Bank of Japan Accounts,20260903,202405,5967126
MABJMA5,Bank of Japan Accounts/Assets/Japanese Government Securities (f),100 million yen,MONTHLY,Bank of Japan Accounts,20260903,202406,5884969
MABJMA5,Bank of Japan Accounts/Assets/Japanese Government Securities (f),100 million yen,MONTHLY,Bank of Japan Accounts,20260903,202407,5927967
MABJMA5,Bank of Japan Accounts/Assets/Japanese Government Securities (f),100 million yen,MONTHLY,Bank of Japan Accounts,20260903,202408,5961587
MABJMA5,Bank of Japan Accounts/Assets/Japanese Government Securities (f),100 million yen,MONTHLY,Bank of Japan Accounts,20260903,202409,5854538
MABJMA5,Bank of Japan Accounts/Assets/Japanese Government Securities (f),100 million yen,MONTHLY,Bank of Japan Accounts,20260903,202410,5893327
MABJMA5,Bank of Japan Accounts/Assets/Japanese Government Securities (f),100 million yen,MONTHLY,Bank of Japan Accounts,20260903,202411,5925952
MABJMA5,Bank of Japan Accounts/Assets/Japanese Government Securities (f),100 million yen,MONTHLY,Bank of Japan Accounts,20260903,202412,5823627
MABJMA5,Bank of Japan Accounts/Assets/Japanese Government Securities (f),100 million yen,MONTHLY,Bank of Japan Accounts,20260903,202501,5855453
MABJMA5,Bank of Japan Accounts/Assets/Japanese Government Securities (f),100 million yen,MONTHLY,Bank of Japan Accounts,20260903,202502,5885077
MABJMA5,Bank of Japan Accounts/Assets/Japanese Government Securities (f),100 million yen,MONTHLY,Bank of Japan Accounts,20260903,202503,5759308
MABJMA5,Bank of Japan Accounts/Assets/Japanese Government Securities (f),100 million yen,MONTHLY,Bank of Japan Accounts,20260903,202504,5782800
MABJMA5,Bank of Japan Accounts/Assets/Japanese Government Securities (f),100 million yen,MONTHLY,Bank of Japan Accounts,20260903,202505,5807331
MABJMA5,Bank of Japan Accounts/Assets/Japanese Government Securities (f),100 million yen,MONTHLY,Bank of Japan Accounts,20260903,202506,5675116
MABJMA5,Bank of Japan Accounts/Assets/Japanese Government Securities (f),100 million yen,MONTHLY,Bank of Japan Accounts,20260903,202507,5688986
MABJMA5,Bank of Japan Accounts/Assets/Japanese Government Securities (f),100 million yen,MONTHLY,Bank of Japan Accounts,20260903,202508,5716487
MABJMA5,Bank of Japan Accounts/Assets/Japanese Government Securities (f),100 million yen,MONTHLY,Bank of Japan Accounts,20260903,202509,5567576
MABJMA5,Bank of Japan Accounts/Assets/Japanese Government Securities (f),100 million yen,MONTHLY,Bank of Japan Accounts,20260903,202510,5581586
MABJMA5,Bank of Japan Accounts/Assets/Japanese Government Securities (f),100 million yen,MONTHLY,Bank of Japan Accounts,20260903,202511,5597938
MABJMA5,Bank of Japan Accounts/Assets/Japanese Government Securities (f),100 million yen,MONTHLY,Bank of Japan Accounts,20260903,202512,5443951
MABJMA5,Bank of Japan Accounts/Assets/Japanese Government Securities (f),100 million yen,MONTHLY,Bank of Japan Accounts,20260903,202601,5455827
MABJMA5,Bank of Japan Accounts/Assets/Japanese Government Securities (f),100 million yen,MONTHLY,Bank of Japan Accounts,20260903,202602,5466799
MABJMA5,Bank of Japan Accounts/Assets/Japanese Government Securities (f),100 million yen,MONTHLY,Bank of Japan Accounts,20260903,202603,5308695
MABJMA5,Bank of Japan Accounts/Assets/Japanese Government Securities (f),100 million yen,MONTHLY,Bank of Japan Accounts,20260903,202604,5319488
MABJMA5,Bank of Japan Accounts/Assets/Japanese Government Securities (f),100 million yen,MONTHLY,Bank of Japan Accounts,20260903,202605,5331355
MABJMA5,Bank of Japan Accounts/Assets/Japanese Government Securities (f),100 million yen,MONTHLY,Bank of Japan Accounts,20260903,202606,5183423
MABJMA5,Bank of Japan Accounts/Assets/Japanese Government Securities (f),100 million yen,MONTHLY,Bank of Japan Accounts,20260903,202607,5193818
MABJMA5,Bank of Japan Accounts/Assets/Japanese Government Securities (f),100 million yen,MONTHLY,Bank of Japan Accounts,20260903,202608,5199276
MABJML1,Bank of Japan Accounts/Liabilities and Net Assets/Banknotes,100 million yen,MONTHLY,Bank of Japan Accounts,20260903,199804,496590
MABJML1,Bank of Japan Accounts/Liabilities and Net Assets/Banknotes,100 million yen,MONTHLY,Bank of Japan Accounts,20260903,199805,480846
MABJML1,Bank of Japan Accounts/Liabilities and Net Assets/Banknotes,100 million yen,MONTHLY,Bank of Japan Accounts,20260903,199806,497677
MABJML1,Bank of Japan Accounts/Liabilities and Net Assets/Banknotes,100 million yen,MONTHLY,Bank of Japan Accounts,20260903,199807,492795
MABJML1,Bank of Japan Accounts/Liabilities and Net Assets/Banknotes,100 million yen,MONTHLY,Bank of Japan Accounts,20260903,199808,488495
MABJML1,Bank of Japan Accounts/Liabilities and Net Assets/Banknotes,100 million yen,MONTHLY,Bank of Japan Accounts,20260903,199809,486769
MABJML1,Bank of Japan Accounts/Liabilities and Net Assets/Banknotes,100 million yen,MONTHLY,Bank of Japan Accounts,20260903,199810,494455
MABJML1,Bank of Japan Accounts/Liabilities and Net Assets/Banknotes,100 million yen,MONTHLY,Bank of Japan Accounts,20260903,199811,498054
MABJML1,Bank of Japan Accounts/Liabilities and Net Assets/Banknotes,100 million yen,MONTHLY,Bank of Japan Accounts,20260903,199812,558648
MABJML1,Bank of Japan Accounts/Liabilities and Net Assets/Banknotes,100 million yen,MONTHLY,Bank of Japan Accounts,20260903,199901,506424
MABJML1,Bank of Japan Accounts/Liabilities and Net Assets/Banknotes,100 million yen,MONTHLY,Bank of Japan Accounts,20260903,199902,512528
MABJML1,Bank of Japan Accounts/Liabilities and Net Assets/Banknotes,100 million yen,MONTHLY,Bank of Japan Accounts,20260903,199903,512866
MABJML1,Bank of Japan Accounts/Liabilities and Net Assets/Banknotes,100 million yen,MONTHLY,Bank of Japan Accounts,20260903,199904,529324
MABJML1,Bank of Japan Accounts/Liabilities and Net Assets/Banknotes,100 million yen,MONTHLY,Bank of Japan Accounts,20260903,199905,508431
MABJML1,Bank of Japan Accounts/Liabilities and Net Assets/Banknotes,100 million yen,MONTHLY,Bank of Japan Accounts,20260903,199906,523026
MABJML1,Bank of Japan Accounts/Liabilities and Net Assets/Banknotes,100 million yen,MONTHLY,Bank of Japan Accounts,20260903,199907,521355
MABJML1,Bank of Japan Accounts/Liabilities and Net Assets/Banknotes,100 million yen,MONTHLY,Bank of Japan Accounts,20260903,199908,514103
MABJML1,Bank of Japan Accounts/Liabilities and Net Assets/Banknotes,100 million yen,MONTHLY,Bank of Japan Accounts,20260903,199909,513885
MABJML1,Bank of Japan Accounts/Liabilities and Net Assets/Banknotes,100 million yen,MONTHLY,Bank of Japan Accounts,20260903,199910,522150
MABJML1,Bank of Japan Accounts/Liabilities and Net Assets/Banknotes,100 million yen,MONTHLY,Bank of Japan Accounts,20260903,199911,527384
MABJML1,Bank of Japan Accounts/Liabilities and Net Assets/Banknotes,100 million yen,MONTHLY,Bank of Japan Accounts,20260903,199912,654047
MABJML1,Bank of Japan Accounts/Liabilities and Net Assets/Banknotes,100 million yen,MONTHLY,Bank of Japan Accounts,20260903,200001,543115
MABJML1,Bank of Japan Accounts/Liabilities and Net Assets/Banknotes,100 million yen,MONTHLY,Bank of Japan Accounts,20260903,200002,543200
MABJML1,Bank of Japan Accounts/Liabilities and Net Assets/Banknotes,100 million yen,MONTHLY,Bank of Japan Accounts,20260903,200003,571201
MABJML1,Bank of Japan Accounts/Liabilities and Net Assets/Banknotes,100 million yen,MONTHLY,Bank of Japan Accounts,20260903,200004,568892
MABJML1,Bank of Japan Accounts/Liabilities and Net Assets/Banknotes,100 million yen,MONTHLY,Bank of Japan Accounts,20260903,200005,537223
MABJML1,Bank of Japan Accounts/Liabilities and Net Assets/Banknotes,100 million yen,MONTHLY,Bank of Japan Accounts,20260903,200006,553186
MABJML1,Bank of Japan Accounts/Liabilities and Net Assets/Banknotes,100 million yen,MONTHLY,Bank of Japan Accounts,20260903,200007,550954
MABJML1,Bank of Japan Accounts/Liabilities and Net Assets/Banknotes,100 million yen,MONTHLY,Bank of Japan Accounts,20260903,200008,543433
MABJML1,Bank of Japan Accounts/Liabilities and Net Assets/Banknotes,100 million yen,MONTHLY,Bank of Japan Accounts,20260903,200009,557195
MABJML1,Bank of Japan Accounts/Liabilities and Net Assets/Banknotes,100 million yen,MONTHLY,Bank of Japan Accounts,20260903,200010,565522
MABJML1,Bank of Japan Accounts/Liabilities and Net Assets/Banknotes,100 million yen,MONTHLY,Bank of Japan Accounts,20260903,200011,571691
MABJML1,Bank of Japan Accounts/Liabilities and Net Assets/Banknotes,100 million yen,MONTHLY,Bank of Japan Accounts,20260903,200012,633972
MABJML1,Bank of Japan Accounts/Liabilities and Net Assets/Banknotes,100 million yen,MONTHLY,Bank of Japan Accounts,20260903,200101,575265
MABJML1,Bank of Japan Accounts/Liabilities and Net Assets/Banknotes,100 million yen,MONTHLY,Bank of Japan Accounts,20260903,200102,572364
MABJML1,Bank of Japan Accounts/Liabilities and Net Assets/Banknotes,100 million yen,MONTHLY,Bank of Japan Accounts,20260903,200103,586744
MABJML1,Bank of Japan Accounts/Liabilities and Net Assets/Banknotes,100 million yen,MONTHLY,Bank of Japan Accounts,20260903,200104,600389
MABJML1,Bank of Japan Accounts/Liabilities and Net Assets/Banknotes,100 million yen,MONTHLY,Bank of Japan Accounts,20260903,200105,578540
MABJML1,Bank of Japan Accounts/Liabilities and Net Assets/Banknotes,100 million yen,MONTHLY,Bank of Japan Accounts,20260903,200106,610778
MABJML1,Bank of Japan Accounts/Liabilities and Net Assets/Banknotes,100 million yen,MONTHLY,Bank of Japan Accounts,20260903,200107,596577
MABJML1,Bank of Japan Accounts/Liabilities and Net Assets/Banknotes,100 million yen,MONTHLY,Bank of Japan Accounts,20260903,200108,590558
MABJML1,Bank of Japan Accounts/Liabilities and Net Assets/Banknotes,100 million yen,MONTHLY,Bank of Japan Accounts,20260903,200109,597294
MABJML1,Bank of Japan Accounts/Liabilities and Net Assets/Banknotes,100 million yen,MONTHLY,Bank of Japan Accounts,20260903,200110,602384
MABJML1,Bank of Japan Accounts/Liabilities and Net Assets/Banknotes,100 million yen,MONTHLY,Bank of Japan Accounts,20260903,200111,614190
MABJML1,Bank of Japan Accounts/Liabilities and Net Assets/Banknotes,100 million yen,MONTHLY,Bank of Japan Accounts,20260903,200112,690042
MABJML1,Bank of Japan Accounts/Liabilities and Net Assets/Banknotes,100 million yen,MONTHLY,Bank of Japan Accounts,20260903,200201,639497
MABJML1,Bank of Japan Accounts/Liabilities and Net Assets/Banknotes,100 million yen,MONTHLY,Bank of Japan Accounts,20260903,200202,649304
MABJML1,Bank of Japan Accounts/Liabilities and Net Assets/Banknotes,100 million yen,MONTHLY,Bank of Japan Accounts,20260903,200203,678762
MABJML1,Bank of Japan Accounts/Liabilities and Net Assets/Banknotes,100 million yen,MONTHLY,Bank of Japan Accounts,20260903,200204,691885
MABJML1,Bank of Japan Accounts/Liabilities and Net Assets/Banknotes,100 million yen,MONTHLY,Bank of Japan Accounts,20260903,200205,667973
MABJML1,Bank of Japan Accounts/Liabilities and Net Assets/Banknotes,100 million yen,MONTHLY,Bank of Japan Accounts,20260903,200206,682032
MABJML1,Bank of Japan Accounts/Liabilities and Net Assets/Banknotes,100 million yen,MONTHLY,Bank of Japan Accounts,20260903,200207,672651
MABJML1,Bank of Japan Accounts/Liabilities and Net Assets/Banknotes,100 million yen,MONTHLY,Bank of Japan Accounts,20260903,200208,671865
MABJML1,Bank of Japan Accounts/Liabilities and Net Assets/Banknotes,100 million yen,MONTHLY,Bank of Japan Accounts,20260903,200209,671463
MABJML1,Bank of Japan Accounts/Liabilities and Net Assets/Banknotes,100 million yen,MONTHLY,Bank of Japan Accounts,20260903,200210,675917
MABJML1,Bank of Japan Accounts/Liabilities and Net Assets/Banknotes,100 million yen,MONTHLY,Bank of Japan Accounts,20260903,200211,680952
MABJML1,Bank of Japan Accounts/Liabilities and Net Assets/Banknotes,100 million yen,MONTHLY,Bank of Japan Accounts,20260903,200212,754718
MABJML1,Bank of Japan Accounts/Liabilities and Net Assets/Banknotes,100 million yen,MONTHLY,Bank of Japan Accounts,20260903,200301,694413
MABJML1,Bank of Japan Accounts/Liabilities and Net Assets/Banknotes,100 million yen,MONTHLY,Bank of Japan Accounts,20260903,200302,699390
MABJML1,Bank of Japan Accounts/Liabilities and Net Assets/Banknotes,100 million yen,MONTHLY,Bank of Japan Accounts,20260903,200303,710573
MABJML1,Bank of Japan Accounts/Liabilities and Net Assets/Banknotes,100 million yen,MONTHLY,Bank of Japan Accounts,20260903,200304,714217
MABJML1,Bank of Japan Accounts/Liabilities and Net Assets/Banknotes,100 million yen,MONTHLY,Bank of Japan Accounts,20260903,200305,702996
MABJML1,Bank of Japan Accounts/Liabilities and Net Assets/Banknotes,100 million yen,MONTHLY,Bank of Japan Accounts,20260903,200306,712370
MABJML1,Bank of Japan Accounts/Liabilities and Net Assets/Banknotes,100 million yen,MONTHLY,Bank of Japan Accounts,20260903,200307,708445
MABJML1,Bank of Japan Accounts/Liabilities and Net Assets/Banknotes,100 million yen,MONTHLY,Bank of Japan Accounts,20260903,200308,707083
MABJML1,Bank of Japan Accounts/Liabilities and Net Assets/Banknotes,100 million yen,MONTHLY,Bank of Japan Accounts,20260903,200309,700632
MABJML1,Bank of Japan Accounts/Liabilities and Net Assets/Banknotes,100 million yen,MONTHLY,Bank of Japan Accounts,20260903,200310,706309
MABJML1,Bank of Japan Accounts/Liabilities and Net Assets/Banknotes,100 million yen,MONTHLY,Bank of Japan Accounts,20260903,200311,709523
MABJML1,Bank of Japan Accounts/Liabilities and Net Assets/Banknotes,100 million yen,MONTHLY,Bank of Japan Accounts,20260903,200312,769096
MABJML1,Bank of Japan Accounts/Liabilities and Net Assets/Banknotes,100 million yen,MONTHLY,Bank of Japan Accounts,20260903,200401,715100
MABJML1,Bank of Japan Accounts/Liabilities and Net Assets/Banknotes,100 million yen,MONTHLY,Bank of Japan Accounts,20260903,200402,713872
MABJML1,Bank of Japan Accounts/Liabilities and Net Assets/Banknotes,100 million yen,MONTHLY,Bank of Japan Accounts,20260903,200403,714032
MABJML1,Bank of Japan Accounts/Liabilities and Net Assets/Banknotes,100 million yen,MONTHLY,Bank of Japan Accounts,20260903,200404,732269
MABJML1,Bank of Japan Accounts/Liabilities and Net Assets/Banknotes,100 million yen,MONTHLY,Bank of Japan Accounts,20260903,200405,711137
MABJML1,Bank of Japan Accounts/Liabilities and Net Assets/Banknotes,100 million yen,MONTHLY,Bank of Japan Accounts,20260903,200406,715284
MABJML1,Bank of Japan Accounts/Liabilities and Net Assets/Banknotes,100 million yen,MONTHLY,Bank of Japan Accounts,20260903,200407,716888
MABJML1,Bank of Japan Accounts/Liabilities and Net Assets/Banknotes,100 million yen,MONTHLY,Bank of Japan Accounts,20260903,200408,716426
MABJML1,Bank of Japan Accounts/Liabilities and Net Assets/Banknotes,100 million yen,MONTHLY,Bank of Japan Accounts,20260903,200409,714726
MABJML1,Bank of Japan Accounts/Liabilities and Net Assets/Banknotes,100 million yen,MONTHLY,Bank of Japan Accounts,20260903,200410,718016
MABJML1,Bank of Japan Accounts/Liabilities and Net Assets/Banknotes,100 million yen,MONTHLY,Bank of Japan Accounts,20260903,200411,725932
MABJML1,Bank of Japan Accounts/Liabilities and Net Assets/Banknotes,100 million yen,MONTHLY,Bank of Japan Accounts,20260903,200412,779564
MABJML1,Bank of Japan Accounts/Liabilities and Net Assets/Banknotes,100 million yen,MONTHLY,Bank of Japan Accounts,20260903,200501,732144
MABJML1,Bank of Japan Accounts/Liabilities and Net Assets/Banknotes,100 million yen,MONTHLY,Bank of Japan Accounts,20260903,200502,730816
MABJML1,Bank of Japan Accounts/Liabilities and Net Assets/Banknotes,100 million yen,MONTHLY,Bank of Japan Accounts,20260903,200503,746719
MABJML1,Bank of Japan Accounts/Liabilities and Net Assets/Banknotes,100 million yen,MONTHLY,Bank of Japan Accounts,20260903,200504,760065
MABJML1,Bank of Japan Accounts/Liabilities and Net Assets/Banknotes,100 million yen,MONTHLY,Bank of Japan Accounts,20260903,200505,734516
MABJML1,Bank of Japan Accounts/Liabilities and Net Assets/Banknotes,100 million yen,MONTHLY,Bank of Japan Accounts,20260903,200506,740167
MABJML1,Bank of Japan Accounts/Liabilities and Net Assets/Banknotes,100 million yen,MONTHLY,Bank of Japan Accounts,20260903,200507,740976
MABJML1,Bank of Japan Accounts/Liabilities and Net Assets/Banknotes,100 million yen,MONTHLY,Bank of Japan Accounts,20260903,200508,735764
MABJML1,Bank of Japan Accounts/Liabilities and Net Assets/Banknotes,100 million yen,MONTHLY,Bank of Japan Accounts,20260903,200509,734711
MABJML1,Bank of Japan Accounts/Liabilities and Net Assets/Banknotes,100 million yen,MONTHLY,Bank of Japan Accounts,20260903,200510,737916
MABJML1,Bank of Japan Accounts/Liabilities and Net Assets/Banknotes,100 million yen,MONTHLY,Bank of Japan Accounts,20260903,200511,739132
MABJML1,Bank of Japan Accounts/Liabilities and Net Assets/Banknotes,100 million yen,MONTHLY,Bank of Japan Accounts,20260903,200512,792705
MABJML1,Bank of Japan Accounts/Liabilities and Net Assets/Banknotes,100 million yen,MONTHLY,Bank of Japan Accounts,20260903,200601,747488
MABJML1,Bank of Japan Accounts/Liabilities and Net Assets/Banknotes,100 million yen,MONTHLY,Bank of Japan Accounts,20260903,200602,746616
MABJML1,Bank of Japan Accounts/Liabilities and Net Assets/Banknotes,100 million yen,MONTHLY,Bank of Japan Accounts,20260903,200603,749781
MABJML1,Bank of Japan Accounts/Liabilities and Net Assets/Banknotes,100 million yen,MONTHLY,Bank of Japan Accounts,20260903,200604,760911
MABJML1,Bank of Japan Accounts/Liabilities and Net Assets/Banknotes,100 million yen,MONTHLY,Bank of Japan Accounts,20260903,200605,739543
MABJML1,Bank of Japan Accounts/Liabilities and Net Assets/Banknotes,100 million yen,MONTHLY,Bank of Japan Accounts,20260903,200606,745626
MABJML1,Bank of Japan Accounts/Liabilities and Net Assets/Banknotes,100 million yen,MONTHLY,Bank of Japan Accounts,20260903,200607,746246
MABJML1,Bank of Japan Accounts/Liabilities and Net Assets/Banknotes,100 million yen,MONTHLY,Bank of Japan Accounts,20260903,200608,744769
MABJML1,Bank of Japan Accounts/Liabilities and Net Assets/Banknotes,100 million yen,MONTHLY,Bank of Japan Accounts,20260903,200609,741388
MABJML1,Bank of Japan Accounts/Liabilities and Net Assets/Banknotes,100 million yen,MONTHLY,Bank of Japan Accounts,20260903,200610,744469
MABJML1,Bank of Japan Accounts/Liabilities and Net Assets/Banknotes,100 million yen,MONTHLY,Bank of Japan Accounts,20260903,200611,745566
MABJML1,Bank of Japan Accounts/Liabilities and Net Assets/Banknotes,100 million yen,MONTHLY,Bank of Japan Accounts,20260903,200612,798367
MABJML1,Bank of Japan Accounts/Liabilities and Net Assets/Banknotes,100 million yen,MONTHLY,Bank of Japan Accounts,20260903,200701,752440
MABJML1,Bank of Japan Accounts/Liabilities and Net Assets/Banknotes,100 million yen,MONTHLY,Bank of Japan Accounts,20260903,200702,756627
MABJML1,Bank of Japan Accounts/Liabilities and Net Assets/Banknotes,100 million yen,MONTHLY,Bank of Japan Accounts,20260903,200703,758941
MABJML1,Bank of Japan Accounts/Liabilities and Net Assets/Banknotes,100 million yen,MONTHLY,Bank of Japan Accounts,20260903,200704,771287
MABJML1,Bank of Japan Accounts/Liabilities and Net Assets/Banknotes,100 million yen,MONTHLY,Bank of Japan Accounts,20260903,200705,749858
MABJML1,Bank of Japan Accounts/Liabilities and Net Assets/Banknotes,100 million yen,MONTHLY,Bank of Japan Accounts,20260903,200706,758370
MABJML1,Bank of Japan Accounts/Liabilities and Net Assets/Banknotes,100 million yen,MONTHLY,Bank of Japan Accounts,20260903,200707,755407
MABJML1,Bank of Japan Accounts/Liabilities and Net Assets/Banknotes,100 million yen,MONTHLY,Bank of Japan Accounts,20260903,200708,752063
MABJML1,Bank of Japan Accounts/Liabilities and Net Assets/Banknotes,100 million yen,MONTHLY,Bank of Japan Accounts,20260903,200709,756298
MABJML1,Bank of Japan Accounts/Liabilities and Net Assets/Banknotes,100 million yen,MONTHLY,Bank of Japan Accounts,20260903,200710,755892
MABJML1,Bank of Japan Accounts/Liabilities and Net Assets/Banknotes,100 million yen,MONTHLY,Bank of Japan Accounts,20260903,200711,758486
MABJML1,Bank of Japan Accounts/Liabilities and Net Assets/Banknotes,100 million yen,MONTHLY,Bank of Japan Accounts,20260903,200712,812777
MABJML1,Bank of Japan Accounts/Liabilities and Net Assets/Banknotes,100 million yen,MONTHLY,Bank of Japan Accounts,20260903,200801,762561
MABJML1,Bank of Japan Accounts/Liabilities and Net Assets/Banknotes,100 million yen,MONTHLY,Bank of Japan Accounts,20260903,200802,763579
MABJML1,Bank of Japan Accounts/Liabilities and Net Assets/Banknotes,100 million yen,MONTHLY,Bank of Japan Accounts,20260903,200803,764615
MABJML1,Bank of Japan Accounts/Liabilities and Net Assets/Banknotes,100 million yen,MONTHLY,Bank of Japan Accounts,20260903,200804,773312
MABJML1,Bank of Japan Accounts/Liabilities and Net Assets/Banknotes,100 million yen,MONTHLY,Bank of Japan Accounts,20260903,200805,755697
MABJML1,Bank of Japan Accounts/Liabilities and Net Assets/Banknotes,100 million yen,MONTHLY,Bank of Japan Accounts,20260903,200806,762909
MABJML1,Bank of Japan Accounts/Liabilities and Net Assets/Banknotes,100 million yen,MONTHLY,Bank of Japan Accounts,20260903,200807,760337
MABJML1,Bank of Japan Accounts/Liabilities and Net Assets/Banknotes,100 million yen,MONTHLY,Bank of Japan Accounts,20260903,200808,759270
MABJML1,Bank of Japan Accounts/Liabilities and Net Assets/Banknotes,100 million yen,MONTHLY,Bank of Japan Accounts,20260903,200809,754929
MABJML1,Bank of Japan Accounts/Liabilities and Net Assets/Banknotes,100 million yen,MONTHLY,Bank of Japan Accounts,20260903,200810,766116
MABJML1,Bank of Japan Accounts/Liabilities and Net Assets/Banknotes,100 million yen,MONTHLY,Bank of Japan Accounts,20260903,200811,765945
MABJML1,Bank of Japan Accounts/Liabilities and Net Assets/Banknotes,100 million yen,MONTHLY,Bank of Japan Accounts,20260903,200812,814783
MABJML1,Bank of Japan Accounts/Liabilities and Net Assets/Banknotes,100 million yen,MONTHLY,Bank of Japan Accounts,20260903,200901,768494
MABJML1,Bank of Japan Accounts/Liabilities and Net Assets/Banknotes,100 million yen,MONTHLY,Bank of Japan Accounts,20260903,200902,769222
MABJML1,Bank of Japan Accounts/Liabilities and Net Assets/Banknotes,100 million yen,MONTHLY,Bank of Japan Accounts,20260903,200903,768977
MABJML1,Bank of Japan Accounts/Liabilities and Net Assets/Banknotes,100 million yen,MONTHLY,Bank of Japan Accounts,20260903,200904,783341
MABJML1,Bank of Japan Accounts/Liabilities and Net Assets/Banknotes,100 million yen,MONTHLY,Bank of Japan Accounts,20260903,200905,764061
MABJML1,Bank of Japan Accounts/Liabilities and Net Assets/Banknotes,100 million yen,MONTHLY,Bank of Japan Accounts,20260903,200906,767394
MABJML1,Bank of Japan Accounts/Liabilities and Net Assets/Banknotes,100 million yen,MONTHLY,Bank of Japan Accounts,20260903,200907,763910
MABJML1,Bank of Japan Accounts/Liabilities and Net Assets/Banknotes,100 million yen,MONTHLY,Bank of Japan Accounts,20260903,200908,761677
MABJML1,Bank of Japan Accounts/Liabilities and Net Assets/Banknotes,100 million yen,MONTHLY,Bank of Japan Accounts,20260903,200909,759173
MABJML1,Bank of Japan Accounts/Liabilities and Net Assets/Banknotes,100 million yen,MONTHLY,Bank of Japan Accounts,20260903,200910,762486
MABJML1,Bank of Japan Accounts/Liabilities and Net Assets/Banknotes,100 million yen,MONTHLY,Bank of Japan Accounts,20260903,200911,762690
MABJML1,Bank of Japan Accounts/Liabilities and Net Assets/Banknotes,100 million yen,MONTHLY,Bank of Japan Accounts,20260903,200912,809542
MABJML1,Bank of Japan Accounts/Liabilities and Net Assets/Banknotes,100 million yen,MONTHLY,Bank of Japan Accounts,20260903,201001,769041
MABJML1,Bank of Japan Accounts/Liabilities and Net Assets/Banknotes,100 million yen,MONTHLY,Bank of Japan Accounts,20260903,201002,770889
MABJML1,Bank of Japan Accounts/Liabilities and Net Assets/Banknotes,100 million yen,MONTHLY,Bank of Japan Accounts,20260903,201003,773527
MABJML1,Bank of Japan Accounts/Liabilities and Net Assets/Banknotes,100 million yen,MONTHLY,Bank of Japan Accounts,20260903,201004,789890
MABJML1,Bank of Japan Accounts/Liabilities and Net Assets/Banknotes,100 million yen,MONTHLY,Bank of Japan Accounts,20260903,201005,768325
MABJML1,Bank of Japan Accounts/Liabilities and Net Assets/Banknotes,100 million yen,MONTHLY,Bank of Japan Accounts,20260903,201006,772712
MABJML1,Bank of Japan Accounts/Liabilities and Net Assets/Banknotes,100 million yen,MONTHLY,Bank of Japan Accounts,20260903,201007,772944
MABJML1,Bank of Japan Accounts/Liabilities and Net Assets/Banknotes,100 million yen,MONTHLY,Bank of Japan Accounts,20260903,201008,769637
MABJML1,Bank of Japan Accounts/Liabilities and Net Assets/Banknotes,100 million yen,MONTHLY,Bank of Japan Accounts,20260903,201009,768546
MABJML1,Bank of Japan Accounts/Liabilities and Net Assets/Banknotes,100 million yen,MONTHLY,Bank of Japan Accounts,20260903,201010,775013
MABJML1,Bank of Japan Accounts/Liabilities and Net Assets/Banknotes,100 million yen,MONTHLY,Bank of Japan Accounts,20260903,201011,776635
MABJML1,Bank of Japan Accounts/Liabilities and Net Assets/Banknotes,100 million yen,MONTHLY,Bank of Japan Accounts,20260903,201012,823143
MABJML1,Bank of Japan Accounts/Liabilities and Net Assets/Banknotes,100 million yen,MONTHLY,Bank of Japan Accounts,20260903,201101,785428
MABJML1,Bank of Japan Accounts/Liabilities and Net Assets/Banknotes,100 million yen,MONTHLY,Bank of Japan Accounts,20260903,201102,788218
MABJML1,Bank of Japan Accounts/Liabilities and Net Assets/Banknotes,100 million yen,MONTHLY,Bank of Japan Accounts,20260903,201103,809230
MABJML1,Bank of Japan Accounts/Liabilities and Net Assets/Banknotes,100 million yen,MONTHLY,Bank of Japan Accounts,20260903,201104,811619
MABJML1,Bank of Japan Accounts/Liabilities and Net Assets/Banknotes,100 million yen,MONTHLY,Bank of Japan Accounts,20260903,201105,788405
MABJML1,Bank of Japan Accounts/Liabilities and Net Assets/Banknotes,100 million yen,MONTHLY,Bank of Japan Accounts,20260903,201106,792915
MABJML1,Bank of Japan Accounts/Liabilities and Net Assets/Banknotes,100 million yen,MONTHLY,Bank of Japan Accounts,20260903,201107,793626
MABJML1,Bank of Japan Accounts/Liabilities and Net Assets/Banknotes,100 million yen,MONTHLY,Bank of Japan Accounts,20260903,201108,791873
MABJML1,Bank of Japan Accounts/Liabilities and Net Assets/Banknotes,100 million yen,MONTHLY,Bank of Japan Accounts,20260903,201109,788829
MABJML1,Bank of Japan Accounts/Liabilities and Net Assets/Banknotes,100 million yen,MONTHLY,Bank of Japan Accounts,20260903,201110,792955
MABJML1,Bank of Japan Accounts/Liabilities and Net Assets/Banknotes,100 million yen,MONTHLY,Bank of Japan Accounts,20260903,201111,794607
MABJML1,Bank of Japan Accounts/Liabilities and Net Assets/Banknotes,100 million yen,MONTHLY,Bank of Japan Accounts,20260903,201112,839968
MABJML1,Bank of Japan Accounts/Liabilities and Net Assets/Banknotes,100 million yen,MONTHLY,Bank of Japan Accounts,20260903,201201,801881
MABJML1,Bank of Japan Accounts/Liabilities and Net Assets/Banknotes,100 million yen,MONTHLY,Bank of Japan Accounts,20260903,201202,804950
MABJML1,Bank of Japan Accounts/Liabilities and Net Assets/Banknotes,100 million yen,MONTHLY,Bank of Japan Accounts,20260903,201203,808428
MABJML1,Bank of Japan Accounts/Liabilities and Net Assets/Banknotes,100 million yen,MONTHLY,Bank of Japan Accounts,20260903,201204,821595
MABJML1,Bank of Japan Accounts/Liabilities and Net Assets/Banknotes,100 million yen,MONTHLY,Bank of Japan Accounts,20260903,201205,802534
MABJML1,Bank of Japan Accounts/Liabilities and Net Assets/Banknotes,100 million yen,MONTHLY,Bank of Japan Accounts,20260903,201206,812213
MABJML1,Bank of Japan Accounts/Liabilities and Net Assets/Banknotes,100 million yen,MONTHLY,Bank of Japan Accounts,20260903,201207,811103
MABJML1,Bank of Japan Accounts/Liabilities and Net Assets/Banknotes,100 million yen,MONTHLY,Bank of Japan Accounts,20260903,201208,810681
MABJML1,Bank of Japan Accounts/Liabilities and Net Assets/Banknotes,100 million yen,MONTHLY,Bank of Japan Accounts,20260903,201209,809287
MABJML1,Bank of Japan Accounts/Liabilities and Net Assets/Banknotes,100 million yen,MONTHLY,Bank of Japan Accounts,20260903,201210,812641
MABJML1,Bank of Japan Accounts/Liabilities and Net Assets/Banknotes,100 million yen,MONTHLY,Bank of Japan Accounts,20260903,201211,817300
MABJML1,Bank of Japan Accounts/Liabilities and Net Assets/Banknotes,100 million yen,MONTHLY,Bank of Japan Accounts,20260903,201212,866533
MABJML1,Bank of Japan Accounts/Liabilities and Net Assets/Banknotes,100 million yen,MONTHLY,Bank of Japan Accounts,20260903,201301,826399
MABJML1,Bank of Japan Accounts/Liabilities and Net Assets/Banknotes,100 million yen,MONTHLY,Bank of Japan Accounts,20260903,201302,829031
MABJML1,Bank of Japan Accounts/Liabilities and Net Assets/Banknotes,100 million yen,MONTHLY,Bank of Japan Accounts,20260903,201303,833782
MABJML1,Bank of Japan Accounts/Liabilities and Net Assets/Banknotes,100 million yen,MONTHLY,Bank of Japan Accounts,20260903,201304,845445
MABJML1,Bank of Japan Accounts/Liabilities and Net Assets/Banknotes,100 million yen,MONTHLY,Bank of Japan Accounts,20260903,201305,829357
MABJML1,Bank of Japan Accounts/Liabilities and Net Assets/Banknotes,100 million yen,MONTHLY,Bank of Japan Accounts,20260903,201306,838806
MABJML1,Bank of Japan Accounts/Liabilities and Net Assets/Banknotes,100 million yen,MONTHLY,Bank of Japan Accounts,20260903,201307,835903
MABJML1,Bank of Japan Accounts/Liabilities and Net Assets/Banknotes,100 million yen,MONTHLY,Bank of Japan Accounts,20260903,201308,838246
MABJML1,Bank of Japan Accounts/Liabilities and Net Assets/Banknotes,100 million yen,MONTHLY,Bank of Japan Accounts,20260903,201309,835762
MABJML1,Bank of Japan Accounts/Liabilities and Net Assets/Banknotes,100 million yen,MONTHLY,Bank of Japan Accounts,20260903,201310,841708
MABJML1,Bank of Japan Accounts/Liabilities and Net Assets/Banknotes,100 million yen,MONTHLY,Bank of Japan Accounts,20260903,201311,846465
MABJML1,Bank of Japan Accounts/Liabilities and Net Assets/Banknotes,100 million yen,MONTHLY,Bank of Japan Accounts,20260903,201312,901431
MABJML1,Bank of Japan Accounts/Liabilities and Net Assets/Banknotes,100 million yen,MONTHLY,Bank of Japan Accounts,20260903,201401,857813
MABJML1,Bank of Japan Accounts/Liabilities and Net Assets/Banknotes,100 million yen,MONTHLY,Bank of Japan Accounts,20260903,201402,861335
MABJML1,Bank of Japan Accounts/Liabilities and Net Assets/Banknotes,100 million yen,MONTHLY,Bank of Japan Accounts,20260903,201403,866308
MABJML1,Bank of Japan Accounts/Liabilities and Net Assets/Banknotes,100 million yen,MONTHLY,Bank of Japan Accounts,20260903,201404,871375
MABJML1,Bank of Japan Accounts/Liabilities and Net Assets/Banknotes,100 million yen,MONTHLY,Bank of Japan Accounts,20260903,201405,857669
MABJML1,Bank of Japan Accounts/Liabilities and Net Assets/Banknotes,100 million yen,MONTHLY,Bank of Japan Accounts,20260903,201406,865235
MABJML1,Bank of Japan Accounts/Liabilities and Net Assets/Banknotes,100 million yen,MONTHLY,Bank of Japan Accounts,20260903,201407,865280
MABJML1,Bank of Japan Accounts/Liabilities and Net Assets/Banknotes,100 million yen,MONTHLY,Bank of Japan Accounts,20260903,201408,868339
MABJML1,Bank of Japan Accounts/Liabilities and Net Assets/Banknotes,100 million yen,MONTHLY,Bank of Japan Accounts,20260903,201409,864618
MABJML1,Bank of Japan Accounts/Liabilities and Net Assets/Banknotes,100 million yen,MONTHLY,Bank of Japan Accounts,20260903,201410,872356
MABJML1,Bank of Japan Accounts/Liabilities and Net Assets/Banknotes,100 million yen,MONTHLY,Bank of Japan Accounts,20260903,201411,877822
MABJML1,Bank of Japan Accounts/Liabilities and Net Assets/Banknotes,100 million yen,MONTHLY,Bank of Japan Accounts,20260903,201412,930817
MABJML1,Bank of Japan Accounts/Liabilities and Net Assets/Banknotes,100 million yen,MONTHLY,Bank of Japan Accounts,20260903,201501,890304
MABJML1,Bank of Japan Accounts/Liabilities and Net Assets/Banknotes,100 million yen,MONTHLY,Bank of Japan Accounts,20260903,201502,893759
MABJML1,Bank of Japan Accounts/Liabilities and Net Assets/Banknotes,100 million yen,MONTHLY,Bank of Japan Accounts,20260903,201503,896732
MABJML1,Bank of Japan Accounts/Liabilities and Net Assets/Banknotes,100 million yen,MONTHLY,Bank of Japan Accounts,20260903,201504,910292
MABJML1,Bank of Japan Accounts/Liabilities and Net Assets/Banknotes,100 million yen,MONTHLY,Bank of Japan Accounts,20260903,201505,897315
MABJML1,Bank of Japan Accounts/Liabilities and Net Assets/Banknotes,100 million yen,MONTHLY,Bank of Japan Accounts,20260903,201506,905831
MABJML1,Bank of Japan Accounts/Liabilities and Net Assets/Banknotes,100 million yen,MONTHLY,Bank of Japan Accounts,20260903,201507,910437
MABJML1,Bank of Japan Accounts/Liabilities and Net Assets/Banknotes,100 million yen,MONTHLY,Bank of Japan Accounts,20260903,201508,913872
MABJML1,Bank of Japan Accounts/Liabilities and Net Assets/Banknotes,100 million yen,MONTHLY,Bank of Japan Accounts,20260903,201509,915617
MABJML1,Bank of Japan Accounts/Liabilities and Net Assets/Banknotes,100 million yen,MONTHLY,Bank of Japan Accounts,20260903,201510,926001
MABJML1,Bank of Japan Accounts/Liabilities and Net Assets/Banknotes,100 million yen,MONTHLY,Bank of Japan Accounts,20260903,201511,931591
MABJML1,Bank of Japan Accounts/Liabilities and Net Assets/Banknotes,100 million yen,MONTHLY,Bank of Japan Accounts,20260903,201512,984299
MABJML1,Bank of Japan Accounts/Liabilities and Net Assets/Banknotes,100 million yen,MONTHLY,Bank of Japan Accounts,20260903,201601,947903
MABJML1,Bank of Japan Accounts/Liabilities and Net Assets/Banknotes,100 million yen,MONTHLY,Bank of Japan Accounts,20260903,201602,951471
MABJML1,Bank of Japan Accounts/Liabilities and Net Assets/Banknotes,100 million yen,MONTHLY,Bank of Japan Accounts,20260903,201603,955947
MABJML1,Bank of Japan Accounts/Liabilities and Net Assets/Banknotes,100 million yen,MONTHLY,Bank of Japan Accounts,20260903,201604,971041
MABJML1,Bank of Japan Accounts/Liabilities and Net Assets/Banknotes,100 million yen,MONTHLY,Bank of Japan Accounts,20260903,201605,952669
MABJML1,Bank of Japan Accounts/Liabilities and Net Assets/Banknotes,100 million yen,MONTHLY,Bank of Japan Accounts,20260903,201606,959875
MABJML1,Bank of Japan Accounts/Liabilities and Net Assets/Banknotes,100 million yen,MONTHLY,Bank of Japan Accounts,20260903,201607,964837
MABJML1,Bank of Japan Accounts/Liabilities and Net Assets/Banknotes,100 million yen,MONTHLY,Bank of Japan Accounts,20260903,201608,963509
MABJML1,Bank of Japan Accounts/Liabilities and Net Assets/Banknotes,100 million yen,MONTHLY,Bank of Japan Accounts,20260903,201609,963194
MABJML1,Bank of Japan Accounts/Liabilities and Net Assets/Banknotes,100 million yen,MONTHLY,Bank of Japan Accounts,20260903,201610,969819
MABJML1,Bank of Japan Accounts/Liabilities and Net Assets/Banknotes,100 million yen,MONTHLY,Bank of Japan Accounts,20260903,201611,974298
MABJML1,Bank of Japan Accounts/Liabilities and Net Assets/Banknotes,100 million yen,MONTHLY,Bank of Japan Accounts,20260903,201612,1024612
MABJML1,Bank of Japan Accounts/Liabilities and Net Assets/Banknotes,100 million yen,MONTHLY,Bank of Japan Accounts,20260903,201701,989458
MABJML1,Bank of Japan Accounts/Liabilities and Net Assets/Banknotes,100 million yen,MONTHLY,Bank of Japan Accounts,20260903,201702,993224
MABJML1,Bank of Japan Accounts/Liabilities and Net Assets/Banknotes,100 million yen,MONTHLY,Bank of Japan Accounts,20260903,201703,998001
MABJML1,Bank of Japan Accounts/Liabilities and Net Assets/Banknotes,100 million yen,MONTHLY,Bank of Japan Accounts,20260903,201704,1009336
MABJML1,Bank of Japan Accounts/Liabilities and Net Assets/Banknotes,100 million yen,MONTHLY,Bank of Japan Accounts,20260903,201705,995152
MABJML1,Bank of Japan Accounts/Liabilities and Net Assets/Banknotes,100 million yen,MONTHLY,Bank of Japan Accounts,20260903,201706,1003636
MABJML1,Bank of Japan Accounts/Liabilities and Net Assets/Banknotes,100 million yen,MONTHLY,Bank of Japan Accounts,20260903,201707,1006947
MABJML1,Bank of Japan Accounts/Liabilities and Net Assets/Banknotes,100 million yen,MONTHLY,Bank of Japan Accounts,20260903,201708,1008307
MABJML1,Bank of Japan Accounts/Liabilities and Net Assets/Banknotes,100 million yen,MONTHLY,Bank of Japan Accounts,20260903,201709,1007945
MABJML1,Bank of Japan Accounts/Liabilities and Net Assets/Banknotes,100 million yen,MONTHLY,Bank of Japan Accounts,20260903,201710,1015007
MABJML1,Bank of Japan Accounts/Liabilities and Net Assets/Banknotes,100 million yen,MONTHLY,Bank of Japan Accounts,20260903,201711,1019734
MABJML1,Bank of Japan Accounts/Liabilities and Net Assets/Banknotes,100 million yen,MONTHLY,Bank of Japan Accounts,20260903,201712,1067165
MABJML1,Bank of Japan Accounts/Liabilities and Net Assets/Banknotes,100 million yen,MONTHLY,Bank of Japan Accounts,20260903,201801,1033885
MABJML1,Bank of Japan Accounts/Liabilities and Net Assets/Banknotes,100 million yen,MONTHLY,Bank of Japan Accounts,20260903,201802,1037065
MABJML1,Bank of Japan Accounts/Liabilities and Net Assets/Banknotes,100 million yen,MONTHLY,Bank of Japan Accounts,20260903,201803,1040004
MABJML1,Bank of Japan Accounts/Liabilities and Net Assets/Banknotes,100 million yen,MONTHLY,Bank of Japan Accounts,20260903,201804,1050244
MABJML1,Bank of Japan Accounts/Liabilities and Net Assets/Banknotes,100 million yen,MONTHLY,Bank of Japan Accounts,20260903,201805,1036575
MABJML1,Bank of Japan Accounts/Liabilities and Net Assets/Banknotes,100 million yen,MONTHLY,Bank of Japan Accounts,20260903,201806,1045270
MABJML1,Bank of Japan Accounts/Liabilities and Net Assets/Banknotes,100 million yen,MONTHLY,Bank of Japan Accounts,20260903,201807,1046012
MABJML1,Bank of Japan Accounts/Liabilities and Net Assets/Banknotes,100 million yen,MONTHLY,Bank of Japan Accounts,20260903,201808,1047501
MABJML1,Bank of Japan Accounts/Liabilities and Net Assets/Banknotes,100 million yen,MONTHLY,Bank of Japan Accounts,20260903,201809,1047161
MABJML1,Bank of Japan Accounts/Liabilities and Net Assets/Banknotes,100 million yen,MONTHLY,Bank of Japan Accounts,20260903,201810,1050559
MABJML1,Bank of Japan Accounts/Liabilities and Net Assets/Banknotes,100 million yen,MONTHLY,Bank of Japan Accounts,20260903,201811,1055635
MABJML1,Bank of Japan Accounts/Liabilities and Net Assets/Banknotes,100 million yen,MONTHLY,Bank of Japan Accounts,20260903,201812,1103625
MABJML1,Bank of Japan Accounts/Liabilities and Net Assets/Banknotes,100 million yen,MONTHLY,Bank of Japan Accounts,20260903,201901,1067531
MABJML1,Bank of Japan Accounts/Liabilities and Net Assets/Banknotes,100 million yen,MONTHLY,Bank of Japan Accounts,20260903,201902,1071114
MABJML1,Bank of Japan Accounts/Liabilities and Net Assets/Banknotes,100 million yen,MONTHLY,Bank of Japan Accounts,20260903,201903,1075592
MABJML1,Bank of Japan Accounts/Liabilities and Net Assets/Banknotes,100 million yen,MONTHLY,Bank of Japan Accounts,20260903,201904,1115417
MABJML1,Bank of Japan Accounts/Liabilities and Net Assets/Banknotes,100 million yen,MONTHLY,Bank of Japan Accounts,20260903,201905,1070297
MABJML1,Bank of Japan Accounts/Liabilities and Net Assets/Banknotes,100 million yen,MONTHLY,Bank of Japan Accounts,20260903,201906,1076927
MABJML1,Bank of Japan Accounts/Liabilities and Net Assets/Banknotes,100 million yen,MONTHLY,Bank of Japan Accounts,20260903,201907,1074230
MABJML1,Bank of Japan Accounts/Liabilities and Net Assets/Banknotes,100 million yen,MONTHLY,Bank of Japan Accounts,20260903,201908,1074353
MABJML1,Bank of Japan Accounts/Liabilities and Net Assets/Banknotes,100 million yen,MONTHLY,Bank of Japan Accounts,20260903,201909,1071679
MABJML1,Bank of Japan Accounts/Liabilities and Net Assets/Banknotes,100 million yen,MONTHLY,Bank of Japan Accounts,20260903,201910,1075100
MABJML1,Bank of Japan Accounts/Liabilities and Net Assets/Banknotes,100 million yen,MONTHLY,Bank of Japan Accounts,20260903,201911,1077533
MABJML1,Bank of Japan Accounts/Liabilities and Net Assets/Banknotes,100 million yen,MONTHLY,Bank of Japan Accounts,20260903,201912,1127418
MABJML1,Bank of Japan Accounts/Liabilities and Net Assets/Banknotes,100 million yen,MONTHLY,Bank of Japan Accounts,20260903,202001,1089688
MABJML1,Bank of Japan Accounts/Liabilities and Net Assets/Banknotes,100 million yen,MONTHLY,Bank of Japan Accounts,20260903,202002,1091035
MABJML1,Bank of Japan Accounts/Liabilities and Net Assets/Banknotes,100 million yen,MONTHLY,Bank of Japan Accounts,20260903,202003,1096165
MABJML1,Bank of Japan Accounts/Liabilities and Net Assets/Banknotes,100 million yen,MONTHLY,Bank of Japan Accounts,20260903,202004,1120107
MABJML1,Bank of Japan Accounts/Liabilities and Net Assets/Banknotes,100 million yen,MONTHLY,Bank of Japan Accounts,20260903,202005,1113536
MABJML1,Bank of Japan Accounts/Liabilities and Net Assets/Banknotes,100 million yen,MONTHLY,Bank of Japan Accounts,20260903,202006,1132779
MABJML1,Bank of Japan Accounts/Liabilities and Net Assets/Banknotes,100 million yen,MONTHLY,Bank of Japan Accounts,20260903,202007,1138986
MABJML1,Bank of Japan Accounts/Liabilities and Net Assets/Banknotes,100 million yen,MONTHLY,Bank of Japan Accounts,20260903,202008,1136614
MABJML1,Bank of Japan Accounts/Liabilities and Net Assets/Banknotes,100 million yen,MONTHLY,Bank of Japan Accounts,20260903,202009,1135728
MABJML1,Bank of Japan Accounts/Liabilities and Net Assets/Banknotes,100 million yen,MONTHLY,Bank of Japan Accounts,20260903,202010,1139348
MABJML1,Bank of Japan Accounts/Liabilities and Net Assets/Banknotes,100 million yen,MONTHLY,Bank of Japan Accounts,20260903,202011,1140961
MABJML1,Bank of Japan Accounts/Liabilities and Net Assets/Banknotes,100 million yen,MONTHLY,Bank of Japan Accounts,20260903,202012,1183281
MABJML1,Bank of Japan Accounts/Liabilities and Net Assets/Banknotes,100 million yen,MONTHLY,Bank of Japan Accounts,20260903,202101,1155820
MABJML1,Bank of Japan Accounts/Liabilities and Net Assets/Banknotes,100 million yen,MONTHLY,Bank of Japan Accounts,20260903,202102,1158089
MABJML1,Bank of Japan Accounts/Liabilities and Net Assets/Banknotes,100 million yen,MONTHLY,Bank of Japan Accounts,20260903,202103,1160116
MABJML1,Bank of Japan Accounts/Liabilities and Net Assets/Banknotes,100 million yen,MONTHLY,Bank of Japan Accounts,20260903,202104,1173577
MABJML1,Bank of Japan Accounts/Liabilities and Net Assets/Banknotes,100 million yen,MONTHLY,Bank of Japan Accounts,20260903,202105,1159643
MABJML1,Bank of Japan Accounts/Liabilities and Net Assets/Banknotes,100 million yen,MONTHLY,Bank of Japan Accounts,20260903,202106,1165926
MABJML1,Bank of Japan Accounts/Liabilities and Net Assets/Banknotes,100 million yen,MONTHLY,Bank of Japan Accounts,20260903,202107,1169569
MABJML1,Bank of Japan Accounts/Liabilities and Net Assets/Banknotes,100 million yen,MONTHLY,Bank of Japan Accounts,20260903,202108,1169955
MABJML1,Bank of Japan Accounts/Liabilities and Net Assets/Banknotes,100 million yen,MONTHLY,Bank of Japan Accounts,20260903,202109,1167875
MABJML1,Bank of Japan Accounts/Liabilities and Net Assets/Banknotes,100 million yen,MONTHLY,Bank of Japan Accounts,20260903,202110,1173817
MABJML1,Bank of Japan Accounts/Liabilities and Net Assets/Banknotes,100 million yen,MONTHLY,Bank of Japan Accounts,20260903,202111,1176523
MABJML1,Bank of Japan Accounts/Liabilities and Net Assets/Banknotes,100 million yen,MONTHLY,Bank of Japan Accounts,20260903,202112,1219637
MABJML1,Bank of Japan Accounts/Liabilities and Net Assets/Banknotes,100 million yen,MONTHLY,Bank of Japan Accounts,20260903,202201,1190687
MABJML1,Bank of Japan Accounts/Liabilities and Net Assets/Banknotes,100 million yen,MONTHLY,Bank of Japan Accounts,20260903,202202,1192174
MABJML1,Bank of Japan Accounts/Liabilities and Net Assets/Banknotes,100 million yen,MONTHLY,Bank of Japan Accounts,20260903,202203,1198707
MABJML1,Bank of Japan Accounts/Liabilities and Net Assets/Banknotes,100 million yen,MONTHLY,Bank of Japan Accounts,20260903,202204,1212685
MABJML1,Bank of Japan Accounts/Liabilities and Net Assets/Banknotes,100 million yen,MONTHLY,Bank of Japan Accounts,20260903,202205,1196652
MABJML1,Bank of Japan Accounts/Liabilities and Net Assets/Banknotes,100 million yen,MONTHLY,Bank of Japan Accounts,20260903,202206,1201862
MABJML1,Bank of Japan Accounts/Liabilities and Net Assets/Banknotes,100 million yen,MONTHLY,Bank of Japan Accounts,20260903,202207,1203474
MABJML1,Bank of Japan Accounts/Liabilities and Net Assets/Banknotes,100 million yen,MONTHLY,Bank of Japan Accounts,20260903,202208,1204343
MABJML1,Bank of Japan Accounts/Liabilities and Net Assets/Banknotes,100 million yen,MONTHLY,Bank of Japan Accounts,20260903,202209,1201516
MABJML1,Bank of Japan Accounts/Liabilities and Net Assets/Banknotes,100 million yen,MONTHLY,Bank of Japan Accounts,20260903,202210,1206895
MABJML1,Bank of Japan Accounts/Liabilities and Net Assets/Banknotes,100 million yen,MONTHLY,Bank of Japan Accounts,20260903,202211,1209521
MABJML1,Bank of Japan Accounts/Liabilities and Net Assets/Banknotes,100 million yen,MONTHLY,Bank of Japan Accounts,20260903,202212,1250683
MABJML1,Bank of Japan Accounts/Liabilities and Net Assets/Banknotes,100 million yen,MONTHLY,Bank of Japan Accounts,20260903,202301,1223005
MABJML1,Bank of Japan Accounts/Liabilities and Net Assets/Banknotes,100 million yen,MONTHLY,Bank of Japan Accounts,20260903,202302,1221394
MABJML1,Bank of Japan Accounts/Liabilities and Net Assets/Banknotes,100 million yen,MONTHLY,Bank of Japan Accounts,20260903,202303,1219550
MABJML1,Bank of Japan Accounts/Liabilities and Net Assets/Banknotes,100 million yen,MONTHLY,Bank of Japan Accounts,20260903,202304,1227166
MABJML1,Bank of Japan Accounts/Liabilities and Net Assets/Banknotes,100 million yen,MONTHLY,Bank of Japan Accounts,20260903,202305,1210401
MABJML1,Bank of Japan Accounts/Liabilities and Net Assets/Banknotes,100 million yen,MONTHLY,Bank of Japan Accounts,20260903,202306,1213784
MABJML1,Bank of Japan Accounts/Liabilities and Net Assets/Banknotes,100 million yen,MONTHLY,Bank of Japan Accounts,20260903,202307,1212699
MABJML1,Bank of Japan Accounts/Liabilities and Net Assets/Banknotes,100 million yen,MONTHLY,Bank of Japan Accounts,20260903,202308,1211668
MABJML1,Bank of Japan Accounts/Liabilities and Net Assets/Banknotes,100 million yen,MONTHLY,Bank of Japan Accounts,20260903,202309,1206494
MABJML1,Bank of Japan Accounts/Liabilities and Net Assets/Banknotes,100 million yen,MONTHLY,Bank of Japan Accounts,20260903,202310,1208338
MABJML1,Bank of Japan Accounts/Liabilities and Net Assets/Banknotes,100 million yen,MONTHLY,Bank of Japan Accounts,20260903,202311,1210338
MABJML1,Bank of Japan Accounts/Liabilities and Net Assets/Banknotes,100 million yen,MONTHLY,Bank of Japan Accounts,20260903,202312,1246080
MABJML1,Bank of Japan Accounts/Liabilities and Net Assets/Banknotes,100 million yen,MONTHLY,Bank of Japan Accounts,20260903,202401,1216362
MABJML1,Bank of Japan Accounts/Liabilities and Net Assets/Banknotes,100 million yen,MONTHLY,Bank of Japan Accounts,20260903,202402,1212928
MABJML1,Bank of Japan Accounts/Liabilities and Net Assets/Banknotes,100 million yen,MONTHLY,Bank of Japan Accounts,20260903,202403,1208798
MABJML1,Bank of Japan Accounts/Liabilities and Net Assets/Banknotes,100 million yen,MONTHLY,Bank of Japan Accounts,20260903,202404,1211914
MABJML1,Bank of Japan Accounts/Liabilities and Net Assets/Banknotes,100 million yen,MONTHLY,Bank of Japan Accounts,20260903,202405,1194694
MABJML1,Bank of Japan Accounts/Liabilities and Net Assets/Banknotes,100 million yen,MONTHLY,Bank of Japan Accounts,20260903,202406,1189098
MABJML1,Bank of Japan Accounts/Liabilities and Net Assets/Banknotes,100 million yen,MONTHLY,Bank of Japan Accounts,20260903,202407,1199336
MABJML1,Bank of Japan Accounts/Liabilities and Net Assets/Banknotes,100 million yen,MONTHLY,Bank of Japan Accounts,20260903,202408,1197292
MABJML1,Bank of Japan Accounts/Liabilities and Net Assets/Banknotes,100 million yen,MONTHLY,Bank of Japan Accounts,20260903,202409,1193371
MABJML1,Bank of Japan Accounts/Liabilities and Net Assets/Banknotes,100 million yen,MONTHLY,Bank of Japan Accounts,20260903,202410,1196560
MABJML1,Bank of Japan Accounts/Liabilities and Net Assets/Banknotes,100 million yen,MONTHLY,Bank of Japan Accounts,20260903,202411,1200394
MABJML1,Bank of Japan Accounts/Liabilities and Net Assets/Banknotes,100 million yen,MONTHLY,Bank of Japan Accounts,20260903,202412,1240778
MABJML1,Bank of Japan Accounts/Liabilities and Net Assets/Banknotes,100 million yen,MONTHLY,Bank of Japan Accounts,20260903,202501,1203151
MABJML1,Bank of Japan Accounts/Liabilities and Net Assets/Banknotes,100 million yen,MONTHLY,Bank of Japan Accounts,20260903,202502,1193680
MABJML1,Bank of Japan Accounts/Liabilities and Net Assets/Banknotes,100 million yen,MONTHLY,Bank of Japan Accounts,20260903,202503,1186685
MABJML1,Bank of Japan Accounts/Liabilities and Net Assets/Banknotes,100 million yen,MONTHLY,Bank of Japan Accounts,20260903,202504,1185939
MABJML1,Bank of Japan Accounts/Liabilities and Net Assets/Banknotes,100 million yen,MONTHLY,Bank of Japan Accounts,20260903,202505,1172896
MABJML1,Bank of Japan Accounts/Liabilities and Net Assets/Banknotes,100 million yen,MONTHLY,Bank of Japan Accounts,20260903,202506,1172196
MABJML1,Bank of Japan Accounts/Liabilities and Net Assets/Banknotes,100 million yen,MONTHLY,Bank of Japan Accounts,20260903,202507,1172415
MABJML1,Bank of Japan Accounts/Liabilities and Net Assets/Banknotes,100 million yen,MONTHLY,Bank of Japan Accounts,20260903,202508,1173184
MABJML1,Bank of Japan Accounts/Liabilities and Net Assets/Banknotes,100 million yen,MONTHLY,Bank of Japan Accounts,20260903,202509,1166246
MABJML1,Bank of Japan Accounts/Liabilities and Net Assets/Banknotes,100 million yen,MONTHLY,Bank of Japan Accounts,20260903,202510,1168498
MABJML1,Bank of Japan Accounts/Liabilities and Net Assets/Banknotes,100 million yen,MONTHLY,Bank of Japan Accounts,20260903,202511,1168180
MABJML1,Bank of Japan Accounts/Liabilities and Net Assets/Banknotes,100 million yen,MONTHLY,Bank of Japan Accounts,20260903,202512,1206060
MABJML1,Bank of Japan Accounts/Liabilities and Net Assets/Banknotes,100 million yen,MONTHLY,Bank of Japan Accounts,20260903,202601,1173661
MABJML1,Bank of Japan Accounts/Liabilities and Net Assets/Banknotes,100 million yen,MONTHLY,Bank of Japan Accounts,20260903,202602,1169343
MABJML1,Bank of Japan Accounts/Liabilities and Net Assets/Banknotes,100 million yen,MONTHLY,Bank of Japan Accounts,20260903,202603,1163156
MABJML1,Bank of Japan Accounts/Liabilities and Net Assets/Banknotes,100 million yen,MONTHLY,Bank of Japan Accounts,20260903,202604,1168371
MABJML1,Bank of Japan Accounts/Liabilities and Net Assets/Banknotes,100 million yen,MONTHLY,Bank of Japan Accounts,20260903,202605,1151799
MABJML1,Bank of Japan Accounts/Liabilities and Net Assets/Banknotes,100 million yen,MONTHLY,Bank of Japan Accounts,20260903,202606,1150317
MABJML1,Bank of Japan Accounts/Liabilities and Net Assets/Banknotes,100 million yen,MONTHLY,Bank of Japan Accounts,20260903,202607,1149807
MABJML1,Bank of Japan Accounts/Liabilities and Net Assets/Banknotes,100 million yen,MONTHLY,Bank of Japan Accounts,20260903,202608,1148672
MABJML11,Bank of Japan Accounts/Liabilities and Net Assets/Current Deposits,100 million yen,MONTHLY,Bank of Japan Accounts,20260903,199804,39614
MABJML11,Bank of Japan Accounts/Liabilities and Net Assets/Current Deposits,100 million yen,MONTHLY,Bank of Japan Accounts,20260903,199805,39475
MABJML11,Bank of Japan Accounts/Liabilities and Net Assets/Current Deposits,100 million yen,MONTHLY,Bank of Japan Accounts,20260903,199806,40492
MABJML11,Bank of Japan Accounts/Liabilities and Net Assets/Current Deposits,100 million yen,MONTHLY,Bank of Japan Accounts,20260903,199807,35553
MABJML11,Bank of Japan Accounts/Liabilities and Net Assets/Current Deposits,100 million yen,MONTHLY,Bank of Japan Accounts,20260903,199808,41571
MABJML11,Bank of Japan Accounts/Liabilities and Net Assets/Current Deposits,100 million yen,MONTHLY,Bank of Japan Accounts,20260903,199809,57343
MABJML11,Bank of Japan Accounts/Liabilities and Net Assets/Current Deposits,100 million yen,MONTHLY,Bank of Japan Accounts,20260903,199810,37118
MABJML11,Bank of Japan Accounts/Liabilities and Net Assets/Current Deposits,100 million yen,MONTHLY,Bank of Japan Accounts,20260903,199811,44083
MABJML11,Bank of Japan Accounts/Liabilities and Net Assets/Current Deposits,100 million yen,MONTHLY,Bank of Japan Accounts,20260903,199812,43780
MABJML11,Bank of Japan Accounts/Liabilities and Net Assets/Current Deposits,100 million yen,MONTHLY,Bank of Japan Accounts,20260903,199901,43732
MABJML11,Bank of Japan Accounts/Liabilities and Net Assets/Current Deposits,100 million yen,MONTHLY,Bank of Japan Accounts,20260903,199902,46305
MABJML11,Bank of Japan Accounts/Liabilities and Net Assets/Current Deposits,100 million yen,MONTHLY,Bank of Japan Accounts,20260903,199903,61675
MABJML11,Bank of Japan Accounts/Liabilities and Net Assets/Current Deposits,100 million yen,MONTHLY,Bank of Japan Accounts,20260903,199904,42735
MABJML11,Bank of Japan Accounts/Liabilities and Net Assets/Current Deposits,100 million yen,MONTHLY,Bank of Japan Accounts,20260903,199905,46963
MABJML11,Bank of Japan Accounts/Liabilities and Net Assets/Current Deposits,100 million yen,MONTHLY,Bank of Japan Accounts,20260903,199906,46632
MABJML11,Bank of Japan Accounts/Liabilities and Net Assets/Current Deposits,100 million yen,MONTHLY,Bank of Japan Accounts,20260903,199907,48976
MABJML11,Bank of Japan Accounts/Liabilities and Net Assets/Current Deposits,100 million yen,MONTHLY,Bank of Japan Accounts,20260903,199908,48534
MABJML11,Bank of Japan Accounts/Liabilities and Net Assets/Current Deposits,100 million yen,MONTHLY,Bank of Japan Accounts,20260903,199909,60577
MABJML11,Bank of Japan Accounts/Liabilities and Net Assets/Current Deposits,100 million yen,MONTHLY,Bank of Japan Accounts,20260903,199910,49484
MABJML11,Bank of Japan Accounts/Liabilities and Net Assets/Current Deposits,100 million yen,MONTHLY,Bank of Japan Accounts,20260903,199911,53408
MABJML11,Bank of Japan Accounts/Liabilities and Net Assets/Current Deposits,100 million yen,MONTHLY,Bank of Japan Accounts,20260903,199912,233859
MABJML11,Bank of Japan Accounts/Liabilities and Net Assets/Current Deposits,100 million yen,MONTHLY,Bank of Japan Accounts,20260903,200001,53769
MABJML11,Bank of Japan Accounts/Liabilities and Net Assets/Current Deposits,100 million yen,MONTHLY,Bank of Japan Accounts,20260903,200002,148741
MABJML11,Bank of Japan Accounts/Liabilities and Net Assets/Current Deposits,100 million yen,MONTHLY,Bank of Japan Accounts,20260903,200003,183413
MABJML11,Bank of Japan Accounts/Liabilities and Net Assets/Current Deposits,100 million yen,MONTHLY,Bank of Japan Accounts,20260903,200004,54004
MABJML11,Bank of Japan Accounts/Liabilities and Net Assets/Current Deposits,100 million yen,MONTHLY,Bank of Japan Accounts,20260903,200005,54512
MABJML11,Bank of Japan Accounts/Liabilities and Net Assets/Current Deposits,100 million yen,MONTHLY,Bank of Japan Accounts,20260903,200006,51803
MABJML11,Bank of Japan Accounts/Liabilities and Net Assets/Current Deposits,100 million yen,MONTHLY,Bank of Japan Accounts,20260903,200007,50913
MABJML11,Bank of Japan Accounts/Liabilities and Net Assets/Current Deposits,100 million yen,MONTHLY,Bank of Japan Accounts,20260903,200008,50241
MABJML11,Bank of Japan Accounts/Liabilities and Net Assets/Current Deposits,100 million yen,MONTHLY,Bank of Japan Accounts,20260903,200009,52255
MABJML11,Bank of Japan Accounts/Liabilities and Net Assets/Current Deposits,100 million yen,MONTHLY,Bank of Japan Accounts,20260903,200010,40451
MABJML11,Bank of Japan Accounts/Liabilities and Net Assets/Current Deposits,100 million yen,MONTHLY,Bank of Japan Accounts,20260903,200011,43754
MABJML11,Bank of Japan Accounts/Liabilities and Net Assets/Current Deposits,100 million yen,MONTHLY,Bank of Japan Accounts,20260903,200012,68270
MABJML11,Bank of Japan Accounts/Liabilities and Net Assets/Current Deposits,100 million yen,MONTHLY,Bank of Japan Accounts,20260903,200101,50909
MABJML11,Bank of Japan Accounts/Liabilities and Net Assets/Current Deposits,100 million yen,MONTHLY,Bank of Japan Accounts,20260903,200102,46790
MABJML11,Bank of Japan Accounts/Liabilities and Net Assets/Current Deposits,100 million yen,MONTHLY,Bank of Japan Accounts,20260903,200103,58142
MABJML11,Bank of Japan Accounts/Liabilities and Net Assets/Current Deposits,100 million yen,MONTHLY,Bank of Japan Accounts,20260903,200104,50671
MABJML11,Bank of Japan Accounts/Liabilities and Net Assets/Current Deposits,100 million yen,MONTHLY,Bank of Japan Accounts,20260903,200105,50260
MABJML11,Bank of Japan Accounts/Liabilities and Net Assets/Current Deposits,100 million yen,MONTHLY,Bank of Japan Accounts,20260903,200106,57058
MABJML11,Bank of Japan Accounts/Liabilities and Net Assets/Current Deposits,100 million yen,MONTHLY,Bank of Japan Accounts,20260903,200107,50537
MABJML11,Bank of Japan Accounts/Liabilities and Net Assets/Current Deposits,100 million yen,MONTHLY,Bank of Japan Accounts,20260903,200108,59293
MABJML11,Bank of Japan Accounts/Liabilities and Net Assets/Current Deposits,100 million yen,MONTHLY,Bank of Japan Accounts,20260903,200109,124794
MABJML11,Bank of Japan Accounts/Liabilities and Net Assets/Current Deposits,100 million yen,MONTHLY,Bank of Japan Accounts,20260903,200110,95268
MABJML11,Bank of Japan Accounts/Liabilities and Net Assets/Current Deposits,100 million yen,MONTHLY,Bank of Japan Accounts,20260903,200111,139639
MABJML11,Bank of Japan Accounts/Liabilities and Net Assets/Current Deposits,100 million yen,MONTHLY,Bank of Japan Accounts,20260903,200112,156153
MABJML11,Bank of Japan Accounts/Liabilities and Net Assets/Current Deposits,100 million yen,MONTHLY,Bank of Japan Accounts,20260903,200201,149974
MABJML11,Bank of Japan Accounts/Liabilities and Net Assets/Current Deposits,100 million yen,MONTHLY,Bank of Japan Accounts,20260903,200202,146277
MABJML11,Bank of Japan Accounts/Liabilities and Net Assets/Current Deposits,100 million yen,MONTHLY,Bank of Japan Accounts,20260903,200203,276107
MABJML11,Bank of Japan Accounts/Liabilities and Net Assets/Current Deposits,100 million yen,MONTHLY,Bank of Japan Accounts,20260903,200204,189886
MABJML11,Bank of Japan Accounts/Liabilities and Net Assets/Current Deposits,100 million yen,MONTHLY,Bank of Japan Accounts,20260903,200205,149749
MABJML11,Bank of Japan Accounts/Liabilities and Net Assets/Current Deposits,100 million yen,MONTHLY,Bank of Japan Accounts,20260903,200206,150532
MABJML11,Bank of Japan Accounts/Liabilities and Net Assets/Current Deposits,100 million yen,MONTHLY,Bank of Japan Accounts,20260903,200207,151248
MABJML11,Bank of Japan Accounts/Liabilities and Net Assets/Current Deposits,100 million yen,MONTHLY,Bank of Japan Accounts,20260903,200208,152276
MABJML11,Bank of Japan Accounts/Liabilities and Net Assets/Current Deposits,100 million yen,MONTHLY,Bank of Japan Accounts,20260903,200209,185325
MABJML11,Bank of Japan Accounts/Liabilities and Net Assets/Current Deposits,100 million yen,MONTHLY,Bank of Japan Accounts,20260903,200210,162012
MABJML11,Bank of Japan Accounts/Liabilities and Net Assets/Current Deposits,100 million yen,MONTHLY,Bank of Japan Accounts,20260903,200211,199185
MABJML11,Bank of Japan Accounts/Liabilities and Net Assets/Current Deposits,100 million yen,MONTHLY,Bank of Japan Accounts,20260903,200212,195625
MABJML11,Bank of Japan Accounts/Liabilities and Net Assets/Current Deposits,100 million yen,MONTHLY,Bank of Japan Accounts,20260903,200301,204192
MABJML11,Bank of Japan Accounts/Liabilities and Net Assets/Current Deposits,100 million yen,MONTHLY,Bank of Japan Accounts,20260903,200302,202234
MABJML11,Bank of Japan Accounts/Liabilities and Net Assets/Current Deposits,100 million yen,MONTHLY,Bank of Japan Accounts,20260903,200303,309297
MABJML11,Bank of Japan Accounts/Liabilities and Net Assets/Current Deposits,100 million yen,MONTHLY,Bank of Japan Accounts,20260903,200304,260111
MABJML11,Bank of Japan Accounts/Liabilities and Net Assets/Current Deposits,100 million yen,MONTHLY,Bank of Japan Accounts,20260903,200305,289436
MABJML11,Bank of Japan Accounts/Liabilities and Net Assets/Current Deposits,100 million yen,MONTHLY,Bank of Japan Accounts,20260903,200306,289315
MABJML11,Bank of Japan Accounts/Liabilities and Net Assets/Current Deposits,100 million yen,MONTHLY,Bank of Japan Accounts,20260903,200307,292479
MABJML11,Bank of Japan Accounts/Liabilities and Net Assets/Current Deposits,100 million yen,MONTHLY,Bank of Japan Accounts,20260903,200308,291163
MABJML11,Bank of Japan Accounts/Liabilities and Net Assets/Current Deposits,100 million yen,MONTHLY,Bank of Japan Accounts,20260903,200309,345600
MABJML11,Bank of Japan Accounts/Liabilities and Net Assets/Current Deposits,100 million yen,MONTHLY,Bank of Japan Accounts,20260903,200310,298360
MABJML11,Bank of Japan Accounts/Liabilities and Net Assets/Current Deposits,100 million yen,MONTHLY,Bank of Japan Accounts,20260903,200311,310185
MABJML11,Bank of Japan Accounts/Liabilities and Net Assets/Current Deposits,100 million yen,MONTHLY,Bank of Japan Accounts,20260903,200312,300307
MABJML11,Bank of Japan Accounts/Liabilities and Net Assets/Current Deposits,100 million yen,MONTHLY,Bank of Japan Accounts,20260903,200401,339676
MABJML11,Bank of Japan Accounts/Liabilities and Net Assets/Current Deposits,100 million yen,MONTHLY,Bank of Japan Accounts,20260903,200402,330731
MABJML11,Bank of Japan Accounts/Liabilities and Net Assets/Current Deposits,100 million yen,MONTHLY,Bank of Japan Accounts,20260903,200403,363600
MABJML11,Bank of Japan Accounts/Liabilities and Net Assets/Current Deposits,100 million yen,MONTHLY,Bank of Japan Accounts,20260903,200404,321517
MABJML11,Bank of Japan Accounts/Liabilities and Net Assets/Current Deposits,100 million yen,MONTHLY,Bank of Japan Accounts,20260903,200405,321497
MABJML11,Bank of Japan Accounts/Liabilities and Net Assets/Current Deposits,100 million yen,MONTHLY,Bank of Japan Accounts,20260903,200406,337339
MABJML11,Bank of Japan Accounts/Liabilities and Net Assets/Current Deposits,100 million yen,MONTHLY,Bank of Japan Accounts,20260903,200407,314101
MABJML11,Bank of Japan Accounts/Liabilities and Net Assets/Current Deposits,100 million yen,MONTHLY,Bank of Japan Accounts,20260903,200408,329885
MABJML11,Bank of Japan Accounts/Liabilities and Net Assets/Current Deposits,100 million yen,MONTHLY,Bank of Japan Accounts,20260903,200409,350726
MABJML11,Bank of Japan Accounts/Liabilities and Net Assets/Current Deposits,100 million yen,MONTHLY,Bank of Japan Accounts,20260903,200410,318820
MABJML11,Bank of Japan Accounts/Liabilities and Net Assets/Current Deposits,100 million yen,MONTHLY,Bank of Japan Accounts,20260903,200411,342170
MABJML11,Bank of Japan Accounts/Liabilities and Net Assets/Current Deposits,100 million yen,MONTHLY,Bank of Japan Accounts,20260903,200412,331784
MABJML11,Bank of Japan Accounts/Liabilities and Net Assets/Current Deposits,100 million yen,MONTHLY,Bank of Japan Accounts,20260903,200501,316211
MABJML11,Bank of Japan Accounts/Liabilities and Net Assets/Current Deposits,100 million yen,MONTHLY,Bank of Japan Accounts,20260903,200502,331024
MABJML11,Bank of Japan Accounts/Liabilities and Net Assets/Current Deposits,100 million yen,MONTHLY,Bank of Japan Accounts,20260903,200503,357562
MABJML11,Bank of Japan Accounts/Liabilities and Net Assets/Current Deposits,100 million yen,MONTHLY,Bank of Japan Accounts,20260903,200504,317807
MABJML11,Bank of Japan Accounts/Liabilities and Net Assets/Current Deposits,100 million yen,MONTHLY,Bank of Japan Accounts,20260903,200505,315506
MABJML11,Bank of Japan Accounts/Liabilities and Net Assets/Current Deposits,100 million yen,MONTHLY,Bank of Japan Accounts,20260903,200506,335895
MABJML11,Bank of Japan Accounts/Liabilities and Net Assets/Current Deposits,100 million yen,MONTHLY,Bank of Japan Accounts,20260903,200507,298062
MABJML11,Bank of Japan Accounts/Liabilities and Net Assets/Current Deposits,100 million yen,MONTHLY,Bank of Japan Accounts,20260903,200508,331925
MABJML11,Bank of Japan Accounts/Liabilities and Net Assets/Current Deposits,100 million yen,MONTHLY,Bank of Japan Accounts,20260903,200509,341066
MABJML11,Bank of Japan Accounts/Liabilities and Net Assets/Current Deposits,100 million yen,MONTHLY,Bank of Japan Accounts,20260903,200510,334918
MABJML11,Bank of Japan Accounts/Liabilities and Net Assets/Current Deposits,100 million yen,MONTHLY,Bank of Japan Accounts,20260903,200511,343499
MABJML11,Bank of Japan Accounts/Liabilities and Net Assets/Current Deposits,100 million yen,MONTHLY,Bank of Japan Accounts,20260903,200512,328677
MABJML11,Bank of Japan Accounts/Liabilities and Net Assets/Current Deposits,100 million yen,MONTHLY,Bank of Japan Accounts,20260903,200601,329323
MABJML11,Bank of Japan Accounts/Liabilities and Net Assets/Current Deposits,100 million yen,MONTHLY,Bank of Japan Accounts,20260903,200602,326136
MABJML11,Bank of Japan Accounts/Liabilities and Net Assets/Current Deposits,100 million yen,MONTHLY,Bank of Japan Accounts,20260903,200603,312015
MABJML11,Bank of Japan Accounts/Liabilities and Net Assets/Current Deposits,100 million yen,MONTHLY,Bank of Japan Accounts,20260903,200604,188715
MABJML11,Bank of Japan Accounts/Liabilities and Net Assets/Current Deposits,100 million yen,MONTHLY,Bank of Japan Accounts,20260903,200605,146137
MABJML11,Bank of Japan Accounts/Liabilities and Net Assets/Current Deposits,100 million yen,MONTHLY,Bank of Japan Accounts,20260903,200606,158752
MABJML11,Bank of Japan Accounts/Liabilities and Net Assets/Current Deposits,100 million yen,MONTHLY,Bank of Japan Accounts,20260903,200607,104985
MABJML11,Bank of Japan Accounts/Liabilities and Net Assets/Current Deposits,100 million yen,MONTHLY,Bank of Japan Accounts,20260903,200608,91030
MABJML11,Bank of Japan Accounts/Liabilities and Net Assets/Current Deposits,100 million yen,MONTHLY,Bank of Japan Accounts,20260903,200609,117944
MABJML11,Bank of Japan Accounts/Liabilities and Net Assets/Current Deposits,100 million yen,MONTHLY,Bank of Japan Accounts,20260903,200610,86376
MABJML11,Bank of Japan Accounts/Liabilities and Net Assets/Current Deposits,100 million yen,MONTHLY,Bank of Japan Accounts,20260903,200611,94252
MABJML11,Bank of Japan Accounts/Liabilities and Net Assets/Current Deposits,100 million yen,MONTHLY,Bank of Japan Accounts,20260903,200612,104125
MABJML11,Bank of Japan Accounts/Liabilities and Net Assets/Current Deposits,100 million yen,MONTHLY,Bank of Japan Accounts,20260903,200701,77633
MABJML11,Bank of Japan Accounts/Liabilities and Net Assets/Current Deposits,100 million yen,MONTHLY,Bank of Japan Accounts,20260903,200702,100692
MABJML11,Bank of Japan Accounts/Liabilities and Net Assets/Current Deposits,100 million yen,MONTHLY,Bank of Japan Accounts,20260903,200703,116758
MABJML11,Bank of Japan Accounts/Liabilities and Net Assets/Current Deposits,100 million yen,MONTHLY,Bank of Japan Accounts,20260903,200704,84797
MABJML11,Bank of Japan Accounts/Liabilities and Net Assets/Current Deposits,100 million yen,MONTHLY,Bank of Japan Accounts,20260903,200705,82058
MABJML11,Bank of Japan Accounts/Liabilities and Net Assets/Current Deposits,100 million yen,MONTHLY,Bank of Japan Accounts,20260903,200706,96918
MABJML11,Bank of Japan Accounts/Liabilities and Net Assets/Current Deposits,100 million yen,MONTHLY,Bank of Japan Accounts,20260903,200707,88243
MABJML11,Bank of Japan Accounts/Liabilities and Net Assets/Current Deposits,100 million yen,MONTHLY,Bank of Japan Accounts,20260903,200708,82868
MABJML11,Bank of Japan Accounts/Liabilities and Net Assets/Current Deposits,100 million yen,MONTHLY,Bank of Japan Accounts,20260903,200709,118591
MABJML11,Bank of Japan Accounts/Liabilities and Net Assets/Current Deposits,100 million yen,MONTHLY,Bank of Japan Accounts,20260903,200710,87647
MABJML11,Bank of Japan Accounts/Liabilities and Net Assets/Current Deposits,100 million yen,MONTHLY,Bank of Japan Accounts,20260903,200711,87284
MABJML11,Bank of Japan Accounts/Liabilities and Net Assets/Current Deposits,100 million yen,MONTHLY,Bank of Japan Accounts,20260903,200712,101233
MABJML11,Bank of Japan Accounts/Liabilities and Net Assets/Current Deposits,100 million yen,MONTHLY,Bank of Japan Accounts,20260903,200801,78841
MABJML11,Bank of Japan Accounts/Liabilities and Net Assets/Current Deposits,100 million yen,MONTHLY,Bank of Japan Accounts,20260903,200802,87351
MABJML11,Bank of Japan Accounts/Liabilities and Net Assets/Current Deposits,100 million yen,MONTHLY,Bank of Japan Accounts,20260903,200803,142469
MABJML11,Bank of Japan Accounts/Liabilities and Net Assets/Current Deposits,100 million yen,MONTHLY,Bank of Japan Accounts,20260903,200804,78587
MABJML11,Bank of Japan Accounts/Liabilities and Net Assets/Current Deposits,100 million yen,MONTHLY,Bank of Japan Accounts,20260903,200805,76374
MABJML11,Bank of Japan Accounts/Liabilities and Net Assets/Current Deposits,100 million yen,MONTHLY,Bank of Japan Accounts,20260903,200806,101698
MABJML11,Bank of Japan Accounts/Liabilities and Net Assets/Current Deposits,100 million yen,MONTHLY,Bank of Japan Accounts,20260903,200807,83154
MABJML11,Bank of Japan Accounts/Liabilities and Net Assets/Current Deposits,100 million yen,MONTHLY,Bank of Japan Accounts,20260903,200808,83032
MABJML11,Bank of Japan Accounts/Liabilities and Net Assets/Current Deposits,100 million yen,MONTHLY,Bank of Japan Accounts,20260903,200809,132532
MABJML11,Bank of Japan Accounts/Liabilities and Net Assets/Current Deposits,100 million yen,MONTHLY,Bank of Japan Accounts,20260903,200810,97151
MABJML11,Bank of Japan Accounts/Liabilities and Net Assets/Current Deposits,100 million yen,MONTHLY,Bank of Japan Accounts,20260903,200811,98317
MABJML11,Bank of Japan Accounts/Liabilities and Net Assets/Current Deposits,100 million yen,MONTHLY,Bank of Japan Accounts,20260903,200812,151923
MABJML11,Bank of Japan Accounts/Liabilities and Net Assets/Current Deposits,100 million yen,MONTHLY,Bank of Japan Accounts,20260903,200901,112996
MABJML11,Bank of Japan Accounts/Liabilities and Net Assets/Current Deposits,100 million yen,MONTHLY,Bank of Japan Accounts,20260903,200902,135625
MABJML11,Bank of Japan Accounts/Liabilities and Net Assets/Current Deposits,100 million yen,MONTHLY,Bank of Japan Accounts,20260903,200903,221489
MABJML11,Bank of Japan Accounts/Liabilities and Net Assets/Current Deposits,100 million yen,MONTHLY,Bank of Japan Accounts,20260903,200904,137651
MABJML11,Bank of Japan Accounts/Liabilities and Net Assets/Current Deposits,100 million yen,MONTHLY,Bank of Japan Accounts,20260903,200905,133906
MABJML11,Bank of Japan Accounts/Liabilities and Net Assets/Current Deposits,100 million yen,MONTHLY,Bank of Japan Accounts,20260903,200906,157464
MABJML11,Bank of Japan Accounts/Liabilities and Net Assets/Current Deposits,100 million yen,MONTHLY,Bank of Japan Accounts,20260903,200907,122652
MABJML11,Bank of Japan Accounts/Liabilities and Net Assets/Current Deposits,100 million yen,MONTHLY,Bank of Japan Accounts,20260903,200908,119027
MABJML11,Bank of Japan Accounts/Liabilities and Net Assets/Current Deposits,100 million yen,MONTHLY,Bank of Japan Accounts,20260903,200909,175530
MABJML11,Bank of Japan Accounts/Liabilities and Net Assets/Current Deposits,100 million yen,MONTHLY,Bank of Japan Accounts,20260903,200910,122768
MABJML11,Bank of Japan Accounts/Liabilities and Net Assets/Current Deposits,100 million yen,MONTHLY,Bank of Japan Accounts,20260903,200911,130068
MABJML11,Bank of Japan Accounts/Liabilities and Net Assets/Current Deposits,100 million yen,MONTHLY,Bank of Japan Accounts,20260903,200912,203370
MABJML11,Bank of Japan Accounts/Liabilities and Net Assets/Current Deposits,100 million yen,MONTHLY,Bank of Japan Accounts,20260903,201001,152860
MABJML11,Bank of Japan Accounts/Liabilities and Net Assets/Current Deposits,100 million yen,MONTHLY,Bank of Japan Accounts,20260903,201002,157802
MABJML11,Bank of Japan Accounts/Liabilities and Net Assets/Current Deposits,100 million yen,MONTHLY,Bank of Japan Accounts,20260903,201003,234553
MABJML11,Bank of Japan Accounts/Liabilities and Net Assets/Current Deposits,100 million yen,MONTHLY,Bank of Japan Accounts,20260903,201004,162351
MABJML11,Bank of Japan Accounts/Liabilities and Net Assets/Current Deposits,100 million yen,MONTHLY,Bank of Japan Accounts,20260903,201005,181224
MABJML11,Bank of Japan Accounts/Liabilities and Net Assets/Current Deposits,100 million yen,MONTHLY,Bank of Japan Accounts,20260903,201006,198863
MABJML11,Bank of Japan Accounts/Liabilities and Net Assets/Current Deposits,100 million yen,MONTHLY,Bank of Japan Accounts,20260903,201007,171114
MABJML11,Bank of Japan Accounts/Liabilities and Net Assets/Current Deposits,100 million yen,MONTHLY,Bank of Japan Accounts,20260903,201008,174927
MABJML11,Bank of Japan Accounts/Liabilities and Net Assets/Current Deposits,100 million yen,MONTHLY,Bank of Japan Accounts,20260903,201009,201713
MABJML11,Bank of Japan Accounts/Liabilities and Net Assets/Current Deposits,100 million yen,MONTHLY,Bank of Japan Accounts,20260903,201010,178400
MABJML11,Bank of Japan Accounts/Liabilities and Net Assets/Current Deposits,100 million yen,MONTHLY,Bank of Japan Accounts,20260903,201011,201511
MABJML11,Bank of Japan Accounts/Liabilities and Net Assets/Current Deposits,100 million yen,MONTHLY,Bank of Japan Accounts,20260903,201012,226513
MABJML11,Bank of Japan Accounts/Liabilities and Net Assets/Current Deposits,100 million yen,MONTHLY,Bank of Japan Accounts,20260903,201101,181901
MABJML11,Bank of Japan Accounts/Liabilities and Net Assets/Current Deposits,100 million yen,MONTHLY,Bank of Japan Accounts,20260903,201102,184857
MABJML11,Bank of Japan Accounts/Liabilities and Net Assets/Current Deposits,100 million yen,MONTHLY,Bank of Japan Accounts,20260903,201103,407556
MABJML11,Bank of Japan Accounts/Liabilities and Net Assets/Current Deposits,100 million yen,MONTHLY,Bank of Japan Accounts,20260903,201104,347303
MABJML11,Bank of Japan Accounts/Liabilities and Net Assets/Current Deposits,100 million yen,MONTHLY,Bank of Japan Accounts,20260903,201105,291936
MABJML11,Bank of Japan Accounts/Liabilities and Net Assets/Current Deposits,100 million yen,MONTHLY,Bank of Japan Accounts,20260903,201106,332392
MABJML11,Bank of Japan Accounts/Liabilities and Net Assets/Current Deposits,100 million yen,MONTHLY,Bank of Japan Accounts,20260903,201107,279833
MABJML11,Bank of Japan Accounts/Liabilities and Net Assets/Current Deposits,100 million yen,MONTHLY,Bank of Japan Accounts,20260903,201108,285546
MABJML11,Bank of Japan Accounts/Liabilities and Net Assets/Current Deposits,100 million yen,MONTHLY,Bank of Japan Accounts,20260903,201109,346404
MABJML11,Bank of Japan Accounts/Liabilities and Net Assets/Current Deposits,100 million yen,MONTHLY,Bank of Japan Accounts,20260903,201110,297722
MABJML11,Bank of Japan Accounts/Liabilities and Net Assets/Current Deposits,100 million yen,MONTHLY,Bank of Japan Accounts,20260903,201111,320769
MABJML11,Bank of Japan Accounts/Liabilities and Net Assets/Current Deposits,100 million yen,MONTHLY,Bank of Japan Accounts,20260903,201112,365323
MABJML11,Bank of Japan Accounts/Liabilities and Net Assets/Current Deposits,100 million yen,MONTHLY,Bank of Japan Accounts,20260903,201201,298598
MABJML11,Bank of Japan Accounts/Liabilities and Net Assets/Current Deposits,100 million yen,MONTHLY,Bank of Japan Accounts,20260903,201202,280033
MABJML11,Bank of Japan Accounts/Liabilities and Net Assets/Current Deposits,100 million yen,MONTHLY,Bank of Japan Accounts,20260903,201203,344323
MABJML11,Bank of Japan Accounts/Liabilities and Net Assets/Current Deposits,100 million yen,MONTHLY,Bank of Japan Accounts,20260903,201204,363893
MABJML11,Bank of Japan Accounts/Liabilities and Net Assets/Current Deposits,100 million yen,MONTHLY,Bank of Japan Accounts,20260903,201205,309458
MABJML11,Bank of Japan Accounts/Liabilities and Net Assets/Current Deposits,100 million yen,MONTHLY,Bank of Japan Accounts,20260903,201206,431317
MABJML11,Bank of Japan Accounts/Liabilities and Net Assets/Current Deposits,100 million yen,MONTHLY,Bank of Japan Accounts,20260903,201207,368491
MABJML11,Bank of Japan Accounts/Liabilities and Net Assets/Current Deposits,100 million yen,MONTHLY,Bank of Japan Accounts,20260903,201208,369840
MABJML11,Bank of Japan Accounts/Liabilities and Net Assets/Current Deposits,100 million yen,MONTHLY,Bank of Japan Accounts,20260903,201209,439683
MABJML11,Bank of Japan Accounts/Liabilities and Net Assets/Current Deposits,100 million yen,MONTHLY,Bank of Japan Accounts,20260903,201210,427603
MABJML11,Bank of Japan Accounts/Liabilities and Net Assets/Current Deposits,100 million yen,MONTHLY,Bank of Japan Accounts,20260903,201211,396612
MABJML11,Bank of Japan Accounts/Liabilities and Net Assets/Current Deposits,100 million yen,MONTHLY,Bank of Japan Accounts,20260903,201212,472437
MABJML11,Bank of Japan Accounts/Liabilities and Net Assets/Current Deposits,100 million yen,MONTHLY,Bank of Japan Accounts,20260903,201301,437365
MABJML11,Bank of Japan Accounts/Liabilities and Net Assets/Current Deposits,100 million yen,MONTHLY,Bank of Japan Accounts,20260903,201302,438589
MABJML11,Bank of Japan Accounts/Liabilities and Net Assets/Current Deposits,100 million yen,MONTHLY,Bank of Japan Accounts,20260903,201303,581289
MABJML11,Bank of Japan Accounts/Liabilities and Net Assets/Current Deposits,100 million yen,MONTHLY,Bank of Japan Accounts,20260903,201304,661821
MABJML11,Bank of Japan Accounts/Liabilities and Net Assets/Current Deposits,100 million yen,MONTHLY,Bank of Japan Accounts,20260903,201305,716776
MABJML11,Bank of Japan Accounts/Liabilities and Net Assets/Current Deposits,100 million yen,MONTHLY,Bank of Japan Accounts,20260903,201306,846996
MABJML11,Bank of Japan Accounts/Liabilities and Net Assets/Current Deposits,100 million yen,MONTHLY,Bank of Japan Accounts,20260903,201307,851662
MABJML11,Bank of Japan Accounts/Liabilities and Net Assets/Current Deposits,100 million yen,MONTHLY,Bank of Japan Accounts,20260903,201308,886047
MABJML11,Bank of Japan Accounts/Liabilities and Net Assets/Current Deposits,100 million yen,MONTHLY,Bank of Japan Accounts,20260903,201309,974125
MABJML11,Bank of Japan Accounts/Liabilities and Net Assets/Current Deposits,100 million yen,MONTHLY,Bank of Japan Accounts,20260903,201310,1010679
MABJML11,Bank of Japan Accounts/Liabilities and Net Assets/Current Deposits,100 million yen,MONTHLY,Bank of Japan Accounts,20260903,201311,1023861
MABJML11,Bank of Japan Accounts/Liabilities and Net Assets/Current Deposits,100 million yen,MONTHLY,Bank of Japan Accounts,20260903,201312,1070775
MABJML11,Bank of Japan Accounts/Liabilities and Net Assets/Current Deposits,100 million yen,MONTHLY,Bank of Japan Accounts,20260903,201401,1104871
MABJML11,Bank of Japan Accounts/Liabilities and Net Assets/Current Deposits,100 million yen,MONTHLY,Bank of Japan Accounts,20260903,201402,1140304
MABJML11,Bank of Japan Accounts/Liabilities and Net Assets/Current Deposits,100 million yen,MONTHLY,Bank of Japan Accounts,20260903,201403,1286678
MABJML11,Bank of Japan Accounts/Liabilities and Net Assets/Current Deposits,100 million yen,MONTHLY,Bank of Japan Accounts,20260903,201404,1337981
MABJML11,Bank of Japan Accounts/Liabilities and Net Assets/Current Deposits,100 million yen,MONTHLY,Bank of Japan Accounts,20260903,201405,1362536
MABJML11,Bank of Japan Accounts/Liabilities and Net Assets/Current Deposits,100 million yen,MONTHLY,Bank of Japan Accounts,20260903,201406,1523146
MABJML11,Bank of Japan Accounts/Liabilities and Net Assets/Current Deposits,100 million yen,MONTHLY,Bank of Japan Accounts,20260903,201407,1520591
MABJML11,Bank of Japan Accounts/Liabilities and Net Assets/Current Deposits,100 million yen,MONTHLY,Bank of Japan Accounts,20260903,201408,1520552
MABJML11,Bank of Japan Accounts/Liabilities and Net Assets/Current Deposits,100 million yen,MONTHLY,Bank of Japan Accounts,20260903,201409,1615173
MABJML11,Bank of Japan Accounts/Liabilities and Net Assets/Current Deposits,100 million yen,MONTHLY,Bank of Japan Accounts,20260903,201410,1677009
MABJML11,Bank of Japan Accounts/Liabilities and Net Assets/Current Deposits,100 million yen,MONTHLY,Bank of Japan Accounts,20260903,201411,1702818
MABJML11,Bank of Japan Accounts/Liabilities and Net Assets/Current Deposits,100 million yen,MONTHLY,Bank of Japan Accounts,20260903,201412,1781359
MABJML11,Bank of Japan Accounts/Liabilities and Net Assets/Current Deposits,100 million yen,MONTHLY,Bank of Japan Accounts,20260903,201501,1849282
MABJML11,Bank of Japan Accounts/Liabilities and Net Assets/Current Deposits,100 million yen,MONTHLY,Bank of Japan Accounts,20260903,201502,1848582
MABJML11,Bank of Japan Accounts/Liabilities and Net Assets/Current Deposits,100 million yen,MONTHLY,Bank of Japan Accounts,20260903,201503,2015564
MABJML11,Bank of Japan Accounts/Liabilities and Net Assets/Current Deposits,100 million yen,MONTHLY,Bank of Japan Accounts,20260903,201504,2102158
MABJML11,Bank of Japan Accounts/Liabilities and Net Assets/Current Deposits,100 million yen,MONTHLY,Bank of Japan Accounts,20260903,201505,2130212
MABJML11,Bank of Japan Accounts/Liabilities and Net Assets/Current Deposits,100 million yen,MONTHLY,Bank of Japan Accounts,20260903,201506,2298404
MABJML11,Bank of Japan Accounts/Liabilities and Net Assets/Current Deposits,100 million yen,MONTHLY,Bank of Japan Accounts,20260903,201507,2300667
MABJML11,Bank of Japan Accounts/Liabilities and Net Assets/Current Deposits,100 million yen,MONTHLY,Bank of Japan Accounts,20260903,201508,2314264
MABJML11,Bank of Japan Accounts/Liabilities and Net Assets/Current Deposits,100 million yen,MONTHLY,Bank of Japan Accounts,20260903,201509,2422294
MABJML11,Bank of Japan Accounts/Liabilities and Net Assets/Current Deposits,100 million yen,MONTHLY,Bank of Japan Accounts,20260903,201510,2471719
MABJML11,Bank of Japan Accounts/Liabilities and Net Assets/Current Deposits,100 million yen,MONTHLY,Bank of Japan Accounts,20260903,201511,2458488
MABJML11,Bank of Japan Accounts/Liabilities and Net Assets/Current Deposits,100 million yen,MONTHLY,Bank of Japan Accounts,20260903,201512,2530135
MABJML11,Bank of Japan Accounts/Liabilities and Net Assets/Current Deposits,100 million yen,MONTHLY,Bank of Japan Accounts,20260903,201601,2592936
MABJML11,Bank of Japan Accounts/Liabilities and Net Assets/Current Deposits,100 million yen,MONTHLY,Bank of Japan Accounts,20260903,201602,2589892
MABJML11,Bank of Japan Accounts/Liabilities and Net Assets/Current Deposits,100 million yen,MONTHLY,Bank of Japan Accounts,20260903,201603,2754394
MABJML11,Bank of Japan Accounts/Liabilities and Net Assets/Current Deposits,100 million yen,MONTHLY,Bank of Japan Accounts,20260903,201604,2844050
MABJML11,Bank of Japan Accounts/Liabilities and Net Assets/Current Deposits,100 million yen,MONTHLY,Bank of Japan Accounts,20260903,201605,2867837
MABJML11,Bank of Japan Accounts/Liabilities and Net Assets/Current Deposits,100 million yen,MONTHLY,Bank of Japan Accounts,20260903,201606,3032783
MABJML11,Bank of Japan Accounts/Liabilities and Net Assets/Current Deposits,100 million yen,MONTHLY,Bank of Japan Accounts,20260903,201607,3027875
MABJML11,Bank of Japan Accounts/Liabilities and Net Assets/Current Deposits,100 million yen,MONTHLY,Bank of Japan Accounts,20260903,201608,3034934
MABJML11,Bank of Japan Accounts/Liabilities and Net Assets/Current Deposits,100 million yen,MONTHLY,Bank of Japan Accounts,20260903,201609,3118345
MABJML11,Bank of Japan Accounts/Liabilities and Net Assets/Current Deposits,100 million yen,MONTHLY,Bank of Japan Accounts,20260903,201610,3159522
MABJML11,Bank of Japan Accounts/Liabilities and Net Assets/Current Deposits,100 million yen,MONTHLY,Bank of Japan Accounts,20260903,201611,3176990
MABJML11,Bank of Japan Accounts/Liabilities and Net Assets/Current Deposits,100 million yen,MONTHLY,Bank of Japan Accounts,20260903,201612,3302279
MABJML11,Bank of Japan Accounts/Liabilities and Net Assets/Current Deposits,100 million yen,MONTHLY,Bank of Japan Accounts,20260903,201701,3318197
MABJML11,Bank of Japan Accounts/Liabilities and Net Assets/Current Deposits,100 million yen,MONTHLY,Bank of Japan Accounts,20260903,201702,3296231
MABJML11,Bank of Japan Accounts/Liabilities and Net Assets/Current Deposits,100 million yen,MONTHLY,Bank of Japan Accounts,20260903,201703,3427555
MABJML11,Bank of Japan Accounts/Liabilities and Net Assets/Current Deposits,100 million yen,MONTHLY,Bank of Japan Accounts,20260903,201704,3565100
MABJML11,Bank of Japan Accounts/Liabilities and Net Assets/Current Deposits,100 million yen,MONTHLY,Bank of Japan Accounts,20260903,201705,3516824
MABJML11,Bank of Japan Accounts/Liabilities and Net Assets/Current Deposits,100 million yen,MONTHLY,Bank of Japan Accounts,20260903,201706,3629451
MABJML11,Bank of Japan Accounts/Liabilities and Net Assets/Current Deposits,100 million yen,MONTHLY,Bank of Japan Accounts,20260903,201707,3629179
MABJML11,Bank of Japan Accounts/Liabilities and Net Assets/Current Deposits,100 million yen,MONTHLY,Bank of Japan Accounts,20260903,201708,3635896
MABJML11,Bank of Japan Accounts/Liabilities and Net Assets/Current Deposits,100 million yen,MONTHLY,Bank of Japan Accounts,20260903,201709,3691271
MABJML11,Bank of Japan Accounts/Liabilities and Net Assets/Current Deposits,100 million yen,MONTHLY,Bank of Japan Accounts,20260903,201710,3703649
MABJML11,Bank of Japan Accounts/Liabilities and Net Assets/Current Deposits,100 million yen,MONTHLY,Bank of Japan Accounts,20260903,201711,3647941
MABJML11,Bank of Japan Accounts/Liabilities and Net Assets/Current Deposits,100 million yen,MONTHLY,Bank of Japan Accounts,20260903,201712,3684893
MABJML11,Bank of Japan Accounts/Liabilities and Net Assets/Current Deposits,100 million yen,MONTHLY,Bank of Japan Accounts,20260903,201801,3685501
MABJML11,Bank of Japan Accounts/Liabilities and Net Assets/Current Deposits,100 million yen,MONTHLY,Bank of Japan Accounts,20260903,201802,3667044
MABJML11,Bank of Japan Accounts/Liabilities and Net Assets/Current Deposits,100 million yen,MONTHLY,Bank of Japan Accounts,20260903,201803,3782379
MABJML11,Bank of Japan Accounts/Liabilities and Net Assets/Current Deposits,100 million yen,MONTHLY,Bank of Japan Accounts,20260903,201804,3884983
MABJML11,Bank of Japan Accounts/Liabilities and Net Assets/Current Deposits,100 million yen,MONTHLY,Bank of Japan Accounts,20260903,201805,3841917
MABJML11,Bank of Japan Accounts/Liabilities and Net Assets/Current Deposits,100 million yen,MONTHLY,Bank of Japan Accounts,20260903,201806,3936205
MABJML11,Bank of Japan Accounts/Liabilities and Net Assets/Current Deposits,100 million yen,MONTHLY,Bank of Japan Accounts,20260903,201807,3936014
MABJML11,Bank of Japan Accounts/Liabilities and Net Assets/Current Deposits,100 million yen,MONTHLY,Bank of Japan Accounts,20260903,201808,3924272
MABJML11,Bank of Japan Accounts/Liabilities and Net Assets/Current Deposits,100 million yen,MONTHLY,Bank of Japan Accounts,20260903,201809,3954798
MABJML11,Bank of Japan Accounts/Liabilities and Net Assets/Current Deposits,100 million yen,MONTHLY,Bank of Japan Accounts,20260903,201810,3969962
MABJML11,Bank of Japan Accounts/Liabilities and Net Assets/Current Deposits,100 million yen,MONTHLY,Bank of Japan Accounts,20260903,201811,3912118
MABJML11,Bank of Japan Accounts/Liabilities and Net Assets/Current Deposits,100 million yen,MONTHLY,Bank of Japan Accounts,20260903,201812,3890091
MABJML11,Bank of Japan Accounts/Liabilities and Net Assets/Current Deposits,100 million yen,MONTHLY,Bank of Japan Accounts,20260903,201901,3885952
MABJML11,Bank of Japan Accounts/Liabilities and Net Assets/Current Deposits,100 million yen,MONTHLY,Bank of Japan Accounts,20260903,201902,3853453
MABJML11,Bank of Japan Accounts/Liabilities and Net Assets/Current Deposits,100 million yen,MONTHLY,Bank of Japan Accounts,20260903,201903,3938836
MABJML11,Bank of Japan Accounts/Liabilities and Net Assets/Current Deposits,100 million yen,MONTHLY,Bank of Japan Accounts,20260903,201904,3981294
MABJML11,Bank of Japan Accounts/Liabilities and Net Assets/Current Deposits,100 million yen,MONTHLY,Bank of Japan Accounts,20260903,201905,3998907
MABJML11,Bank of Japan Accounts/Liabilities and Net Assets/Current Deposits,100 million yen,MONTHLY,Bank of Japan Accounts,20260903,201906,4106442
MABJML11,Bank of Japan Accounts/Liabilities and Net Assets/Current Deposits,100 million yen,MONTHLY,Bank of Japan Accounts,20260903,201907,4057941
MABJML11,Bank of Japan Accounts/Liabilities and Net Assets/Current Deposits,100 million yen,MONTHLY,Bank of Japan Accounts,20260903,201908,4036194
MABJML11,Bank of Japan Accounts/Liabilities and Net Assets/Current Deposits,100 million yen,MONTHLY,Bank of Japan Accounts,20260903,201909,4083259
MABJML11,Bank of Japan Accounts/Liabilities and Net Assets/Current Deposits,100 million yen,MONTHLY,Bank of Japan Accounts,20260903,201910,4105629
MABJML11,Bank of Japan Accounts/Liabilities and Net Assets/Current Deposits,100 million yen,MONTHLY,Bank of Japan Accounts,20260903,201911,4046084
MABJML11,Bank of Japan Accounts/Liabilities and Net Assets/Current Deposits,100 million yen,MONTHLY,Bank of Japan Accounts,20260903,201912,4005470
MABJML11,Bank of Japan Accounts/Liabilities and Net Assets/Current Deposits,100 million yen,MONTHLY,Bank of Japan Accounts,20260903,202001,4032897
MABJML11,Bank of Japan Accounts/Liabilities and Net Assets/Current Deposits,100 million yen,MONTHLY,Bank of Japan Accounts,20260903,202002,4018410
MABJML11,Bank of Japan Accounts/Liabilities and Net Assets/Current Deposits,100 million yen,MONTHLY,Bank of Japan Accounts,20260903,202003,3952560
MABJML11,Bank of Japan Accounts/Liabilities and Net Assets/Current Deposits,100 million yen,MONTHLY,Bank of Japan Accounts,20260903,202004,4121979
MABJML11,Bank of Japan Accounts/Liabilities and Net Assets/Current Deposits,100 million yen,MONTHLY,Bank of Japan Accounts,20260903,202005,4271394
MABJML11,Bank of Japan Accounts/Liabilities and Net Assets/Current Deposits,100 million yen,MONTHLY,Bank of Japan Accounts,20260903,202006,4470196
MABJML11,Bank of Japan Accounts/Liabilities and Net Assets/Current Deposits,100 million yen,MONTHLY,Bank of Japan Accounts,20260903,202007,4574489
MABJML11,Bank of Japan Accounts/Liabilities and Net Assets/Current Deposits,100 million yen,MONTHLY,Bank of Japan Accounts,20260903,202008,4642197
MABJML11,Bank of Japan Accounts/Liabilities and Net Assets/Current Deposits,100 million yen,MONTHLY,Bank of Japan Accounts,20260903,202009,4874600
MABJML11,Bank of Japan Accounts/Liabilities and Net Assets/Current Deposits,100 million yen,MONTHLY,Bank of Japan Accounts,20260903,202010,4893187
MABJML11,Bank of Japan Accounts/Liabilities and Net Assets/Current Deposits,100 million yen,MONTHLY,Bank of Japan Accounts,20260903,202011,4867921
MABJML11,Bank of Japan Accounts/Liabilities and Net Assets/Current Deposits,100 million yen,MONTHLY,Bank of Japan Accounts,20260903,202012,4942272
MABJML11,Bank of Japan Accounts/Liabilities and Net Assets/Current Deposits,100 million yen,MONTHLY,Bank of Japan Accounts,20260903,202101,4959006
MABJML11,Bank of Japan Accounts/Liabilities and Net Assets/Current Deposits,100 million yen,MONTHLY,Bank of Japan Accounts,20260903,202102,4938695
MABJML11,Bank of Japan Accounts/Liabilities and Net Assets/Current Deposits,100 million yen,MONTHLY,Bank of Japan Accounts,20260903,202103,5225703
MABJML11,Bank of Japan Accounts/Liabilities and Net Assets/Current Deposits,100 million yen,MONTHLY,Bank of Japan Accounts,20260903,202104,5330616
MABJML11,Bank of Japan Accounts/Liabilities and Net Assets/Current Deposits,100 million yen,MONTHLY,Bank of Japan Accounts,20260903,202105,5299655
MABJML11,Bank of Japan Accounts/Liabilities and Net Assets/Current Deposits,100 million yen,MONTHLY,Bank of Japan Accounts,20260903,202106,5379105
MABJML11,Bank of Japan Accounts/Liabilities and Net Assets/Current Deposits,100 million yen,MONTHLY,Bank of Japan Accounts,20260903,202107,5388797
MABJML11,Bank of Japan Accounts/Liabilities and Net Assets/Current Deposits,100 million yen,MONTHLY,Bank of Japan Accounts,20260903,202108,5393055
MABJML11,Bank of Japan Accounts/Liabilities and Net Assets/Current Deposits,100 million yen,MONTHLY,Bank of Japan Accounts,20260903,202109,5416619
MABJML11,Bank of Japan Accounts/Liabilities and Net Assets/Current Deposits,100 million yen,MONTHLY,Bank of Japan Accounts,20260903,202110,5416171
MABJML11,Bank of Japan Accounts/Liabilities and Net Assets/Current Deposits,100 million yen,MONTHLY,Bank of Japan Accounts,20260903,202111,5377354
MABJML11,Bank of Japan Accounts/Liabilities and Net Assets/Current Deposits,100 million yen,MONTHLY,Bank of Japan Accounts,20260903,202112,5430417
MABJML11,Bank of Japan Accounts/Liabilities and Net Assets/Current Deposits,100 million yen,MONTHLY,Bank of Japan Accounts,20260903,202201,5390742
MABJML11,Bank of Japan Accounts/Liabilities and Net Assets/Current Deposits,100 million yen,MONTHLY,Bank of Japan Accounts,20260903,202202,5397075
MABJML11,Bank of Japan Accounts/Liabilities and Net Assets/Current Deposits,100 million yen,MONTHLY,Bank of Japan Accounts,20260903,202203,5631784
MABJML11,Bank of Japan Accounts/Liabilities and Net Assets/Current Deposits,100 million yen,MONTHLY,Bank of Japan Accounts,20260903,202204,5621733
MABJML11,Bank of Japan Accounts/Liabilities and Net Assets/Current Deposits,100 million yen,MONTHLY,Bank of Japan Accounts,20260903,202205,5487881
MABJML11,Bank of Japan Accounts/Liabilities and Net Assets/Current Deposits,100 million yen,MONTHLY,Bank of Japan Accounts,20260903,202206,5523049
MABJML11,Bank of Japan Accounts/Liabilities and Net Assets/Current Deposits,100 million yen,MONTHLY,Bank of Japan Accounts,20260903,202207,5407009
MABJML11,Bank of Japan Accounts/Liabilities and Net Assets/Current Deposits,100 million yen,MONTHLY,Bank of Japan Accounts,20260903,202208,5196523
MABJML11,Bank of Japan Accounts/Liabilities and Net Assets/Current Deposits,100 million yen,MONTHLY,Bank of Japan Accounts,20260903,202209,4930197
MABJML11,Bank of Japan Accounts/Liabilities and Net Assets/Current Deposits,100 million yen,MONTHLY,Bank of Japan Accounts,20260903,202210,4953050
MABJML11,Bank of Japan Accounts/Liabilities and Net Assets/Current Deposits,100 million yen,MONTHLY,Bank of Japan Accounts,20260903,202211,4941060
MABJML11,Bank of Japan Accounts/Liabilities and Net Assets/Current Deposits,100 million yen,MONTHLY,Bank of Japan Accounts,20260903,202212,5024843
MABJML11,Bank of Japan Accounts/Liabilities and Net Assets/Current Deposits,100 million yen,MONTHLY,Bank of Japan Accounts,20260903,202301,5247533
MABJML11,Bank of Japan Accounts/Liabilities and Net Assets/Current Deposits,100 million yen,MONTHLY,Bank of Japan Accounts,20260903,202302,5248737
MABJML11,Bank of Japan Accounts/Liabilities and Net Assets/Current Deposits,100 million yen,MONTHLY,Bank of Japan Accounts,20260903,202303,5490781
MABJML11,Bank of Japan Accounts/Liabilities and Net Assets/Current Deposits,100 million yen,MONTHLY,Bank of Japan Accounts,20260903,202304,5529142
MABJML11,Bank of Japan Accounts/Liabilities and Net Assets/Current Deposits,100 million yen,MONTHLY,Bank of Japan Accounts,20260903,202305,5464409
MABJML11,Bank of Japan Accounts/Liabilities and Net Assets/Current Deposits,100 million yen,MONTHLY,Bank of Japan Accounts,20260903,202306,5444447
MABJML11,Bank of Japan Accounts/Liabilities and Net Assets/Current Deposits,100 million yen,MONTHLY,Bank of Japan Accounts,20260903,202307,5428092
MABJML11,Bank of Japan Accounts/Liabilities and Net Assets/Current Deposits,100 million yen,MONTHLY,Bank of Japan Accounts,20260903,202308,5484818
MABJML11,Bank of Japan Accounts/Liabilities and Net Assets/Current Deposits,100 million yen,MONTHLY,Bank of Japan Accounts,20260903,202309,5471928
MABJML11,Bank of Japan Accounts/Liabilities and Net Assets/Current Deposits,100 million yen,MONTHLY,Bank of Japan Accounts,20260903,202310,5517021
MABJML11,Bank of Japan Accounts/Liabilities and Net Assets/Current Deposits,100 million yen,MONTHLY,Bank of Japan Accounts,20260903,202311,5440582
MABJML11,Bank of Japan Accounts/Liabilities and Net Assets/Current Deposits,100 million yen,MONTHLY,Bank of Japan Accounts,20260903,202312,5436785
MABJML11,Bank of Japan Accounts/Liabilities and Net Assets/Current Deposits,100 million yen,MONTHLY,Bank of Japan Accounts,20260903,202401,5436877
MABJML11,Bank of Japan Accounts/Liabilities and Net Assets/Current Deposits,100 million yen,MONTHLY,Bank of Japan Accounts,20260903,202402,5385287
MABJML11,Bank of Japan Accounts/Liabilities and Net Assets/Current Deposits,100 million yen,MONTHLY,Bank of Japan Accounts,20260903,202403,5611820
MABJML11,Bank of Japan Accounts/Liabilities and Net Assets/Current Deposits,100 million yen,MONTHLY,Bank of Japan Accounts,20260903,202404,5703371
MABJML11,Bank of Japan Accounts/Liabilities and Net Assets/Current Deposits,100 million yen,MONTHLY,Bank of Japan Accounts,20260903,202405,5515243
MABJML11,Bank of Japan Accounts/Liabilities and Net Assets/Current Deposits,100 million yen,MONTHLY,Bank of Japan Accounts,20260903,202406,5517714
MABJML11,Bank of Japan Accounts/Liabilities and Net Assets/Current Deposits,100 million yen,MONTHLY,Bank of Japan Accounts,20260903,202407,5484748
MABJML11,Bank of Japan Accounts/Liabilities and Net Assets/Current Deposits,100 million yen,MONTHLY,Bank of Japan Accounts,20260903,202408,5504335
MABJML11,Bank of Japan Accounts/Liabilities and Net Assets/Current Deposits,100 million yen,MONTHLY,Bank of Japan Accounts,20260903,202409,5494207
MABJML11,Bank of Japan Accounts/Liabilities and Net Assets/Current Deposits,100 million yen,MONTHLY,Bank of Japan Accounts,20260903,202410,5483546
MABJML11,Bank of Japan Accounts/Liabilities and Net Assets/Current Deposits,100 million yen,MONTHLY,Bank of Japan Accounts,20260903,202411,5431268
MABJML11,Bank of Japan Accounts/Liabilities and Net Assets/Current Deposits,100 million yen,MONTHLY,Bank of Japan Accounts,20260903,202412,5315098
MABJML11,Bank of Japan Accounts/Liabilities and Net Assets/Current Deposits,100 million yen,MONTHLY,Bank of Japan Accounts,20260903,202501,5284411
MABJML11,Bank of Japan Accounts/Liabilities and Net Assets/Current Deposits,100 million yen,MONTHLY,Bank of Japan Accounts,20260903,202502,5312461
MABJML11,Bank of Japan Accounts/Liabilities and Net Assets/Current Deposits,100 million yen,MONTHLY,Bank of Japan Accounts,20260903,202503,5304326
MABJML11,Bank of Japan Accounts/Liabilities and Net Assets/Current Deposits,100 million yen,MONTHLY,Bank of Japan Accounts,20260903,202504,5431559
MABJML11,Bank of Japan Accounts/Liabilities and Net Assets/Current Deposits,100 million yen,MONTHLY,Bank of Japan Accounts,20260903,202505,5322552
MABJML11,Bank of Japan Accounts/Liabilities and Net Assets/Current Deposits,100 million yen,MONTHLY,Bank of Japan Accounts,20260903,202506,5291143
MABJML11,Bank of Japan Accounts/Liabilities and Net Assets/Current Deposits,100 million yen,MONTHLY,Bank of Japan Accounts,20260903,202507,5244375
MABJML11,Bank of Japan Accounts/Liabilities and Net Assets/Current Deposits,100 million yen,MONTHLY,Bank of Japan Accounts,20260903,202508,5236394
MABJML11,Bank of Japan Accounts/Liabilities and Net Assets/Current Deposits,100 million yen,MONTHLY,Bank of Japan Accounts,20260903,202509,5020768
MABJML11,Bank of Japan Accounts/Liabilities and Net Assets/Current Deposits,100 million yen,MONTHLY,Bank of Japan Accounts,20260903,202510,4976935
MABJML11,Bank of Japan Accounts/Liabilities and Net Assets/Current Deposits,100 million yen,MONTHLY,Bank of Japan Accounts,20260903,202511,4870260
MABJML11,Bank of Japan Accounts/Liabilities and Net Assets/Current Deposits,100 million yen,MONTHLY,Bank of Japan Accounts,20260903,202512,4709445
MABJML11,Bank of Japan Accounts/Liabilities and Net Assets/Current Deposits,100 million yen,MONTHLY,Bank of Japan Accounts,20260903,202601,4681228
MABJML11,Bank of Japan Accounts/Liabilities and Net Assets/Current Deposits,100 million yen,MONTHLY,Bank of Japan Accounts,20260903,202602,4611006
MABJML11,Bank of Japan Accounts/Liabilities and Net Assets/Current Deposits,100 million yen,MONTHLY,Bank of Japan Accounts,20260903,202603,4597432
MABJML11,Bank of Japan Accounts/Liabilities and Net Assets/Current Deposits,100 million yen,MONTHLY,Bank of Japan Accounts,20260903,202604,4694301
MABJML11,Bank of Japan Accounts/Liabilities and Net Assets/Current Deposits,100 million yen,MONTHLY,Bank of Japan Accounts,20260903,202605,4520984
MABJML11,Bank of Japan Accounts/Liabilities and Net Assets/Current Deposits,100 million yen,MONTHLY,Bank of Japan Accounts,20260903,202606,4403645
MABJML11,Bank of Japan Accounts/Liabilities and Net Assets/Current Deposits,100 million yen,MONTHLY,Bank of Japan Accounts,20260903,202607,4380122
MABJML11,Bank of Japan Accounts/Liabilities and Net Assets/Current Deposits,100 million yen,MONTHLY,Bank of Japan Accounts,20260903,202608,4243219
