STATUS,200
MESSAGEID,M181000I
MESSAGE,Successfully completed
DATE,2026-10-08T00:30:11.969+09:00
PARAMETER,FORMAT,CSV
PARAMETER,LANG,EN
PARAMETER,DB,MD02
PARAMETER,STARTDATE,
PARAMETER,ENDDATE,
PARAMETER,STARTPOSITION,
NEXTPOSITION,
SERIES_CODE,NAME_OF_TIME_SERIES,UNIT,FREQUENCY,CATEGORY,LAST_UPDATE,SURVEY_DATES,VALUES
MAM1NAM2M2MO,M2/Average Amounts Outstanding/Money Stock,100 million yen,MONTHLY,Money Stock,20260909,200304,6767067
MAM1NAM2M2MO,M2/Average Amounts Outstanding/Money Stock,100 million yen,MONTHLY,Money Stock,20260909,200305,6770869
MAM1NAM2M2MO,M2/Average Amounts Outstanding/Money Stock,100 million yen,MONTHLY,Money Stock,20260909,200306,6777550
MAM1NAM2M2MO,M2/Average Amounts Outstanding/Money Stock,100 million yen,MONTHLY,Money Stock,20260909,200307,6813055
MAM1NAM2M2MO,M2/Average Amounts Outstanding/Money Stock,100 million yen,MONTHLY,Money Stock,20260909,200308,6807344
MAM1NAM2M2MO,M2/Average Amounts Outstanding/Money Stock,100 million yen,MONTHLY,Money Stock,20260909,200309,6768459
MAM1NAM2M2MO,M2/Average Amounts Outstanding/Money Stock,100 million yen,MONTHLY,Money Stock,20260909,200310,6755731
MAM1NAM2M2MO,M2/Average Amounts Outstanding/Money Stock,100 million yen,MONTHLY,Money Stock,20260909,200311,6757284
MAM1NAM2M2MO,M2/Average Amounts Outstanding/Money Stock,100 million yen,MONTHLY,Money Stock,20260909,200312,6825840
MAM1NAM2M2MO,M2/Average Amounts Outstanding/Money Stock,100 million yen,MONTHLY,Money Stock,20260909,200401,6833119
MAM1NAM2M2MO,M2/Average Amounts Outstanding/Money Stock,100 million yen,MONTHLY,Money Stock,20260909,200402,6797767
MAM1NAM2M2MO,M2/Average Amounts Outstanding/Money Stock,100 million yen,MONTHLY,Money Stock,20260909,200403,6825916
MAM1NAM2M2MO,M2/Average Amounts Outstanding/Money Stock,100 million yen,MONTHLY,Money Stock,20260909,200404,6891883
MAM1NAM2M2MO,M2/Average Amounts Outstanding/Money Stock,100 million yen,MONTHLY,Money Stock,20260909,200405,6903843
MAM1NAM2M2MO,M2/Average Amounts Outstanding/Money Stock,100 million yen,MONTHLY,Money Stock,20260909,200406,6894824
MAM1NAM2M2MO,M2/Average Amounts Outstanding/Money Stock,100 million yen,MONTHLY,Money Stock,20260909,200407,6937875
MAM1NAM2M2MO,M2/Average Amounts Outstanding/Money Stock,100 million yen,MONTHLY,Money Stock,20260909,200408,6933689
MAM1NAM2M2MO,M2/Average Amounts Outstanding/Money Stock,100 million yen,MONTHLY,Money Stock,20260909,200409,6907282
MAM1NAM2M2MO,M2/Average Amounts Outstanding/Money Stock,100 million yen,MONTHLY,Money Stock,20260909,200410,6890506
MAM1NAM2M2MO,M2/Average Amounts Outstanding/Money Stock,100 million yen,MONTHLY,Money Stock,20260909,200411,6894786
MAM1NAM2M2MO,M2/Average Amounts Outstanding/Money Stock,100 million yen,MONTHLY,Money Stock,20260909,200412,6960622
MAM1NAM2M2MO,M2/Average Amounts Outstanding/Money Stock,100 million yen,MONTHLY,Money Stock,20260909,200501,6965712
MAM1NAM2M2MO,M2/Average Amounts Outstanding/Money Stock,100 million yen,MONTHLY,Money Stock,20260909,200502,6920502
MAM1NAM2M2MO,M2/Average Amounts Outstanding/Money Stock,100 million yen,MONTHLY,Money Stock,20260909,200503,6965119
MAM1NAM2M2MO,M2/Average Amounts Outstanding/Money Stock,100 million yen,MONTHLY,Money Stock,20260909,200504,7015356
MAM1NAM2M2MO,M2/Average Amounts Outstanding/Money Stock,100 million yen,MONTHLY,Money Stock,20260909,200505,7003169
MAM1NAM2M2MO,M2/Average Amounts Outstanding/Money Stock,100 million yen,MONTHLY,Money Stock,20260909,200506,7006819
MAM1NAM2M2MO,M2/Average Amounts Outstanding/Money Stock,100 million yen,MONTHLY,Money Stock,20260909,200507,7050604
MAM1NAM2M2MO,M2/Average Amounts Outstanding/Money Stock,100 million yen,MONTHLY,Money Stock,20260909,200508,7043747
MAM1NAM2M2MO,M2/Average Amounts Outstanding/Money Stock,100 million yen,MONTHLY,Money Stock,20260909,200509,7046184
MAM1NAM2M2MO,M2/Average Amounts Outstanding/Money Stock,100 million yen,MONTHLY,Money Stock,20260909,200510,7021746
MAM1NAM2M2MO,M2/Average Amounts Outstanding/Money Stock,100 million yen,MONTHLY,Money Stock,20260909,200511,7036014
MAM1NAM2M2MO,M2/Average Amounts Outstanding/Money Stock,100 million yen,MONTHLY,Money Stock,20260909,200512,7089899
MAM1NAM2M2MO,M2/Average Amounts Outstanding/Money Stock,100 million yen,MONTHLY,Money Stock,20260909,200601,7087795
MAM1NAM2M2MO,M2/Average Amounts Outstanding/Money Stock,100 million yen,MONTHLY,Money Stock,20260909,200602,7037961
MAM1NAM2M2MO,M2/Average Amounts Outstanding/Money Stock,100 million yen,MONTHLY,Money Stock,20260909,200603,7061195
MAM1NAM2M2MO,M2/Average Amounts Outstanding/Money Stock,100 million yen,MONTHLY,Money Stock,20260909,200604,7129110
MAM1NAM2M2MO,M2/Average Amounts Outstanding/Money Stock,100 million yen,MONTHLY,Money Stock,20260909,200605,7093181
MAM1NAM2M2MO,M2/Average Amounts Outstanding/Money Stock,100 million yen,MONTHLY,Money Stock,20260909,200606,7085888
MAM1NAM2M2MO,M2/Average Amounts Outstanding/Money Stock,100 million yen,MONTHLY,Money Stock,20260909,200607,7085186
MAM1NAM2M2MO,M2/Average Amounts Outstanding/Money Stock,100 million yen,MONTHLY,Money Stock,20260909,200608,7073070
MAM1NAM2M2MO,M2/Average Amounts Outstanding/Money Stock,100 million yen,MONTHLY,Money Stock,20260909,200609,7081933
MAM1NAM2M2MO,M2/Average Amounts Outstanding/Money Stock,100 million yen,MONTHLY,Money Stock,20260909,200610,7059775
MAM1NAM2M2MO,M2/Average Amounts Outstanding/Money Stock,100 million yen,MONTHLY,Money Stock,20260909,200611,7078251
MAM1NAM2M2MO,M2/Average Amounts Outstanding/Money Stock,100 million yen,MONTHLY,Money Stock,20260909,200612,7137934
MAM1NAM2M2MO,M2/Average Amounts Outstanding/Money Stock,100 million yen,MONTHLY,Money Stock,20260909,200701,7151423
MAM1NAM2M2MO,M2/Average Amounts Outstanding/Money Stock,100 million yen,MONTHLY,Money Stock,20260909,200702,7108923
MAM1NAM2M2MO,M2/Average Amounts Outstanding/Money Stock,100 million yen,MONTHLY,Money Stock,20260909,200703,7138415
MAM1NAM2M2MO,M2/Average Amounts Outstanding/Money Stock,100 million yen,MONTHLY,Money Stock,20260909,200704,7210967
MAM1NAM2M2MO,M2/Average Amounts Outstanding/Money Stock,100 million yen,MONTHLY,Money Stock,20260909,200705,7195192
MAM1NAM2M2MO,M2/Average Amounts Outstanding/Money Stock,100 million yen,MONTHLY,Money Stock,20260909,200706,7216367
MAM1NAM2M2MO,M2/Average Amounts Outstanding/Money Stock,100 million yen,MONTHLY,Money Stock,20260909,200707,7228811
MAM1NAM2M2MO,M2/Average Amounts Outstanding/Money Stock,100 million yen,MONTHLY,Money Stock,20260909,200708,7198156
MAM1NAM2M2MO,M2/Average Amounts Outstanding/Money Stock,100 million yen,MONTHLY,Money Stock,20260909,200709,7201921
MAM1NAM2M2MO,M2/Average Amounts Outstanding/Money Stock,100 million yen,MONTHLY,Money Stock,20260909,200710,7193436
MAM1NAM2M2MO,M2/Average Amounts Outstanding/Money Stock,100 million yen,MONTHLY,Money Stock,20260909,200711,7220662
MAM1NAM2M2MO,M2/Average Amounts Outstanding/Money Stock,100 million yen,MONTHLY,Money Stock,20260909,200712,7285588
MAM1NAM2M2MO,M2/Average Amounts Outstanding/Money Stock,100 million yen,MONTHLY,Money Stock,20260909,200801,7304457
MAM1NAM2M2MO,M2/Average Amounts Outstanding/Money Stock,100 million yen,MONTHLY,Money Stock,20260909,200802,7276617
MAM1NAM2M2MO,M2/Average Amounts Outstanding/Money Stock,100 million yen,MONTHLY,Money Stock,20260909,200803,7299474
MAM1NAM2M2MO,M2/Average Amounts Outstanding/Money Stock,100 million yen,MONTHLY,Money Stock,20260909,200804,7345919
MAM1NAM2M2MO,M2/Average Amounts Outstanding/Money Stock,100 million yen,MONTHLY,Money Stock,20260909,200805,7342982
MAM1NAM2M2MO,M2/Average Amounts Outstanding/Money Stock,100 million yen,MONTHLY,Money Stock,20260909,200806,7378298
MAM1NAM2M2MO,M2/Average Amounts Outstanding/Money Stock,100 million yen,MONTHLY,Money Stock,20260909,200807,7381435
MAM1NAM2M2MO,M2/Average Amounts Outstanding/Money Stock,100 million yen,MONTHLY,Money Stock,20260909,200808,7371732
MAM1NAM2M2MO,M2/Average Amounts Outstanding/Money Stock,100 million yen,MONTHLY,Money Stock,20260909,200809,7358569
MAM1NAM2M2MO,M2/Average Amounts Outstanding/Money Stock,100 million yen,MONTHLY,Money Stock,20260909,200810,7325322
MAM1NAM2M2MO,M2/Average Amounts Outstanding/Money Stock,100 million yen,MONTHLY,Money Stock,20260909,200811,7349960
MAM1NAM2M2MO,M2/Average Amounts Outstanding/Money Stock,100 million yen,MONTHLY,Money Stock,20260909,200812,7417325
MAM1NAM2M2MO,M2/Average Amounts Outstanding/Money Stock,100 million yen,MONTHLY,Money Stock,20260909,200901,7447359
MAM1NAM2M2MO,M2/Average Amounts Outstanding/Money Stock,100 million yen,MONTHLY,Money Stock,20260909,200902,7432345
MAM1NAM2M2MO,M2/Average Amounts Outstanding/Money Stock,100 million yen,MONTHLY,Money Stock,20260909,200903,7462845
MAM1NAM2M2MO,M2/Average Amounts Outstanding/Money Stock,100 million yen,MONTHLY,Money Stock,20260909,200904,7542195
MAM1NAM2M2MO,M2/Average Amounts Outstanding/Money Stock,100 million yen,MONTHLY,Money Stock,20260909,200905,7539544
MAM1NAM2M2MO,M2/Average Amounts Outstanding/Money Stock,100 million yen,MONTHLY,Money Stock,20260909,200906,7564651
MAM1NAM2M2MO,M2/Average Amounts Outstanding/Money Stock,100 million yen,MONTHLY,Money Stock,20260909,200907,7581721
MAM1NAM2M2MO,M2/Average Amounts Outstanding/Money Stock,100 million yen,MONTHLY,Money Stock,20260909,200908,7579114
MAM1NAM2M2MO,M2/Average Amounts Outstanding/Money Stock,100 million yen,MONTHLY,Money Stock,20260909,200909,7577582
MAM1NAM2M2MO,M2/Average Amounts Outstanding/Money Stock,100 million yen,MONTHLY,Money Stock,20260909,200910,7574488
MAM1NAM2M2MO,M2/Average Amounts Outstanding/Money Stock,100 million yen,MONTHLY,Money Stock,20260909,200911,7592868
MAM1NAM2M2MO,M2/Average Amounts Outstanding/Money Stock,100 million yen,MONTHLY,Money Stock,20260909,200912,7644352
MAM1NAM2M2MO,M2/Average Amounts Outstanding/Money Stock,100 million yen,MONTHLY,Money Stock,20260909,201001,7668556
MAM1NAM2M2MO,M2/Average Amounts Outstanding/Money Stock,100 million yen,MONTHLY,Money Stock,20260909,201002,7635656
MAM1NAM2M2MO,M2/Average Amounts Outstanding/Money Stock,100 million yen,MONTHLY,Money Stock,20260909,201003,7662193
MAM1NAM2M2MO,M2/Average Amounts Outstanding/Money Stock,100 million yen,MONTHLY,Money Stock,20260909,201004,7759675
MAM1NAM2M2MO,M2/Average Amounts Outstanding/Money Stock,100 million yen,MONTHLY,Money Stock,20260909,201005,7773641
MAM1NAM2M2MO,M2/Average Amounts Outstanding/Money Stock,100 million yen,MONTHLY,Money Stock,20260909,201006,7784280
MAM1NAM2M2MO,M2/Average Amounts Outstanding/Money Stock,100 million yen,MONTHLY,Money Stock,20260909,201007,7788079
MAM1NAM2M2MO,M2/Average Amounts Outstanding/Money Stock,100 million yen,MONTHLY,Money Stock,20260909,201008,7789657
MAM1NAM2M2MO,M2/Average Amounts Outstanding/Money Stock,100 million yen,MONTHLY,Money Stock,20260909,201009,7788638
MAM1NAM2M2MO,M2/Average Amounts Outstanding/Money Stock,100 million yen,MONTHLY,Money Stock,20260909,201010,7784699
MAM1NAM2M2MO,M2/Average Amounts Outstanding/Money Stock,100 million yen,MONTHLY,Money Stock,20260909,201011,7788978
MAM1NAM2M2MO,M2/Average Amounts Outstanding/Money Stock,100 million yen,MONTHLY,Money Stock,20260909,201012,7822875
MAM1NAM2M2MO,M2/Average Amounts Outstanding/Money Stock,100 million yen,MONTHLY,Money Stock,20260909,201101,7843991
MAM1NAM2M2MO,M2/Average Amounts Outstanding/Money Stock,100 million yen,MONTHLY,Money Stock,20260909,201102,7818290
MAM1NAM2M2MO,M2/Average Amounts Outstanding/Money Stock,100 million yen,MONTHLY,Money Stock,20260909,201103,7860811
MAM1NAM2M2MO,M2/Average Amounts Outstanding/Money Stock,100 million yen,MONTHLY,Money Stock,20260909,201104,7970763
MAM1NAM2M2MO,M2/Average Amounts Outstanding/Money Stock,100 million yen,MONTHLY,Money Stock,20260909,201105,7983201
MAM1NAM2M2MO,M2/Average Amounts Outstanding/Money Stock,100 million yen,MONTHLY,Money Stock,20260909,201106,8005162
MAM1NAM2M2MO,M2/Average Amounts Outstanding/Money Stock,100 million yen,MONTHLY,Money Stock,20260909,201107,8017214
MAM1NAM2M2MO,M2/Average Amounts Outstanding/Money Stock,100 million yen,MONTHLY,Money Stock,20260909,201108,7997234
MAM1NAM2M2MO,M2/Average Amounts Outstanding/Money Stock,100 million yen,MONTHLY,Money Stock,20260909,201109,8000077
MAM1NAM2M2MO,M2/Average Amounts Outstanding/Money Stock,100 million yen,MONTHLY,Money Stock,20260909,201110,8002828
MAM1NAM2M2MO,M2/Average Amounts Outstanding/Money Stock,100 million yen,MONTHLY,Money Stock,20260909,201111,8024423
MAM1NAM2M2MO,M2/Average Amounts Outstanding/Money Stock,100 million yen,MONTHLY,Money Stock,20260909,201112,8069214
MAM1NAM2M2MO,M2/Average Amounts Outstanding/Money Stock,100 million yen,MONTHLY,Money Stock,20260909,201201,8082743
MAM1NAM2M2MO,M2/Average Amounts Outstanding/Money Stock,100 million yen,MONTHLY,Money Stock,20260909,201202,8047690
MAM1NAM2M2MO,M2/Average Amounts Outstanding/Money Stock,100 million yen,MONTHLY,Money Stock,20260909,201203,8092707
MAM1NAM2M2MO,M2/Average Amounts Outstanding/Money Stock,100 million yen,MONTHLY,Money Stock,20260909,201204,8178578
MAM1NAM2M2MO,M2/Average Amounts Outstanding/Money Stock,100 million yen,MONTHLY,Money Stock,20260909,201205,8157056
MAM1NAM2M2MO,M2/Average Amounts Outstanding/Money Stock,100 million yen,MONTHLY,Money Stock,20260909,201206,8185426
MAM1NAM2M2MO,M2/Average Amounts Outstanding/Money Stock,100 million yen,MONTHLY,Money Stock,20260909,201207,8199760
MAM1NAM2M2MO,M2/Average Amounts Outstanding/Money Stock,100 million yen,MONTHLY,Money Stock,20260909,201208,8191274
MAM1NAM2M2MO,M2/Average Amounts Outstanding/Money Stock,100 million yen,MONTHLY,Money Stock,20260909,201209,8192726
MAM1NAM2M2MO,M2/Average Amounts Outstanding/Money Stock,100 million yen,MONTHLY,Money Stock,20260909,201210,8183764
MAM1NAM2M2MO,M2/Average Amounts Outstanding/Money Stock,100 million yen,MONTHLY,Money Stock,20260909,201211,8193913
MAM1NAM2M2MO,M2/Average Amounts Outstanding/Money Stock,100 million yen,MONTHLY,Money Stock,20260909,201212,8276923
MAM1NAM2M2MO,M2/Average Amounts Outstanding/Money Stock,100 million yen,MONTHLY,Money Stock,20260909,201301,8299554
MAM1NAM2M2MO,M2/Average Amounts Outstanding/Money Stock,100 million yen,MONTHLY,Money Stock,20260909,201302,8282805
MAM1NAM2M2MO,M2/Average Amounts Outstanding/Money Stock,100 million yen,MONTHLY,Money Stock,20260909,201303,8338735
MAM1NAM2M2MO,M2/Average Amounts Outstanding/Money Stock,100 million yen,MONTHLY,Money Stock,20260909,201304,8437335
MAM1NAM2M2MO,M2/Average Amounts Outstanding/Money Stock,100 million yen,MONTHLY,Money Stock,20260909,201305,8440305
MAM1NAM2M2MO,M2/Average Amounts Outstanding/Money Stock,100 million yen,MONTHLY,Money Stock,20260909,201306,8496379
MAM1NAM2M2MO,M2/Average Amounts Outstanding/Money Stock,100 million yen,MONTHLY,Money Stock,20260909,201307,8505401
MAM1NAM2M2MO,M2/Average Amounts Outstanding/Money Stock,100 million yen,MONTHLY,Money Stock,20260909,201308,8498909
MAM1NAM2M2MO,M2/Average Amounts Outstanding/Money Stock,100 million yen,MONTHLY,Money Stock,20260909,201309,8507913
MAM1NAM2M2MO,M2/Average Amounts Outstanding/Money Stock,100 million yen,MONTHLY,Money Stock,20260909,201310,8520882
MAM1NAM2M2MO,M2/Average Amounts Outstanding/Money Stock,100 million yen,MONTHLY,Money Stock,20260909,201311,8550157
MAM1NAM2M2MO,M2/Average Amounts Outstanding/Money Stock,100 million yen,MONTHLY,Money Stock,20260909,201312,8627674
MAM1NAM2M2MO,M2/Average Amounts Outstanding/Money Stock,100 million yen,MONTHLY,Money Stock,20260909,201401,8658882
MAM1NAM2M2MO,M2/Average Amounts Outstanding/Money Stock,100 million yen,MONTHLY,Money Stock,20260909,201402,8611077
MAM1NAM2M2MO,M2/Average Amounts Outstanding/Money Stock,100 million yen,MONTHLY,Money Stock,20260909,201403,8634439
MAM1NAM2M2MO,M2/Average Amounts Outstanding/Money Stock,100 million yen,MONTHLY,Money Stock,20260909,201404,8728308
MAM1NAM2M2MO,M2/Average Amounts Outstanding/Money Stock,100 million yen,MONTHLY,Money Stock,20260909,201405,8716091
MAM1NAM2M2MO,M2/Average Amounts Outstanding/Money Stock,100 million yen,MONTHLY,Money Stock,20260909,201406,8753539
MAM1NAM2M2MO,M2/Average Amounts Outstanding/Money Stock,100 million yen,MONTHLY,Money Stock,20260909,201407,8757077
MAM1NAM2M2MO,M2/Average Amounts Outstanding/Money Stock,100 million yen,MONTHLY,Money Stock,20260909,201408,8751629
MAM1NAM2M2MO,M2/Average Amounts Outstanding/Money Stock,100 million yen,MONTHLY,Money Stock,20260909,201409,8767152
MAM1NAM2M2MO,M2/Average Amounts Outstanding/Money Stock,100 million yen,MONTHLY,Money Stock,20260909,201410,8788034
MAM1NAM2M2MO,M2/Average Amounts Outstanding/Money Stock,100 million yen,MONTHLY,Money Stock,20260909,201411,8854000
MAM1NAM2M2MO,M2/Average Amounts Outstanding/Money Stock,100 million yen,MONTHLY,Money Stock,20260909,201412,8931353
MAM1NAM2M2MO,M2/Average Amounts Outstanding/Money Stock,100 million yen,MONTHLY,Money Stock,20260909,201501,8946578
MAM1NAM2M2MO,M2/Average Amounts Outstanding/Money Stock,100 million yen,MONTHLY,Money Stock,20260909,201502,8908583
MAM1NAM2M2MO,M2/Average Amounts Outstanding/Money Stock,100 million yen,MONTHLY,Money Stock,20260909,201503,8943131
MAM1NAM2M2MO,M2/Average Amounts Outstanding/Money Stock,100 million yen,MONTHLY,Money Stock,20260909,201504,9040704
MAM1NAM2M2MO,M2/Average Amounts Outstanding/Money Stock,100 million yen,MONTHLY,Money Stock,20260909,201505,9070027
MAM1NAM2M2MO,M2/Average Amounts Outstanding/Money Stock,100 million yen,MONTHLY,Money Stock,20260909,201506,9090087
MAM1NAM2M2MO,M2/Average Amounts Outstanding/Money Stock,100 million yen,MONTHLY,Money Stock,20260909,201507,9102447
MAM1NAM2M2MO,M2/Average Amounts Outstanding/Money Stock,100 million yen,MONTHLY,Money Stock,20260909,201508,9112081
MAM1NAM2M2MO,M2/Average Amounts Outstanding/Money Stock,100 million yen,MONTHLY,Money Stock,20260909,201509,9096904
MAM1NAM2M2MO,M2/Average Amounts Outstanding/Money Stock,100 million yen,MONTHLY,Money Stock,20260909,201510,9105777
MAM1NAM2M2MO,M2/Average Amounts Outstanding/Money Stock,100 million yen,MONTHLY,Money Stock,20260909,201511,9145928
MAM1NAM2M2MO,M2/Average Amounts Outstanding/Money Stock,100 million yen,MONTHLY,Money Stock,20260909,201512,9206476
MAM1NAM2M2MO,M2/Average Amounts Outstanding/Money Stock,100 million yen,MONTHLY,Money Stock,20260909,201601,9226554
MAM1NAM2M2MO,M2/Average Amounts Outstanding/Money Stock,100 million yen,MONTHLY,Money Stock,20260909,201602,9183408
MAM1NAM2M2MO,M2/Average Amounts Outstanding/Money Stock,100 million yen,MONTHLY,Money Stock,20260909,201603,9214352
MAM1NAM2M2MO,M2/Average Amounts Outstanding/Money Stock,100 million yen,MONTHLY,Money Stock,20260909,201604,9337483
MAM1NAM2M2MO,M2/Average Amounts Outstanding/Money Stock,100 million yen,MONTHLY,Money Stock,20260909,201605,9368340
MAM1NAM2M2MO,M2/Average Amounts Outstanding/Money Stock,100 million yen,MONTHLY,Money Stock,20260909,201606,9394599
MAM1NAM2M2MO,M2/Average Amounts Outstanding/Money Stock,100 million yen,MONTHLY,Money Stock,20260909,201607,9404959
MAM1NAM2M2MO,M2/Average Amounts Outstanding/Money Stock,100 million yen,MONTHLY,Money Stock,20260909,201608,9399942
MAM1NAM2M2MO,M2/Average Amounts Outstanding/Money Stock,100 million yen,MONTHLY,Money Stock,20260909,201609,9407430
MAM1NAM2M2MO,M2/Average Amounts Outstanding/Money Stock,100 million yen,MONTHLY,Money Stock,20260909,201610,9429381
MAM1NAM2M2MO,M2/Average Amounts Outstanding/Money Stock,100 million yen,MONTHLY,Money Stock,20260909,201611,9494509
MAM1NAM2M2MO,M2/Average Amounts Outstanding/Money Stock,100 million yen,MONTHLY,Money Stock,20260909,201612,9563427
MAM1NAM2M2MO,M2/Average Amounts Outstanding/Money Stock,100 million yen,MONTHLY,Money Stock,20260909,201701,9590487
MAM1NAM2M2MO,M2/Average Amounts Outstanding/Money Stock,100 million yen,MONTHLY,Money Stock,20260909,201702,9561292
MAM1NAM2M2MO,M2/Average Amounts Outstanding/Money Stock,100 million yen,MONTHLY,Money Stock,20260909,201703,9597629
MAM1NAM2M2MO,M2/Average Amounts Outstanding/Money Stock,100 million yen,MONTHLY,Money Stock,20260909,201704,9702896
MAM1NAM2M2MO,M2/Average Amounts Outstanding/Money Stock,100 million yen,MONTHLY,Money Stock,20260909,201705,9723663
MAM1NAM2M2MO,M2/Average Amounts Outstanding/Money Stock,100 million yen,MONTHLY,Money Stock,20260909,201706,9763583
MAM1NAM2M2MO,M2/Average Amounts Outstanding/Money Stock,100 million yen,MONTHLY,Money Stock,20260909,201707,9781486
MAM1NAM2M2MO,M2/Average Amounts Outstanding/Money Stock,100 million yen,MONTHLY,Money Stock,20260909,201708,9776216
MAM1NAM2M2MO,M2/Average Amounts Outstanding/Money Stock,100 million yen,MONTHLY,Money Stock,20260909,201709,9788225
MAM1NAM2M2MO,M2/Average Amounts Outstanding/Money Stock,100 million yen,MONTHLY,Money Stock,20260909,201710,9813059
MAM1NAM2M2MO,M2/Average Amounts Outstanding/Money Stock,100 million yen,MONTHLY,Money Stock,20260909,201711,9874847
MAM1NAM2M2MO,M2/Average Amounts Outstanding/Money Stock,100 million yen,MONTHLY,Money Stock,20260909,201712,9905721
MAM1NAM2M2MO,M2/Average Amounts Outstanding/Money Stock,100 million yen,MONTHLY,Money Stock,20260909,201801,9917009
MAM1NAM2M2MO,M2/Average Amounts Outstanding/Money Stock,100 million yen,MONTHLY,Money Stock,20260909,201802,9865773
MAM1NAM2M2MO,M2/Average Amounts Outstanding/Money Stock,100 million yen,MONTHLY,Money Stock,20260909,201803,9890903
MAM1NAM2M2MO,M2/Average Amounts Outstanding/Money Stock,100 million yen,MONTHLY,Money Stock,20260909,201804,10010867
MAM1NAM2M2MO,M2/Average Amounts Outstanding/Money Stock,100 million yen,MONTHLY,Money Stock,20260909,201805,10031511
MAM1NAM2M2MO,M2/Average Amounts Outstanding/Money Stock,100 million yen,MONTHLY,Money Stock,20260909,201806,10066296
MAM1NAM2M2MO,M2/Average Amounts Outstanding/Money Stock,100 million yen,MONTHLY,Money Stock,20260909,201807,10068028
MAM1NAM2M2MO,M2/Average Amounts Outstanding/Money Stock,100 million yen,MONTHLY,Money Stock,20260909,201808,10056582
MAM1NAM2M2MO,M2/Average Amounts Outstanding/Money Stock,100 million yen,MONTHLY,Money Stock,20260909,201809,10065900
MAM1NAM2M2MO,M2/Average Amounts Outstanding/Money Stock,100 million yen,MONTHLY,Money Stock,20260909,201810,10074396
MAM1NAM2M2MO,M2/Average Amounts Outstanding/Money Stock,100 million yen,MONTHLY,Money Stock,20260909,201811,10105049
MAM1NAM2M2MO,M2/Average Amounts Outstanding/Money Stock,100 million yen,MONTHLY,Money Stock,20260909,201812,10142429
MAM1NAM2M2MO,M2/Average Amounts Outstanding/Money Stock,100 million yen,MONTHLY,Money Stock,20260909,201901,10147973
MAM1NAM2M2MO,M2/Average Amounts Outstanding/Money Stock,100 million yen,MONTHLY,Money Stock,20260909,201902,10097697
MAM1NAM2M2MO,M2/Average Amounts Outstanding/Money Stock,100 million yen,MONTHLY,Money Stock,20260909,201903,10125050
MAM1NAM2M2MO,M2/Average Amounts Outstanding/Money Stock,100 million yen,MONTHLY,Money Stock,20260909,201904,10252191
MAM1NAM2M2MO,M2/Average Amounts Outstanding/Money Stock,100 million yen,MONTHLY,Money Stock,20260909,201905,10286310
MAM1NAM2M2MO,M2/Average Amounts Outstanding/Money Stock,100 million yen,MONTHLY,Money Stock,20260909,201906,10289611
MAM1NAM2M2MO,M2/Average Amounts Outstanding/Money Stock,100 million yen,MONTHLY,Money Stock,20260909,201907,10290435
MAM1NAM2M2MO,M2/Average Amounts Outstanding/Money Stock,100 million yen,MONTHLY,Money Stock,20260909,201908,10284205
MAM1NAM2M2MO,M2/Average Amounts Outstanding/Money Stock,100 million yen,MONTHLY,Money Stock,20260909,201909,10295668
MAM1NAM2M2MO,M2/Average Amounts Outstanding/Money Stock,100 million yen,MONTHLY,Money Stock,20260909,201910,10304091
MAM1NAM2M2MO,M2/Average Amounts Outstanding/Money Stock,100 million yen,MONTHLY,Money Stock,20260909,201911,10365381
MAM1NAM2M2MO,M2/Average Amounts Outstanding/Money Stock,100 million yen,MONTHLY,Money Stock,20260909,201912,10404214
MAM1NAM2M2MO,M2/Average Amounts Outstanding/Money Stock,100 million yen,MONTHLY,Money Stock,20260909,202001,10416148
MAM1NAM2M2MO,M2/Average Amounts Outstanding/Money Stock,100 million yen,MONTHLY,Money Stock,20260909,202002,10384810
MAM1NAM2M2MO,M2/Average Amounts Outstanding/Money Stock,100 million yen,MONTHLY,Money Stock,20260909,202003,10442899
MAM1NAM2M2MO,M2/Average Amounts Outstanding/Money Stock,100 million yen,MONTHLY,Money Stock,20260909,202004,10630037
MAM1NAM2M2MO,M2/Average Amounts Outstanding/Money Stock,100 million yen,MONTHLY,Money Stock,20260909,202005,10812699
MAM1NAM2M2MO,M2/Average Amounts Outstanding/Money Stock,100 million yen,MONTHLY,Money Stock,20260909,202006,11036494
MAM1NAM2M2MO,M2/Average Amounts Outstanding/Money Stock,100 million yen,MONTHLY,Money Stock,20260909,202007,11102775
MAM1NAM2M2MO,M2/Average Amounts Outstanding/Money Stock,100 million yen,MONTHLY,Money Stock,20260909,202008,11168053
MAM1NAM2M2MO,M2/Average Amounts Outstanding/Money Stock,100 million yen,MONTHLY,Money Stock,20260909,202009,11219593
MAM1NAM2M2MO,M2/Average Amounts Outstanding/Money Stock,100 million yen,MONTHLY,Money Stock,20260909,202010,11232567
MAM1NAM2M2MO,M2/Average Amounts Outstanding/Money Stock,100 million yen,MONTHLY,Money Stock,20260909,202011,11306001
MAM1NAM2M2MO,M2/Average Amounts Outstanding/Money Stock,100 million yen,MONTHLY,Money Stock,20260909,202012,11359680
MAM1NAM2M2MO,M2/Average Amounts Outstanding/Money Stock,100 million yen,MONTHLY,Money Stock,20260909,202101,11400194
MAM1NAM2M2MO,M2/Average Amounts Outstanding/Money Stock,100 million yen,MONTHLY,Money Stock,20260909,202102,11384748
MAM1NAM2M2MO,M2/Average Amounts Outstanding/Money Stock,100 million yen,MONTHLY,Money Stock,20260909,202103,11436375
MAM1NAM2M2MO,M2/Average Amounts Outstanding/Money Stock,100 million yen,MONTHLY,Money Stock,20260909,202104,11617797
MAM1NAM2M2MO,M2/Average Amounts Outstanding/Money Stock,100 million yen,MONTHLY,Money Stock,20260909,202105,11675413
MAM1NAM2M2MO,M2/Average Amounts Outstanding/Money Stock,100 million yen,MONTHLY,Money Stock,20260909,202106,11690901
MAM1NAM2M2MO,M2/Average Amounts Outstanding/Money Stock,100 million yen,MONTHLY,Money Stock,20260909,202107,11690056
MAM1NAM2M2MO,M2/Average Amounts Outstanding/Money Stock,100 million yen,MONTHLY,Money Stock,20260909,202108,11688405
MAM1NAM2M2MO,M2/Average Amounts Outstanding/Money Stock,100 million yen,MONTHLY,Money Stock,20260909,202109,11691501
MAM1NAM2M2MO,M2/Average Amounts Outstanding/Money Stock,100 million yen,MONTHLY,Money Stock,20260909,202110,11705647
MAM1NAM2M2MO,M2/Average Amounts Outstanding/Money Stock,100 million yen,MONTHLY,Money Stock,20260909,202111,11756672
MAM1NAM2M2MO,M2/Average Amounts Outstanding/Money Stock,100 million yen,MONTHLY,Money Stock,20260909,202112,11782086
MAM1NAM2M2MO,M2/Average Amounts Outstanding/Money Stock,100 million yen,MONTHLY,Money Stock,20260909,202201,11813179
MAM1NAM2M2MO,M2/Average Amounts Outstanding/Money Stock,100 million yen,MONTHLY,Money Stock,20260909,202202,11789009
MAM1NAM2M2MO,M2/Average Amounts Outstanding/Money Stock,100 million yen,MONTHLY,Money Stock,20260909,202203,11833171
MAM1NAM2M2MO,M2/Average Amounts Outstanding/Money Stock,100 million yen,MONTHLY,Money Stock,20260909,202204,12018499
MAM1NAM2M2MO,M2/Average Amounts Outstanding/Money Stock,100 million yen,MONTHLY,Money Stock,20260909,202205,12042833
MAM1NAM2M2MO,M2/Average Amounts Outstanding/Money Stock,100 million yen,MONTHLY,Money Stock,20260909,202206,12078178
MAM1NAM2M2MO,M2/Average Amounts Outstanding/Money Stock,100 million yen,MONTHLY,Money Stock,20260909,202207,12088016
MAM1NAM2M2MO,M2/Average Amounts Outstanding/Money Stock,100 million yen,MONTHLY,Money Stock,20260909,202208,12088202
MAM1NAM2M2MO,M2/Average Amounts Outstanding/Money Stock,100 million yen,MONTHLY,Money Stock,20260909,202209,12075500
MAM1NAM2M2MO,M2/Average Amounts Outstanding/Money Stock,100 million yen,MONTHLY,Money Stock,20260909,202210,12064408
MAM1NAM2M2MO,M2/Average Amounts Outstanding/Money Stock,100 million yen,MONTHLY,Money Stock,20260909,202211,12124935
MAM1NAM2M2MO,M2/Average Amounts Outstanding/Money Stock,100 million yen,MONTHLY,Money Stock,20260909,202212,12128301
MAM1NAM2M2MO,M2/Average Amounts Outstanding/Money Stock,100 million yen,MONTHLY,Money Stock,20260909,202301,12132455
MAM1NAM2M2MO,M2/Average Amounts Outstanding/Money Stock,100 million yen,MONTHLY,Money Stock,20260909,202302,12091386
MAM1NAM2M2MO,M2/Average Amounts Outstanding/Money Stock,100 million yen,MONTHLY,Money Stock,20260909,202303,12134406
MAM1NAM2M2MO,M2/Average Amounts Outstanding/Money Stock,100 million yen,MONTHLY,Money Stock,20260909,202304,12326939
MAM1NAM2M2MO,M2/Average Amounts Outstanding/Money Stock,100 million yen,MONTHLY,Money Stock,20260909,202305,12360428
MAM1NAM2M2MO,M2/Average Amounts Outstanding/Money Stock,100 million yen,MONTHLY,Money Stock,20260909,202306,12392324
MAM1NAM2M2MO,M2/Average Amounts Outstanding/Money Stock,100 million yen,MONTHLY,Money Stock,20260909,202307,12388936
MAM1NAM2M2MO,M2/Average Amounts Outstanding/Money Stock,100 million yen,MONTHLY,Money Stock,20260909,202308,12385266
MAM1NAM2M2MO,M2/Average Amounts Outstanding/Money Stock,100 million yen,MONTHLY,Money Stock,20260909,202309,12363619
MAM1NAM2M2MO,M2/Average Amounts Outstanding/Money Stock,100 million yen,MONTHLY,Money Stock,20260909,202310,12353137
MAM1NAM2M2MO,M2/Average Amounts Outstanding/Money Stock,100 million yen,MONTHLY,Money Stock,20260909,202311,12399055
MAM1NAM2M2MO,M2/Average Amounts Outstanding/Money Stock,100 million yen,MONTHLY,Money Stock,20260909,202312,12409742
MAM1NAM2M2MO,M2/Average Amounts Outstanding/Money Stock,100 million yen,MONTHLY,Money Stock,20260909,202401,12430886
MAM1NAM2M2MO,M2/Average Amounts Outstanding/Money Stock,100 million yen,MONTHLY,Money Stock,20260909,202402,12387111
MAM1NAM2M2MO,M2/Average Amounts Outstanding/Money Stock,100 million yen,MONTHLY,Money Stock,20260909,202403,12443081
MAM1NAM2M2MO,M2/Average Amounts Outstanding/Money Stock,100 million yen,MONTHLY,Money Stock,20260909,202404,12599890
MAM1NAM2M2MO,M2/Average Amounts Outstanding/Money Stock,100 million yen,MONTHLY,Money Stock,20260909,202405,12588866
MAM1NAM2M2MO,M2/Average Amounts Outstanding/Money Stock,100 million yen,MONTHLY,Money Stock,20260909,202406,12574420
MAM1NAM2M2MO,M2/Average Amounts Outstanding/Money Stock,100 million yen,MONTHLY,Money Stock,20260909,202407,12569139
MAM1NAM2M2MO,M2/Average Amounts Outstanding/Money Stock,100 million yen,MONTHLY,Money Stock,20260909,202408,12548351
MAM1NAM2M2MO,M2/Average Amounts Outstanding/Money Stock,100 million yen,MONTHLY,Money Stock,20260909,202409,12517047
MAM1NAM2M2MO,M2/Average Amounts Outstanding/Money Stock,100 million yen,MONTHLY,Money Stock,20260909,202410,12500641
MAM1NAM2M2MO,M2/Average Amounts Outstanding/Money Stock,100 million yen,MONTHLY,Money Stock,20260909,202411,12549271
MAM1NAM2M2MO,M2/Average Amounts Outstanding/Money Stock,100 million yen,MONTHLY,Money Stock,20260909,202412,12576036
MAM1NAM2M2MO,M2/Average Amounts Outstanding/Money Stock,100 million yen,MONTHLY,Money Stock,20260909,202501,12594544
MAM1NAM2M2MO,M2/Average Amounts Outstanding/Money Stock,100 million yen,MONTHLY,Money Stock,20260909,202502,12532272
MAM1NAM2M2MO,M2/Average Amounts Outstanding/Money Stock,100 million yen,MONTHLY,Money Stock,20260909,202503,12546086
MAM1NAM2M2MO,M2/Average Amounts Outstanding/Money Stock,100 million yen,MONTHLY,Money Stock,20260909,202504,12661743
MAM1NAM2M2MO,M2/Average Amounts Outstanding/Money Stock,100 million yen,MONTHLY,Money Stock,20260909,202505,12670390
MAM1NAM2M2MO,M2/Average Amounts Outstanding/Money Stock,100 million yen,MONTHLY,Money Stock,20260909,202506,12681235
MAM1NAM2M2MO,M2/Average Amounts Outstanding/Money Stock,100 million yen,MONTHLY,Money Stock,20260909,202507,12696074
MAM1NAM2M2MO,M2/Average Amounts Outstanding/Money Stock,100 million yen,MONTHLY,Money Stock,20260909,202508,12712263
MAM1NAM2M2MO,M2/Average Amounts Outstanding/Money Stock,100 million yen,MONTHLY,Money Stock,20260909,202509,12708414
MAM1NAM2M2MO,M2/Average Amounts Outstanding/Money Stock,100 million yen,MONTHLY,Money Stock,20260909,202510,12701907
MAM1NAM2M2MO,M2/Average Amounts Outstanding/Money Stock,100 million yen,MONTHLY,Money Stock,20260909,202511,12766606
MAM1NAM2M2MO,M2/Average Amounts Outstanding/Money Stock,100 million yen,MONTHLY,Money Stock,20260909,202512,12788812
MAM1NAM2M2MO,M2/Average Amounts Outstanding/Money Stock,100 million yen,MONTHLY,Money Stock,20260909,202601,12790600
MAM1NAM2M2MO,M2/Average Amounts Outstanding/Money Stock,100 million yen,MONTHLY,Money Stock,20260909,202602,12747324
MAM1NAM2M2MO,M2/Average Amounts Outstanding/Money Stock,100 million yen,MONTHLY,Money Stock,20260909,202603,12795037
MAM1NAM2M2MO,M2/Average Amounts Outstanding/Money Stock,100 million yen,MONTHLY,Money Stock,20260909,202604,12956204
MAM1NAM2M2MO,M2/Average Amounts Outstanding/Money Stock,100 million yen,MONTHLY,Money Stock,20260909,202605,12980903
MAM1NAM2M2MO,M2/Average Amounts Outstanding/Money Stock,100 million yen,MONTHLY,Money Stock,20260909,202606,12961165
MAM1NAM2M2MO,M2/Average Amounts Outstanding/Money Stock,100 million yen,MONTHLY,Money Stock,20260909,202607,12966394
MAM1NAM2M2MO,M2/Average Amounts Outstanding/Money Stock,100 million yen,MONTHLY,Money Stock,20260909,202608,12963895
MAM1XAM2M2MO,M2/Average Amounts Outstanding/Seasonally Adjusted/Money Stock,100 million yen,MONTHLY,Money Stock,20260909,200304,6725641
MAM1XAM2M2MO,M2/Average Amounts Outstanding/Seasonally Adjusted/Money Stock,100 million yen,MONTHLY,Money Stock,20260909,200305,6745737
MAM1XAM2M2MO,M2/Average Amounts Outstanding/Seasonally Adjusted/Money Stock,100 million yen,MONTHLY,Money Stock,20260909,200306,6765885
MAM1XAM2M2MO,M2/Average Amounts Outstanding/Seasonally Adjusted/Money Stock,100 million yen,MONTHLY,Money Stock,20260909,200307,6774868
MAM1XAM2M2MO,M2/Average Amounts Outstanding/Seasonally Adjusted/Money Stock,100 million yen,MONTHLY,Money Stock,20260909,200308,6802263
MAM1XAM2M2MO,M2/Average Amounts Outstanding/Seasonally Adjusted/Money Stock,100 million yen,MONTHLY,Money Stock,20260909,200309,6789473
MAM1XAM2M2MO,M2/Average Amounts Outstanding/Seasonally Adjusted/Money Stock,100 million yen,MONTHLY,Money Stock,20260909,200310,6795745
MAM1XAM2M2MO,M2/Average Amounts Outstanding/Seasonally Adjusted/Money Stock,100 million yen,MONTHLY,Money Stock,20260909,200311,6800594
MAM1XAM2M2MO,M2/Average Amounts Outstanding/Seasonally Adjusted/Money Stock,100 million yen,MONTHLY,Money Stock,20260909,200312,6803017
MAM1XAM2M2MO,M2/Average Amounts Outstanding/Seasonally Adjusted/Money Stock,100 million yen,MONTHLY,Money Stock,20260909,200401,6817780
MAM1XAM2M2MO,M2/Average Amounts Outstanding/Seasonally Adjusted/Money Stock,100 million yen,MONTHLY,Money Stock,20260909,200402,6834078
MAM1XAM2M2MO,M2/Average Amounts Outstanding/Seasonally Adjusted/Money Stock,100 million yen,MONTHLY,Money Stock,20260909,200403,6844498
MAM1XAM2M2MO,M2/Average Amounts Outstanding/Seasonally Adjusted/Money Stock,100 million yen,MONTHLY,Money Stock,20260909,200404,6851876
MAM1XAM2M2MO,M2/Average Amounts Outstanding/Seasonally Adjusted/Money Stock,100 million yen,MONTHLY,Money Stock,20260909,200405,6880529
MAM1XAM2M2MO,M2/Average Amounts Outstanding/Seasonally Adjusted/Money Stock,100 million yen,MONTHLY,Money Stock,20260909,200406,6884964
MAM1XAM2M2MO,M2/Average Amounts Outstanding/Seasonally Adjusted/Money Stock,100 million yen,MONTHLY,Money Stock,20260909,200407,6901334
MAM1XAM2M2MO,M2/Average Amounts Outstanding/Seasonally Adjusted/Money Stock,100 million yen,MONTHLY,Money Stock,20260909,200408,6929054
MAM1XAM2M2MO,M2/Average Amounts Outstanding/Seasonally Adjusted/Money Stock,100 million yen,MONTHLY,Money Stock,20260909,200409,6921070
MAM1XAM2M2MO,M2/Average Amounts Outstanding/Seasonally Adjusted/Money Stock,100 million yen,MONTHLY,Money Stock,20260909,200410,6928992
MAM1XAM2M2MO,M2/Average Amounts Outstanding/Seasonally Adjusted/Money Stock,100 million yen,MONTHLY,Money Stock,20260909,200411,6933955
MAM1XAM2M2MO,M2/Average Amounts Outstanding/Seasonally Adjusted/Money Stock,100 million yen,MONTHLY,Money Stock,20260909,200412,6941417
MAM1XAM2M2MO,M2/Average Amounts Outstanding/Seasonally Adjusted/Money Stock,100 million yen,MONTHLY,Money Stock,20260909,200501,6951212
MAM1XAM2M2MO,M2/Average Amounts Outstanding/Seasonally Adjusted/Money Stock,100 million yen,MONTHLY,Money Stock,20260909,200502,6957549
MAM1XAM2M2MO,M2/Average Amounts Outstanding/Seasonally Adjusted/Money Stock,100 million yen,MONTHLY,Money Stock,20260909,200503,6982947
MAM1XAM2M2MO,M2/Average Amounts Outstanding/Seasonally Adjusted/Money Stock,100 million yen,MONTHLY,Money Stock,20260909,200504,6974135
MAM1XAM2M2MO,M2/Average Amounts Outstanding/Seasonally Adjusted/Money Stock,100 million yen,MONTHLY,Money Stock,20260909,200505,6983288
MAM1XAM2M2MO,M2/Average Amounts Outstanding/Seasonally Adjusted/Money Stock,100 million yen,MONTHLY,Money Stock,20260909,200506,6996276
MAM1XAM2M2MO,M2/Average Amounts Outstanding/Seasonally Adjusted/Money Stock,100 million yen,MONTHLY,Money Stock,20260909,200507,7017133
MAM1XAM2M2MO,M2/Average Amounts Outstanding/Seasonally Adjusted/Money Stock,100 million yen,MONTHLY,Money Stock,20260909,200508,7040807
MAM1XAM2M2MO,M2/Average Amounts Outstanding/Seasonally Adjusted/Money Stock,100 million yen,MONTHLY,Money Stock,20260909,200509,7056673
MAM1XAM2M2MO,M2/Average Amounts Outstanding/Seasonally Adjusted/Money Stock,100 million yen,MONTHLY,Money Stock,20260909,200510,7061786
MAM1XAM2M2MO,M2/Average Amounts Outstanding/Seasonally Adjusted/Money Stock,100 million yen,MONTHLY,Money Stock,20260909,200511,7072035
MAM1XAM2M2MO,M2/Average Amounts Outstanding/Seasonally Adjusted/Money Stock,100 million yen,MONTHLY,Money Stock,20260909,200512,7072765
MAM1XAM2M2MO,M2/Average Amounts Outstanding/Seasonally Adjusted/Money Stock,100 million yen,MONTHLY,Money Stock,20260909,200601,7072585
MAM1XAM2M2MO,M2/Average Amounts Outstanding/Seasonally Adjusted/Money Stock,100 million yen,MONTHLY,Money Stock,20260909,200602,7074310
MAM1XAM2M2MO,M2/Average Amounts Outstanding/Seasonally Adjusted/Money Stock,100 million yen,MONTHLY,Money Stock,20260909,200603,7077513
MAM1XAM2M2MO,M2/Average Amounts Outstanding/Seasonally Adjusted/Money Stock,100 million yen,MONTHLY,Money Stock,20260909,200604,7085365
MAM1XAM2M2MO,M2/Average Amounts Outstanding/Seasonally Adjusted/Money Stock,100 million yen,MONTHLY,Money Stock,20260909,200605,7076463
MAM1XAM2M2MO,M2/Average Amounts Outstanding/Seasonally Adjusted/Money Stock,100 million yen,MONTHLY,Money Stock,20260909,200606,7071086
MAM1XAM2M2MO,M2/Average Amounts Outstanding/Seasonally Adjusted/Money Stock,100 million yen,MONTHLY,Money Stock,20260909,200607,7055374
MAM1XAM2M2MO,M2/Average Amounts Outstanding/Seasonally Adjusted/Money Stock,100 million yen,MONTHLY,Money Stock,20260909,200608,7072021
MAM1XAM2M2MO,M2/Average Amounts Outstanding/Seasonally Adjusted/Money Stock,100 million yen,MONTHLY,Money Stock,20260909,200609,7093155
MAM1XAM2M2MO,M2/Average Amounts Outstanding/Seasonally Adjusted/Money Stock,100 million yen,MONTHLY,Money Stock,20260909,200610,7100628
MAM1XAM2M2MO,M2/Average Amounts Outstanding/Seasonally Adjusted/Money Stock,100 million yen,MONTHLY,Money Stock,20260909,200611,7113429
MAM1XAM2M2MO,M2/Average Amounts Outstanding/Seasonally Adjusted/Money Stock,100 million yen,MONTHLY,Money Stock,20260909,200612,7123462
MAM1XAM2M2MO,M2/Average Amounts Outstanding/Seasonally Adjusted/Money Stock,100 million yen,MONTHLY,Money Stock,20260909,200701,7135841
MAM1XAM2M2MO,M2/Average Amounts Outstanding/Seasonally Adjusted/Money Stock,100 million yen,MONTHLY,Money Stock,20260909,200702,7142715
MAM1XAM2M2MO,M2/Average Amounts Outstanding/Seasonally Adjusted/Money Stock,100 million yen,MONTHLY,Money Stock,20260909,200703,7153712
MAM1XAM2M2MO,M2/Average Amounts Outstanding/Seasonally Adjusted/Money Stock,100 million yen,MONTHLY,Money Stock,20260909,200704,7167046
MAM1XAM2M2MO,M2/Average Amounts Outstanding/Seasonally Adjusted/Money Stock,100 million yen,MONTHLY,Money Stock,20260909,200705,7179896
MAM1XAM2M2MO,M2/Average Amounts Outstanding/Seasonally Adjusted/Money Stock,100 million yen,MONTHLY,Money Stock,20260909,200706,7194437
MAM1XAM2M2MO,M2/Average Amounts Outstanding/Seasonally Adjusted/Money Stock,100 million yen,MONTHLY,Money Stock,20260909,200707,7201019
MAM1XAM2M2MO,M2/Average Amounts Outstanding/Seasonally Adjusted/Money Stock,100 million yen,MONTHLY,Money Stock,20260909,200708,7196038
MAM1XAM2M2MO,M2/Average Amounts Outstanding/Seasonally Adjusted/Money Stock,100 million yen,MONTHLY,Money Stock,20260909,200709,7215918
MAM1XAM2M2MO,M2/Average Amounts Outstanding/Seasonally Adjusted/Money Stock,100 million yen,MONTHLY,Money Stock,20260909,200710,7234653
MAM1XAM2M2MO,M2/Average Amounts Outstanding/Seasonally Adjusted/Money Stock,100 million yen,MONTHLY,Money Stock,20260909,200711,7256869
MAM1XAM2M2MO,M2/Average Amounts Outstanding/Seasonally Adjusted/Money Stock,100 million yen,MONTHLY,Money Stock,20260909,200712,7275077
MAM1XAM2M2MO,M2/Average Amounts Outstanding/Seasonally Adjusted/Money Stock,100 million yen,MONTHLY,Money Stock,20260909,200801,7290230
MAM1XAM2M2MO,M2/Average Amounts Outstanding/Seasonally Adjusted/Money Stock,100 million yen,MONTHLY,Money Stock,20260909,200802,7308854
MAM1XAM2M2MO,M2/Average Amounts Outstanding/Seasonally Adjusted/Money Stock,100 million yen,MONTHLY,Money Stock,20260909,200803,7315824
MAM1XAM2M2MO,M2/Average Amounts Outstanding/Seasonally Adjusted/Money Stock,100 million yen,MONTHLY,Money Stock,20260909,200804,7302127
MAM1XAM2M2MO,M2/Average Amounts Outstanding/Seasonally Adjusted/Money Stock,100 million yen,MONTHLY,Money Stock,20260909,200805,7326816
MAM1XAM2M2MO,M2/Average Amounts Outstanding/Seasonally Adjusted/Money Stock,100 million yen,MONTHLY,Money Stock,20260909,200806,7349505
MAM1XAM2M2MO,M2/Average Amounts Outstanding/Seasonally Adjusted/Money Stock,100 million yen,MONTHLY,Money Stock,20260909,200807,7354589
MAM1XAM2M2MO,M2/Average Amounts Outstanding/Seasonally Adjusted/Money Stock,100 million yen,MONTHLY,Money Stock,20260909,200808,7367372
MAM1XAM2M2MO,M2/Average Amounts Outstanding/Seasonally Adjusted/Money Stock,100 million yen,MONTHLY,Money Stock,20260909,200809,7372810
MAM1XAM2M2MO,M2/Average Amounts Outstanding/Seasonally Adjusted/Money Stock,100 million yen,MONTHLY,Money Stock,20260909,200810,7364000
MAM1XAM2M2MO,M2/Average Amounts Outstanding/Seasonally Adjusted/Money Stock,100 million yen,MONTHLY,Money Stock,20260909,200811,7387930
MAM1XAM2M2MO,M2/Average Amounts Outstanding/Seasonally Adjusted/Money Stock,100 million yen,MONTHLY,Money Stock,20260909,200812,7411587
MAM1XAM2M2MO,M2/Average Amounts Outstanding/Seasonally Adjusted/Money Stock,100 million yen,MONTHLY,Money Stock,20260909,200901,7436788
MAM1XAM2M2MO,M2/Average Amounts Outstanding/Seasonally Adjusted/Money Stock,100 million yen,MONTHLY,Money Stock,20260909,200902,7466174
MAM1XAM2M2MO,M2/Average Amounts Outstanding/Seasonally Adjusted/Money Stock,100 million yen,MONTHLY,Money Stock,20260909,200903,7482599
MAM1XAM2M2MO,M2/Average Amounts Outstanding/Seasonally Adjusted/Money Stock,100 million yen,MONTHLY,Money Stock,20260909,200904,7496908
MAM1XAM2M2MO,M2/Average Amounts Outstanding/Seasonally Adjusted/Money Stock,100 million yen,MONTHLY,Money Stock,20260909,200905,7520257
MAM1XAM2M2MO,M2/Average Amounts Outstanding/Seasonally Adjusted/Money Stock,100 million yen,MONTHLY,Money Stock,20260909,200906,7531290
MAM1XAM2M2MO,M2/Average Amounts Outstanding/Seasonally Adjusted/Money Stock,100 million yen,MONTHLY,Money Stock,20260909,200907,7554000
MAM1XAM2M2MO,M2/Average Amounts Outstanding/Seasonally Adjusted/Money Stock,100 million yen,MONTHLY,Money Stock,20260909,200908,7573046
MAM1XAM2M2MO,M2/Average Amounts Outstanding/Seasonally Adjusted/Money Stock,100 million yen,MONTHLY,Money Stock,20260909,200909,7591309
MAM1XAM2M2MO,M2/Average Amounts Outstanding/Seasonally Adjusted/Money Stock,100 million yen,MONTHLY,Money Stock,20260909,200910,7610222
MAM1XAM2M2MO,M2/Average Amounts Outstanding/Seasonally Adjusted/Money Stock,100 million yen,MONTHLY,Money Stock,20260909,200911,7629979
MAM1XAM2M2MO,M2/Average Amounts Outstanding/Seasonally Adjusted/Money Stock,100 million yen,MONTHLY,Money Stock,20260909,200912,7642205
MAM1XAM2M2MO,M2/Average Amounts Outstanding/Seasonally Adjusted/Money Stock,100 million yen,MONTHLY,Money Stock,20260909,201001,7662641
MAM1XAM2M2MO,M2/Average Amounts Outstanding/Seasonally Adjusted/Money Stock,100 million yen,MONTHLY,Money Stock,20260909,201002,7674925
MAM1XAM2M2MO,M2/Average Amounts Outstanding/Seasonally Adjusted/Money Stock,100 million yen,MONTHLY,Money Stock,20260909,201003,7685472
MAM1XAM2M2MO,M2/Average Amounts Outstanding/Seasonally Adjusted/Money Stock,100 million yen,MONTHLY,Money Stock,20260909,201004,7710683
MAM1XAM2M2MO,M2/Average Amounts Outstanding/Seasonally Adjusted/Money Stock,100 million yen,MONTHLY,Money Stock,20260909,201005,7751865
MAM1XAM2M2MO,M2/Average Amounts Outstanding/Seasonally Adjusted/Money Stock,100 million yen,MONTHLY,Money Stock,20260909,201006,7747705
MAM1XAM2M2MO,M2/Average Amounts Outstanding/Seasonally Adjusted/Money Stock,100 million yen,MONTHLY,Money Stock,20260909,201007,7759189
MAM1XAM2M2MO,M2/Average Amounts Outstanding/Seasonally Adjusted/Money Stock,100 million yen,MONTHLY,Money Stock,20260909,201008,7784096
MAM1XAM2M2MO,M2/Average Amounts Outstanding/Seasonally Adjusted/Money Stock,100 million yen,MONTHLY,Money Stock,20260909,201009,7801408
MAM1XAM2M2MO,M2/Average Amounts Outstanding/Seasonally Adjusted/Money Stock,100 million yen,MONTHLY,Money Stock,20260909,201010,7818405
MAM1XAM2M2MO,M2/Average Amounts Outstanding/Seasonally Adjusted/Money Stock,100 million yen,MONTHLY,Money Stock,20260909,201011,7824056
MAM1XAM2M2MO,M2/Average Amounts Outstanding/Seasonally Adjusted/Money Stock,100 million yen,MONTHLY,Money Stock,20260909,201012,7821425
MAM1XAM2M2MO,M2/Average Amounts Outstanding/Seasonally Adjusted/Money Stock,100 million yen,MONTHLY,Money Stock,20260909,201101,7842102
MAM1XAM2M2MO,M2/Average Amounts Outstanding/Seasonally Adjusted/Money Stock,100 million yen,MONTHLY,Money Stock,20260909,201102,7862687
MAM1XAM2M2MO,M2/Average Amounts Outstanding/Seasonally Adjusted/Money Stock,100 million yen,MONTHLY,Money Stock,20260909,201103,7885093
MAM1XAM2M2MO,M2/Average Amounts Outstanding/Seasonally Adjusted/Money Stock,100 million yen,MONTHLY,Money Stock,20260909,201104,7918610
MAM1XAM2M2MO,M2/Average Amounts Outstanding/Seasonally Adjusted/Money Stock,100 million yen,MONTHLY,Money Stock,20260909,201105,7960055
MAM1XAM2M2MO,M2/Average Amounts Outstanding/Seasonally Adjusted/Money Stock,100 million yen,MONTHLY,Money Stock,20260909,201106,7966285
MAM1XAM2M2MO,M2/Average Amounts Outstanding/Seasonally Adjusted/Money Stock,100 million yen,MONTHLY,Money Stock,20260909,201107,7986921
MAM1XAM2M2MO,M2/Average Amounts Outstanding/Seasonally Adjusted/Money Stock,100 million yen,MONTHLY,Money Stock,20260909,201108,7995134
MAM1XAM2M2MO,M2/Average Amounts Outstanding/Seasonally Adjusted/Money Stock,100 million yen,MONTHLY,Money Stock,20260909,201109,8015135
MAM1XAM2M2MO,M2/Average Amounts Outstanding/Seasonally Adjusted/Money Stock,100 million yen,MONTHLY,Money Stock,20260909,201110,8037224
MAM1XAM2M2MO,M2/Average Amounts Outstanding/Seasonally Adjusted/Money Stock,100 million yen,MONTHLY,Money Stock,20260909,201111,8056593
MAM1XAM2M2MO,M2/Average Amounts Outstanding/Seasonally Adjusted/Money Stock,100 million yen,MONTHLY,Money Stock,20260909,201112,8064879
MAM1XAM2M2MO,M2/Average Amounts Outstanding/Seasonally Adjusted/Money Stock,100 million yen,MONTHLY,Money Stock,20260909,201201,8080965
MAM1XAM2M2MO,M2/Average Amounts Outstanding/Seasonally Adjusted/Money Stock,100 million yen,MONTHLY,Money Stock,20260909,201202,8093618
MAM1XAM2M2MO,M2/Average Amounts Outstanding/Seasonally Adjusted/Money Stock,100 million yen,MONTHLY,Money Stock,20260909,201203,8115877
MAM1XAM2M2MO,M2/Average Amounts Outstanding/Seasonally Adjusted/Money Stock,100 million yen,MONTHLY,Money Stock,20260909,201204,8125630
MAM1XAM2M2MO,M2/Average Amounts Outstanding/Seasonally Adjusted/Money Stock,100 million yen,MONTHLY,Money Stock,20260909,201205,8134537
MAM1XAM2M2MO,M2/Average Amounts Outstanding/Seasonally Adjusted/Money Stock,100 million yen,MONTHLY,Money Stock,20260909,201206,8145755
MAM1XAM2M2MO,M2/Average Amounts Outstanding/Seasonally Adjusted/Money Stock,100 million yen,MONTHLY,Money Stock,20260909,201207,8171265
MAM1XAM2M2MO,M2/Average Amounts Outstanding/Seasonally Adjusted/Money Stock,100 million yen,MONTHLY,Money Stock,20260909,201208,8193283
MAM1XAM2M2MO,M2/Average Amounts Outstanding/Seasonally Adjusted/Money Stock,100 million yen,MONTHLY,Money Stock,20260909,201209,8211236
MAM1XAM2M2MO,M2/Average Amounts Outstanding/Seasonally Adjusted/Money Stock,100 million yen,MONTHLY,Money Stock,20260909,201210,8220645
MAM1XAM2M2MO,M2/Average Amounts Outstanding/Seasonally Adjusted/Money Stock,100 million yen,MONTHLY,Money Stock,20260909,201211,8222991
MAM1XAM2M2MO,M2/Average Amounts Outstanding/Seasonally Adjusted/Money Stock,100 million yen,MONTHLY,Money Stock,20260909,201212,8266480
MAM1XAM2M2MO,M2/Average Amounts Outstanding/Seasonally Adjusted/Money Stock,100 million yen,MONTHLY,Money Stock,20260909,201301,8294428
MAM1XAM2M2MO,M2/Average Amounts Outstanding/Seasonally Adjusted/Money Stock,100 million yen,MONTHLY,Money Stock,20260909,201302,8326771
MAM1XAM2M2MO,M2/Average Amounts Outstanding/Seasonally Adjusted/Money Stock,100 million yen,MONTHLY,Money Stock,20260909,201303,8362190
MAM1XAM2M2MO,M2/Average Amounts Outstanding/Seasonally Adjusted/Money Stock,100 million yen,MONTHLY,Money Stock,20260909,201304,8386799
MAM1XAM2M2MO,M2/Average Amounts Outstanding/Seasonally Adjusted/Money Stock,100 million yen,MONTHLY,Money Stock,20260909,201305,8416459
MAM1XAM2M2MO,M2/Average Amounts Outstanding/Seasonally Adjusted/Money Stock,100 million yen,MONTHLY,Money Stock,20260909,201306,8456367
MAM1XAM2M2MO,M2/Average Amounts Outstanding/Seasonally Adjusted/Money Stock,100 million yen,MONTHLY,Money Stock,20260909,201307,8479972
MAM1XAM2M2MO,M2/Average Amounts Outstanding/Seasonally Adjusted/Money Stock,100 million yen,MONTHLY,Money Stock,20260909,201308,8505424
MAM1XAM2M2MO,M2/Average Amounts Outstanding/Seasonally Adjusted/Money Stock,100 million yen,MONTHLY,Money Stock,20260909,201309,8531345
MAM1XAM2M2MO,M2/Average Amounts Outstanding/Seasonally Adjusted/Money Stock,100 million yen,MONTHLY,Money Stock,20260909,201310,8559753
MAM1XAM2M2MO,M2/Average Amounts Outstanding/Seasonally Adjusted/Money Stock,100 million yen,MONTHLY,Money Stock,20260909,201311,8575677
MAM1XAM2M2MO,M2/Average Amounts Outstanding/Seasonally Adjusted/Money Stock,100 million yen,MONTHLY,Money Stock,20260909,201312,8610274
MAM1XAM2M2MO,M2/Average Amounts Outstanding/Seasonally Adjusted/Money Stock,100 million yen,MONTHLY,Money Stock,20260909,201401,8647720
MAM1XAM2M2MO,M2/Average Amounts Outstanding/Seasonally Adjusted/Money Stock,100 million yen,MONTHLY,Money Stock,20260909,201402,8653512
MAM1XAM2M2MO,M2/Average Amounts Outstanding/Seasonally Adjusted/Money Stock,100 million yen,MONTHLY,Money Stock,20260909,201403,8662714
MAM1XAM2M2MO,M2/Average Amounts Outstanding/Seasonally Adjusted/Money Stock,100 million yen,MONTHLY,Money Stock,20260909,201404,8681039
MAM1XAM2M2MO,M2/Average Amounts Outstanding/Seasonally Adjusted/Money Stock,100 million yen,MONTHLY,Money Stock,20260909,201405,8688552
MAM1XAM2M2MO,M2/Average Amounts Outstanding/Seasonally Adjusted/Money Stock,100 million yen,MONTHLY,Money Stock,20260909,201406,8715247
MAM1XAM2M2MO,M2/Average Amounts Outstanding/Seasonally Adjusted/Money Stock,100 million yen,MONTHLY,Money Stock,20260909,201407,8735259
MAM1XAM2M2MO,M2/Average Amounts Outstanding/Seasonally Adjusted/Money Stock,100 million yen,MONTHLY,Money Stock,20260909,201408,8760234
MAM1XAM2M2MO,M2/Average Amounts Outstanding/Seasonally Adjusted/Money Stock,100 million yen,MONTHLY,Money Stock,20260909,201409,8793814
MAM1XAM2M2MO,M2/Average Amounts Outstanding/Seasonally Adjusted/Money Stock,100 million yen,MONTHLY,Money Stock,20260909,201410,8827776
MAM1XAM2M2MO,M2/Average Amounts Outstanding/Seasonally Adjusted/Money Stock,100 million yen,MONTHLY,Money Stock,20260909,201411,8873588
MAM1XAM2M2MO,M2/Average Amounts Outstanding/Seasonally Adjusted/Money Stock,100 million yen,MONTHLY,Money Stock,20260909,201412,8909094
MAM1XAM2M2MO,M2/Average Amounts Outstanding/Seasonally Adjusted/Money Stock,100 million yen,MONTHLY,Money Stock,20260909,201501,8931135
MAM1XAM2M2MO,M2/Average Amounts Outstanding/Seasonally Adjusted/Money Stock,100 million yen,MONTHLY,Money Stock,20260909,201502,8952434
MAM1XAM2M2MO,M2/Average Amounts Outstanding/Seasonally Adjusted/Money Stock,100 million yen,MONTHLY,Money Stock,20260909,201503,8978269
MAM1XAM2M2MO,M2/Average Amounts Outstanding/Seasonally Adjusted/Money Stock,100 million yen,MONTHLY,Money Stock,20260909,201504,8998167
MAM1XAM2M2MO,M2/Average Amounts Outstanding/Seasonally Adjusted/Money Stock,100 million yen,MONTHLY,Money Stock,20260909,201505,9036174
MAM1XAM2M2MO,M2/Average Amounts Outstanding/Seasonally Adjusted/Money Stock,100 million yen,MONTHLY,Money Stock,20260909,201506,9052936
MAM1XAM2M2MO,M2/Average Amounts Outstanding/Seasonally Adjusted/Money Stock,100 million yen,MONTHLY,Money Stock,20260909,201507,9081269
MAM1XAM2M2MO,M2/Average Amounts Outstanding/Seasonally Adjusted/Money Stock,100 million yen,MONTHLY,Money Stock,20260909,201508,9120702
MAM1XAM2M2MO,M2/Average Amounts Outstanding/Seasonally Adjusted/Money Stock,100 million yen,MONTHLY,Money Stock,20260909,201509,9124822
MAM1XAM2M2MO,M2/Average Amounts Outstanding/Seasonally Adjusted/Money Stock,100 million yen,MONTHLY,Money Stock,20260909,201510,9143432
MAM1XAM2M2MO,M2/Average Amounts Outstanding/Seasonally Adjusted/Money Stock,100 million yen,MONTHLY,Money Stock,20260909,201511,9160369
MAM1XAM2M2MO,M2/Average Amounts Outstanding/Seasonally Adjusted/Money Stock,100 million yen,MONTHLY,Money Stock,20260909,201512,9183286
MAM1XAM2M2MO,M2/Average Amounts Outstanding/Seasonally Adjusted/Money Stock,100 million yen,MONTHLY,Money Stock,20260909,201601,9210345
MAM1XAM2M2MO,M2/Average Amounts Outstanding/Seasonally Adjusted/Money Stock,100 million yen,MONTHLY,Money Stock,20260909,201602,9231549
MAM1XAM2M2MO,M2/Average Amounts Outstanding/Seasonally Adjusted/Money Stock,100 million yen,MONTHLY,Money Stock,20260909,201603,9257464
MAM1XAM2M2MO,M2/Average Amounts Outstanding/Seasonally Adjusted/Money Stock,100 million yen,MONTHLY,Money Stock,20260909,201604,9297964
MAM1XAM2M2MO,M2/Average Amounts Outstanding/Seasonally Adjusted/Money Stock,100 million yen,MONTHLY,Money Stock,20260909,201605,9329198
MAM1XAM2M2MO,M2/Average Amounts Outstanding/Seasonally Adjusted/Money Stock,100 million yen,MONTHLY,Money Stock,20260909,201606,9357014
MAM1XAM2M2MO,M2/Average Amounts Outstanding/Seasonally Adjusted/Money Stock,100 million yen,MONTHLY,Money Stock,20260909,201607,9382155
MAM1XAM2M2MO,M2/Average Amounts Outstanding/Seasonally Adjusted/Money Stock,100 million yen,MONTHLY,Money Stock,20260909,201608,9407115
MAM1XAM2M2MO,M2/Average Amounts Outstanding/Seasonally Adjusted/Money Stock,100 million yen,MONTHLY,Money Stock,20260909,201609,9432948
MAM1XAM2M2MO,M2/Average Amounts Outstanding/Seasonally Adjusted/Money Stock,100 million yen,MONTHLY,Money Stock,20260909,201610,9463883
MAM1XAM2M2MO,M2/Average Amounts Outstanding/Seasonally Adjusted/Money Stock,100 million yen,MONTHLY,Money Stock,20260909,201611,9504362
MAM1XAM2M2MO,M2/Average Amounts Outstanding/Seasonally Adjusted/Money Stock,100 million yen,MONTHLY,Money Stock,20260909,201612,9542266
MAM1XAM2M2MO,M2/Average Amounts Outstanding/Seasonally Adjusted/Money Stock,100 million yen,MONTHLY,Money Stock,20260909,201701,9577999
MAM1XAM2M2MO,M2/Average Amounts Outstanding/Seasonally Adjusted/Money Stock,100 million yen,MONTHLY,Money Stock,20260909,201702,9616478
MAM1XAM2M2MO,M2/Average Amounts Outstanding/Seasonally Adjusted/Money Stock,100 million yen,MONTHLY,Money Stock,20260909,201703,9648024
MAM1XAM2M2MO,M2/Average Amounts Outstanding/Seasonally Adjusted/Money Stock,100 million yen,MONTHLY,Money Stock,20260909,201704,9665655
MAM1XAM2M2MO,M2/Average Amounts Outstanding/Seasonally Adjusted/Money Stock,100 million yen,MONTHLY,Money Stock,20260909,201705,9679469
MAM1XAM2M2MO,M2/Average Amounts Outstanding/Seasonally Adjusted/Money Stock,100 million yen,MONTHLY,Money Stock,20260909,201706,9723474
MAM1XAM2M2MO,M2/Average Amounts Outstanding/Seasonally Adjusted/Money Stock,100 million yen,MONTHLY,Money Stock,20260909,201707,9755634
MAM1XAM2M2MO,M2/Average Amounts Outstanding/Seasonally Adjusted/Money Stock,100 million yen,MONTHLY,Money Stock,20260909,201708,9780706
MAM1XAM2M2MO,M2/Average Amounts Outstanding/Seasonally Adjusted/Money Stock,100 million yen,MONTHLY,Money Stock,20260909,201709,9808584
MAM1XAM2M2MO,M2/Average Amounts Outstanding/Seasonally Adjusted/Money Stock,100 million yen,MONTHLY,Money Stock,20260909,201710,9842978
MAM1XAM2M2MO,M2/Average Amounts Outstanding/Seasonally Adjusted/Money Stock,100 million yen,MONTHLY,Money Stock,20260909,201711,9881787
MAM1XAM2M2MO,M2/Average Amounts Outstanding/Seasonally Adjusted/Money Stock,100 million yen,MONTHLY,Money Stock,20260909,201712,9888548
MAM1XAM2M2MO,M2/Average Amounts Outstanding/Seasonally Adjusted/Money Stock,100 million yen,MONTHLY,Money Stock,20260909,201801,9911560
MAM1XAM2M2MO,M2/Average Amounts Outstanding/Seasonally Adjusted/Money Stock,100 million yen,MONTHLY,Money Stock,20260909,201802,9929923
MAM1XAM2M2MO,M2/Average Amounts Outstanding/Seasonally Adjusted/Money Stock,100 million yen,MONTHLY,Money Stock,20260909,201803,9950156
MAM1XAM2M2MO,M2/Average Amounts Outstanding/Seasonally Adjusted/Money Stock,100 million yen,MONTHLY,Money Stock,20260909,201804,9971868
MAM1XAM2M2MO,M2/Average Amounts Outstanding/Seasonally Adjusted/Money Stock,100 million yen,MONTHLY,Money Stock,20260909,201805,9982647
MAM1XAM2M2MO,M2/Average Amounts Outstanding/Seasonally Adjusted/Money Stock,100 million yen,MONTHLY,Money Stock,20260909,201806,10022103
MAM1XAM2M2MO,M2/Average Amounts Outstanding/Seasonally Adjusted/Money Stock,100 million yen,MONTHLY,Money Stock,20260909,201807,10039372
MAM1XAM2M2MO,M2/Average Amounts Outstanding/Seasonally Adjusted/Money Stock,100 million yen,MONTHLY,Money Stock,20260909,201808,10056408
MAM1XAM2M2MO,M2/Average Amounts Outstanding/Seasonally Adjusted/Money Stock,100 million yen,MONTHLY,Money Stock,20260909,201809,10079474
MAM1XAM2M2MO,M2/Average Amounts Outstanding/Seasonally Adjusted/Money Stock,100 million yen,MONTHLY,Money Stock,20260909,201810,10101262
MAM1XAM2M2MO,M2/Average Amounts Outstanding/Seasonally Adjusted/Money Stock,100 million yen,MONTHLY,Money Stock,20260909,201811,10110035
MAM1XAM2M2MO,M2/Average Amounts Outstanding/Seasonally Adjusted/Money Stock,100 million yen,MONTHLY,Money Stock,20260909,201812,10131420
MAM1XAM2M2MO,M2/Average Amounts Outstanding/Seasonally Adjusted/Money Stock,100 million yen,MONTHLY,Money Stock,20260909,201901,10151624
MAM1XAM2M2MO,M2/Average Amounts Outstanding/Seasonally Adjusted/Money Stock,100 million yen,MONTHLY,Money Stock,20260909,201902,10170429
MAM1XAM2M2MO,M2/Average Amounts Outstanding/Seasonally Adjusted/Money Stock,100 million yen,MONTHLY,Money Stock,20260909,201903,10191778
MAM1XAM2M2MO,M2/Average Amounts Outstanding/Seasonally Adjusted/Money Stock,100 million yen,MONTHLY,Money Stock,20260909,201904,10209391
MAM1XAM2M2MO,M2/Average Amounts Outstanding/Seasonally Adjusted/Money Stock,100 million yen,MONTHLY,Money Stock,20260909,201905,10231390
MAM1XAM2M2MO,M2/Average Amounts Outstanding/Seasonally Adjusted/Money Stock,100 million yen,MONTHLY,Money Stock,20260909,201906,10241156
MAM1XAM2M2MO,M2/Average Amounts Outstanding/Seasonally Adjusted/Money Stock,100 million yen,MONTHLY,Money Stock,20260909,201907,10258751
MAM1XAM2M2MO,M2/Average Amounts Outstanding/Seasonally Adjusted/Money Stock,100 million yen,MONTHLY,Money Stock,20260909,201908,10277874
MAM1XAM2M2MO,M2/Average Amounts Outstanding/Seasonally Adjusted/Money Stock,100 million yen,MONTHLY,Money Stock,20260909,201909,10304483
MAM1XAM2M2MO,M2/Average Amounts Outstanding/Seasonally Adjusted/Money Stock,100 million yen,MONTHLY,Money Stock,20260909,201910,10329887
MAM1XAM2M2MO,M2/Average Amounts Outstanding/Seasonally Adjusted/Money Stock,100 million yen,MONTHLY,Money Stock,20260909,201911,10370332
MAM1XAM2M2MO,M2/Average Amounts Outstanding/Seasonally Adjusted/Money Stock,100 million yen,MONTHLY,Money Stock,20260909,201912,10400858
MAM1XAM2M2MO,M2/Average Amounts Outstanding/Seasonally Adjusted/Money Stock,100 million yen,MONTHLY,Money Stock,20260909,202001,10429215
MAM1XAM2M2MO,M2/Average Amounts Outstanding/Seasonally Adjusted/Money Stock,100 million yen,MONTHLY,Money Stock,20260909,202002,10465057
MAM1XAM2M2MO,M2/Average Amounts Outstanding/Seasonally Adjusted/Money Stock,100 million yen,MONTHLY,Money Stock,20260909,202003,10516461
MAM1XAM2M2MO,M2/Average Amounts Outstanding/Seasonally Adjusted/Money Stock,100 million yen,MONTHLY,Money Stock,20260909,202004,10579309
MAM1XAM2M2MO,M2/Average Amounts Outstanding/Seasonally Adjusted/Money Stock,100 million yen,MONTHLY,Money Stock,20260909,202005,10751193
MAM1XAM2M2MO,M2/Average Amounts Outstanding/Seasonally Adjusted/Money Stock,100 million yen,MONTHLY,Money Stock,20260909,202006,10979942
MAM1XAM2M2MO,M2/Average Amounts Outstanding/Seasonally Adjusted/Money Stock,100 million yen,MONTHLY,Money Stock,20260909,202007,11065004
MAM1XAM2M2MO,M2/Average Amounts Outstanding/Seasonally Adjusted/Money Stock,100 million yen,MONTHLY,Money Stock,20260909,202008,11154496
MAM1XAM2M2MO,M2/Average Amounts Outstanding/Seasonally Adjusted/Money Stock,100 million yen,MONTHLY,Money Stock,20260909,202009,11227442
MAM1XAM2M2MO,M2/Average Amounts Outstanding/Seasonally Adjusted/Money Stock,100 million yen,MONTHLY,Money Stock,20260909,202010,11262308
MAM1XAM2M2MO,M2/Average Amounts Outstanding/Seasonally Adjusted/Money Stock,100 million yen,MONTHLY,Money Stock,20260909,202011,11313615
MAM1XAM2M2MO,M2/Average Amounts Outstanding/Seasonally Adjusted/Money Stock,100 million yen,MONTHLY,Money Stock,20260909,202012,11365848
MAM1XAM2M2MO,M2/Average Amounts Outstanding/Seasonally Adjusted/Money Stock,100 million yen,MONTHLY,Money Stock,20260909,202101,11421911
MAM1XAM2M2MO,M2/Average Amounts Outstanding/Seasonally Adjusted/Money Stock,100 million yen,MONTHLY,Money Stock,20260909,202102,11474444
MAM1XAM2M2MO,M2/Average Amounts Outstanding/Seasonally Adjusted/Money Stock,100 million yen,MONTHLY,Money Stock,20260909,202103,11517171
MAM1XAM2M2MO,M2/Average Amounts Outstanding/Seasonally Adjusted/Money Stock,100 million yen,MONTHLY,Money Stock,20260909,202104,11555467
MAM1XAM2M2MO,M2/Average Amounts Outstanding/Seasonally Adjusted/Money Stock,100 million yen,MONTHLY,Money Stock,20260909,202105,11605180
MAM1XAM2M2MO,M2/Average Amounts Outstanding/Seasonally Adjusted/Money Stock,100 million yen,MONTHLY,Money Stock,20260909,202106,11627800
MAM1XAM2M2MO,M2/Average Amounts Outstanding/Seasonally Adjusted/Money Stock,100 million yen,MONTHLY,Money Stock,20260909,202107,11646183
MAM1XAM2M2MO,M2/Average Amounts Outstanding/Seasonally Adjusted/Money Stock,100 million yen,MONTHLY,Money Stock,20260909,202108,11670146
MAM1XAM2M2MO,M2/Average Amounts Outstanding/Seasonally Adjusted/Money Stock,100 million yen,MONTHLY,Money Stock,20260909,202109,11702009
MAM1XAM2M2MO,M2/Average Amounts Outstanding/Seasonally Adjusted/Money Stock,100 million yen,MONTHLY,Money Stock,20260909,202110,11740865
MAM1XAM2M2MO,M2/Average Amounts Outstanding/Seasonally Adjusted/Money Stock,100 million yen,MONTHLY,Money Stock,20260909,202111,11767376
MAM1XAM2M2MO,M2/Average Amounts Outstanding/Seasonally Adjusted/Money Stock,100 million yen,MONTHLY,Money Stock,20260909,202112,11796253
MAM1XAM2M2MO,M2/Average Amounts Outstanding/Seasonally Adjusted/Money Stock,100 million yen,MONTHLY,Money Stock,20260909,202201,11839071
MAM1XAM2M2MO,M2/Average Amounts Outstanding/Seasonally Adjusted/Money Stock,100 million yen,MONTHLY,Money Stock,20260909,202202,11880903
MAM1XAM2M2MO,M2/Average Amounts Outstanding/Seasonally Adjusted/Money Stock,100 million yen,MONTHLY,Money Stock,20260909,202203,11912052
MAM1XAM2M2MO,M2/Average Amounts Outstanding/Seasonally Adjusted/Money Stock,100 million yen,MONTHLY,Money Stock,20260909,202204,11946878
MAM1XAM2M2MO,M2/Average Amounts Outstanding/Seasonally Adjusted/Money Stock,100 million yen,MONTHLY,Money Stock,20260909,202205,11970025
MAM1XAM2M2MO,M2/Average Amounts Outstanding/Seasonally Adjusted/Money Stock,100 million yen,MONTHLY,Money Stock,20260909,202206,12014032
MAM1XAM2M2MO,M2/Average Amounts Outstanding/Seasonally Adjusted/Money Stock,100 million yen,MONTHLY,Money Stock,20260909,202207,12040164
MAM1XAM2M2MO,M2/Average Amounts Outstanding/Seasonally Adjusted/Money Stock,100 million yen,MONTHLY,Money Stock,20260909,202208,12067341
MAM1XAM2M2MO,M2/Average Amounts Outstanding/Seasonally Adjusted/Money Stock,100 million yen,MONTHLY,Money Stock,20260909,202209,12090145
MAM1XAM2M2MO,M2/Average Amounts Outstanding/Seasonally Adjusted/Money Stock,100 million yen,MONTHLY,Money Stock,20260909,202210,12106778
MAM1XAM2M2MO,M2/Average Amounts Outstanding/Seasonally Adjusted/Money Stock,100 million yen,MONTHLY,Money Stock,20260909,202211,12138112
MAM1XAM2M2MO,M2/Average Amounts Outstanding/Seasonally Adjusted/Money Stock,100 million yen,MONTHLY,Money Stock,20260909,202212,12146426
MAM1XAM2M2MO,M2/Average Amounts Outstanding/Seasonally Adjusted/Money Stock,100 million yen,MONTHLY,Money Stock,20260909,202301,12156166
MAM1XAM2M2MO,M2/Average Amounts Outstanding/Seasonally Adjusted/Money Stock,100 million yen,MONTHLY,Money Stock,20260909,202302,12181279
MAM1XAM2M2MO,M2/Average Amounts Outstanding/Seasonally Adjusted/Money Stock,100 million yen,MONTHLY,Money Stock,20260909,202303,12207503
MAM1XAM2M2MO,M2/Average Amounts Outstanding/Seasonally Adjusted/Money Stock,100 million yen,MONTHLY,Money Stock,20260909,202304,12250351
MAM1XAM2M2MO,M2/Average Amounts Outstanding/Seasonally Adjusted/Money Stock,100 million yen,MONTHLY,Money Stock,20260909,202305,12287784
MAM1XAM2M2MO,M2/Average Amounts Outstanding/Seasonally Adjusted/Money Stock,100 million yen,MONTHLY,Money Stock,20260909,202306,12332274
MAM1XAM2M2MO,M2/Average Amounts Outstanding/Seasonally Adjusted/Money Stock,100 million yen,MONTHLY,Money Stock,20260909,202307,12341802
MAM1XAM2M2MO,M2/Average Amounts Outstanding/Seasonally Adjusted/Money Stock,100 million yen,MONTHLY,Money Stock,20260909,202308,12364603
MAM1XAM2M2MO,M2/Average Amounts Outstanding/Seasonally Adjusted/Money Stock,100 million yen,MONTHLY,Money Stock,20260909,202309,12381713
MAM1XAM2M2MO,M2/Average Amounts Outstanding/Seasonally Adjusted/Money Stock,100 million yen,MONTHLY,Money Stock,20260909,202310,12400548
MAM1XAM2M2MO,M2/Average Amounts Outstanding/Seasonally Adjusted/Money Stock,100 million yen,MONTHLY,Money Stock,20260909,202311,12413270
MAM1XAM2M2MO,M2/Average Amounts Outstanding/Seasonally Adjusted/Money Stock,100 million yen,MONTHLY,Money Stock,20260909,202312,12426622
MAM1XAM2M2MO,M2/Average Amounts Outstanding/Seasonally Adjusted/Money Stock,100 million yen,MONTHLY,Money Stock,20260909,202401,12448727
MAM1XAM2M2MO,M2/Average Amounts Outstanding/Seasonally Adjusted/Money Stock,100 million yen,MONTHLY,Money Stock,20260909,202402,12472195
MAM1XAM2M2MO,M2/Average Amounts Outstanding/Seasonally Adjusted/Money Stock,100 million yen,MONTHLY,Money Stock,20260909,202403,12509167
MAM1XAM2M2MO,M2/Average Amounts Outstanding/Seasonally Adjusted/Money Stock,100 million yen,MONTHLY,Money Stock,20260909,202404,12523085
MAM1XAM2M2MO,M2/Average Amounts Outstanding/Seasonally Adjusted/Money Stock,100 million yen,MONTHLY,Money Stock,20260909,202405,12521714
MAM1XAM2M2MO,M2/Average Amounts Outstanding/Seasonally Adjusted/Money Stock,100 million yen,MONTHLY,Money Stock,20260909,202406,12520954
MAM1XAM2M2MO,M2/Average Amounts Outstanding/Seasonally Adjusted/Money Stock,100 million yen,MONTHLY,Money Stock,20260909,202407,12526704
MAM1XAM2M2MO,M2/Average Amounts Outstanding/Seasonally Adjusted/Money Stock,100 million yen,MONTHLY,Money Stock,20260909,202408,12529040
MAM1XAM2M2MO,M2/Average Amounts Outstanding/Seasonally Adjusted/Money Stock,100 million yen,MONTHLY,Money Stock,20260909,202409,12536021
MAM1XAM2M2MO,M2/Average Amounts Outstanding/Seasonally Adjusted/Money Stock,100 million yen,MONTHLY,Money Stock,20260909,202410,12549670
MAM1XAM2M2MO,M2/Average Amounts Outstanding/Seasonally Adjusted/Money Stock,100 million yen,MONTHLY,Money Stock,20260909,202411,12562235
MAM1XAM2M2MO,M2/Average Amounts Outstanding/Seasonally Adjusted/Money Stock,100 million yen,MONTHLY,Money Stock,20260909,202412,12588535
MAM1XAM2M2MO,M2/Average Amounts Outstanding/Seasonally Adjusted/Money Stock,100 million yen,MONTHLY,Money Stock,20260909,202501,12604793
MAM1XAM2M2MO,M2/Average Amounts Outstanding/Seasonally Adjusted/Money Stock,100 million yen,MONTHLY,Money Stock,20260909,202502,12610782
MAM1XAM2M2MO,M2/Average Amounts Outstanding/Seasonally Adjusted/Money Stock,100 million yen,MONTHLY,Money Stock,20260909,202503,12607920
MAM1XAM2M2MO,M2/Average Amounts Outstanding/Seasonally Adjusted/Money Stock,100 million yen,MONTHLY,Money Stock,20260909,202504,12590265
MAM1XAM2M2MO,M2/Average Amounts Outstanding/Seasonally Adjusted/Money Stock,100 million yen,MONTHLY,Money Stock,20260909,202505,12610247
MAM1XAM2M2MO,M2/Average Amounts Outstanding/Seasonally Adjusted/Money Stock,100 million yen,MONTHLY,Money Stock,20260909,202506,12633156
MAM1XAM2M2MO,M2/Average Amounts Outstanding/Seasonally Adjusted/Money Stock,100 million yen,MONTHLY,Money Stock,20260909,202507,12659240
MAM1XAM2M2MO,M2/Average Amounts Outstanding/Seasonally Adjusted/Money Stock,100 million yen,MONTHLY,Money Stock,20260909,202508,12693940
MAM1XAM2M2MO,M2/Average Amounts Outstanding/Seasonally Adjusted/Money Stock,100 million yen,MONTHLY,Money Stock,20260909,202509,12725922
MAM1XAM2M2MO,M2/Average Amounts Outstanding/Seasonally Adjusted/Money Stock,100 million yen,MONTHLY,Money Stock,20260909,202510,12749740
MAM1XAM2M2MO,M2/Average Amounts Outstanding/Seasonally Adjusted/Money Stock,100 million yen,MONTHLY,Money Stock,20260909,202511,12777032
MAM1XAM2M2MO,M2/Average Amounts Outstanding/Seasonally Adjusted/Money Stock,100 million yen,MONTHLY,Money Stock,20260909,202512,12797954
MAM1XAM2M2MO,M2/Average Amounts Outstanding/Seasonally Adjusted/Money Stock,100 million yen,MONTHLY,Money Stock,20260909,202601,12796400
MAM1XAM2M2MO,M2/Average Amounts Outstanding/Seasonally Adjusted/Money Stock,100 million yen,MONTHLY,Money Stock,20260909,202602,12822676
MAM1XAM2M2MO,M2/Average Amounts Outstanding/Seasonally Adjusted/Money Stock,100 million yen,MONTHLY,Money Stock,20260909,202603,12856236
MAM1XAM2M2MO,M2/Average Amounts Outstanding/Seasonally Adjusted/Money Stock,100 million yen,MONTHLY,Money Stock,20260909,202604,12888677
MAM1XAM2M2MO,M2/Average Amounts Outstanding/Seasonally Adjusted/Money Stock,100 million yen,MONTHLY,Money Stock,20260909,202605,12924478
MAM1XAM2M2MO,M2/Average Amounts Outstanding/Seasonally Adjusted/Money Stock,100 million yen,MONTHLY,Money Stock,20260909,202606,12914847
MAM1XAM2M2MO,M2/Average Amounts Outstanding/Seasonally Adjusted/Money Stock,100 million yen,MONTHLY,Money Stock,20260909,202607,12932213
MAM1XAM2M2MO,M2/Average Amounts Outstanding/Seasonally Adjusted/Money Stock,100 million yen,MONTHLY,Money Stock,20260909,202608,12945659
MAM1NAM3M3MO,M3/Average Amounts Outstanding/Money Stock,100 million yen,MONTHLY,Money Stock,20260909,200304,10121694
MAM1NAM3M3MO,M3/Average Amounts Outstanding/Money Stock,100 million yen,MONTHLY,Money Stock,20260909,200305,10124315
MAM1NAM3M3MO,M3/Average Amounts Outstanding/Money Stock,100 million yen,MONTHLY,Money Stock,20260909,200306,10135410
MAM1NAM3M3MO,M3/Average Amounts Outstanding/Money Stock,100 million yen,MONTHLY,Money Stock,20260909,200307,10182600
MAM1NAM3M3MO,M3/Average Amounts Outstanding/Money Stock,100 million yen,MONTHLY,Money Stock,20260909,200308,10171792
MAM1NAM3M3MO,M3/Average Amounts Outstanding/Money Stock,100 million yen,MONTHLY,Money Stock,20260909,200309,10125379
MAM1NAM3M3MO,M3/Average Amounts Outstanding/Money Stock,100 million yen,MONTHLY,Money Stock,20260909,200310,10108026
MAM1NAM3M3MO,M3/Average Amounts Outstanding/Money Stock,100 million yen,MONTHLY,Money Stock,20260909,200311,10106457
MAM1NAM3M3MO,M3/Average Amounts Outstanding/Money Stock,100 million yen,MONTHLY,Money Stock,20260909,200312,10188715
MAM1NAM3M3MO,M3/Average Amounts Outstanding/Money Stock,100 million yen,MONTHLY,Money Stock,20260909,200401,10200701
MAM1NAM3M3MO,M3/Average Amounts Outstanding/Money Stock,100 million yen,MONTHLY,Money Stock,20260909,200402,10161554
MAM1NAM3M3MO,M3/Average Amounts Outstanding/Money Stock,100 million yen,MONTHLY,Money Stock,20260909,200403,10178254
MAM1NAM3M3MO,M3/Average Amounts Outstanding/Money Stock,100 million yen,MONTHLY,Money Stock,20260909,200404,10240449
MAM1NAM3M3MO,M3/Average Amounts Outstanding/Money Stock,100 million yen,MONTHLY,Money Stock,20260909,200405,10247418
MAM1NAM3M3MO,M3/Average Amounts Outstanding/Money Stock,100 million yen,MONTHLY,Money Stock,20260909,200406,10243116
MAM1NAM3M3MO,M3/Average Amounts Outstanding/Money Stock,100 million yen,MONTHLY,Money Stock,20260909,200407,10296877
MAM1NAM3M3MO,M3/Average Amounts Outstanding/Money Stock,100 million yen,MONTHLY,Money Stock,20260909,200408,10284198
MAM1NAM3M3MO,M3/Average Amounts Outstanding/Money Stock,100 million yen,MONTHLY,Money Stock,20260909,200409,10242206
MAM1NAM3M3MO,M3/Average Amounts Outstanding/Money Stock,100 million yen,MONTHLY,Money Stock,20260909,200410,10217592
MAM1NAM3M3MO,M3/Average Amounts Outstanding/Money Stock,100 million yen,MONTHLY,Money Stock,20260909,200411,10214727
MAM1NAM3M3MO,M3/Average Amounts Outstanding/Money Stock,100 million yen,MONTHLY,Money Stock,20260909,200412,10286853
MAM1NAM3M3MO,M3/Average Amounts Outstanding/Money Stock,100 million yen,MONTHLY,Money Stock,20260909,200501,10290636
MAM1NAM3M3MO,M3/Average Amounts Outstanding/Money Stock,100 million yen,MONTHLY,Money Stock,20260909,200502,10236287
MAM1NAM3M3MO,M3/Average Amounts Outstanding/Money Stock,100 million yen,MONTHLY,Money Stock,20260909,200503,10264527
MAM1NAM3M3MO,M3/Average Amounts Outstanding/Money Stock,100 million yen,MONTHLY,Money Stock,20260909,200504,10300901
MAM1NAM3M3MO,M3/Average Amounts Outstanding/Money Stock,100 million yen,MONTHLY,Money Stock,20260909,200505,10277921
MAM1NAM3M3MO,M3/Average Amounts Outstanding/Money Stock,100 million yen,MONTHLY,Money Stock,20260909,200506,10276257
MAM1NAM3M3MO,M3/Average Amounts Outstanding/Money Stock,100 million yen,MONTHLY,Money Stock,20260909,200507,10326224
MAM1NAM3M3MO,M3/Average Amounts Outstanding/Money Stock,100 million yen,MONTHLY,Money Stock,20260909,200508,10306222
MAM1NAM3M3MO,M3/Average Amounts Outstanding/Money Stock,100 million yen,MONTHLY,Money Stock,20260909,200509,10294571
MAM1NAM3M3MO,M3/Average Amounts Outstanding/Money Stock,100 million yen,MONTHLY,Money Stock,20260909,200510,10261250
MAM1NAM3M3MO,M3/Average Amounts Outstanding/Money Stock,100 million yen,MONTHLY,Money Stock,20260909,200511,10264694
MAM1NAM3M3MO,M3/Average Amounts Outstanding/Money Stock,100 million yen,MONTHLY,Money Stock,20260909,200512,10321464
MAM1NAM3M3MO,M3/Average Amounts Outstanding/Money Stock,100 million yen,MONTHLY,Money Stock,20260909,200601,10312859
MAM1NAM3M3MO,M3/Average Amounts Outstanding/Money Stock,100 million yen,MONTHLY,Money Stock,20260909,200602,10248303
MAM1NAM3M3MO,M3/Average Amounts Outstanding/Money Stock,100 million yen,MONTHLY,Money Stock,20260909,200603,10253653
MAM1NAM3M3MO,M3/Average Amounts Outstanding/Money Stock,100 million yen,MONTHLY,Money Stock,20260909,200604,10312459
MAM1NAM3M3MO,M3/Average Amounts Outstanding/Money Stock,100 million yen,MONTHLY,Money Stock,20260909,200605,10266187
MAM1NAM3M3MO,M3/Average Amounts Outstanding/Money Stock,100 million yen,MONTHLY,Money Stock,20260909,200606,10256739
MAM1NAM3M3MO,M3/Average Amounts Outstanding/Money Stock,100 million yen,MONTHLY,Money Stock,20260909,200607,10259062
MAM1NAM3M3MO,M3/Average Amounts Outstanding/Money Stock,100 million yen,MONTHLY,Money Stock,20260909,200608,10232583
MAM1NAM3M3MO,M3/Average Amounts Outstanding/Money Stock,100 million yen,MONTHLY,Money Stock,20260909,200609,10227379
MAM1NAM3M3MO,M3/Average Amounts Outstanding/Money Stock,100 million yen,MONTHLY,Money Stock,20260909,200610,10193077
MAM1NAM3M3MO,M3/Average Amounts Outstanding/Money Stock,100 million yen,MONTHLY,Money Stock,20260909,200611,10199453
MAM1NAM3M3MO,M3/Average Amounts Outstanding/Money Stock,100 million yen,MONTHLY,Money Stock,20260909,200612,10262705
MAM1NAM3M3MO,M3/Average Amounts Outstanding/Money Stock,100 million yen,MONTHLY,Money Stock,20260909,200701,10269517
MAM1NAM3M3MO,M3/Average Amounts Outstanding/Money Stock,100 million yen,MONTHLY,Money Stock,20260909,200702,10214947
MAM1NAM3M3MO,M3/Average Amounts Outstanding/Money Stock,100 million yen,MONTHLY,Money Stock,20260909,200703,10229372
MAM1NAM3M3MO,M3/Average Amounts Outstanding/Money Stock,100 million yen,MONTHLY,Money Stock,20260909,200704,10295409
MAM1NAM3M3MO,M3/Average Amounts Outstanding/Money Stock,100 million yen,MONTHLY,Money Stock,20260909,200705,10269955
MAM1NAM3M3MO,M3/Average Amounts Outstanding/Money Stock,100 million yen,MONTHLY,Money Stock,20260909,200706,10291129
MAM1NAM3M3MO,M3/Average Amounts Outstanding/Money Stock,100 million yen,MONTHLY,Money Stock,20260909,200707,10305992
MAM1NAM3M3MO,M3/Average Amounts Outstanding/Money Stock,100 million yen,MONTHLY,Money Stock,20260909,200708,10263032
MAM1NAM3M3MO,M3/Average Amounts Outstanding/Money Stock,100 million yen,MONTHLY,Money Stock,20260909,200709,10253260
MAM1NAM3M3MO,M3/Average Amounts Outstanding/Money Stock,100 million yen,MONTHLY,Money Stock,20260909,200710,10252662
MAM1NAM3M3MO,M3/Average Amounts Outstanding/Money Stock,100 million yen,MONTHLY,Money Stock,20260909,200711,10262895
MAM1NAM3M3MO,M3/Average Amounts Outstanding/Money Stock,100 million yen,MONTHLY,Money Stock,20260909,200712,10331481
MAM1NAM3M3MO,M3/Average Amounts Outstanding/Money Stock,100 million yen,MONTHLY,Money Stock,20260909,200801,10343418
MAM1NAM3M3MO,M3/Average Amounts Outstanding/Money Stock,100 million yen,MONTHLY,Money Stock,20260909,200802,10301876
MAM1NAM3M3MO,M3/Average Amounts Outstanding/Money Stock,100 million yen,MONTHLY,Money Stock,20260909,200803,10309911
MAM1NAM3M3MO,M3/Average Amounts Outstanding/Money Stock,100 million yen,MONTHLY,Money Stock,20260909,200804,10347836
MAM1NAM3M3MO,M3/Average Amounts Outstanding/Money Stock,100 million yen,MONTHLY,Money Stock,20260909,200805,10338815
MAM1NAM3M3MO,M3/Average Amounts Outstanding/Money Stock,100 million yen,MONTHLY,Money Stock,20260909,200806,10380818
MAM1NAM3M3MO,M3/Average Amounts Outstanding/Money Stock,100 million yen,MONTHLY,Money Stock,20260909,200807,10383576
MAM1NAM3M3MO,M3/Average Amounts Outstanding/Money Stock,100 million yen,MONTHLY,Money Stock,20260909,200808,10366872
MAM1NAM3M3MO,M3/Average Amounts Outstanding/Money Stock,100 million yen,MONTHLY,Money Stock,20260909,200809,10347253
MAM1NAM3M3MO,M3/Average Amounts Outstanding/Money Stock,100 million yen,MONTHLY,Money Stock,20260909,200810,10308665
MAM1NAM3M3MO,M3/Average Amounts Outstanding/Money Stock,100 million yen,MONTHLY,Money Stock,20260909,200811,10329259
MAM1NAM3M3MO,M3/Average Amounts Outstanding/Money Stock,100 million yen,MONTHLY,Money Stock,20260909,200812,10406445
MAM1NAM3M3MO,M3/Average Amounts Outstanding/Money Stock,100 million yen,MONTHLY,Money Stock,20260909,200901,10437570
MAM1NAM3M3MO,M3/Average Amounts Outstanding/Money Stock,100 million yen,MONTHLY,Money Stock,20260909,200902,10421260
MAM1NAM3M3MO,M3/Average Amounts Outstanding/Money Stock,100 million yen,MONTHLY,Money Stock,20260909,200903,10445322
MAM1NAM3M3MO,M3/Average Amounts Outstanding/Money Stock,100 million yen,MONTHLY,Money Stock,20260909,200904,10523923
MAM1NAM3M3MO,M3/Average Amounts Outstanding/Money Stock,100 million yen,MONTHLY,Money Stock,20260909,200905,10520476
MAM1NAM3M3MO,M3/Average Amounts Outstanding/Money Stock,100 million yen,MONTHLY,Money Stock,20260909,200906,10555491
MAM1NAM3M3MO,M3/Average Amounts Outstanding/Money Stock,100 million yen,MONTHLY,Money Stock,20260909,200907,10581550
MAM1NAM3M3MO,M3/Average Amounts Outstanding/Money Stock,100 million yen,MONTHLY,Money Stock,20260909,200908,10576771
MAM1NAM3M3MO,M3/Average Amounts Outstanding/Money Stock,100 million yen,MONTHLY,Money Stock,20260909,200909,10564571
MAM1NAM3M3MO,M3/Average Amounts Outstanding/Money Stock,100 million yen,MONTHLY,Money Stock,20260909,200910,10557680
MAM1NAM3M3MO,M3/Average Amounts Outstanding/Money Stock,100 million yen,MONTHLY,Money Stock,20260909,200911,10574794
MAM1NAM3M3MO,M3/Average Amounts Outstanding/Money Stock,100 million yen,MONTHLY,Money Stock,20260909,200912,10635184
MAM1NAM3M3MO,M3/Average Amounts Outstanding/Money Stock,100 million yen,MONTHLY,Money Stock,20260909,201001,10662085
MAM1NAM3M3MO,M3/Average Amounts Outstanding/Money Stock,100 million yen,MONTHLY,Money Stock,20260909,201002,10628685
MAM1NAM3M3MO,M3/Average Amounts Outstanding/Money Stock,100 million yen,MONTHLY,Money Stock,20260909,201003,10648782
MAM1NAM3M3MO,M3/Average Amounts Outstanding/Money Stock,100 million yen,MONTHLY,Money Stock,20260909,201004,10749117
MAM1NAM3M3MO,M3/Average Amounts Outstanding/Money Stock,100 million yen,MONTHLY,Money Stock,20260909,201005,10763798
MAM1NAM3M3MO,M3/Average Amounts Outstanding/Money Stock,100 million yen,MONTHLY,Money Stock,20260909,201006,10784515
MAM1NAM3M3MO,M3/Average Amounts Outstanding/Money Stock,100 million yen,MONTHLY,Money Stock,20260909,201007,10799075
MAM1NAM3M3MO,M3/Average Amounts Outstanding/Money Stock,100 million yen,MONTHLY,Money Stock,20260909,201008,10797344
MAM1NAM3M3MO,M3/Average Amounts Outstanding/Money Stock,100 million yen,MONTHLY,Money Stock,20260909,201009,10789465
MAM1NAM3M3MO,M3/Average Amounts Outstanding/Money Stock,100 million yen,MONTHLY,Money Stock,20260909,201010,10784091
MAM1NAM3M3MO,M3/Average Amounts Outstanding/Money Stock,100 million yen,MONTHLY,Money Stock,20260909,201011,10786221
MAM1NAM3M3MO,M3/Average Amounts Outstanding/Money Stock,100 million yen,MONTHLY,Money Stock,20260909,201012,10829365
MAM1NAM3M3MO,M3/Average Amounts Outstanding/Money Stock,100 million yen,MONTHLY,Money Stock,20260909,201101,10852541
MAM1NAM3M3MO,M3/Average Amounts Outstanding/Money Stock,100 million yen,MONTHLY,Money Stock,20260909,201102,10822493
MAM1NAM3M3MO,M3/Average Amounts Outstanding/Money Stock,100 million yen,MONTHLY,Money Stock,20260909,201103,10857475
MAM1NAM3M3MO,M3/Average Amounts Outstanding/Money Stock,100 million yen,MONTHLY,Money Stock,20260909,201104,10976124
MAM1NAM3M3MO,M3/Average Amounts Outstanding/Money Stock,100 million yen,MONTHLY,Money Stock,20260909,201105,10994798
MAM1NAM3M3MO,M3/Average Amounts Outstanding/Money Stock,100 million yen,MONTHLY,Money Stock,20260909,201106,11027795
MAM1NAM3M3MO,M3/Average Amounts Outstanding/Money Stock,100 million yen,MONTHLY,Money Stock,20260909,201107,11055295
MAM1NAM3M3MO,M3/Average Amounts Outstanding/Money Stock,100 million yen,MONTHLY,Money Stock,20260909,201108,11034139
MAM1NAM3M3MO,M3/Average Amounts Outstanding/Money Stock,100 million yen,MONTHLY,Money Stock,20260909,201109,11033800
MAM1NAM3M3MO,M3/Average Amounts Outstanding/Money Stock,100 million yen,MONTHLY,Money Stock,20260909,201110,11036569
MAM1NAM3M3MO,M3/Average Amounts Outstanding/Money Stock,100 million yen,MONTHLY,Money Stock,20260909,201111,11057260
MAM1NAM3M3MO,M3/Average Amounts Outstanding/Money Stock,100 million yen,MONTHLY,Money Stock,20260909,201112,11114608
MAM1NAM3M3MO,M3/Average Amounts Outstanding/Money Stock,100 million yen,MONTHLY,Money Stock,20260909,201201,11132822
MAM1NAM3M3MO,M3/Average Amounts Outstanding/Money Stock,100 million yen,MONTHLY,Money Stock,20260909,201202,11095882
MAM1NAM3M3MO,M3/Average Amounts Outstanding/Money Stock,100 million yen,MONTHLY,Money Stock,20260909,201203,11135445
MAM1NAM3M3MO,M3/Average Amounts Outstanding/Money Stock,100 million yen,MONTHLY,Money Stock,20260909,201204,11228021
MAM1NAM3M3MO,M3/Average Amounts Outstanding/Money Stock,100 million yen,MONTHLY,Money Stock,20260909,201205,11204900
MAM1NAM3M3MO,M3/Average Amounts Outstanding/Money Stock,100 million yen,MONTHLY,Money Stock,20260909,201206,11242070
MAM1NAM3M3MO,M3/Average Amounts Outstanding/Money Stock,100 million yen,MONTHLY,Money Stock,20260909,201207,11269945
MAM1NAM3M3MO,M3/Average Amounts Outstanding/Money Stock,100 million yen,MONTHLY,Money Stock,20260909,201208,11261725
MAM1NAM3M3MO,M3/Average Amounts Outstanding/Money Stock,100 million yen,MONTHLY,Money Stock,20260909,201209,11261178
MAM1NAM3M3MO,M3/Average Amounts Outstanding/Money Stock,100 million yen,MONTHLY,Money Stock,20260909,201210,11253832
MAM1NAM3M3MO,M3/Average Amounts Outstanding/Money Stock,100 million yen,MONTHLY,Money Stock,20260909,201211,11262758
MAM1NAM3M3MO,M3/Average Amounts Outstanding/Money Stock,100 million yen,MONTHLY,Money Stock,20260909,201212,11358541
MAM1NAM3M3MO,M3/Average Amounts Outstanding/Money Stock,100 million yen,MONTHLY,Money Stock,20260909,201301,11385130
MAM1NAM3M3MO,M3/Average Amounts Outstanding/Money Stock,100 million yen,MONTHLY,Money Stock,20260909,201302,11365785
MAM1NAM3M3MO,M3/Average Amounts Outstanding/Money Stock,100 million yen,MONTHLY,Money Stock,20260909,201303,11414268
MAM1NAM3M3MO,M3/Average Amounts Outstanding/Money Stock,100 million yen,MONTHLY,Money Stock,20260909,201304,11516195
MAM1NAM3M3MO,M3/Average Amounts Outstanding/Money Stock,100 million yen,MONTHLY,Money Stock,20260909,201305,11518374
MAM1NAM3M3MO,M3/Average Amounts Outstanding/Money Stock,100 million yen,MONTHLY,Money Stock,20260909,201306,11585000
MAM1NAM3M3MO,M3/Average Amounts Outstanding/Money Stock,100 million yen,MONTHLY,Money Stock,20260909,201307,11608340
MAM1NAM3M3MO,M3/Average Amounts Outstanding/Money Stock,100 million yen,MONTHLY,Money Stock,20260909,201308,11602679
MAM1NAM3M3MO,M3/Average Amounts Outstanding/Money Stock,100 million yen,MONTHLY,Money Stock,20260909,201309,11610682
MAM1NAM3M3MO,M3/Average Amounts Outstanding/Money Stock,100 million yen,MONTHLY,Money Stock,20260909,201310,11625774
MAM1NAM3M3MO,M3/Average Amounts Outstanding/Money Stock,100 million yen,MONTHLY,Money Stock,20260909,201311,11655386
MAM1NAM3M3MO,M3/Average Amounts Outstanding/Money Stock,100 million yen,MONTHLY,Money Stock,20260909,201312,11745546
MAM1NAM3M3MO,M3/Average Amounts Outstanding/Money Stock,100 million yen,MONTHLY,Money Stock,20260909,201401,11778517
MAM1NAM3M3MO,M3/Average Amounts Outstanding/Money Stock,100 million yen,MONTHLY,Money Stock,20260909,201402,11726815
MAM1NAM3M3MO,M3/Average Amounts Outstanding/Money Stock,100 million yen,MONTHLY,Money Stock,20260909,201403,11739845
MAM1NAM3M3MO,M3/Average Amounts Outstanding/Money Stock,100 million yen,MONTHLY,Money Stock,20260909,201404,11835518
MAM1NAM3M3MO,M3/Average Amounts Outstanding/Money Stock,100 million yen,MONTHLY,Money Stock,20260909,201405,11823445
MAM1NAM3M3MO,M3/Average Amounts Outstanding/Money Stock,100 million yen,MONTHLY,Money Stock,20260909,201406,11872062
MAM1NAM3M3MO,M3/Average Amounts Outstanding/Money Stock,100 million yen,MONTHLY,Money Stock,20260909,201407,11891727
MAM1NAM3M3MO,M3/Average Amounts Outstanding/Money Stock,100 million yen,MONTHLY,Money Stock,20260909,201408,11887733
MAM1NAM3M3MO,M3/Average Amounts Outstanding/Money Stock,100 million yen,MONTHLY,Money Stock,20260909,201409,11901050
MAM1NAM3M3MO,M3/Average Amounts Outstanding/Money Stock,100 million yen,MONTHLY,Money Stock,20260909,201410,11927419
MAM1NAM3M3MO,M3/Average Amounts Outstanding/Money Stock,100 million yen,MONTHLY,Money Stock,20260909,201411,11993459
MAM1NAM3M3MO,M3/Average Amounts Outstanding/Money Stock,100 million yen,MONTHLY,Money Stock,20260909,201412,12085313
MAM1NAM3M3MO,M3/Average Amounts Outstanding/Money Stock,100 million yen,MONTHLY,Money Stock,20260909,201501,12104783
MAM1NAM3M3MO,M3/Average Amounts Outstanding/Money Stock,100 million yen,MONTHLY,Money Stock,20260909,201502,12065566
MAM1NAM3M3MO,M3/Average Amounts Outstanding/Money Stock,100 million yen,MONTHLY,Money Stock,20260909,201503,12093214
MAM1NAM3M3MO,M3/Average Amounts Outstanding/Money Stock,100 million yen,MONTHLY,Money Stock,20260909,201504,12191441
MAM1NAM3M3MO,M3/Average Amounts Outstanding/Money Stock,100 million yen,MONTHLY,Money Stock,20260909,201505,12215160
MAM1NAM3M3MO,M3/Average Amounts Outstanding/Money Stock,100 million yen,MONTHLY,Money Stock,20260909,201506,12244585
MAM1NAM3M3MO,M3/Average Amounts Outstanding/Money Stock,100 million yen,MONTHLY,Money Stock,20260909,201507,12271255
MAM1NAM3M3MO,M3/Average Amounts Outstanding/Money Stock,100 million yen,MONTHLY,Money Stock,20260909,201508,12281934
MAM1NAM3M3MO,M3/Average Amounts Outstanding/Money Stock,100 million yen,MONTHLY,Money Stock,20260909,201509,12263554
MAM1NAM3M3MO,M3/Average Amounts Outstanding/Money Stock,100 million yen,MONTHLY,Money Stock,20260909,201510,12273462
MAM1NAM3M3MO,M3/Average Amounts Outstanding/Money Stock,100 million yen,MONTHLY,Money Stock,20260909,201511,12313182
MAM1NAM3M3MO,M3/Average Amounts Outstanding/Money Stock,100 million yen,MONTHLY,Money Stock,20260909,201512,12386000
MAM1NAM3M3MO,M3/Average Amounts Outstanding/Money Stock,100 million yen,MONTHLY,Money Stock,20260909,201601,12411437
MAM1NAM3M3MO,M3/Average Amounts Outstanding/Money Stock,100 million yen,MONTHLY,Money Stock,20260909,201602,12367839
MAM1NAM3M3MO,M3/Average Amounts Outstanding/Money Stock,100 million yen,MONTHLY,Money Stock,20260909,201603,12393702
MAM1NAM3M3MO,M3/Average Amounts Outstanding/Money Stock,100 million yen,MONTHLY,Money Stock,20260909,201604,12520875
MAM1NAM3M3MO,M3/Average Amounts Outstanding/Money Stock,100 million yen,MONTHLY,Money Stock,20260909,201605,12555159
MAM1NAM3M3MO,M3/Average Amounts Outstanding/Money Stock,100 million yen,MONTHLY,Money Stock,20260909,201606,12594721
MAM1NAM3M3MO,M3/Average Amounts Outstanding/Money Stock,100 million yen,MONTHLY,Money Stock,20260909,201607,12623788
MAM1NAM3M3MO,M3/Average Amounts Outstanding/Money Stock,100 million yen,MONTHLY,Money Stock,20260909,201608,12621687
MAM1NAM3M3MO,M3/Average Amounts Outstanding/Money Stock,100 million yen,MONTHLY,Money Stock,20260909,201609,12625523
MAM1NAM3M3MO,M3/Average Amounts Outstanding/Money Stock,100 million yen,MONTHLY,Money Stock,20260909,201610,12649217
MAM1NAM3M3MO,M3/Average Amounts Outstanding/Money Stock,100 million yen,MONTHLY,Money Stock,20260909,201611,12716022
MAM1NAM3M3MO,M3/Average Amounts Outstanding/Money Stock,100 million yen,MONTHLY,Money Stock,20260909,201612,12800804
MAM1NAM3M3MO,M3/Average Amounts Outstanding/Money Stock,100 million yen,MONTHLY,Money Stock,20260909,201701,12833922
MAM1NAM3M3MO,M3/Average Amounts Outstanding/Money Stock,100 million yen,MONTHLY,Money Stock,20260909,201702,12803148
MAM1NAM3M3MO,M3/Average Amounts Outstanding/Money Stock,100 million yen,MONTHLY,Money Stock,20260909,201703,12832462
MAM1NAM3M3MO,M3/Average Amounts Outstanding/Money Stock,100 million yen,MONTHLY,Money Stock,20260909,201704,12938605
MAM1NAM3M3MO,M3/Average Amounts Outstanding/Money Stock,100 million yen,MONTHLY,Money Stock,20260909,201705,12961343
MAM1NAM3M3MO,M3/Average Amounts Outstanding/Money Stock,100 million yen,MONTHLY,Money Stock,20260909,201706,13013826
MAM1NAM3M3MO,M3/Average Amounts Outstanding/Money Stock,100 million yen,MONTHLY,Money Stock,20260909,201707,13047848
MAM1NAM3M3MO,M3/Average Amounts Outstanding/Money Stock,100 million yen,MONTHLY,Money Stock,20260909,201708,13045399
MAM1NAM3M3MO,M3/Average Amounts Outstanding/Money Stock,100 million yen,MONTHLY,Money Stock,20260909,201709,13057024
MAM1NAM3M3MO,M3/Average Amounts Outstanding/Money Stock,100 million yen,MONTHLY,Money Stock,20260909,201710,13083945
MAM1NAM3M3MO,M3/Average Amounts Outstanding/Money Stock,100 million yen,MONTHLY,Money Stock,20260909,201711,13145797
MAM1NAM3M3MO,M3/Average Amounts Outstanding/Money Stock,100 million yen,MONTHLY,Money Stock,20260909,201712,13192095
MAM1NAM3M3MO,M3/Average Amounts Outstanding/Money Stock,100 million yen,MONTHLY,Money Stock,20260909,201801,13206997
MAM1NAM3M3MO,M3/Average Amounts Outstanding/Money Stock,100 million yen,MONTHLY,Money Stock,20260909,201802,13152045
MAM1NAM3M3MO,M3/Average Amounts Outstanding/Money Stock,100 million yen,MONTHLY,Money Stock,20260909,201803,13169126
MAM1NAM3M3MO,M3/Average Amounts Outstanding/Money Stock,100 million yen,MONTHLY,Money Stock,20260909,201804,13292729
MAM1NAM3M3MO,M3/Average Amounts Outstanding/Money Stock,100 million yen,MONTHLY,Money Stock,20260909,201805,13312552
MAM1NAM3M3MO,M3/Average Amounts Outstanding/Money Stock,100 million yen,MONTHLY,Money Stock,20260909,201806,13360470
MAM1NAM3M3MO,M3/Average Amounts Outstanding/Money Stock,100 million yen,MONTHLY,Money Stock,20260909,201807,13379294
MAM1NAM3M3MO,M3/Average Amounts Outstanding/Money Stock,100 million yen,MONTHLY,Money Stock,20260909,201808,13370132
MAM1NAM3M3MO,M3/Average Amounts Outstanding/Money Stock,100 million yen,MONTHLY,Money Stock,20260909,201809,13378670
MAM1NAM3M3MO,M3/Average Amounts Outstanding/Money Stock,100 million yen,MONTHLY,Money Stock,20260909,201810,13388535
MAM1NAM3M3MO,M3/Average Amounts Outstanding/Money Stock,100 million yen,MONTHLY,Money Stock,20260909,201811,13419958
MAM1NAM3M3MO,M3/Average Amounts Outstanding/Money Stock,100 million yen,MONTHLY,Money Stock,20260909,201812,13469683
MAM1NAM3M3MO,M3/Average Amounts Outstanding/Money Stock,100 million yen,MONTHLY,Money Stock,20260909,201901,13477055
MAM1NAM3M3MO,M3/Average Amounts Outstanding/Money Stock,100 million yen,MONTHLY,Money Stock,20260909,201902,13423539
MAM1NAM3M3MO,M3/Average Amounts Outstanding/Money Stock,100 million yen,MONTHLY,Money Stock,20260909,201903,13440891
MAM1NAM3M3MO,M3/Average Amounts Outstanding/Money Stock,100 million yen,MONTHLY,Money Stock,20260909,201904,13567501
MAM1NAM3M3MO,M3/Average Amounts Outstanding/Money Stock,100 million yen,MONTHLY,Money Stock,20260909,201905,13602690
MAM1NAM3M3MO,M3/Average Amounts Outstanding/Money Stock,100 million yen,MONTHLY,Money Stock,20260909,201906,13616152
MAM1NAM3M3MO,M3/Average Amounts Outstanding/Money Stock,100 million yen,MONTHLY,Money Stock,20260909,201907,13631830
MAM1NAM3M3MO,M3/Average Amounts Outstanding/Money Stock,100 million yen,MONTHLY,Money Stock,20260909,201908,13626135
MAM1NAM3M3MO,M3/Average Amounts Outstanding/Money Stock,100 million yen,MONTHLY,Money Stock,20260909,201909,13634939
MAM1NAM3M3MO,M3/Average Amounts Outstanding/Money Stock,100 million yen,MONTHLY,Money Stock,20260909,201910,13643724
MAM1NAM3M3MO,M3/Average Amounts Outstanding/Money Stock,100 million yen,MONTHLY,Money Stock,20260909,201911,13706709
MAM1NAM3M3MO,M3/Average Amounts Outstanding/Money Stock,100 million yen,MONTHLY,Money Stock,20260909,201912,13762321
MAM1NAM3M3MO,M3/Average Amounts Outstanding/Money Stock,100 million yen,MONTHLY,Money Stock,20260909,202001,13775113
MAM1NAM3M3MO,M3/Average Amounts Outstanding/Money Stock,100 million yen,MONTHLY,Money Stock,20260909,202002,13740459
MAM1NAM3M3MO,M3/Average Amounts Outstanding/Money Stock,100 million yen,MONTHLY,Money Stock,20260909,202003,13790749
MAM1NAM3M3MO,M3/Average Amounts Outstanding/Money Stock,100 million yen,MONTHLY,Money Stock,20260909,202004,13978017
MAM1NAM3M3MO,M3/Average Amounts Outstanding/Money Stock,100 million yen,MONTHLY,Money Stock,20260909,202005,14170023
MAM1NAM3M3MO,M3/Average Amounts Outstanding/Money Stock,100 million yen,MONTHLY,Money Stock,20260909,202006,14425302
MAM1NAM3M3MO,M3/Average Amounts Outstanding/Money Stock,100 million yen,MONTHLY,Money Stock,20260909,202007,14524277
MAM1NAM3M3MO,M3/Average Amounts Outstanding/Money Stock,100 million yen,MONTHLY,Money Stock,20260909,202008,14599821
MAM1NAM3M3MO,M3/Average Amounts Outstanding/Money Stock,100 million yen,MONTHLY,Money Stock,20260909,202009,14652371
MAM1NAM3M3MO,M3/Average Amounts Outstanding/Money Stock,100 million yen,MONTHLY,Money Stock,20260909,202010,14671488
MAM1NAM3M3MO,M3/Average Amounts Outstanding/Money Stock,100 million yen,MONTHLY,Money Stock,20260909,202011,14747880
MAM1NAM3M3MO,M3/Average Amounts Outstanding/Money Stock,100 million yen,MONTHLY,Money Stock,20260909,202012,14813455
MAM1NAM3M3MO,M3/Average Amounts Outstanding/Money Stock,100 million yen,MONTHLY,Money Stock,20260909,202101,14860492
MAM1NAM3M3MO,M3/Average Amounts Outstanding/Money Stock,100 million yen,MONTHLY,Money Stock,20260909,202102,14846612
MAM1NAM3M3MO,M3/Average Amounts Outstanding/Money Stock,100 million yen,MONTHLY,Money Stock,20260909,202103,14895043
MAM1NAM3M3MO,M3/Average Amounts Outstanding/Money Stock,100 million yen,MONTHLY,Money Stock,20260909,202104,15082268
MAM1NAM3M3MO,M3/Average Amounts Outstanding/Money Stock,100 million yen,MONTHLY,Money Stock,20260909,202105,15145502
MAM1NAM3M3MO,M3/Average Amounts Outstanding/Money Stock,100 million yen,MONTHLY,Money Stock,20260909,202106,15176271
MAM1NAM3M3MO,M3/Average Amounts Outstanding/Money Stock,100 million yen,MONTHLY,Money Stock,20260909,202107,15195437
MAM1NAM3M3MO,M3/Average Amounts Outstanding/Money Stock,100 million yen,MONTHLY,Money Stock,20260909,202108,15198803
MAM1NAM3M3MO,M3/Average Amounts Outstanding/Money Stock,100 million yen,MONTHLY,Money Stock,20260909,202109,15200540
MAM1NAM3M3MO,M3/Average Amounts Outstanding/Money Stock,100 million yen,MONTHLY,Money Stock,20260909,202110,15218135
MAM1NAM3M3MO,M3/Average Amounts Outstanding/Money Stock,100 million yen,MONTHLY,Money Stock,20260909,202111,15269876
MAM1NAM3M3MO,M3/Average Amounts Outstanding/Money Stock,100 million yen,MONTHLY,Money Stock,20260909,202112,15309517
MAM1NAM3M3MO,M3/Average Amounts Outstanding/Money Stock,100 million yen,MONTHLY,Money Stock,20260909,202201,15344038
MAM1NAM3M3MO,M3/Average Amounts Outstanding/Money Stock,100 million yen,MONTHLY,Money Stock,20260909,202202,15318344
MAM1NAM3M3MO,M3/Average Amounts Outstanding/Money Stock,100 million yen,MONTHLY,Money Stock,20260909,202203,15359322
MAM1NAM3M3MO,M3/Average Amounts Outstanding/Money Stock,100 million yen,MONTHLY,Money Stock,20260909,202204,15551700
MAM1NAM3M3MO,M3/Average Amounts Outstanding/Money Stock,100 million yen,MONTHLY,Money Stock,20260909,202205,15578980
MAM1NAM3M3MO,M3/Average Amounts Outstanding/Money Stock,100 million yen,MONTHLY,Money Stock,20260909,202206,15623264
MAM1NAM3M3MO,M3/Average Amounts Outstanding/Money Stock,100 million yen,MONTHLY,Money Stock,20260909,202207,15648341
MAM1NAM3M3MO,M3/Average Amounts Outstanding/Money Stock,100 million yen,MONTHLY,Money Stock,20260909,202208,15649767
MAM1NAM3M3MO,M3/Average Amounts Outstanding/Money Stock,100 million yen,MONTHLY,Money Stock,20260909,202209,15632476
MAM1NAM3M3MO,M3/Average Amounts Outstanding/Money Stock,100 million yen,MONTHLY,Money Stock,20260909,202210,15619677
MAM1NAM3M3MO,M3/Average Amounts Outstanding/Money Stock,100 million yen,MONTHLY,Money Stock,20260909,202211,15677345
MAM1NAM3M3MO,M3/Average Amounts Outstanding/Money Stock,100 million yen,MONTHLY,Money Stock,20260909,202212,15693481
MAM1NAM3M3MO,M3/Average Amounts Outstanding/Money Stock,100 million yen,MONTHLY,Money Stock,20260909,202301,15696317
MAM1NAM3M3MO,M3/Average Amounts Outstanding/Money Stock,100 million yen,MONTHLY,Money Stock,20260909,202302,15648243
MAM1NAM3M3MO,M3/Average Amounts Outstanding/Money Stock,100 million yen,MONTHLY,Money Stock,20260909,202303,15681922
MAM1NAM3M3MO,M3/Average Amounts Outstanding/Money Stock,100 million yen,MONTHLY,Money Stock,20260909,202304,15873481
MAM1NAM3M3MO,M3/Average Amounts Outstanding/Money Stock,100 million yen,MONTHLY,Money Stock,20260909,202305,15904516
MAM1NAM3M3MO,M3/Average Amounts Outstanding/Money Stock,100 million yen,MONTHLY,Money Stock,20260909,202306,15942425
MAM1NAM3M3MO,M3/Average Amounts Outstanding/Money Stock,100 million yen,MONTHLY,Money Stock,20260909,202307,15949800
MAM1NAM3M3MO,M3/Average Amounts Outstanding/Money Stock,100 million yen,MONTHLY,Money Stock,20260909,202308,15943646
MAM1NAM3M3MO,M3/Average Amounts Outstanding/Money Stock,100 million yen,MONTHLY,Money Stock,20260909,202309,15918249
MAM1NAM3M3MO,M3/Average Amounts Outstanding/Money Stock,100 million yen,MONTHLY,Money Stock,20260909,202310,15905213
MAM1NAM3M3MO,M3/Average Amounts Outstanding/Money Stock,100 million yen,MONTHLY,Money Stock,20260909,202311,15943279
MAM1NAM3M3MO,M3/Average Amounts Outstanding/Money Stock,100 million yen,MONTHLY,Money Stock,20260909,202312,15962439
MAM1NAM3M3MO,M3/Average Amounts Outstanding/Money Stock,100 million yen,MONTHLY,Money Stock,20260909,202401,15981678
MAM1NAM3M3MO,M3/Average Amounts Outstanding/Money Stock,100 million yen,MONTHLY,Money Stock,20260909,202402,15928651
MAM1NAM3M3MO,M3/Average Amounts Outstanding/Money Stock,100 million yen,MONTHLY,Money Stock,20260909,202403,15972247
MAM1NAM3M3MO,M3/Average Amounts Outstanding/Money Stock,100 million yen,MONTHLY,Money Stock,20260909,202404,16125694
MAM1NAM3M3MO,M3/Average Amounts Outstanding/Money Stock,100 million yen,MONTHLY,Money Stock,20260909,202405,16105945
MAM1NAM3M3MO,M3/Average Amounts Outstanding/Money Stock,100 million yen,MONTHLY,Money Stock,20260909,202406,16094805
MAM1NAM3M3MO,M3/Average Amounts Outstanding/Money Stock,100 million yen,MONTHLY,Money Stock,20260909,202407,16101589
MAM1NAM3M3MO,M3/Average Amounts Outstanding/Money Stock,100 million yen,MONTHLY,Money Stock,20260909,202408,16074101
MAM1NAM3M3MO,M3/Average Amounts Outstanding/Money Stock,100 million yen,MONTHLY,Money Stock,20260909,202409,16034743
MAM1NAM3M3MO,M3/Average Amounts Outstanding/Money Stock,100 million yen,MONTHLY,Money Stock,20260909,202410,16013877
MAM1NAM3M3MO,M3/Average Amounts Outstanding/Money Stock,100 million yen,MONTHLY,Money Stock,20260909,202411,16058938
MAM1NAM3M3MO,M3/Average Amounts Outstanding/Money Stock,100 million yen,MONTHLY,Money Stock,20260909,202412,16097395
MAM1NAM3M3MO,M3/Average Amounts Outstanding/Money Stock,100 million yen,MONTHLY,Money Stock,20260909,202501,16107690
MAM1NAM3M3MO,M3/Average Amounts Outstanding/Money Stock,100 million yen,MONTHLY,Money Stock,20260909,202502,16033367
MAM1NAM3M3MO,M3/Average Amounts Outstanding/Money Stock,100 million yen,MONTHLY,Money Stock,20260909,202503,16028913
MAM1NAM3M3MO,M3/Average Amounts Outstanding/Money Stock,100 million yen,MONTHLY,Money Stock,20260909,202504,16140731
MAM1NAM3M3MO,M3/Average Amounts Outstanding/Money Stock,100 million yen,MONTHLY,Money Stock,20260909,202505,16141569
MAM1NAM3M3MO,M3/Average Amounts Outstanding/Money Stock,100 million yen,MONTHLY,Money Stock,20260909,202506,16155335
MAM1NAM3M3MO,M3/Average Amounts Outstanding/Money Stock,100 million yen,MONTHLY,Money Stock,20260909,202507,16190628
MAM1NAM3M3MO,M3/Average Amounts Outstanding/Money Stock,100 million yen,MONTHLY,Money Stock,20260909,202508,16202040
MAM1NAM3M3MO,M3/Average Amounts Outstanding/Money Stock,100 million yen,MONTHLY,Money Stock,20260909,202509,16194216
MAM1NAM3M3MO,M3/Average Amounts Outstanding/Money Stock,100 million yen,MONTHLY,Money Stock,20260909,202510,16184751
MAM1NAM3M3MO,M3/Average Amounts Outstanding/Money Stock,100 million yen,MONTHLY,Money Stock,20260909,202511,16243884
MAM1NAM3M3MO,M3/Average Amounts Outstanding/Money Stock,100 million yen,MONTHLY,Money Stock,20260909,202512,16274152
MAM1NAM3M3MO,M3/Average Amounts Outstanding/Money Stock,100 million yen,MONTHLY,Money Stock,20260909,202601,16272722
MAM1NAM3M3MO,M3/Average Amounts Outstanding/Money Stock,100 million yen,MONTHLY,Money Stock,20260909,202602,16220777
MAM1NAM3M3MO,M3/Average Amounts Outstanding/Money Stock,100 million yen,MONTHLY,Money Stock,20260909,202603,16251698
MAM1NAM3M3MO,M3/Average Amounts Outstanding/Money Stock,100 million yen,MONTHLY,Money Stock,20260909,202604,16406724
MAM1NAM3M3MO,M3/Average Amounts Outstanding/Money Stock,100 million yen,MONTHLY,Money Stock,20260909,202605,16419179
MAM1NAM3M3MO,M3/Average Amounts Outstanding/Money Stock,100 million yen,MONTHLY,Money Stock,20260909,202606,16397677
MAM1NAM3M3MO,M3/Average Amounts Outstanding/Money Stock,100 million yen,MONTHLY,Money Stock,20260909,202607,16408698
MAM1NAM3M3MO,M3/Average Amounts Outstanding/Money Stock,100 million yen,MONTHLY,Money Stock,20260909,202608,16399878
MAM1NEM3M3MO,M3/Amounts Outstanding at End of Period/Money Stock,100 million yen,MONTHLY,Money Stock,20260909,200304,10174857
MAM1NEM3M3MO,M3/Amounts Outstanding at End of Period/Money Stock,100 million yen,MONTHLY,Money Stock,20260909,200305,10179212
MAM1NEM3M3MO,M3/Amounts Outstanding at End of Period/Money Stock,100 million yen,MONTHLY,Money Stock,20260909,200306,10231830
MAM1NEM3M3MO,M3/Amounts Outstanding at End of Period/Money Stock,100 million yen,MONTHLY,Money Stock,20260909,200307,10193000
MAM1NEM3M3MO,M3/Amounts Outstanding at End of Period/Money Stock,100 million yen,MONTHLY,Money Stock,20260909,200308,10219949
MAM1NEM3M3MO,M3/Amounts Outstanding at End of Period/Money Stock,100 million yen,MONTHLY,Money Stock,20260909,200309,10162072
MAM1NEM3M3MO,M3/Amounts Outstanding at End of Period/Money Stock,100 million yen,MONTHLY,Money Stock,20260909,200310,10129354
MAM1NEM3M3MO,M3/Amounts Outstanding at End of Period/Money Stock,100 million yen,MONTHLY,Money Stock,20260909,200311,10193379
MAM1NEM3M3MO,M3/Amounts Outstanding at End of Period/Money Stock,100 million yen,MONTHLY,Money Stock,20260909,200312,10292069
MAM1NEM3M3MO,M3/Amounts Outstanding at End of Period/Money Stock,100 million yen,MONTHLY,Money Stock,20260909,200401,10207387
MAM1NEM3M3MO,M3/Amounts Outstanding at End of Period/Money Stock,100 million yen,MONTHLY,Money Stock,20260909,200402,10233975
MAM1NEM3M3MO,M3/Amounts Outstanding at End of Period/Money Stock,100 million yen,MONTHLY,Money Stock,20260909,200403,10257019
MAM1NEM3M3MO,M3/Amounts Outstanding at End of Period/Money Stock,100 million yen,MONTHLY,Money Stock,20260909,200404,10301312
MAM1NEM3M3MO,M3/Amounts Outstanding at End of Period/Money Stock,100 million yen,MONTHLY,Money Stock,20260909,200405,10240410
MAM1NEM3M3MO,M3/Amounts Outstanding at End of Period/Money Stock,100 million yen,MONTHLY,Money Stock,20260909,200406,10341723
MAM1NEM3M3MO,M3/Amounts Outstanding at End of Period/Money Stock,100 million yen,MONTHLY,Money Stock,20260909,200407,10338257
MAM1NEM3M3MO,M3/Amounts Outstanding at End of Period/Money Stock,100 million yen,MONTHLY,Money Stock,20260909,200408,10284527
MAM1NEM3M3MO,M3/Amounts Outstanding at End of Period/Money Stock,100 million yen,MONTHLY,Money Stock,20260909,200409,10252964
MAM1NEM3M3MO,M3/Amounts Outstanding at End of Period/Money Stock,100 million yen,MONTHLY,Money Stock,20260909,200410,10282298
MAM1NEM3M3MO,M3/Amounts Outstanding at End of Period/Money Stock,100 million yen,MONTHLY,Money Stock,20260909,200411,10246073
MAM1NEM3M3MO,M3/Amounts Outstanding at End of Period/Money Stock,100 million yen,MONTHLY,Money Stock,20260909,200412,10377140
MAM1NEM3M3MO,M3/Amounts Outstanding at End of Period/Money Stock,100 million yen,MONTHLY,Money Stock,20260909,200501,10262206
MAM1NEM3M3MO,M3/Amounts Outstanding at End of Period/Money Stock,100 million yen,MONTHLY,Money Stock,20260909,200502,10280489
MAM1NEM3M3MO,M3/Amounts Outstanding at End of Period/Money Stock,100 million yen,MONTHLY,Money Stock,20260909,200503,10322574
MAM1NEM3M3MO,M3/Amounts Outstanding at End of Period/Money Stock,100 million yen,MONTHLY,Money Stock,20260909,200504,10387451
MAM1NEM3M3MO,M3/Amounts Outstanding at End of Period/Money Stock,100 million yen,MONTHLY,Money Stock,20260909,200505,10268713
MAM1NEM3M3MO,M3/Amounts Outstanding at End of Period/Money Stock,100 million yen,MONTHLY,Money Stock,20260909,200506,10371799
MAM1NEM3M3MO,M3/Amounts Outstanding at End of Period/Money Stock,100 million yen,MONTHLY,Money Stock,20260909,200507,10373949
MAM1NEM3M3MO,M3/Amounts Outstanding at End of Period/Money Stock,100 million yen,MONTHLY,Money Stock,20260909,200508,10316541
MAM1NEM3M3MO,M3/Amounts Outstanding at End of Period/Money Stock,100 million yen,MONTHLY,Money Stock,20260909,200509,10306557
MAM1NEM3M3MO,M3/Amounts Outstanding at End of Period/Money Stock,100 million yen,MONTHLY,Money Stock,20260909,200510,10271157
MAM1NEM3M3MO,M3/Amounts Outstanding at End of Period/Money Stock,100 million yen,MONTHLY,Money Stock,20260909,200511,10274709
MAM1NEM3M3MO,M3/Amounts Outstanding at End of Period/Money Stock,100 million yen,MONTHLY,Money Stock,20260909,200512,10416104
MAM1NEM3M3MO,M3/Amounts Outstanding at End of Period/Money Stock,100 million yen,MONTHLY,Money Stock,20260909,200601,10285891
MAM1NEM3M3MO,M3/Amounts Outstanding at End of Period/Money Stock,100 million yen,MONTHLY,Money Stock,20260909,200602,10285542
MAM1NEM3M3MO,M3/Amounts Outstanding at End of Period/Money Stock,100 million yen,MONTHLY,Money Stock,20260909,200603,10316608
MAM1NEM3M3MO,M3/Amounts Outstanding at End of Period/Money Stock,100 million yen,MONTHLY,Money Stock,20260909,200604,10394293
MAM1NEM3M3MO,M3/Amounts Outstanding at End of Period/Money Stock,100 million yen,MONTHLY,Money Stock,20260909,200605,10249152
MAM1NEM3M3MO,M3/Amounts Outstanding at End of Period/Money Stock,100 million yen,MONTHLY,Money Stock,20260909,200606,10327468
MAM1NEM3M3MO,M3/Amounts Outstanding at End of Period/Money Stock,100 million yen,MONTHLY,Money Stock,20260909,200607,10276866
MAM1NEM3M3MO,M3/Amounts Outstanding at End of Period/Money Stock,100 million yen,MONTHLY,Money Stock,20260909,200608,10255875
MAM1NEM3M3MO,M3/Amounts Outstanding at End of Period/Money Stock,100 million yen,MONTHLY,Money Stock,20260909,200609,10273156
MAM1NEM3M3MO,M3/Amounts Outstanding at End of Period/Money Stock,100 million yen,MONTHLY,Money Stock,20260909,200610,10227154
MAM1NEM3M3MO,M3/Amounts Outstanding at End of Period/Money Stock,100 million yen,MONTHLY,Money Stock,20260909,200611,10223348
MAM1NEM3M3MO,M3/Amounts Outstanding at End of Period/Money Stock,100 million yen,MONTHLY,Money Stock,20260909,200612,10371981
MAM1NEM3M3MO,M3/Amounts Outstanding at End of Period/Money Stock,100 million yen,MONTHLY,Money Stock,20260909,200701,10257275
MAM1NEM3M3MO,M3/Amounts Outstanding at End of Period/Money Stock,100 million yen,MONTHLY,Money Stock,20260909,200702,10270180
MAM1NEM3M3MO,M3/Amounts Outstanding at End of Period/Money Stock,100 million yen,MONTHLY,Money Stock,20260909,200703,10327102
MAM1NEM3M3MO,M3/Amounts Outstanding at End of Period/Money Stock,100 million yen,MONTHLY,Money Stock,20260909,200704,10396215
MAM1NEM3M3MO,M3/Amounts Outstanding at End of Period/Money Stock,100 million yen,MONTHLY,Money Stock,20260909,200705,10275018
MAM1NEM3M3MO,M3/Amounts Outstanding at End of Period/Money Stock,100 million yen,MONTHLY,Money Stock,20260909,200706,10409728
MAM1NEM3M3MO,M3/Amounts Outstanding at End of Period/Money Stock,100 million yen,MONTHLY,Money Stock,20260909,200707,10317467
MAM1NEM3M3MO,M3/Amounts Outstanding at End of Period/Money Stock,100 million yen,MONTHLY,Money Stock,20260909,200708,10287068
MAM1NEM3M3MO,M3/Amounts Outstanding at End of Period/Money Stock,100 million yen,MONTHLY,Money Stock,20260909,200709,10315559
MAM1NEM3M3MO,M3/Amounts Outstanding at End of Period/Money Stock,100 million yen,MONTHLY,Money Stock,20260909,200710,10302627
MAM1NEM3M3MO,M3/Amounts Outstanding at End of Period/Money Stock,100 million yen,MONTHLY,Money Stock,20260909,200711,10293813
MAM1NEM3M3MO,M3/Amounts Outstanding at End of Period/Money Stock,100 million yen,MONTHLY,Money Stock,20260909,200712,10451892
MAM1NEM3M3MO,M3/Amounts Outstanding at End of Period/Money Stock,100 million yen,MONTHLY,Money Stock,20260909,200801,10343488
MAM1NEM3M3MO,M3/Amounts Outstanding at End of Period/Money Stock,100 million yen,MONTHLY,Money Stock,20260909,200802,10361183
MAM1NEM3M3MO,M3/Amounts Outstanding at End of Period/Money Stock,100 million yen,MONTHLY,Money Stock,20260909,200803,10361892
MAM1NEM3M3MO,M3/Amounts Outstanding at End of Period/Money Stock,100 million yen,MONTHLY,Money Stock,20260909,200804,10422722
MAM1NEM3M3MO,M3/Amounts Outstanding at End of Period/Money Stock,100 million yen,MONTHLY,Money Stock,20260909,200805,10405825
MAM1NEM3M3MO,M3/Amounts Outstanding at End of Period/Money Stock,100 million yen,MONTHLY,Money Stock,20260909,200806,10474679
MAM1NEM3M3MO,M3/Amounts Outstanding at End of Period/Money Stock,100 million yen,MONTHLY,Money Stock,20260909,200807,10408462
MAM1NEM3M3MO,M3/Amounts Outstanding at End of Period/Money Stock,100 million yen,MONTHLY,Money Stock,20260909,200808,10433261
MAM1NEM3M3MO,M3/Amounts Outstanding at End of Period/Money Stock,100 million yen,MONTHLY,Money Stock,20260909,200809,10356690
MAM1NEM3M3MO,M3/Amounts Outstanding at End of Period/Money Stock,100 million yen,MONTHLY,Money Stock,20260909,200810,10359759
MAM1NEM3M3MO,M3/Amounts Outstanding at End of Period/Money Stock,100 million yen,MONTHLY,Money Stock,20260909,200811,10411940
MAM1NEM3M3MO,M3/Amounts Outstanding at End of Period/Money Stock,100 million yen,MONTHLY,Money Stock,20260909,200812,10531530
MAM1NEM3M3MO,M3/Amounts Outstanding at End of Period/Money Stock,100 million yen,MONTHLY,Money Stock,20260909,200901,10472422
MAM1NEM3M3MO,M3/Amounts Outstanding at End of Period/Money Stock,100 million yen,MONTHLY,Money Stock,20260909,200902,10523567
MAM1NEM3M3MO,M3/Amounts Outstanding at End of Period/Money Stock,100 million yen,MONTHLY,Money Stock,20260909,200903,10526426
MAM1NEM3M3MO,M3/Amounts Outstanding at End of Period/Money Stock,100 million yen,MONTHLY,Money Stock,20260909,200904,10588904
MAM1NEM3M3MO,M3/Amounts Outstanding at End of Period/Money Stock,100 million yen,MONTHLY,Money Stock,20260909,200905,10574191
MAM1NEM3M3MO,M3/Amounts Outstanding at End of Period/Money Stock,100 million yen,MONTHLY,Money Stock,20260909,200906,10657584
MAM1NEM3M3MO,M3/Amounts Outstanding at End of Period/Money Stock,100 million yen,MONTHLY,Money Stock,20260909,200907,10602169
MAM1NEM3M3MO,M3/Amounts Outstanding at End of Period/Money Stock,100 million yen,MONTHLY,Money Stock,20260909,200908,10608085
MAM1NEM3M3MO,M3/Amounts Outstanding at End of Period/Money Stock,100 million yen,MONTHLY,Money Stock,20260909,200909,10585047
MAM1NEM3M3MO,M3/Amounts Outstanding at End of Period/Money Stock,100 million yen,MONTHLY,Money Stock,20260909,200910,10626342
MAM1NEM3M3MO,M3/Amounts Outstanding at End of Period/Money Stock,100 million yen,MONTHLY,Money Stock,20260909,200911,10610722
MAM1NEM3M3MO,M3/Amounts Outstanding at End of Period/Money Stock,100 million yen,MONTHLY,Money Stock,20260909,200912,10742620
MAM1NEM3M3MO,M3/Amounts Outstanding at End of Period/Money Stock,100 million yen,MONTHLY,Money Stock,20260909,201001,10687083
MAM1NEM3M3MO,M3/Amounts Outstanding at End of Period/Money Stock,100 million yen,MONTHLY,Money Stock,20260909,201002,10730530
MAM1NEM3M3MO,M3/Amounts Outstanding at End of Period/Money Stock,100 million yen,MONTHLY,Money Stock,20260909,201003,10744813
MAM1NEM3M3MO,M3/Amounts Outstanding at End of Period/Money Stock,100 million yen,MONTHLY,Money Stock,20260909,201004,10830090
MAM1NEM3M3MO,M3/Amounts Outstanding at End of Period/Money Stock,100 million yen,MONTHLY,Money Stock,20260909,201005,10788158
MAM1NEM3M3MO,M3/Amounts Outstanding at End of Period/Money Stock,100 million yen,MONTHLY,Money Stock,20260909,201006,10880342
MAM1NEM3M3MO,M3/Amounts Outstanding at End of Period/Money Stock,100 million yen,MONTHLY,Money Stock,20260909,201007,10855861
MAM1NEM3M3MO,M3/Amounts Outstanding at End of Period/Money Stock,100 million yen,MONTHLY,Money Stock,20260909,201008,10829626
MAM1NEM3M3MO,M3/Amounts Outstanding at End of Period/Money Stock,100 million yen,MONTHLY,Money Stock,20260909,201009,10830920
MAM1NEM3M3MO,M3/Amounts Outstanding at End of Period/Money Stock,100 million yen,MONTHLY,Money Stock,20260909,201010,10857728
MAM1NEM3M3MO,M3/Amounts Outstanding at End of Period/Money Stock,100 million yen,MONTHLY,Money Stock,20260909,201011,10822293
MAM1NEM3M3MO,M3/Amounts Outstanding at End of Period/Money Stock,100 million yen,MONTHLY,Money Stock,20260909,201012,10950244
MAM1NEM3M3MO,M3/Amounts Outstanding at End of Period/Money Stock,100 million yen,MONTHLY,Money Stock,20260909,201101,10865352
MAM1NEM3M3MO,M3/Amounts Outstanding at End of Period/Money Stock,100 million yen,MONTHLY,Money Stock,20260909,201102,10898366
MAM1NEM3M3MO,M3/Amounts Outstanding at End of Period/Money Stock,100 million yen,MONTHLY,Money Stock,20260909,201103,10994763
MAM1NEM3M3MO,M3/Amounts Outstanding at End of Period/Money Stock,100 million yen,MONTHLY,Money Stock,20260909,201104,11099768
MAM1NEM3M3MO,M3/Amounts Outstanding at End of Period/Money Stock,100 million yen,MONTHLY,Money Stock,20260909,201105,11032975
MAM1NEM3M3MO,M3/Amounts Outstanding at End of Period/Money Stock,100 million yen,MONTHLY,Money Stock,20260909,201106,11142351
MAM1NEM3M3MO,M3/Amounts Outstanding at End of Period/Money Stock,100 million yen,MONTHLY,Money Stock,20260909,201107,11108083
MAM1NEM3M3MO,M3/Amounts Outstanding at End of Period/Money Stock,100 million yen,MONTHLY,Money Stock,20260909,201108,11070915
MAM1NEM3M3MO,M3/Amounts Outstanding at End of Period/Money Stock,100 million yen,MONTHLY,Money Stock,20260909,201109,11077731
MAM1NEM3M3MO,M3/Amounts Outstanding at End of Period/Money Stock,100 million yen,MONTHLY,Money Stock,20260909,201110,11092155
MAM1NEM3M3MO,M3/Amounts Outstanding at End of Period/Money Stock,100 million yen,MONTHLY,Money Stock,20260909,201111,11096354
MAM1NEM3M3MO,M3/Amounts Outstanding at End of Period/Money Stock,100 million yen,MONTHLY,Money Stock,20260909,201112,11235070
MAM1NEM3M3MO,M3/Amounts Outstanding at End of Period/Money Stock,100 million yen,MONTHLY,Money Stock,20260909,201201,11131311
MAM1NEM3M3MO,M3/Amounts Outstanding at End of Period/Money Stock,100 million yen,MONTHLY,Money Stock,20260909,201202,11166563
MAM1NEM3M3MO,M3/Amounts Outstanding at End of Period/Money Stock,100 million yen,MONTHLY,Money Stock,20260909,201203,11289917
MAM1NEM3M3MO,M3/Amounts Outstanding at End of Period/Money Stock,100 million yen,MONTHLY,Money Stock,20260909,201204,11335024
MAM1NEM3M3MO,M3/Amounts Outstanding at End of Period/Money Stock,100 million yen,MONTHLY,Money Stock,20260909,201205,11242031
MAM1NEM3M3MO,M3/Amounts Outstanding at End of Period/Money Stock,100 million yen,MONTHLY,Money Stock,20260909,201206,11374206
MAM1NEM3M3MO,M3/Amounts Outstanding at End of Period/Money Stock,100 million yen,MONTHLY,Money Stock,20260909,201207,11298125
MAM1NEM3M3MO,M3/Amounts Outstanding at End of Period/Money Stock,100 million yen,MONTHLY,Money Stock,20260909,201208,11300771
MAM1NEM3M3MO,M3/Amounts Outstanding at End of Period/Money Stock,100 million yen,MONTHLY,Money Stock,20260909,201209,11351679
MAM1NEM3M3MO,M3/Amounts Outstanding at End of Period/Money Stock,100 million yen,MONTHLY,Money Stock,20260909,201210,11304300
MAM1NEM3M3MO,M3/Amounts Outstanding at End of Period/Money Stock,100 million yen,MONTHLY,Money Stock,20260909,201211,11321715
MAM1NEM3M3MO,M3/Amounts Outstanding at End of Period/Money Stock,100 million yen,MONTHLY,Money Stock,20260909,201212,11485546
MAM1NEM3M3MO,M3/Amounts Outstanding at End of Period/Money Stock,100 million yen,MONTHLY,Money Stock,20260909,201301,11394652
MAM1NEM3M3MO,M3/Amounts Outstanding at End of Period/Money Stock,100 million yen,MONTHLY,Money Stock,20260909,201302,11434516
MAM1NEM3M3MO,M3/Amounts Outstanding at End of Period/Money Stock,100 million yen,MONTHLY,Money Stock,20260909,201303,11570772
MAM1NEM3M3MO,M3/Amounts Outstanding at End of Period/Money Stock,100 million yen,MONTHLY,Money Stock,20260909,201304,11599740
MAM1NEM3M3MO,M3/Amounts Outstanding at End of Period/Money Stock,100 million yen,MONTHLY,Money Stock,20260909,201305,11573084
MAM1NEM3M3MO,M3/Amounts Outstanding at End of Period/Money Stock,100 million yen,MONTHLY,Money Stock,20260909,201306,11711134
MAM1NEM3M3MO,M3/Amounts Outstanding at End of Period/Money Stock,100 million yen,MONTHLY,Money Stock,20260909,201307,11641341
MAM1NEM3M3MO,M3/Amounts Outstanding at End of Period/Money Stock,100 million yen,MONTHLY,Money Stock,20260909,201308,11674932
MAM1NEM3M3MO,M3/Amounts Outstanding at End of Period/Money Stock,100 million yen,MONTHLY,Money Stock,20260909,201309,11675294
MAM1NEM3M3MO,M3/Amounts Outstanding at End of Period/Money Stock,100 million yen,MONTHLY,Money Stock,20260909,201310,11678325
MAM1NEM3M3MO,M3/Amounts Outstanding at End of Period/Money Stock,100 million yen,MONTHLY,Money Stock,20260909,201311,11746085
MAM1NEM3M3MO,M3/Amounts Outstanding at End of Period/Money Stock,100 million yen,MONTHLY,Money Stock,20260909,201312,11874502
MAM1NEM3M3MO,M3/Amounts Outstanding at End of Period/Money Stock,100 million yen,MONTHLY,Money Stock,20260909,201401,11770595
MAM1NEM3M3MO,M3/Amounts Outstanding at End of Period/Money Stock,100 million yen,MONTHLY,Money Stock,20260909,201402,11790187
MAM1NEM3M3MO,M3/Amounts Outstanding at End of Period/Money Stock,100 million yen,MONTHLY,Money Stock,20260909,201403,11859277
MAM1NEM3M3MO,M3/Amounts Outstanding at End of Period/Money Stock,100 million yen,MONTHLY,Money Stock,20260909,201404,11913194
MAM1NEM3M3MO,M3/Amounts Outstanding at End of Period/Money Stock,100 million yen,MONTHLY,Money Stock,20260909,201405,11899074
MAM1NEM3M3MO,M3/Amounts Outstanding at End of Period/Money Stock,100 million yen,MONTHLY,Money Stock,20260909,201406,11976445
MAM1NEM3M3MO,M3/Amounts Outstanding at End of Period/Money Stock,100 million yen,MONTHLY,Money Stock,20260909,201407,11914221
MAM1NEM3M3MO,M3/Amounts Outstanding at End of Period/Money Stock,100 million yen,MONTHLY,Money Stock,20260909,201408,11964721
MAM1NEM3M3MO,M3/Amounts Outstanding at End of Period/Money Stock,100 million yen,MONTHLY,Money Stock,20260909,201409,11974456
MAM1NEM3M3MO,M3/Amounts Outstanding at End of Period/Money Stock,100 million yen,MONTHLY,Money Stock,20260909,201410,11982146
MAM1NEM3M3MO,M3/Amounts Outstanding at End of Period/Money Stock,100 million yen,MONTHLY,Money Stock,20260909,201411,12092560
MAM1NEM3M3MO,M3/Amounts Outstanding at End of Period/Money Stock,100 million yen,MONTHLY,Money Stock,20260909,201412,12201819
MAM1NEM3M3MO,M3/Amounts Outstanding at End of Period/Money Stock,100 million yen,MONTHLY,Money Stock,20260909,201501,12129188
MAM1NEM3M3MO,M3/Amounts Outstanding at End of Period/Money Stock,100 million yen,MONTHLY,Money Stock,20260909,201502,12167990
MAM1NEM3M3MO,M3/Amounts Outstanding at End of Period/Money Stock,100 million yen,MONTHLY,Money Stock,20260909,201503,12204522
MAM1NEM3M3MO,M3/Amounts Outstanding at End of Period/Money Stock,100 million yen,MONTHLY,Money Stock,20260909,201504,12270503
MAM1NEM3M3MO,M3/Amounts Outstanding at End of Period/Money Stock,100 million yen,MONTHLY,Money Stock,20260909,201505,12278548
MAM1NEM3M3MO,M3/Amounts Outstanding at End of Period/Money Stock,100 million yen,MONTHLY,Money Stock,20260909,201506,12347603
MAM1NEM3M3MO,M3/Amounts Outstanding at End of Period/Money Stock,100 million yen,MONTHLY,Money Stock,20260909,201507,12319249
MAM1NEM3M3MO,M3/Amounts Outstanding at End of Period/Money Stock,100 million yen,MONTHLY,Money Stock,20260909,201508,12312558
MAM1NEM3M3MO,M3/Amounts Outstanding at End of Period/Money Stock,100 million yen,MONTHLY,Money Stock,20260909,201509,12308646
MAM1NEM3M3MO,M3/Amounts Outstanding at End of Period/Money Stock,100 million yen,MONTHLY,Money Stock,20260909,201510,12361255
MAM1NEM3M3MO,M3/Amounts Outstanding at End of Period/Money Stock,100 million yen,MONTHLY,Money Stock,20260909,201511,12365284
MAM1NEM3M3MO,M3/Amounts Outstanding at End of Period/Money Stock,100 million yen,MONTHLY,Money Stock,20260909,201512,12510086
MAM1NEM3M3MO,M3/Amounts Outstanding at End of Period/Money Stock,100 million yen,MONTHLY,Money Stock,20260909,201601,12434650
MAM1NEM3M3MO,M3/Amounts Outstanding at End of Period/Money Stock,100 million yen,MONTHLY,Money Stock,20260909,201602,12431649
MAM1NEM3M3MO,M3/Amounts Outstanding at End of Period/Money Stock,100 million yen,MONTHLY,Money Stock,20260909,201603,12521931
MAM1NEM3M3MO,M3/Amounts Outstanding at End of Period/Money Stock,100 million yen,MONTHLY,Money Stock,20260909,201604,12628227
MAM1NEM3M3MO,M3/Amounts Outstanding at End of Period/Money Stock,100 million yen,MONTHLY,Money Stock,20260909,201605,12582421
MAM1NEM3M3MO,M3/Amounts Outstanding at End of Period/Money Stock,100 million yen,MONTHLY,Money Stock,20260909,201606,12679994
MAM1NEM3M3MO,M3/Amounts Outstanding at End of Period/Money Stock,100 million yen,MONTHLY,Money Stock,20260909,201607,12687623
MAM1NEM3M3MO,M3/Amounts Outstanding at End of Period/Money Stock,100 million yen,MONTHLY,Money Stock,20260909,201608,12655949
MAM1NEM3M3MO,M3/Amounts Outstanding at End of Period/Money Stock,100 million yen,MONTHLY,Money Stock,20260909,201609,12658468
MAM1NEM3M3MO,M3/Amounts Outstanding at End of Period/Money Stock,100 million yen,MONTHLY,Money Stock,20260909,201610,12706555
MAM1NEM3M3MO,M3/Amounts Outstanding at End of Period/Money Stock,100 million yen,MONTHLY,Money Stock,20260909,201611,12767598
MAM1NEM3M3MO,M3/Amounts Outstanding at End of Period/Money Stock,100 million yen,MONTHLY,Money Stock,20260909,201612,12907266
MAM1NEM3M3MO,M3/Amounts Outstanding at End of Period/Money Stock,100 million yen,MONTHLY,Money Stock,20260909,201701,12821810
MAM1NEM3M3MO,M3/Amounts Outstanding at End of Period/Money Stock,100 million yen,MONTHLY,Money Stock,20260909,201702,12862559
MAM1NEM3M3MO,M3/Amounts Outstanding at End of Period/Money Stock,100 million yen,MONTHLY,Money Stock,20260909,201703,12926098
MAM1NEM3M3MO,M3/Amounts Outstanding at End of Period/Money Stock,100 million yen,MONTHLY,Money Stock,20260909,201704,13034816
MAM1NEM3M3MO,M3/Amounts Outstanding at End of Period/Money Stock,100 million yen,MONTHLY,Money Stock,20260909,201705,12972196
MAM1NEM3M3MO,M3/Amounts Outstanding at End of Period/Money Stock,100 million yen,MONTHLY,Money Stock,20260909,201706,13100050
MAM1NEM3M3MO,M3/Amounts Outstanding at End of Period/Money Stock,100 million yen,MONTHLY,Money Stock,20260909,201707,13061984
MAM1NEM3M3MO,M3/Amounts Outstanding at End of Period/Money Stock,100 million yen,MONTHLY,Money Stock,20260909,201708,13076646
MAM1NEM3M3MO,M3/Amounts Outstanding at End of Period/Money Stock,100 million yen,MONTHLY,Money Stock,20260909,201709,13111925
MAM1NEM3M3MO,M3/Amounts Outstanding at End of Period/Money Stock,100 million yen,MONTHLY,Money Stock,20260909,201710,13142674
MAM1NEM3M3MO,M3/Amounts Outstanding at End of Period/Money Stock,100 million yen,MONTHLY,Money Stock,20260909,201711,13171584
MAM1NEM3M3MO,M3/Amounts Outstanding at End of Period/Money Stock,100 million yen,MONTHLY,Money Stock,20260909,201712,13285779
MAM1NEM3M3MO,M3/Amounts Outstanding at End of Period/Money Stock,100 million yen,MONTHLY,Money Stock,20260909,201801,13187252
MAM1NEM3M3MO,M3/Amounts Outstanding at End of Period/Money Stock,100 million yen,MONTHLY,Money Stock,20260909,201802,13198027
MAM1NEM3M3MO,M3/Amounts Outstanding at End of Period/Money Stock,100 million yen,MONTHLY,Money Stock,20260909,201803,13303802
MAM1NEM3M3MO,M3/Amounts Outstanding at End of Period/Money Stock,100 million yen,MONTHLY,Money Stock,20260909,201804,13413126
MAM1NEM3M3MO,M3/Amounts Outstanding at End of Period/Money Stock,100 million yen,MONTHLY,Money Stock,20260909,201805,13328748
MAM1NEM3M3MO,M3/Amounts Outstanding at End of Period/Money Stock,100 million yen,MONTHLY,Money Stock,20260909,201806,13453753
MAM1NEM3M3MO,M3/Amounts Outstanding at End of Period/Money Stock,100 million yen,MONTHLY,Money Stock,20260909,201807,13394947
MAM1NEM3M3MO,M3/Amounts Outstanding at End of Period/Money Stock,100 million yen,MONTHLY,Money Stock,20260909,201808,13396072
MAM1NEM3M3MO,M3/Amounts Outstanding at End of Period/Money Stock,100 million yen,MONTHLY,Money Stock,20260909,201809,13445561
MAM1NEM3M3MO,M3/Amounts Outstanding at End of Period/Money Stock,100 million yen,MONTHLY,Money Stock,20260909,201810,13434605
MAM1NEM3M3MO,M3/Amounts Outstanding at End of Period/Money Stock,100 million yen,MONTHLY,Money Stock,20260909,201811,13457707
MAM1NEM3M3MO,M3/Amounts Outstanding at End of Period/Money Stock,100 million yen,MONTHLY,Money Stock,20260909,201812,13573365
MAM1NEM3M3MO,M3/Amounts Outstanding at End of Period/Money Stock,100 million yen,MONTHLY,Money Stock,20260909,201901,13450791
MAM1NEM3M3MO,M3/Amounts Outstanding at End of Period/Money Stock,100 million yen,MONTHLY,Money Stock,20260909,201902,13471479
MAM1NEM3M3MO,M3/Amounts Outstanding at End of Period/Money Stock,100 million yen,MONTHLY,Money Stock,20260909,201903,13565529
MAM1NEM3M3MO,M3/Amounts Outstanding at End of Period/Money Stock,100 million yen,MONTHLY,Money Stock,20260909,201904,13705392
MAM1NEM3M3MO,M3/Amounts Outstanding at End of Period/Money Stock,100 million yen,MONTHLY,Money Stock,20260909,201905,13588989
MAM1NEM3M3MO,M3/Amounts Outstanding at End of Period/Money Stock,100 million yen,MONTHLY,Money Stock,20260909,201906,13703065
MAM1NEM3M3MO,M3/Amounts Outstanding at End of Period/Money Stock,100 million yen,MONTHLY,Money Stock,20260909,201907,13662499
MAM1NEM3M3MO,M3/Amounts Outstanding at End of Period/Money Stock,100 million yen,MONTHLY,Money Stock,20260909,201908,13696752
MAM1NEM3M3MO,M3/Amounts Outstanding at End of Period/Money Stock,100 million yen,MONTHLY,Money Stock,20260909,201909,13658870
MAM1NEM3M3MO,M3/Amounts Outstanding at End of Period/Money Stock,100 million yen,MONTHLY,Money Stock,20260909,201910,13730065
MAM1NEM3M3MO,M3/Amounts Outstanding at End of Period/Money Stock,100 million yen,MONTHLY,Money Stock,20260909,201911,13777135
MAM1NEM3M3MO,M3/Amounts Outstanding at End of Period/Money Stock,100 million yen,MONTHLY,Money Stock,20260909,201912,13847608
MAM1NEM3M3MO,M3/Amounts Outstanding at End of Period/Money Stock,100 million yen,MONTHLY,Money Stock,20260909,202001,13783519
MAM1NEM3M3MO,M3/Amounts Outstanding at End of Period/Money Stock,100 million yen,MONTHLY,Money Stock,20260909,202002,13833423
MAM1NEM3M3MO,M3/Amounts Outstanding at End of Period/Money Stock,100 million yen,MONTHLY,Money Stock,20260909,202003,13895485
MAM1NEM3M3MO,M3/Amounts Outstanding at End of Period/Money Stock,100 million yen,MONTHLY,Money Stock,20260909,202004,14134754
MAM1NEM3M3MO,M3/Amounts Outstanding at End of Period/Money Stock,100 million yen,MONTHLY,Money Stock,20260909,202005,14388910
MAM1NEM3M3MO,M3/Amounts Outstanding at End of Period/Money Stock,100 million yen,MONTHLY,Money Stock,20260909,202006,14569472
MAM1NEM3M3MO,M3/Amounts Outstanding at End of Period/Money Stock,100 million yen,MONTHLY,Money Stock,20260909,202007,14594103
MAM1NEM3M3MO,M3/Amounts Outstanding at End of Period/Money Stock,100 million yen,MONTHLY,Money Stock,20260909,202008,14658293
MAM1NEM3M3MO,M3/Amounts Outstanding at End of Period/Money Stock,100 million yen,MONTHLY,Money Stock,20260909,202009,14660309
MAM1NEM3M3MO,M3/Amounts Outstanding at End of Period/Money Stock,100 million yen,MONTHLY,Money Stock,20260909,202010,14782051
MAM1NEM3M3MO,M3/Amounts Outstanding at End of Period/Money Stock,100 million yen,MONTHLY,Money Stock,20260909,202011,14776505
MAM1NEM3M3MO,M3/Amounts Outstanding at End of Period/Money Stock,100 million yen,MONTHLY,Money Stock,20260909,202012,14910627
MAM1NEM3M3MO,M3/Amounts Outstanding at End of Period/Money Stock,100 million yen,MONTHLY,Money Stock,20260909,202101,14897677
MAM1NEM3M3MO,M3/Amounts Outstanding at End of Period/Money Stock,100 million yen,MONTHLY,Money Stock,20260909,202102,14951367
MAM1NEM3M3MO,M3/Amounts Outstanding at End of Period/Money Stock,100 million yen,MONTHLY,Money Stock,20260909,202103,15028224
MAM1NEM3M3MO,M3/Amounts Outstanding at End of Period/Money Stock,100 million yen,MONTHLY,Money Stock,20260909,202104,15191450
MAM1NEM3M3MO,M3/Amounts Outstanding at End of Period/Money Stock,100 million yen,MONTHLY,Money Stock,20260909,202105,15155978
MAM1NEM3M3MO,M3/Amounts Outstanding at End of Period/Money Stock,100 million yen,MONTHLY,Money Stock,20260909,202106,15243228
MAM1NEM3M3MO,M3/Amounts Outstanding at End of Period/Money Stock,100 million yen,MONTHLY,Money Stock,20260909,202107,15261676
MAM1NEM3M3MO,M3/Amounts Outstanding at End of Period/Money Stock,100 million yen,MONTHLY,Money Stock,20260909,202108,15245159
MAM1NEM3M3MO,M3/Amounts Outstanding at End of Period/Money Stock,100 million yen,MONTHLY,Money Stock,20260909,202109,15216319
MAM1NEM3M3MO,M3/Amounts Outstanding at End of Period/Money Stock,100 million yen,MONTHLY,Money Stock,20260909,202110,15316224
MAM1NEM3M3MO,M3/Amounts Outstanding at End of Period/Money Stock,100 million yen,MONTHLY,Money Stock,20260909,202111,15302341
MAM1NEM3M3MO,M3/Amounts Outstanding at End of Period/Money Stock,100 million yen,MONTHLY,Money Stock,20260909,202112,15402858
MAM1NEM3M3MO,M3/Amounts Outstanding at End of Period/Money Stock,100 million yen,MONTHLY,Money Stock,20260909,202201,15367702
MAM1NEM3M3MO,M3/Amounts Outstanding at End of Period/Money Stock,100 million yen,MONTHLY,Money Stock,20260909,202202,15385669
MAM1NEM3M3MO,M3/Amounts Outstanding at End of Period/Money Stock,100 million yen,MONTHLY,Money Stock,20260909,202203,15499342
MAM1NEM3M3MO,M3/Amounts Outstanding at End of Period/Money Stock,100 million yen,MONTHLY,Money Stock,20260909,202204,15676530
MAM1NEM3M3MO,M3/Amounts Outstanding at End of Period/Money Stock,100 million yen,MONTHLY,Money Stock,20260909,202205,15609839
MAM1NEM3M3MO,M3/Amounts Outstanding at End of Period/Money Stock,100 million yen,MONTHLY,Money Stock,20260909,202206,15693986
MAM1NEM3M3MO,M3/Amounts Outstanding at End of Period/Money Stock,100 million yen,MONTHLY,Money Stock,20260909,202207,15725475
MAM1NEM3M3MO,M3/Amounts Outstanding at End of Period/Money Stock,100 million yen,MONTHLY,Money Stock,20260909,202208,15690400
MAM1NEM3M3MO,M3/Amounts Outstanding at End of Period/Money Stock,100 million yen,MONTHLY,Money Stock,20260909,202209,15625557
MAM1NEM3M3MO,M3/Amounts Outstanding at End of Period/Money Stock,100 million yen,MONTHLY,Money Stock,20260909,202210,15711250
MAM1NEM3M3MO,M3/Amounts Outstanding at End of Period/Money Stock,100 million yen,MONTHLY,Money Stock,20260909,202211,15724246
MAM1NEM3M3MO,M3/Amounts Outstanding at End of Period/Money Stock,100 million yen,MONTHLY,Money Stock,20260909,202212,15754937
MAM1NEM3M3MO,M3/Amounts Outstanding at End of Period/Money Stock,100 million yen,MONTHLY,Money Stock,20260909,202301,15705626
MAM1NEM3M3MO,M3/Amounts Outstanding at End of Period/Money Stock,100 million yen,MONTHLY,Money Stock,20260909,202302,15717676
MAM1NEM3M3MO,M3/Amounts Outstanding at End of Period/Money Stock,100 million yen,MONTHLY,Money Stock,20260909,202303,15809867
MAM1NEM3M3MO,M3/Amounts Outstanding at End of Period/Money Stock,100 million yen,MONTHLY,Money Stock,20260909,202304,16015521
MAM1NEM3M3MO,M3/Amounts Outstanding at End of Period/Money Stock,100 million yen,MONTHLY,Money Stock,20260909,202305,15942001
MAM1NEM3M3MO,M3/Amounts Outstanding at End of Period/Money Stock,100 million yen,MONTHLY,Money Stock,20260909,202306,16011596
MAM1NEM3M3MO,M3/Amounts Outstanding at End of Period/Money Stock,100 million yen,MONTHLY,Money Stock,20260909,202307,15999956
MAM1NEM3M3MO,M3/Amounts Outstanding at End of Period/Money Stock,100 million yen,MONTHLY,Money Stock,20260909,202308,15985192
MAM1NEM3M3MO,M3/Amounts Outstanding at End of Period/Money Stock,100 million yen,MONTHLY,Money Stock,20260909,202309,15945303
MAM1NEM3M3MO,M3/Amounts Outstanding at End of Period/Money Stock,100 million yen,MONTHLY,Money Stock,20260909,202310,15979239
MAM1NEM3M3MO,M3/Amounts Outstanding at End of Period/Money Stock,100 million yen,MONTHLY,Money Stock,20260909,202311,15980579
MAM1NEM3M3MO,M3/Amounts Outstanding at End of Period/Money Stock,100 million yen,MONTHLY,Money Stock,20260909,202312,16037953
MAM1NEM3M3MO,M3/Amounts Outstanding at End of Period/Money Stock,100 million yen,MONTHLY,Money Stock,20260909,202401,15989704
MAM1NEM3M3MO,M3/Amounts Outstanding at End of Period/Money Stock,100 million yen,MONTHLY,Money Stock,20260909,202402,16002833
MAM1NEM3M3MO,M3/Amounts Outstanding at End of Period/Money Stock,100 million yen,MONTHLY,Money Stock,20260909,202403,16126910
MAM1NEM3M3MO,M3/Amounts Outstanding at End of Period/Money Stock,100 million yen,MONTHLY,Money Stock,20260909,202404,16218601
MAM1NEM3M3MO,M3/Amounts Outstanding at End of Period/Money Stock,100 million yen,MONTHLY,Money Stock,20260909,202405,16108055
MAM1NEM3M3MO,M3/Amounts Outstanding at End of Period/Money Stock,100 million yen,MONTHLY,Money Stock,20260909,202406,16206611
MAM1NEM3M3MO,M3/Amounts Outstanding at End of Period/Money Stock,100 million yen,MONTHLY,Money Stock,20260909,202407,16147993
MAM1NEM3M3MO,M3/Amounts Outstanding at End of Period/Money Stock,100 million yen,MONTHLY,Money Stock,20260909,202408,16143653
MAM1NEM3M3MO,M3/Amounts Outstanding at End of Period/Money Stock,100 million yen,MONTHLY,Money Stock,20260909,202409,16057260
MAM1NEM3M3MO,M3/Amounts Outstanding at End of Period/Money Stock,100 million yen,MONTHLY,Money Stock,20260909,202410,16107238
MAM1NEM3M3MO,M3/Amounts Outstanding at End of Period/Money Stock,100 million yen,MONTHLY,Money Stock,20260909,202411,16154922
MAM1NEM3M3MO,M3/Amounts Outstanding at End of Period/Money Stock,100 million yen,MONTHLY,Money Stock,20260909,202412,16198531
MAM1NEM3M3MO,M3/Amounts Outstanding at End of Period/Money Stock,100 million yen,MONTHLY,Money Stock,20260909,202501,16123904
MAM1NEM3M3MO,M3/Amounts Outstanding at End of Period/Money Stock,100 million yen,MONTHLY,Money Stock,20260909,202502,16120356
MAM1NEM3M3MO,M3/Amounts Outstanding at End of Period/Money Stock,100 million yen,MONTHLY,Money Stock,20260909,202503,16159411
MAM1NEM3M3MO,M3/Amounts Outstanding at End of Period/Money Stock,100 million yen,MONTHLY,Money Stock,20260909,202504,16223944
MAM1NEM3M3MO,M3/Amounts Outstanding at End of Period/Money Stock,100 million yen,MONTHLY,Money Stock,20260909,202505,16232536
MAM1NEM3M3MO,M3/Amounts Outstanding at End of Period/Money Stock,100 million yen,MONTHLY,Money Stock,20260909,202506,16249801
MAM1NEM3M3MO,M3/Amounts Outstanding at End of Period/Money Stock,100 million yen,MONTHLY,Money Stock,20260909,202507,16243360
MAM1NEM3M3MO,M3/Amounts Outstanding at End of Period/Money Stock,100 million yen,MONTHLY,Money Stock,20260909,202508,16300758
MAM1NEM3M3MO,M3/Amounts Outstanding at End of Period/Money Stock,100 million yen,MONTHLY,Money Stock,20260909,202509,16227283
MAM1NEM3M3MO,M3/Amounts Outstanding at End of Period/Money Stock,100 million yen,MONTHLY,Money Stock,20260909,202510,16277730
MAM1NEM3M3MO,M3/Amounts Outstanding at End of Period/Money Stock,100 million yen,MONTHLY,Money Stock,20260909,202511,16357403
MAM1NEM3M3MO,M3/Amounts Outstanding at End of Period/Money Stock,100 million yen,MONTHLY,Money Stock,20260909,202512,16350420
MAM1NEM3M3MO,M3/Amounts Outstanding at End of Period/Money Stock,100 million yen,MONTHLY,Money Stock,20260909,202601,16312723
MAM1NEM3M3MO,M3/Amounts Outstanding at End of Period/Money Stock,100 million yen,MONTHLY,Money Stock,20260909,202602,16364719
MAM1NEM3M3MO,M3/Amounts Outstanding at End of Period/Money Stock,100 million yen,MONTHLY,Money Stock,20260909,202603,16409804
MAM1NEM3M3MO,M3/Amounts Outstanding at End of Period/Money Stock,100 million yen,MONTHLY,Money Stock,20260909,202604,16529599
MAM1NEM3M3MO,M3/Amounts Outstanding at End of Period/Money Stock,100 million yen,MONTHLY,Money Stock,20260909,202605,16519702
MAM1NEM3M3MO,M3/Amounts Outstanding at End of Period/Money Stock,100 million yen,MONTHLY,Money Stock,20260909,202606,16507458
MAM1NEM3M3MO,M3/Amounts Outstanding at End of Period/Money Stock,100 million yen,MONTHLY,Money Stock,20260909,202607,16475592
MAMS3ANM2C,(discontinued)M2+CDs/Average Amounts Outstanding/(Reference) Money Stock (from April 1998 to April 2008),100 million yen,MONTHLY,Money Stock,20171229,199804,5919793
MAMS3ANM2C,(discontinued)M2+CDs/Average Amounts Outstanding/(Reference) Money Stock (from April 1998 to April 2008),100 million yen,MONTHLY,Money Stock,20171229,199805,5926840
MAMS3ANM2C,(discontinued)M2+CDs/Average Amounts Outstanding/(Reference) Money Stock (from April 1998 to April 2008),100 million yen,MONTHLY,Money Stock,20171229,199806,5918176
MAMS3ANM2C,(discontinued)M2+CDs/Average Amounts Outstanding/(Reference) Money Stock (from April 1998 to April 2008),100 million yen,MONTHLY,Money Stock,20171229,199807,5967974
MAMS3ANM2C,(discontinued)M2+CDs/Average Amounts Outstanding/(Reference) Money Stock (from April 1998 to April 2008),100 million yen,MONTHLY,Money Stock,20171229,199808,5983933
MAMS3ANM2C,(discontinued)M2+CDs/Average Amounts Outstanding/(Reference) Money Stock (from April 1998 to April 2008),100 million yen,MONTHLY,Money Stock,20171229,199809,5955603
MAMS3ANM2C,(discontinued)M2+CDs/Average Amounts Outstanding/(Reference) Money Stock (from April 1998 to April 2008),100 million yen,MONTHLY,Money Stock,20171229,199810,5944296
MAMS3ANM2C,(discontinued)M2+CDs/Average Amounts Outstanding/(Reference) Money Stock (from April 1998 to April 2008),100 million yen,MONTHLY,Money Stock,20171229,199811,5993122
MAMS3ANM2C,(discontinued)M2+CDs/Average Amounts Outstanding/(Reference) Money Stock (from April 1998 to April 2008),100 million yen,MONTHLY,Money Stock,20171229,199812,6115999
MAMS3ANM2C,(discontinued)M2+CDs/Average Amounts Outstanding/(Reference) Money Stock (from April 1998 to April 2008),100 million yen,MONTHLY,Money Stock,20171229,199901,6110027
MAMS3ANM2C,(discontinued)M2+CDs/Average Amounts Outstanding/(Reference) Money Stock (from April 1998 to April 2008),100 million yen,MONTHLY,Money Stock,20171229,199902,6076709
MAMS3ANM2C,(discontinued)M2+CDs/Average Amounts Outstanding/(Reference) Money Stock (from April 1998 to April 2008),100 million yen,MONTHLY,Money Stock,20171229,199903,6120146
MAMS3ANM2C,(discontinued)M2+CDs/Average Amounts Outstanding/(Reference) Money Stock (from April 1998 to April 2008),100 million yen,MONTHLY,Money Stock,20171229,199904,6153010
MAMS3ANM2C,(discontinued)M2+CDs/Average Amounts Outstanding/(Reference) Money Stock (from April 1998 to April 2008),100 million yen,MONTHLY,Money Stock,20171229,199905,6169056
MAMS3ANM2C,(discontinued)M2+CDs/Average Amounts Outstanding/(Reference) Money Stock (from April 1998 to April 2008),100 million yen,MONTHLY,Money Stock,20171229,199906,6174528
MAMS3ANM2C,(discontinued)M2+CDs/Average Amounts Outstanding/(Reference) Money Stock (from April 1998 to April 2008),100 million yen,MONTHLY,Money Stock,20171229,199907,6204382
MAMS3ANM2C,(discontinued)M2+CDs/Average Amounts Outstanding/(Reference) Money Stock (from April 1998 to April 2008),100 million yen,MONTHLY,Money Stock,20171229,199908,6191871
MAMS3ANM2C,(discontinued)M2+CDs/Average Amounts Outstanding/(Reference) Money Stock (from April 1998 to April 2008),100 million yen,MONTHLY,Money Stock,20171229,199909,6151146
MAMS3ANM2C,(discontinued)M2+CDs/Average Amounts Outstanding/(Reference) Money Stock (from April 1998 to April 2008),100 million yen,MONTHLY,Money Stock,20171229,199910,6157009
MAMS3ANM2C,(discontinued)M2+CDs/Average Amounts Outstanding/(Reference) Money Stock (from April 1998 to April 2008),100 million yen,MONTHLY,Money Stock,20171229,199911,6166361
MAMS3ANM2C,(discontinued)M2+CDs/Average Amounts Outstanding/(Reference) Money Stock (from April 1998 to April 2008),100 million yen,MONTHLY,Money Stock,20171229,199912,6277589
MAMS3ANM2C,(discontinued)M2+CDs/Average Amounts Outstanding/(Reference) Money Stock (from April 1998 to April 2008),100 million yen,MONTHLY,Money Stock,20171229,200001,6268531
MAMS3ANM2C,(discontinued)M2+CDs/Average Amounts Outstanding/(Reference) Money Stock (from April 1998 to April 2008),100 million yen,MONTHLY,Money Stock,20171229,200002,6204003
MAMS3ANM2C,(discontinued)M2+CDs/Average Amounts Outstanding/(Reference) Money Stock (from April 1998 to April 2008),100 million yen,MONTHLY,Money Stock,20171229,200003,6238519
MAMS3ANM2C,(discontinued)M2+CDs/Average Amounts Outstanding/(Reference) Money Stock (from April 1998 to April 2008),100 million yen,MONTHLY,Money Stock,20171229,200004,6330959
MAMS3ANM2C,(discontinued)M2+CDs/Average Amounts Outstanding/(Reference) Money Stock (from April 1998 to April 2008),100 million yen,MONTHLY,Money Stock,20171229,200005,6304644
MAMS3ANM2C,(discontinued)M2+CDs/Average Amounts Outstanding/(Reference) Money Stock (from April 1998 to April 2008),100 million yen,MONTHLY,Money Stock,20171229,200006,6292745
MAMS3ANM2C,(discontinued)M2+CDs/Average Amounts Outstanding/(Reference) Money Stock (from April 1998 to April 2008),100 million yen,MONTHLY,Money Stock,20171229,200007,6326642
MAMS3ANM2C,(discontinued)M2+CDs/Average Amounts Outstanding/(Reference) Money Stock (from April 1998 to April 2008),100 million yen,MONTHLY,Money Stock,20171229,200008,6302207
MAMS3ANM2C,(discontinued)M2+CDs/Average Amounts Outstanding/(Reference) Money Stock (from April 1998 to April 2008),100 million yen,MONTHLY,Money Stock,20171229,200009,6271285
MAMS3ANM2C,(discontinued)M2+CDs/Average Amounts Outstanding/(Reference) Money Stock (from April 1998 to April 2008),100 million yen,MONTHLY,Money Stock,20171229,200010,6288945
MAMS3ANM2C,(discontinued)M2+CDs/Average Amounts Outstanding/(Reference) Money Stock (from April 1998 to April 2008),100 million yen,MONTHLY,Money Stock,20171229,200011,6283843
MAMS3ANM2C,(discontinued)M2+CDs/Average Amounts Outstanding/(Reference) Money Stock (from April 1998 to April 2008),100 million yen,MONTHLY,Money Stock,20171229,200012,6401757
MAMS3ANM2C,(discontinued)M2+CDs/Average Amounts Outstanding/(Reference) Money Stock (from April 1998 to April 2008),100 million yen,MONTHLY,Money Stock,20171229,200101,6404581
MAMS3ANM2C,(discontinued)M2+CDs/Average Amounts Outstanding/(Reference) Money Stock (from April 1998 to April 2008),100 million yen,MONTHLY,Money Stock,20171229,200102,6363379
MAMS3ANM2C,(discontinued)M2+CDs/Average Amounts Outstanding/(Reference) Money Stock (from April 1998 to April 2008),100 million yen,MONTHLY,Money Stock,20171229,200103,6392524
MAMS3ANM2C,(discontinued)M2+CDs/Average Amounts Outstanding/(Reference) Money Stock (from April 1998 to April 2008),100 million yen,MONTHLY,Money Stock,20171229,200104,6478207
MAMS3ANM2C,(discontinued)M2+CDs/Average Amounts Outstanding/(Reference) Money Stock (from April 1998 to April 2008),100 million yen,MONTHLY,Money Stock,20171229,200105,6471650
MAMS3ANM2C,(discontinued)M2+CDs/Average Amounts Outstanding/(Reference) Money Stock (from April 1998 to April 2008),100 million yen,MONTHLY,Money Stock,20171229,200106,6473153
MAMS3ANM2C,(discontinued)M2+CDs/Average Amounts Outstanding/(Reference) Money Stock (from April 1998 to April 2008),100 million yen,MONTHLY,Money Stock,20171229,200107,6513749
MAMS3ANM2C,(discontinued)M2+CDs/Average Amounts Outstanding/(Reference) Money Stock (from April 1998 to April 2008),100 million yen,MONTHLY,Money Stock,20171229,200108,6488095
MAMS3ANM2C,(discontinued)M2+CDs/Average Amounts Outstanding/(Reference) Money Stock (from April 1998 to April 2008),100 million yen,MONTHLY,Money Stock,20171229,200109,6471349
MAMS3ANM2C,(discontinued)M2+CDs/Average Amounts Outstanding/(Reference) Money Stock (from April 1998 to April 2008),100 million yen,MONTHLY,Money Stock,20171229,200110,6470999
MAMS3ANM2C,(discontinued)M2+CDs/Average Amounts Outstanding/(Reference) Money Stock (from April 1998 to April 2008),100 million yen,MONTHLY,Money Stock,20171229,200111,6475465
MAMS3ANM2C,(discontinued)M2+CDs/Average Amounts Outstanding/(Reference) Money Stock (from April 1998 to April 2008),100 million yen,MONTHLY,Money Stock,20171229,200112,6613156
MAMS3ANM2C,(discontinued)M2+CDs/Average Amounts Outstanding/(Reference) Money Stock (from April 1998 to April 2008),100 million yen,MONTHLY,Money Stock,20171229,200201,6627892
MAMS3ANM2C,(discontinued)M2+CDs/Average Amounts Outstanding/(Reference) Money Stock (from April 1998 to April 2008),100 million yen,MONTHLY,Money Stock,20171229,200202,6587156
MAMS3ANM2C,(discontinued)M2+CDs/Average Amounts Outstanding/(Reference) Money Stock (from April 1998 to April 2008),100 million yen,MONTHLY,Money Stock,20171229,200203,6628351
MAMS3ANM2C,(discontinued)M2+CDs/Average Amounts Outstanding/(Reference) Money Stock (from April 1998 to April 2008),100 million yen,MONTHLY,Money Stock,20171229,200204,6707326
MAMS3ANM2C,(discontinued)M2+CDs/Average Amounts Outstanding/(Reference) Money Stock (from April 1998 to April 2008),100 million yen,MONTHLY,Money Stock,20171229,200205,6696397
MAMS3ANM2C,(discontinued)M2+CDs/Average Amounts Outstanding/(Reference) Money Stock (from April 1998 to April 2008),100 million yen,MONTHLY,Money Stock,20171229,200206,6691878
MAMS3ANM2C,(discontinued)M2+CDs/Average Amounts Outstanding/(Reference) Money Stock (from April 1998 to April 2008),100 million yen,MONTHLY,Money Stock,20171229,200207,6727109
MAMS3ANM2C,(discontinued)M2+CDs/Average Amounts Outstanding/(Reference) Money Stock (from April 1998 to April 2008),100 million yen,MONTHLY,Money Stock,20171229,200208,6709217
MAMS3ANM2C,(discontinued)M2+CDs/Average Amounts Outstanding/(Reference) Money Stock (from April 1998 to April 2008),100 million yen,MONTHLY,Money Stock,20171229,200209,6680939
MAMS3ANM2C,(discontinued)M2+CDs/Average Amounts Outstanding/(Reference) Money Stock (from April 1998 to April 2008),100 million yen,MONTHLY,Money Stock,20171229,200210,6685645
MAMS3ANM2C,(discontinued)M2+CDs/Average Amounts Outstanding/(Reference) Money Stock (from April 1998 to April 2008),100 million yen,MONTHLY,Money Stock,20171229,200211,6685210
MAMS3ANM2C,(discontinued)M2+CDs/Average Amounts Outstanding/(Reference) Money Stock (from April 1998 to April 2008),100 million yen,MONTHLY,Money Stock,20171229,200212,6756540
MAMS3ANM2C,(discontinued)M2+CDs/Average Amounts Outstanding/(Reference) Money Stock (from April 1998 to April 2008),100 million yen,MONTHLY,Money Stock,20171229,200301,6756623
MAMS3ANM2C,(discontinued)M2+CDs/Average Amounts Outstanding/(Reference) Money Stock (from April 1998 to April 2008),100 million yen,MONTHLY,Money Stock,20171229,200302,6714952
MAMS3ANM2C,(discontinued)M2+CDs/Average Amounts Outstanding/(Reference) Money Stock (from April 1998 to April 2008),100 million yen,MONTHLY,Money Stock,20171229,200303,6740837
MAMS3ANM2C,(discontinued)M2+CDs/Average Amounts Outstanding/(Reference) Money Stock (from April 1998 to April 2008),100 million yen,MONTHLY,Money Stock,20171229,200304,6795761
MAMS3ANM2C,(discontinued)M2+CDs/Average Amounts Outstanding/(Reference) Money Stock (from April 1998 to April 2008),100 million yen,MONTHLY,Money Stock,20171229,200305,6802107
MAMS3ANM2C,(discontinued)M2+CDs/Average Amounts Outstanding/(Reference) Money Stock (from April 1998 to April 2008),100 million yen,MONTHLY,Money Stock,20171229,200306,6809617
MAMS3ANM2C,(discontinued)M2+CDs/Average Amounts Outstanding/(Reference) Money Stock (from April 1998 to April 2008),100 million yen,MONTHLY,Money Stock,20171229,200307,6845347
MAMS3ANM2C,(discontinued)M2+CDs/Average Amounts Outstanding/(Reference) Money Stock (from April 1998 to April 2008),100 million yen,MONTHLY,Money Stock,20171229,200308,6839739
MAMS3ANM2C,(discontinued)M2+CDs/Average Amounts Outstanding/(Reference) Money Stock (from April 1998 to April 2008),100 million yen,MONTHLY,Money Stock,20171229,200309,6800998
MAMS3ANM2C,(discontinued)M2+CDs/Average Amounts Outstanding/(Reference) Money Stock (from April 1998 to April 2008),100 million yen,MONTHLY,Money Stock,20171229,200310,6786648
MAMS3ANM2C,(discontinued)M2+CDs/Average Amounts Outstanding/(Reference) Money Stock (from April 1998 to April 2008),100 million yen,MONTHLY,Money Stock,20171229,200311,6788660
MAMS3ANM2C,(discontinued)M2+CDs/Average Amounts Outstanding/(Reference) Money Stock (from April 1998 to April 2008),100 million yen,MONTHLY,Money Stock,20171229,200312,6856807
MAMS3ANM2C,(discontinued)M2+CDs/Average Amounts Outstanding/(Reference) Money Stock (from April 1998 to April 2008),100 million yen,MONTHLY,Money Stock,20171229,200401,6862889
MAMS3ANM2C,(discontinued)M2+CDs/Average Amounts Outstanding/(Reference) Money Stock (from April 1998 to April 2008),100 million yen,MONTHLY,Money Stock,20171229,200402,6827466
MAMS3ANM2C,(discontinued)M2+CDs/Average Amounts Outstanding/(Reference) Money Stock (from April 1998 to April 2008),100 million yen,MONTHLY,Money Stock,20171229,200403,6857265
MAMS3ANM2C,(discontinued)M2+CDs/Average Amounts Outstanding/(Reference) Money Stock (from April 1998 to April 2008),100 million yen,MONTHLY,Money Stock,20171229,200404,6923308
MAMS3ANM2C,(discontinued)M2+CDs/Average Amounts Outstanding/(Reference) Money Stock (from April 1998 to April 2008),100 million yen,MONTHLY,Money Stock,20171229,200405,6935948
MAMS3ANM2C,(discontinued)M2+CDs/Average Amounts Outstanding/(Reference) Money Stock (from April 1998 to April 2008),100 million yen,MONTHLY,Money Stock,20171229,200406,6926729
MAMS3ANM2C,(discontinued)M2+CDs/Average Amounts Outstanding/(Reference) Money Stock (from April 1998 to April 2008),100 million yen,MONTHLY,Money Stock,20171229,200407,6969292
MAMS3ANM2C,(discontinued)M2+CDs/Average Amounts Outstanding/(Reference) Money Stock (from April 1998 to April 2008),100 million yen,MONTHLY,Money Stock,20171229,200408,6963747
MAMS3ANM2C,(discontinued)M2+CDs/Average Amounts Outstanding/(Reference) Money Stock (from April 1998 to April 2008),100 million yen,MONTHLY,Money Stock,20171229,200409,6937824
MAMS3ANM2C,(discontinued)M2+CDs/Average Amounts Outstanding/(Reference) Money Stock (from April 1998 to April 2008),100 million yen,MONTHLY,Money Stock,20171229,200410,6923164
MAMS3ANM2C,(discontinued)M2+CDs/Average Amounts Outstanding/(Reference) Money Stock (from April 1998 to April 2008),100 million yen,MONTHLY,Money Stock,20171229,200411,6926439
MAMS3ANM2C,(discontinued)M2+CDs/Average Amounts Outstanding/(Reference) Money Stock (from April 1998 to April 2008),100 million yen,MONTHLY,Money Stock,20171229,200412,6992728
MAMS3ANM2C,(discontinued)M2+CDs/Average Amounts Outstanding/(Reference) Money Stock (from April 1998 to April 2008),100 million yen,MONTHLY,Money Stock,20171229,200501,6998192
MAMS3ANM2C,(discontinued)M2+CDs/Average Amounts Outstanding/(Reference) Money Stock (from April 1998 to April 2008),100 million yen,MONTHLY,Money Stock,20171229,200502,6953380
MAMS3ANM2C,(discontinued)M2+CDs/Average Amounts Outstanding/(Reference) Money Stock (from April 1998 to April 2008),100 million yen,MONTHLY,Money Stock,20171229,200503,6998948
MAMS3ANM2C,(discontinued)M2+CDs/Average Amounts Outstanding/(Reference) Money Stock (from April 1998 to April 2008),100 million yen,MONTHLY,Money Stock,20171229,200504,7049924
MAMS3ANM2C,(discontinued)M2+CDs/Average Amounts Outstanding/(Reference) Money Stock (from April 1998 to April 2008),100 million yen,MONTHLY,Money Stock,20171229,200505,7037365
MAMS3ANM2C,(discontinued)M2+CDs/Average Amounts Outstanding/(Reference) Money Stock (from April 1998 to April 2008),100 million yen,MONTHLY,Money Stock,20171229,200506,7038706
MAMS3ANM2C,(discontinued)M2+CDs/Average Amounts Outstanding/(Reference) Money Stock (from April 1998 to April 2008),100 million yen,MONTHLY,Money Stock,20171229,200507,7085073
MAMS3ANM2C,(discontinued)M2+CDs/Average Amounts Outstanding/(Reference) Money Stock (from April 1998 to April 2008),100 million yen,MONTHLY,Money Stock,20171229,200508,7077933
MAMS3ANM2C,(discontinued)M2+CDs/Average Amounts Outstanding/(Reference) Money Stock (from April 1998 to April 2008),100 million yen,MONTHLY,Money Stock,20171229,200509,7076685
MAMS3ANM2C,(discontinued)M2+CDs/Average Amounts Outstanding/(Reference) Money Stock (from April 1998 to April 2008),100 million yen,MONTHLY,Money Stock,20171229,200510,7055691
MAMS3ANM2C,(discontinued)M2+CDs/Average Amounts Outstanding/(Reference) Money Stock (from April 1998 to April 2008),100 million yen,MONTHLY,Money Stock,20171229,200511,7071888
MAMS3ANM2C,(discontinued)M2+CDs/Average Amounts Outstanding/(Reference) Money Stock (from April 1998 to April 2008),100 million yen,MONTHLY,Money Stock,20171229,200512,7125337
MAMS3ANM2C,(discontinued)M2+CDs/Average Amounts Outstanding/(Reference) Money Stock (from April 1998 to April 2008),100 million yen,MONTHLY,Money Stock,20171229,200601,7123631
MAMS3ANM2C,(discontinued)M2+CDs/Average Amounts Outstanding/(Reference) Money Stock (from April 1998 to April 2008),100 million yen,MONTHLY,Money Stock,20171229,200602,7075584
MAMS3ANM2C,(discontinued)M2+CDs/Average Amounts Outstanding/(Reference) Money Stock (from April 1998 to April 2008),100 million yen,MONTHLY,Money Stock,20171229,200603,7103071
MAMS3ANM2C,(discontinued)M2+CDs/Average Amounts Outstanding/(Reference) Money Stock (from April 1998 to April 2008),100 million yen,MONTHLY,Money Stock,20171229,200604,7171009
MAMS3ANM2C,(discontinued)M2+CDs/Average Amounts Outstanding/(Reference) Money Stock (from April 1998 to April 2008),100 million yen,MONTHLY,Money Stock,20171229,200605,7129812
MAMS3ANM2C,(discontinued)M2+CDs/Average Amounts Outstanding/(Reference) Money Stock (from April 1998 to April 2008),100 million yen,MONTHLY,Money Stock,20171229,200606,7122571
MAMS3ANM2C,(discontinued)M2+CDs/Average Amounts Outstanding/(Reference) Money Stock (from April 1998 to April 2008),100 million yen,MONTHLY,Money Stock,20171229,200607,7122757
MAMS3ANM2C,(discontinued)M2+CDs/Average Amounts Outstanding/(Reference) Money Stock (from April 1998 to April 2008),100 million yen,MONTHLY,Money Stock,20171229,200608,7109086
MAMS3ANM2C,(discontinued)M2+CDs/Average Amounts Outstanding/(Reference) Money Stock (from April 1998 to April 2008),100 million yen,MONTHLY,Money Stock,20171229,200609,7118375
MAMS3ANM2C,(discontinued)M2+CDs/Average Amounts Outstanding/(Reference) Money Stock (from April 1998 to April 2008),100 million yen,MONTHLY,Money Stock,20171229,200610,7098702
MAMS3ANM2C,(discontinued)M2+CDs/Average Amounts Outstanding/(Reference) Money Stock (from April 1998 to April 2008),100 million yen,MONTHLY,Money Stock,20171229,200611,7118683
MAMS3ANM2C,(discontinued)M2+CDs/Average Amounts Outstanding/(Reference) Money Stock (from April 1998 to April 2008),100 million yen,MONTHLY,Money Stock,20171229,200612,7177771
MAMS3ANM2C,(discontinued)M2+CDs/Average Amounts Outstanding/(Reference) Money Stock (from April 1998 to April 2008),100 million yen,MONTHLY,Money Stock,20171229,200701,7190874
MAMS3ANM2C,(discontinued)M2+CDs/Average Amounts Outstanding/(Reference) Money Stock (from April 1998 to April 2008),100 million yen,MONTHLY,Money Stock,20171229,200702,7149406
MAMS3ANM2C,(discontinued)M2+CDs/Average Amounts Outstanding/(Reference) Money Stock (from April 1998 to April 2008),100 million yen,MONTHLY,Money Stock,20171229,200703,7178824
MAMS3ANM2C,(discontinued)M2+CDs/Average Amounts Outstanding/(Reference) Money Stock (from April 1998 to April 2008),100 million yen,MONTHLY,Money Stock,20171229,200704,7250297
MAMS3ANM2C,(discontinued)M2+CDs/Average Amounts Outstanding/(Reference) Money Stock (from April 1998 to April 2008),100 million yen,MONTHLY,Money Stock,20171229,200705,7233933
MAMS3ANM2C,(discontinued)M2+CDs/Average Amounts Outstanding/(Reference) Money Stock (from April 1998 to April 2008),100 million yen,MONTHLY,Money Stock,20171229,200706,7255130
MAMS3ANM2C,(discontinued)M2+CDs/Average Amounts Outstanding/(Reference) Money Stock (from April 1998 to April 2008),100 million yen,MONTHLY,Money Stock,20171229,200707,7268632
MAMS3ANM2C,(discontinued)M2+CDs/Average Amounts Outstanding/(Reference) Money Stock (from April 1998 to April 2008),100 million yen,MONTHLY,Money Stock,20171229,200708,7237192
MAMS3ANM2C,(discontinued)M2+CDs/Average Amounts Outstanding/(Reference) Money Stock (from April 1998 to April 2008),100 million yen,MONTHLY,Money Stock,20171229,200709,7241613
MAMS3ANM2C,(discontinued)M2+CDs/Average Amounts Outstanding/(Reference) Money Stock (from April 1998 to April 2008),100 million yen,MONTHLY,Money Stock,20171229,200710,7235210
MAMS3ANM2C,(discontinued)M2+CDs/Average Amounts Outstanding/(Reference) Money Stock (from April 1998 to April 2008),100 million yen,MONTHLY,Money Stock,20171229,200711,7260911
MAMS3ANM2C,(discontinued)M2+CDs/Average Amounts Outstanding/(Reference) Money Stock (from April 1998 to April 2008),100 million yen,MONTHLY,Money Stock,20171229,200712,7326547
MAMS3ANM2C,(discontinued)M2+CDs/Average Amounts Outstanding/(Reference) Money Stock (from April 1998 to April 2008),100 million yen,MONTHLY,Money Stock,20171229,200801,7345348
MAMS3ANM2C,(discontinued)M2+CDs/Average Amounts Outstanding/(Reference) Money Stock (from April 1998 to April 2008),100 million yen,MONTHLY,Money Stock,20171229,200802,7316715
MAMS3ANM2C,(discontinued)M2+CDs/Average Amounts Outstanding/(Reference) Money Stock (from April 1998 to April 2008),100 million yen,MONTHLY,Money Stock,20171229,200803,7340702
MAMS3ANM2C,(discontinued)M2+CDs/Average Amounts Outstanding/(Reference) Money Stock (from April 1998 to April 2008),100 million yen,MONTHLY,Money Stock,20171229,200804,7385144
MAMS3ENM2C,(discontinued)M2+CDs/Amounts Outstanding at End of Period /(Reference) Money Stock (from April 1998 to March 2008),100 million yen,MONTHLY,Money Stock,20171229,199804,5939343
MAMS3ENM2C,(discontinued)M2+CDs/Amounts Outstanding at End of Period /(Reference) Money Stock (from April 1998 to March 2008),100 million yen,MONTHLY,Money Stock,20171229,199805,5994941
MAMS3ENM2C,(discontinued)M2+CDs/Amounts Outstanding at End of Period /(Reference) Money Stock (from April 1998 to March 2008),100 million yen,MONTHLY,Money Stock,20171229,199806,5998149
MAMS3ENM2C,(discontinued)M2+CDs/Amounts Outstanding at End of Period /(Reference) Money Stock (from April 1998 to March 2008),100 million yen,MONTHLY,Money Stock,20171229,199807,5983584
MAMS3ENM2C,(discontinued)M2+CDs/Amounts Outstanding at End of Period /(Reference) Money Stock (from April 1998 to March 2008),100 million yen,MONTHLY,Money Stock,20171229,199808,5959439
MAMS3ENM2C,(discontinued)M2+CDs/Amounts Outstanding at End of Period /(Reference) Money Stock (from April 1998 to March 2008),100 million yen,MONTHLY,Money Stock,20171229,199809,5959311
MAMS3ENM2C,(discontinued)M2+CDs/Amounts Outstanding at End of Period /(Reference) Money Stock (from April 1998 to March 2008),100 million yen,MONTHLY,Money Stock,20171229,199810,6020853
MAMS3ENM2C,(discontinued)M2+CDs/Amounts Outstanding at End of Period /(Reference) Money Stock (from April 1998 to March 2008),100 million yen,MONTHLY,Money Stock,20171229,199811,6029840
MAMS3ENM2C,(discontinued)M2+CDs/Amounts Outstanding at End of Period /(Reference) Money Stock (from April 1998 to March 2008),100 million yen,MONTHLY,Money Stock,20171229,199812,6214936
MAMS3ENM2C,(discontinued)M2+CDs/Amounts Outstanding at End of Period /(Reference) Money Stock (from April 1998 to March 2008),100 million yen,MONTHLY,Money Stock,20171229,199901,6116531
MAMS3ENM2C,(discontinued)M2+CDs/Amounts Outstanding at End of Period /(Reference) Money Stock (from April 1998 to March 2008),100 million yen,MONTHLY,Money Stock,20171229,199902,6153414
MAMS3ENM2C,(discontinued)M2+CDs/Amounts Outstanding at End of Period /(Reference) Money Stock (from April 1998 to March 2008),100 million yen,MONTHLY,Money Stock,20171229,199903,6146748
MAMS3ENM2C,(discontinued)M2+CDs/Amounts Outstanding at End of Period /(Reference) Money Stock (from April 1998 to March 2008),100 million yen,MONTHLY,Money Stock,20171229,199904,6185383
MAMS3ENM2C,(discontinued)M2+CDs/Amounts Outstanding at End of Period /(Reference) Money Stock (from April 1998 to March 2008),100 million yen,MONTHLY,Money Stock,20171229,199905,6164148
MAMS3ENM2C,(discontinued)M2+CDs/Amounts Outstanding at End of Period /(Reference) Money Stock (from April 1998 to March 2008),100 million yen,MONTHLY,Money Stock,20171229,199906,6227500
MAMS3ENM2C,(discontinued)M2+CDs/Amounts Outstanding at End of Period /(Reference) Money Stock (from April 1998 to March 2008),100 million yen,MONTHLY,Money Stock,20171229,199907,6234356
MAMS3ENM2C,(discontinued)M2+CDs/Amounts Outstanding at End of Period /(Reference) Money Stock (from April 1998 to March 2008),100 million yen,MONTHLY,Money Stock,20171229,199908,6151611
MAMS3ENM2C,(discontinued)M2+CDs/Amounts Outstanding at End of Period /(Reference) Money Stock (from April 1998 to March 2008),100 million yen,MONTHLY,Money Stock,20171229,199909,6180517
MAMS3ENM2C,(discontinued)M2+CDs/Amounts Outstanding at End of Period /(Reference) Money Stock (from April 1998 to March 2008),100 million yen,MONTHLY,Money Stock,20171229,199910,6202029
MAMS3ENM2C,(discontinued)M2+CDs/Amounts Outstanding at End of Period /(Reference) Money Stock (from April 1998 to March 2008),100 million yen,MONTHLY,Money Stock,20171229,199911,6189145
MAMS3ENM2C,(discontinued)M2+CDs/Amounts Outstanding at End of Period /(Reference) Money Stock (from April 1998 to March 2008),100 million yen,MONTHLY,Money Stock,20171229,199912,6380106
MAMS3ENM2C,(discontinued)M2+CDs/Amounts Outstanding at End of Period /(Reference) Money Stock (from April 1998 to March 2008),100 million yen,MONTHLY,Money Stock,20171229,200001,6202595
MAMS3ENM2C,(discontinued)M2+CDs/Amounts Outstanding at End of Period /(Reference) Money Stock (from April 1998 to March 2008),100 million yen,MONTHLY,Money Stock,20171229,200002,6202671
MAMS3ENM2C,(discontinued)M2+CDs/Amounts Outstanding at End of Period /(Reference) Money Stock (from April 1998 to March 2008),100 million yen,MONTHLY,Money Stock,20171229,200003,6339881
MAMS3ENM2C,(discontinued)M2+CDs/Amounts Outstanding at End of Period /(Reference) Money Stock (from April 1998 to March 2008),100 million yen,MONTHLY,Money Stock,20171229,200004,6386872
MAMS3ENM2C,(discontinued)M2+CDs/Amounts Outstanding at End of Period /(Reference) Money Stock (from April 1998 to March 2008),100 million yen,MONTHLY,Money Stock,20171229,200005,6271463
MAMS3ENM2C,(discontinued)M2+CDs/Amounts Outstanding at End of Period /(Reference) Money Stock (from April 1998 to March 2008),100 million yen,MONTHLY,Money Stock,20171229,200006,6361902
MAMS3ENM2C,(discontinued)M2+CDs/Amounts Outstanding at End of Period /(Reference) Money Stock (from April 1998 to March 2008),100 million yen,MONTHLY,Money Stock,20171229,200007,6316030
MAMS3ENM2C,(discontinued)M2+CDs/Amounts Outstanding at End of Period /(Reference) Money Stock (from April 1998 to March 2008),100 million yen,MONTHLY,Money Stock,20171229,200008,6275459
MAMS3ENM2C,(discontinued)M2+CDs/Amounts Outstanding at End of Period /(Reference) Money Stock (from April 1998 to March 2008),100 million yen,MONTHLY,Money Stock,20171229,200009,6384104
MAMS3ENM2C,(discontinued)M2+CDs/Amounts Outstanding at End of Period /(Reference) Money Stock (from April 1998 to March 2008),100 million yen,MONTHLY,Money Stock,20171229,200010,6297371
MAMS3ENM2C,(discontinued)M2+CDs/Amounts Outstanding at End of Period /(Reference) Money Stock (from April 1998 to March 2008),100 million yen,MONTHLY,Money Stock,20171229,200011,6327748
MAMS3ENM2C,(discontinued)M2+CDs/Amounts Outstanding at End of Period /(Reference) Money Stock (from April 1998 to March 2008),100 million yen,MONTHLY,Money Stock,20171229,200012,6498631
MAMS3ENM2C,(discontinued)M2+CDs/Amounts Outstanding at End of Period /(Reference) Money Stock (from April 1998 to March 2008),100 million yen,MONTHLY,Money Stock,20171229,200101,6376495
MAMS3ENM2C,(discontinued)M2+CDs/Amounts Outstanding at End of Period /(Reference) Money Stock (from April 1998 to March 2008),100 million yen,MONTHLY,Money Stock,20171229,200102,6369684
MAMS3ENM2C,(discontinued)M2+CDs/Amounts Outstanding at End of Period /(Reference) Money Stock (from April 1998 to March 2008),100 million yen,MONTHLY,Money Stock,20171229,200103,6521371
MAMS3ENM2C,(discontinued)M2+CDs/Amounts Outstanding at End of Period /(Reference) Money Stock (from April 1998 to March 2008),100 million yen,MONTHLY,Money Stock,20171229,200104,6561997
MAMS3ENM2C,(discontinued)M2+CDs/Amounts Outstanding at End of Period /(Reference) Money Stock (from April 1998 to March 2008),100 million yen,MONTHLY,Money Stock,20171229,200105,6449283
MAMS3ENM2C,(discontinued)M2+CDs/Amounts Outstanding at End of Period /(Reference) Money Stock (from April 1998 to March 2008),100 million yen,MONTHLY,Money Stock,20171229,200106,6581678
MAMS3ENM2C,(discontinued)M2+CDs/Amounts Outstanding at End of Period /(Reference) Money Stock (from April 1998 to March 2008),100 million yen,MONTHLY,Money Stock,20171229,200107,6503165
MAMS3ENM2C,(discontinued)M2+CDs/Amounts Outstanding at End of Period /(Reference) Money Stock (from April 1998 to March 2008),100 million yen,MONTHLY,Money Stock,20171229,200108,6480642
MAMS3ENM2C,(discontinued)M2+CDs/Amounts Outstanding at End of Period /(Reference) Money Stock (from April 1998 to March 2008),100 million yen,MONTHLY,Money Stock,20171229,200109,6567647
MAMS3ENM2C,(discontinued)M2+CDs/Amounts Outstanding at End of Period /(Reference) Money Stock (from April 1998 to March 2008),100 million yen,MONTHLY,Money Stock,20171229,200110,6485176
MAMS3ENM2C,(discontinued)M2+CDs/Amounts Outstanding at End of Period /(Reference) Money Stock (from April 1998 to March 2008),100 million yen,MONTHLY,Money Stock,20171229,200111,6531469
MAMS3ENM2C,(discontinued)M2+CDs/Amounts Outstanding at End of Period /(Reference) Money Stock (from April 1998 to March 2008),100 million yen,MONTHLY,Money Stock,20171229,200112,6712768
MAMS3ENM2C,(discontinued)M2+CDs/Amounts Outstanding at End of Period /(Reference) Money Stock (from April 1998 to March 2008),100 million yen,MONTHLY,Money Stock,20171229,200201,6590942
MAMS3ENM2C,(discontinued)M2+CDs/Amounts Outstanding at End of Period /(Reference) Money Stock (from April 1998 to March 2008),100 million yen,MONTHLY,Money Stock,20171229,200202,6604835
MAMS3ENM2C,(discontinued)M2+CDs/Amounts Outstanding at End of Period /(Reference) Money Stock (from April 1998 to March 2008),100 million yen,MONTHLY,Money Stock,20171229,200203,6739172
MAMS3ENM2C,(discontinued)M2+CDs/Amounts Outstanding at End of Period /(Reference) Money Stock (from April 1998 to March 2008),100 million yen,MONTHLY,Money Stock,20171229,200204,6749189
MAMS3ENM2C,(discontinued)M2+CDs/Amounts Outstanding at End of Period /(Reference) Money Stock (from April 1998 to March 2008),100 million yen,MONTHLY,Money Stock,20171229,200205,6691094
MAMS3ENM2C,(discontinued)M2+CDs/Amounts Outstanding at End of Period /(Reference) Money Stock (from April 1998 to March 2008),100 million yen,MONTHLY,Money Stock,20171229,200206,6789555
MAMS3ENM2C,(discontinued)M2+CDs/Amounts Outstanding at End of Period /(Reference) Money Stock (from April 1998 to March 2008),100 million yen,MONTHLY,Money Stock,20171229,200207,6729569
MAMS3ENM2C,(discontinued)M2+CDs/Amounts Outstanding at End of Period /(Reference) Money Stock (from April 1998 to March 2008),100 million yen,MONTHLY,Money Stock,20171229,200208,6742096
MAMS3ENM2C,(discontinued)M2+CDs/Amounts Outstanding at End of Period /(Reference) Money Stock (from April 1998 to March 2008),100 million yen,MONTHLY,Money Stock,20171229,200209,6705529
MAMS3ENM2C,(discontinued)M2+CDs/Amounts Outstanding at End of Period /(Reference) Money Stock (from April 1998 to March 2008),100 million yen,MONTHLY,Money Stock,20171229,200210,6698849
MAMS3ENM2C,(discontinued)M2+CDs/Amounts Outstanding at End of Period /(Reference) Money Stock (from April 1998 to March 2008),100 million yen,MONTHLY,Money Stock,20171229,200211,6767688
MAMS3ENM2C,(discontinued)M2+CDs/Amounts Outstanding at End of Period /(Reference) Money Stock (from April 1998 to March 2008),100 million yen,MONTHLY,Money Stock,20171229,200212,6835938
MAMS3ENM2C,(discontinued)M2+CDs/Amounts Outstanding at End of Period /(Reference) Money Stock (from April 1998 to March 2008),100 million yen,MONTHLY,Money Stock,20171229,200301,6728016
MAMS3ENM2C,(discontinued)M2+CDs/Amounts Outstanding at End of Period /(Reference) Money Stock (from April 1998 to March 2008),100 million yen,MONTHLY,Money Stock,20171229,200302,6740619
MAMS3ENM2C,(discontinued)M2+CDs/Amounts Outstanding at End of Period /(Reference) Money Stock (from April 1998 to March 2008),100 million yen,MONTHLY,Money Stock,20171229,200303,6819007
MAMS3ENM2C,(discontinued)M2+CDs/Amounts Outstanding at End of Period /(Reference) Money Stock (from April 1998 to March 2008),100 million yen,MONTHLY,Money Stock,20171229,200304,6846126
MAMS3ENM2C,(discontinued)M2+CDs/Amounts Outstanding at End of Period /(Reference) Money Stock (from April 1998 to March 2008),100 million yen,MONTHLY,Money Stock,20171229,200305,6859770
MAMS3ENM2C,(discontinued)M2+CDs/Amounts Outstanding at End of Period /(Reference) Money Stock (from April 1998 to March 2008),100 million yen,MONTHLY,Money Stock,20171229,200306,6888988
MAMS3ENM2C,(discontinued)M2+CDs/Amounts Outstanding at End of Period /(Reference) Money Stock (from April 1998 to March 2008),100 million yen,MONTHLY,Money Stock,20171229,200307,6860761
MAMS3ENM2C,(discontinued)M2+CDs/Amounts Outstanding at End of Period /(Reference) Money Stock (from April 1998 to March 2008),100 million yen,MONTHLY,Money Stock,20171229,200308,6884145
MAMS3ENM2C,(discontinued)M2+CDs/Amounts Outstanding at End of Period /(Reference) Money Stock (from April 1998 to March 2008),100 million yen,MONTHLY,Money Stock,20171229,200309,6845301
MAMS3ENM2C,(discontinued)M2+CDs/Amounts Outstanding at End of Period /(Reference) Money Stock (from April 1998 to March 2008),100 million yen,MONTHLY,Money Stock,20171229,200310,6803024
MAMS3ENM2C,(discontinued)M2+CDs/Amounts Outstanding at End of Period /(Reference) Money Stock (from April 1998 to March 2008),100 million yen,MONTHLY,Money Stock,20171229,200311,6876925
MAMS3ENM2C,(discontinued)M2+CDs/Amounts Outstanding at End of Period /(Reference) Money Stock (from April 1998 to March 2008),100 million yen,MONTHLY,Money Stock,20171229,200312,6947090
MAMS3ENM2C,(discontinued)M2+CDs/Amounts Outstanding at End of Period /(Reference) Money Stock (from April 1998 to March 2008),100 million yen,MONTHLY,Money Stock,20171229,200401,6876708
MAMS3ENM2C,(discontinued)M2+CDs/Amounts Outstanding at End of Period /(Reference) Money Stock (from April 1998 to March 2008),100 million yen,MONTHLY,Money Stock,20171229,200402,6895225
MAMS3ENM2C,(discontinued)M2+CDs/Amounts Outstanding at End of Period /(Reference) Money Stock (from April 1998 to March 2008),100 million yen,MONTHLY,Money Stock,20171229,200403,6948103
MAMS3ENM2C,(discontinued)M2+CDs/Amounts Outstanding at End of Period /(Reference) Money Stock (from April 1998 to March 2008),100 million yen,MONTHLY,Money Stock,20171229,200404,6980147
MAMS3ENM2C,(discontinued)M2+CDs/Amounts Outstanding at End of Period /(Reference) Money Stock (from April 1998 to March 2008),100 million yen,MONTHLY,Money Stock,20171229,200405,6930119
MAMS3ENM2C,(discontinued)M2+CDs/Amounts Outstanding at End of Period /(Reference) Money Stock (from April 1998 to March 2008),100 million yen,MONTHLY,Money Stock,20171229,200406,7008390
MAMS3ENM2C,(discontinued)M2+CDs/Amounts Outstanding at End of Period /(Reference) Money Stock (from April 1998 to March 2008),100 million yen,MONTHLY,Money Stock,20171229,200407,7018067
MAMS3ENM2C,(discontinued)M2+CDs/Amounts Outstanding at End of Period /(Reference) Money Stock (from April 1998 to March 2008),100 million yen,MONTHLY,Money Stock,20171229,200408,6964483
MAMS3ENM2C,(discontinued)M2+CDs/Amounts Outstanding at End of Period /(Reference) Money Stock (from April 1998 to March 2008),100 million yen,MONTHLY,Money Stock,20171229,200409,6960870
MAMS3ENM2C,(discontinued)M2+CDs/Amounts Outstanding at End of Period /(Reference) Money Stock (from April 1998 to March 2008),100 million yen,MONTHLY,Money Stock,20171229,200410,6985039
MAMS3ENM2C,(discontinued)M2+CDs/Amounts Outstanding at End of Period /(Reference) Money Stock (from April 1998 to March 2008),100 million yen,MONTHLY,Money Stock,20171229,200411,6963076
MAMS3ENM2C,(discontinued)M2+CDs/Amounts Outstanding at End of Period /(Reference) Money Stock (from April 1998 to March 2008),100 million yen,MONTHLY,Money Stock,20171229,200412,7075527
MAMS3ENM2C,(discontinued)M2+CDs/Amounts Outstanding at End of Period /(Reference) Money Stock (from April 1998 to March 2008),100 million yen,MONTHLY,Money Stock,20171229,200501,6979403
MAMS3ENM2C,(discontinued)M2+CDs/Amounts Outstanding at End of Period /(Reference) Money Stock (from April 1998 to March 2008),100 million yen,MONTHLY,Money Stock,20171229,200502,6994143
MAMS3ENM2C,(discontinued)M2+CDs/Amounts Outstanding at End of Period /(Reference) Money Stock (from April 1998 to March 2008),100 million yen,MONTHLY,Money Stock,20171229,200503,7074960
MAMS3ENM2C,(discontinued)M2+CDs/Amounts Outstanding at End of Period /(Reference) Money Stock (from April 1998 to March 2008),100 million yen,MONTHLY,Money Stock,20171229,200504,7133807
MAMS3ENM2C,(discontinued)M2+CDs/Amounts Outstanding at End of Period /(Reference) Money Stock (from April 1998 to March 2008),100 million yen,MONTHLY,Money Stock,20171229,200505,7036560
MAMS3ENM2C,(discontinued)M2+CDs/Amounts Outstanding at End of Period /(Reference) Money Stock (from April 1998 to March 2008),100 million yen,MONTHLY,Money Stock,20171229,200506,7120542
MAMS3ENM2C,(discontinued)M2+CDs/Amounts Outstanding at End of Period /(Reference) Money Stock (from April 1998 to March 2008),100 million yen,MONTHLY,Money Stock,20171229,200507,7144040
MAMS3ENM2C,(discontinued)M2+CDs/Amounts Outstanding at End of Period /(Reference) Money Stock (from April 1998 to March 2008),100 million yen,MONTHLY,Money Stock,20171229,200508,7085929
MAMS3ENM2C,(discontinued)M2+CDs/Amounts Outstanding at End of Period /(Reference) Money Stock (from April 1998 to March 2008),100 million yen,MONTHLY,Money Stock,20171229,200509,7099977
MAMS3ENM2C,(discontinued)M2+CDs/Amounts Outstanding at End of Period /(Reference) Money Stock (from April 1998 to March 2008),100 million yen,MONTHLY,Money Stock,20171229,200510,7068639
MAMS3ENM2C,(discontinued)M2+CDs/Amounts Outstanding at End of Period /(Reference) Money Stock (from April 1998 to March 2008),100 million yen,MONTHLY,Money Stock,20171229,200511,7087290
MAMS3ENM2C,(discontinued)M2+CDs/Amounts Outstanding at End of Period /(Reference) Money Stock (from April 1998 to March 2008),100 million yen,MONTHLY,Money Stock,20171229,200512,7217822
MAMS3ENM2C,(discontinued)M2+CDs/Amounts Outstanding at End of Period /(Reference) Money Stock (from April 1998 to March 2008),100 million yen,MONTHLY,Money Stock,20171229,200601,7108805
MAMS3ENM2C,(discontinued)M2+CDs/Amounts Outstanding at End of Period /(Reference) Money Stock (from April 1998 to March 2008),100 million yen,MONTHLY,Money Stock,20171229,200602,7116652
MAMS3ENM2C,(discontinued)M2+CDs/Amounts Outstanding at End of Period /(Reference) Money Stock (from April 1998 to March 2008),100 million yen,MONTHLY,Money Stock,20171229,200603,7183713
MAMS3ENM2C,(discontinued)M2+CDs/Amounts Outstanding at End of Period /(Reference) Money Stock (from April 1998 to March 2008),100 million yen,MONTHLY,Money Stock,20171229,200604,7248004
MAMS3ENM2C,(discontinued)M2+CDs/Amounts Outstanding at End of Period /(Reference) Money Stock (from April 1998 to March 2008),100 million yen,MONTHLY,Money Stock,20171229,200605,7120043
MAMS3ENM2C,(discontinued)M2+CDs/Amounts Outstanding at End of Period /(Reference) Money Stock (from April 1998 to March 2008),100 million yen,MONTHLY,Money Stock,20171229,200606,7184181
MAMS3ENM2C,(discontinued)M2+CDs/Amounts Outstanding at End of Period /(Reference) Money Stock (from April 1998 to March 2008),100 million yen,MONTHLY,Money Stock,20171229,200607,7150273
MAMS3ENM2C,(discontinued)M2+CDs/Amounts Outstanding at End of Period /(Reference) Money Stock (from April 1998 to March 2008),100 million yen,MONTHLY,Money Stock,20171229,200608,7135554
MAMS3ENM2C,(discontinued)M2+CDs/Amounts Outstanding at End of Period /(Reference) Money Stock (from April 1998 to March 2008),100 million yen,MONTHLY,Money Stock,20171229,200609,7176970
MAMS3ENM2C,(discontinued)M2+CDs/Amounts Outstanding at End of Period /(Reference) Money Stock (from April 1998 to March 2008),100 million yen,MONTHLY,Money Stock,20171229,200610,7137399
MAMS3ENM2C,(discontinued)M2+CDs/Amounts Outstanding at End of Period /(Reference) Money Stock (from April 1998 to March 2008),100 million yen,MONTHLY,Money Stock,20171229,200611,7151207
MAMS3ENM2C,(discontinued)M2+CDs/Amounts Outstanding at End of Period /(Reference) Money Stock (from April 1998 to March 2008),100 million yen,MONTHLY,Money Stock,20171229,200612,7282114
MAMS3ENM2C,(discontinued)M2+CDs/Amounts Outstanding at End of Period /(Reference) Money Stock (from April 1998 to March 2008),100 million yen,MONTHLY,Money Stock,20171229,200701,7191368
MAMS3ENM2C,(discontinued)M2+CDs/Amounts Outstanding at End of Period /(Reference) Money Stock (from April 1998 to March 2008),100 million yen,MONTHLY,Money Stock,20171229,200702,7205634
MAMS3ENM2C,(discontinued)M2+CDs/Amounts Outstanding at End of Period /(Reference) Money Stock (from April 1998 to March 2008),100 million yen,MONTHLY,Money Stock,20171229,200703,7290351
MAMS3ENM2C,(discontinued)M2+CDs/Amounts Outstanding at End of Period /(Reference) Money Stock (from April 1998 to March 2008),100 million yen,MONTHLY,Money Stock,20171229,200704,7345543
MAMS3ENM2C,(discontinued)M2+CDs/Amounts Outstanding at End of Period /(Reference) Money Stock (from April 1998 to March 2008),100 million yen,MONTHLY,Money Stock,20171229,200705,7245622
MAMS3ENM2C,(discontinued)M2+CDs/Amounts Outstanding at End of Period /(Reference) Money Stock (from April 1998 to March 2008),100 million yen,MONTHLY,Money Stock,20171229,200706,7361789
MAMS3ENM2C,(discontinued)M2+CDs/Amounts Outstanding at End of Period /(Reference) Money Stock (from April 1998 to March 2008),100 million yen,MONTHLY,Money Stock,20171229,200707,7292035
MAMS3ENM2C,(discontinued)M2+CDs/Amounts Outstanding at End of Period /(Reference) Money Stock (from April 1998 to March 2008),100 million yen,MONTHLY,Money Stock,20171229,200708,7264962
MAMS3ENM2C,(discontinued)M2+CDs/Amounts Outstanding at End of Period /(Reference) Money Stock (from April 1998 to March 2008),100 million yen,MONTHLY,Money Stock,20171229,200709,7316167
MAMS3ENM2C,(discontinued)M2+CDs/Amounts Outstanding at End of Period /(Reference) Money Stock (from April 1998 to March 2008),100 million yen,MONTHLY,Money Stock,20171229,200710,7295705
MAMS3ENM2C,(discontinued)M2+CDs/Amounts Outstanding at End of Period /(Reference) Money Stock (from April 1998 to March 2008),100 million yen,MONTHLY,Money Stock,20171229,200711,7303820
MAMS3ENM2C,(discontinued)M2+CDs/Amounts Outstanding at End of Period /(Reference) Money Stock (from April 1998 to March 2008),100 million yen,MONTHLY,Money Stock,20171229,200712,7444103
MAMS3ENM2C,(discontinued)M2+CDs/Amounts Outstanding at End of Period /(Reference) Money Stock (from April 1998 to March 2008),100 million yen,MONTHLY,Money Stock,20171229,200801,7361478
MAMS3ENM2C,(discontinued)M2+CDs/Amounts Outstanding at End of Period /(Reference) Money Stock (from April 1998 to March 2008),100 million yen,MONTHLY,Money Stock,20171229,200802,7379192
MAMS3ENM2C,(discontinued)M2+CDs/Amounts Outstanding at End of Period /(Reference) Money Stock (from April 1998 to March 2008),100 million yen,MONTHLY,Money Stock,20171229,200803,7410146
MAMS1ANM2C,"(discontinued)M2+CDs/Average Amounts Outstanding/(Reference) Money Stock (Based on excluding Foreign Banks in Japan, etc., through March 1999)",100 million yen,MONTHLY,Money Stock,20171229,196701,282500
MAMS1ANM2C,"(discontinued)M2+CDs/Average Amounts Outstanding/(Reference) Money Stock (Based on excluding Foreign Banks in Japan, etc., through March 1999)",100 million yen,MONTHLY,Money Stock,20171229,196702,279568
MAMS1ANM2C,"(discontinued)M2+CDs/Average Amounts Outstanding/(Reference) Money Stock (Based on excluding Foreign Banks in Japan, etc., through March 1999)",100 million yen,MONTHLY,Money Stock,20171229,196703,286207
MAMS1ANM2C,"(discontinued)M2+CDs/Average Amounts Outstanding/(Reference) Money Stock (Based on excluding Foreign Banks in Japan, etc., through March 1999)",100 million yen,MONTHLY,Money Stock,20171229,196704,289526
MAMS1ANM2C,"(discontinued)M2+CDs/Average Amounts Outstanding/(Reference) Money Stock (Based on excluding Foreign Banks in Japan, etc., through March 1999)",100 million yen,MONTHLY,Money Stock,20171229,196705,288164
MAMS1ANM2C,"(discontinued)M2+CDs/Average Amounts Outstanding/(Reference) Money Stock (Based on excluding Foreign Banks in Japan, etc., through March 1999)",100 million yen,MONTHLY,Money Stock,20171229,196706,294324
MAMS1ANM2C,"(discontinued)M2+CDs/Average Amounts Outstanding/(Reference) Money Stock (Based on excluding Foreign Banks in Japan, etc., through March 1999)",100 million yen,MONTHLY,Money Stock,20171229,196707,298281
MAMS1ANM2C,"(discontinued)M2+CDs/Average Amounts Outstanding/(Reference) Money Stock (Based on excluding Foreign Banks in Japan, etc., through March 1999)",100 million yen,MONTHLY,Money Stock,20171229,196708,300338
MAMS1ANM2C,"(discontinued)M2+CDs/Average Amounts Outstanding/(Reference) Money Stock (Based on excluding Foreign Banks in Japan, etc., through March 1999)",100 million yen,MONTHLY,Money Stock,20171229,196709,306631
MAMS1ANM2C,"(discontinued)M2+CDs/Average Amounts Outstanding/(Reference) Money Stock (Based on excluding Foreign Banks in Japan, etc., through March 1999)",100 million yen,MONTHLY,Money Stock,20171229,196710,308844
MAMS1ANM2C,"(discontinued)M2+CDs/Average Amounts Outstanding/(Reference) Money Stock (Based on excluding Foreign Banks in Japan, etc., through March 1999)",100 million yen,MONTHLY,Money Stock,20171229,196711,313650
MAMS1ANM2C,"(discontinued)M2+CDs/Average Amounts Outstanding/(Reference) Money Stock (Based on excluding Foreign Banks in Japan, etc., through March 1999)",100 million yen,MONTHLY,Money Stock,20171229,196712,327609
MAMS1ANM2C,"(discontinued)M2+CDs/Average Amounts Outstanding/(Reference) Money Stock (Based on excluding Foreign Banks in Japan, etc., through March 1999)",100 million yen,MONTHLY,Money Stock,20171229,196801,326961
MAMS1ANM2C,"(discontinued)M2+CDs/Average Amounts Outstanding/(Reference) Money Stock (Based on excluding Foreign Banks in Japan, etc., through March 1999)",100 million yen,MONTHLY,Money Stock,20171229,196802,323730
MAMS1ANM2C,"(discontinued)M2+CDs/Average Amounts Outstanding/(Reference) Money Stock (Based on excluding Foreign Banks in Japan, etc., through March 1999)",100 million yen,MONTHLY,Money Stock,20171229,196803,329904
MAMS1ANM2C,"(discontinued)M2+CDs/Average Amounts Outstanding/(Reference) Money Stock (Based on excluding Foreign Banks in Japan, etc., through March 1999)",100 million yen,MONTHLY,Money Stock,20171229,196804,333978
MAMS1ANM2C,"(discontinued)M2+CDs/Average Amounts Outstanding/(Reference) Money Stock (Based on excluding Foreign Banks in Japan, etc., through March 1999)",100 million yen,MONTHLY,Money Stock,20171229,196805,336084
MAMS1ANM2C,"(discontinued)M2+CDs/Average Amounts Outstanding/(Reference) Money Stock (Based on excluding Foreign Banks in Japan, etc., through March 1999)",100 million yen,MONTHLY,Money Stock,20171229,196806,342544
MAMS1ANM2C,"(discontinued)M2+CDs/Average Amounts Outstanding/(Reference) Money Stock (Based on excluding Foreign Banks in Japan, etc., through March 1999)",100 million yen,MONTHLY,Money Stock,20171229,196807,346049
MAMS1ANM2C,"(discontinued)M2+CDs/Average Amounts Outstanding/(Reference) Money Stock (Based on excluding Foreign Banks in Japan, etc., through March 1999)",100 million yen,MONTHLY,Money Stock,20171229,196808,347269
MAMS1ANM2C,"(discontinued)M2+CDs/Average Amounts Outstanding/(Reference) Money Stock (Based on excluding Foreign Banks in Japan, etc., through March 1999)",100 million yen,MONTHLY,Money Stock,20171229,196809,352313
MAMS1ANM2C,"(discontinued)M2+CDs/Average Amounts Outstanding/(Reference) Money Stock (Based on excluding Foreign Banks in Japan, etc., through March 1999)",100 million yen,MONTHLY,Money Stock,20171229,196810,354072
MAMS1ANM2C,"(discontinued)M2+CDs/Average Amounts Outstanding/(Reference) Money Stock (Based on excluding Foreign Banks in Japan, etc., through March 1999)",100 million yen,MONTHLY,Money Stock,20171229,196811,361824
MAMS1ANM2C,"(discontinued)M2+CDs/Average Amounts Outstanding/(Reference) Money Stock (Based on excluding Foreign Banks in Japan, etc., through March 1999)",100 million yen,MONTHLY,Money Stock,20171229,196812,378742
MAMS1ANM2C,"(discontinued)M2+CDs/Average Amounts Outstanding/(Reference) Money Stock (Based on excluding Foreign Banks in Japan, etc., through March 1999)",100 million yen,MONTHLY,Money Stock,20171229,196901,378940
MAMS1ANM2C,"(discontinued)M2+CDs/Average Amounts Outstanding/(Reference) Money Stock (Based on excluding Foreign Banks in Japan, etc., through March 1999)",100 million yen,MONTHLY,Money Stock,20171229,196902,374583
MAMS1ANM2C,"(discontinued)M2+CDs/Average Amounts Outstanding/(Reference) Money Stock (Based on excluding Foreign Banks in Japan, etc., through March 1999)",100 million yen,MONTHLY,Money Stock,20171229,196903,381590
MAMS1ANM2C,"(discontinued)M2+CDs/Average Amounts Outstanding/(Reference) Money Stock (Based on excluding Foreign Banks in Japan, etc., through March 1999)",100 million yen,MONTHLY,Money Stock,20171229,196904,388934
MAMS1ANM2C,"(discontinued)M2+CDs/Average Amounts Outstanding/(Reference) Money Stock (Based on excluding Foreign Banks in Japan, etc., through March 1999)",100 million yen,MONTHLY,Money Stock,20171229,196905,392107
MAMS1ANM2C,"(discontinued)M2+CDs/Average Amounts Outstanding/(Reference) Money Stock (Based on excluding Foreign Banks in Japan, etc., through March 1999)",100 million yen,MONTHLY,Money Stock,20171229,196906,400001
MAMS1ANM2C,"(discontinued)M2+CDs/Average Amounts Outstanding/(Reference) Money Stock (Based on excluding Foreign Banks in Japan, etc., through March 1999)",100 million yen,MONTHLY,Money Stock,20171229,196907,406122
MAMS1ANM2C,"(discontinued)M2+CDs/Average Amounts Outstanding/(Reference) Money Stock (Based on excluding Foreign Banks in Japan, etc., through March 1999)",100 million yen,MONTHLY,Money Stock,20171229,196908,410014
MAMS1ANM2C,"(discontinued)M2+CDs/Average Amounts Outstanding/(Reference) Money Stock (Based on excluding Foreign Banks in Japan, etc., through March 1999)",100 million yen,MONTHLY,Money Stock,20171229,196909,416269
MAMS1ANM2C,"(discontinued)M2+CDs/Average Amounts Outstanding/(Reference) Money Stock (Based on excluding Foreign Banks in Japan, etc., through March 1999)",100 million yen,MONTHLY,Money Stock,20171229,196910,419668
MAMS1ANM2C,"(discontinued)M2+CDs/Average Amounts Outstanding/(Reference) Money Stock (Based on excluding Foreign Banks in Japan, etc., through March 1999)",100 million yen,MONTHLY,Money Stock,20171229,196911,428881
MAMS1ANM2C,"(discontinued)M2+CDs/Average Amounts Outstanding/(Reference) Money Stock (Based on excluding Foreign Banks in Japan, etc., through March 1999)",100 million yen,MONTHLY,Money Stock,20171229,196912,449488
MAMS1ANM2C,"(discontinued)M2+CDs/Average Amounts Outstanding/(Reference) Money Stock (Based on excluding Foreign Banks in Japan, etc., through March 1999)",100 million yen,MONTHLY,Money Stock,20171229,197001,450381
MAMS1ANM2C,"(discontinued)M2+CDs/Average Amounts Outstanding/(Reference) Money Stock (Based on excluding Foreign Banks in Japan, etc., through March 1999)",100 million yen,MONTHLY,Money Stock,20171229,197002,445931
MAMS1ANM2C,"(discontinued)M2+CDs/Average Amounts Outstanding/(Reference) Money Stock (Based on excluding Foreign Banks in Japan, etc., through March 1999)",100 million yen,MONTHLY,Money Stock,20171229,197003,453006
MAMS1ANM2C,"(discontinued)M2+CDs/Average Amounts Outstanding/(Reference) Money Stock (Based on excluding Foreign Banks in Japan, etc., through March 1999)",100 million yen,MONTHLY,Money Stock,20171229,197004,461438
MAMS1ANM2C,"(discontinued)M2+CDs/Average Amounts Outstanding/(Reference) Money Stock (Based on excluding Foreign Banks in Japan, etc., through March 1999)",100 million yen,MONTHLY,Money Stock,20171229,197005,466844
MAMS1ANM2C,"(discontinued)M2+CDs/Average Amounts Outstanding/(Reference) Money Stock (Based on excluding Foreign Banks in Japan, etc., through March 1999)",100 million yen,MONTHLY,Money Stock,20171229,197006,474349
MAMS1ANM2C,"(discontinued)M2+CDs/Average Amounts Outstanding/(Reference) Money Stock (Based on excluding Foreign Banks in Japan, etc., through March 1999)",100 million yen,MONTHLY,Money Stock,20171229,197007,481547
MAMS1ANM2C,"(discontinued)M2+CDs/Average Amounts Outstanding/(Reference) Money Stock (Based on excluding Foreign Banks in Japan, etc., through March 1999)",100 million yen,MONTHLY,Money Stock,20171229,197008,484732
MAMS1ANM2C,"(discontinued)M2+CDs/Average Amounts Outstanding/(Reference) Money Stock (Based on excluding Foreign Banks in Japan, etc., through March 1999)",100 million yen,MONTHLY,Money Stock,20171229,197009,490391
MAMS1ANM2C,"(discontinued)M2+CDs/Average Amounts Outstanding/(Reference) Money Stock (Based on excluding Foreign Banks in Japan, etc., through March 1999)",100 million yen,MONTHLY,Money Stock,20171229,197010,494609
MAMS1ANM2C,"(discontinued)M2+CDs/Average Amounts Outstanding/(Reference) Money Stock (Based on excluding Foreign Banks in Japan, etc., through March 1999)",100 million yen,MONTHLY,Money Stock,20171229,197011,503491
MAMS1ANM2C,"(discontinued)M2+CDs/Average Amounts Outstanding/(Reference) Money Stock (Based on excluding Foreign Banks in Japan, etc., through March 1999)",100 million yen,MONTHLY,Money Stock,20171229,197012,525900
MAMS1ANM2C,"(discontinued)M2+CDs/Average Amounts Outstanding/(Reference) Money Stock (Based on excluding Foreign Banks in Japan, etc., through March 1999)",100 million yen,MONTHLY,Money Stock,20171229,197101,526924
MAMS1ANM2C,"(discontinued)M2+CDs/Average Amounts Outstanding/(Reference) Money Stock (Based on excluding Foreign Banks in Japan, etc., through March 1999)",100 million yen,MONTHLY,Money Stock,20171229,197102,523691
MAMS1ANM2C,"(discontinued)M2+CDs/Average Amounts Outstanding/(Reference) Money Stock (Based on excluding Foreign Banks in Japan, etc., through March 1999)",100 million yen,MONTHLY,Money Stock,20171229,197103,533444
MAMS1ANM2C,"(discontinued)M2+CDs/Average Amounts Outstanding/(Reference) Money Stock (Based on excluding Foreign Banks in Japan, etc., through March 1999)",100 million yen,MONTHLY,Money Stock,20171229,197104,545409
MAMS1ANM2C,"(discontinued)M2+CDs/Average Amounts Outstanding/(Reference) Money Stock (Based on excluding Foreign Banks in Japan, etc., through March 1999)",100 million yen,MONTHLY,Money Stock,20171229,197105,554589
MAMS1ANM2C,"(discontinued)M2+CDs/Average Amounts Outstanding/(Reference) Money Stock (Based on excluding Foreign Banks in Japan, etc., through March 1999)",100 million yen,MONTHLY,Money Stock,20171229,197106,566900
MAMS1ANM2C,"(discontinued)M2+CDs/Average Amounts Outstanding/(Reference) Money Stock (Based on excluding Foreign Banks in Japan, etc., through March 1999)",100 million yen,MONTHLY,Money Stock,20171229,197107,581495
MAMS1ANM2C,"(discontinued)M2+CDs/Average Amounts Outstanding/(Reference) Money Stock (Based on excluding Foreign Banks in Japan, etc., through March 1999)",100 million yen,MONTHLY,Money Stock,20171229,197108,589715
MAMS1ANM2C,"(discontinued)M2+CDs/Average Amounts Outstanding/(Reference) Money Stock (Based on excluding Foreign Banks in Japan, etc., through March 1999)",100 million yen,MONTHLY,Money Stock,20171229,197109,601154
MAMS1ANM2C,"(discontinued)M2+CDs/Average Amounts Outstanding/(Reference) Money Stock (Based on excluding Foreign Banks in Japan, etc., through March 1999)",100 million yen,MONTHLY,Money Stock,20171229,197110,607568
MAMS1ANM2C,"(discontinued)M2+CDs/Average Amounts Outstanding/(Reference) Money Stock (Based on excluding Foreign Banks in Japan, etc., through March 1999)",100 million yen,MONTHLY,Money Stock,20171229,197111,618487
MAMS1ANM2C,"(discontinued)M2+CDs/Average Amounts Outstanding/(Reference) Money Stock (Based on excluding Foreign Banks in Japan, etc., through March 1999)",100 million yen,MONTHLY,Money Stock,20171229,197112,655873
MAMS1ANM2C,"(discontinued)M2+CDs/Average Amounts Outstanding/(Reference) Money Stock (Based on excluding Foreign Banks in Japan, etc., through March 1999)",100 million yen,MONTHLY,Money Stock,20171229,197201,659153
MAMS1ANM2C,"(discontinued)M2+CDs/Average Amounts Outstanding/(Reference) Money Stock (Based on excluding Foreign Banks in Japan, etc., through March 1999)",100 million yen,MONTHLY,Money Stock,20171229,197202,656041
MAMS1ANM2C,"(discontinued)M2+CDs/Average Amounts Outstanding/(Reference) Money Stock (Based on excluding Foreign Banks in Japan, etc., through March 1999)",100 million yen,MONTHLY,Money Stock,20171229,197203,672453
MAMS1ANM2C,"(discontinued)M2+CDs/Average Amounts Outstanding/(Reference) Money Stock (Based on excluding Foreign Banks in Japan, etc., through March 1999)",100 million yen,MONTHLY,Money Stock,20171229,197204,688060
MAMS1ANM2C,"(discontinued)M2+CDs/Average Amounts Outstanding/(Reference) Money Stock (Based on excluding Foreign Banks in Japan, etc., through March 1999)",100 million yen,MONTHLY,Money Stock,20171229,197205,696190
MAMS1ANM2C,"(discontinued)M2+CDs/Average Amounts Outstanding/(Reference) Money Stock (Based on excluding Foreign Banks in Japan, etc., through March 1999)",100 million yen,MONTHLY,Money Stock,20171229,197206,717901
MAMS1ANM2C,"(discontinued)M2+CDs/Average Amounts Outstanding/(Reference) Money Stock (Based on excluding Foreign Banks in Japan, etc., through March 1999)",100 million yen,MONTHLY,Money Stock,20171229,197207,738889
MAMS1ANM2C,"(discontinued)M2+CDs/Average Amounts Outstanding/(Reference) Money Stock (Based on excluding Foreign Banks in Japan, etc., through March 1999)",100 million yen,MONTHLY,Money Stock,20171229,197208,745275
MAMS1ANM2C,"(discontinued)M2+CDs/Average Amounts Outstanding/(Reference) Money Stock (Based on excluding Foreign Banks in Japan, etc., through March 1999)",100 million yen,MONTHLY,Money Stock,20171229,197209,762922
MAMS1ANM2C,"(discontinued)M2+CDs/Average Amounts Outstanding/(Reference) Money Stock (Based on excluding Foreign Banks in Japan, etc., through March 1999)",100 million yen,MONTHLY,Money Stock,20171229,197210,776410
MAMS1ANM2C,"(discontinued)M2+CDs/Average Amounts Outstanding/(Reference) Money Stock (Based on excluding Foreign Banks in Japan, etc., through March 1999)",100 million yen,MONTHLY,Money Stock,20171229,197211,794540
MAMS1ANM2C,"(discontinued)M2+CDs/Average Amounts Outstanding/(Reference) Money Stock (Based on excluding Foreign Banks in Japan, etc., through March 1999)",100 million yen,MONTHLY,Money Stock,20171229,197212,829672
MAMS1ANM2C,"(discontinued)M2+CDs/Average Amounts Outstanding/(Reference) Money Stock (Based on excluding Foreign Banks in Japan, etc., through March 1999)",100 million yen,MONTHLY,Money Stock,20171229,197301,831263
MAMS1ANM2C,"(discontinued)M2+CDs/Average Amounts Outstanding/(Reference) Money Stock (Based on excluding Foreign Banks in Japan, etc., through March 1999)",100 million yen,MONTHLY,Money Stock,20171229,197302,831694
MAMS1ANM2C,"(discontinued)M2+CDs/Average Amounts Outstanding/(Reference) Money Stock (Based on excluding Foreign Banks in Japan, etc., through March 1999)",100 million yen,MONTHLY,Money Stock,20171229,197303,853136
MAMS1ANM2C,"(discontinued)M2+CDs/Average Amounts Outstanding/(Reference) Money Stock (Based on excluding Foreign Banks in Japan, etc., through March 1999)",100 million yen,MONTHLY,Money Stock,20171229,197304,875873
MAMS1ANM2C,"(discontinued)M2+CDs/Average Amounts Outstanding/(Reference) Money Stock (Based on excluding Foreign Banks in Japan, etc., through March 1999)",100 million yen,MONTHLY,Money Stock,20171229,197305,880372
MAMS1ANM2C,"(discontinued)M2+CDs/Average Amounts Outstanding/(Reference) Money Stock (Based on excluding Foreign Banks in Japan, etc., through March 1999)",100 million yen,MONTHLY,Money Stock,20171229,197306,899393
MAMS1ANM2C,"(discontinued)M2+CDs/Average Amounts Outstanding/(Reference) Money Stock (Based on excluding Foreign Banks in Japan, etc., through March 1999)",100 million yen,MONTHLY,Money Stock,20171229,197307,907241
MAMS1ANM2C,"(discontinued)M2+CDs/Average Amounts Outstanding/(Reference) Money Stock (Based on excluding Foreign Banks in Japan, etc., through March 1999)",100 million yen,MONTHLY,Money Stock,20171229,197308,908295
MAMS1ANM2C,"(discontinued)M2+CDs/Average Amounts Outstanding/(Reference) Money Stock (Based on excluding Foreign Banks in Japan, etc., through March 1999)",100 million yen,MONTHLY,Money Stock,20171229,197309,919782
MAMS1ANM2C,"(discontinued)M2+CDs/Average Amounts Outstanding/(Reference) Money Stock (Based on excluding Foreign Banks in Japan, etc., through March 1999)",100 million yen,MONTHLY,Money Stock,20171229,197310,919163
MAMS1ANM2C,"(discontinued)M2+CDs/Average Amounts Outstanding/(Reference) Money Stock (Based on excluding Foreign Banks in Japan, etc., through March 1999)",100 million yen,MONTHLY,Money Stock,20171229,197311,932091
MAMS1ANM2C,"(discontinued)M2+CDs/Average Amounts Outstanding/(Reference) Money Stock (Based on excluding Foreign Banks in Japan, etc., through March 1999)",100 million yen,MONTHLY,Money Stock,20171229,197312,962135
MAMS1ANM2C,"(discontinued)M2+CDs/Average Amounts Outstanding/(Reference) Money Stock (Based on excluding Foreign Banks in Japan, etc., through March 1999)",100 million yen,MONTHLY,Money Stock,20171229,197401,959750
MAMS1ANM2C,"(discontinued)M2+CDs/Average Amounts Outstanding/(Reference) Money Stock (Based on excluding Foreign Banks in Japan, etc., through March 1999)",100 million yen,MONTHLY,Money Stock,20171229,197402,953377
MAMS1ANM2C,"(discontinued)M2+CDs/Average Amounts Outstanding/(Reference) Money Stock (Based on excluding Foreign Banks in Japan, etc., through March 1999)",100 million yen,MONTHLY,Money Stock,20171229,197403,962002
MAMS1ANM2C,"(discontinued)M2+CDs/Average Amounts Outstanding/(Reference) Money Stock (Based on excluding Foreign Banks in Japan, etc., through March 1999)",100 million yen,MONTHLY,Money Stock,20171229,197404,975000
MAMS1ANM2C,"(discontinued)M2+CDs/Average Amounts Outstanding/(Reference) Money Stock (Based on excluding Foreign Banks in Japan, etc., through March 1999)",100 million yen,MONTHLY,Money Stock,20171229,197405,982963
MAMS1ANM2C,"(discontinued)M2+CDs/Average Amounts Outstanding/(Reference) Money Stock (Based on excluding Foreign Banks in Japan, etc., through March 1999)",100 million yen,MONTHLY,Money Stock,20171229,197406,1000734
MAMS1ANM2C,"(discontinued)M2+CDs/Average Amounts Outstanding/(Reference) Money Stock (Based on excluding Foreign Banks in Japan, etc., through March 1999)",100 million yen,MONTHLY,Money Stock,20171229,197407,1007927
MAMS1ANM2C,"(discontinued)M2+CDs/Average Amounts Outstanding/(Reference) Money Stock (Based on excluding Foreign Banks in Japan, etc., through March 1999)",100 million yen,MONTHLY,Money Stock,20171229,197408,1010339
MAMS1ANM2C,"(discontinued)M2+CDs/Average Amounts Outstanding/(Reference) Money Stock (Based on excluding Foreign Banks in Japan, etc., through March 1999)",100 million yen,MONTHLY,Money Stock,20171229,197409,1016965
MAMS1ANM2C,"(discontinued)M2+CDs/Average Amounts Outstanding/(Reference) Money Stock (Based on excluding Foreign Banks in Japan, etc., through March 1999)",100 million yen,MONTHLY,Money Stock,20171229,197410,1017600
MAMS1ANM2C,"(discontinued)M2+CDs/Average Amounts Outstanding/(Reference) Money Stock (Based on excluding Foreign Banks in Japan, etc., through March 1999)",100 million yen,MONTHLY,Money Stock,20171229,197411,1036175
MAMS1ANM2C,"(discontinued)M2+CDs/Average Amounts Outstanding/(Reference) Money Stock (Based on excluding Foreign Banks in Japan, etc., through March 1999)",100 million yen,MONTHLY,Money Stock,20171229,197412,1074999
MAMS1ANM2C,"(discontinued)M2+CDs/Average Amounts Outstanding/(Reference) Money Stock (Based on excluding Foreign Banks in Japan, etc., through March 1999)",100 million yen,MONTHLY,Money Stock,20171229,197501,1073875
MAMS1ANM2C,"(discontinued)M2+CDs/Average Amounts Outstanding/(Reference) Money Stock (Based on excluding Foreign Banks in Japan, etc., through March 1999)",100 million yen,MONTHLY,Money Stock,20171229,197502,1067048
MAMS1ANM2C,"(discontinued)M2+CDs/Average Amounts Outstanding/(Reference) Money Stock (Based on excluding Foreign Banks in Japan, etc., through March 1999)",100 million yen,MONTHLY,Money Stock,20171229,197503,1079932
MAMS1ANM2C,"(discontinued)M2+CDs/Average Amounts Outstanding/(Reference) Money Stock (Based on excluding Foreign Banks in Japan, etc., through March 1999)",100 million yen,MONTHLY,Money Stock,20171229,197504,1099963
MAMS1ANM2C,"(discontinued)M2+CDs/Average Amounts Outstanding/(Reference) Money Stock (Based on excluding Foreign Banks in Japan, etc., through March 1999)",100 million yen,MONTHLY,Money Stock,20171229,197505,1106385
MAMS1ANM2C,"(discontinued)M2+CDs/Average Amounts Outstanding/(Reference) Money Stock (Based on excluding Foreign Banks in Japan, etc., through March 1999)",100 million yen,MONTHLY,Money Stock,20171229,197506,1125083
MAMS1ANM2C,"(discontinued)M2+CDs/Average Amounts Outstanding/(Reference) Money Stock (Based on excluding Foreign Banks in Japan, etc., through March 1999)",100 million yen,MONTHLY,Money Stock,20171229,197507,1140055
MAMS1ANM2C,"(discontinued)M2+CDs/Average Amounts Outstanding/(Reference) Money Stock (Based on excluding Foreign Banks in Japan, etc., through March 1999)",100 million yen,MONTHLY,Money Stock,20171229,197508,1147101
MAMS1ANM2C,"(discontinued)M2+CDs/Average Amounts Outstanding/(Reference) Money Stock (Based on excluding Foreign Banks in Japan, etc., through March 1999)",100 million yen,MONTHLY,Money Stock,20171229,197509,1157095
MAMS1ANM2C,"(discontinued)M2+CDs/Average Amounts Outstanding/(Reference) Money Stock (Based on excluding Foreign Banks in Japan, etc., through March 1999)",100 million yen,MONTHLY,Money Stock,20171229,197510,1162673
MAMS1ANM2C,"(discontinued)M2+CDs/Average Amounts Outstanding/(Reference) Money Stock (Based on excluding Foreign Banks in Japan, etc., through March 1999)",100 million yen,MONTHLY,Money Stock,20171229,197511,1180098
MAMS1ANM2C,"(discontinued)M2+CDs/Average Amounts Outstanding/(Reference) Money Stock (Based on excluding Foreign Banks in Japan, etc., through March 1999)",100 million yen,MONTHLY,Money Stock,20171229,197512,1230678
MAMS1ANM2C,"(discontinued)M2+CDs/Average Amounts Outstanding/(Reference) Money Stock (Based on excluding Foreign Banks in Japan, etc., through March 1999)",100 million yen,MONTHLY,Money Stock,20171229,197601,1234630
MAMS1ANM2C,"(discontinued)M2+CDs/Average Amounts Outstanding/(Reference) Money Stock (Based on excluding Foreign Banks in Japan, etc., through March 1999)",100 million yen,MONTHLY,Money Stock,20171229,197602,1230203
MAMS1ANM2C,"(discontinued)M2+CDs/Average Amounts Outstanding/(Reference) Money Stock (Based on excluding Foreign Banks in Japan, etc., through March 1999)",100 million yen,MONTHLY,Money Stock,20171229,197603,1249166
MAMS1ANM2C,"(discontinued)M2+CDs/Average Amounts Outstanding/(Reference) Money Stock (Based on excluding Foreign Banks in Japan, etc., through March 1999)",100 million yen,MONTHLY,Money Stock,20171229,197604,1266949
MAMS1ANM2C,"(discontinued)M2+CDs/Average Amounts Outstanding/(Reference) Money Stock (Based on excluding Foreign Banks in Japan, etc., through March 1999)",100 million yen,MONTHLY,Money Stock,20171229,197605,1277925
MAMS1ANM2C,"(discontinued)M2+CDs/Average Amounts Outstanding/(Reference) Money Stock (Based on excluding Foreign Banks in Japan, etc., through March 1999)",100 million yen,MONTHLY,Money Stock,20171229,197606,1307549
MAMS1ANM2C,"(discontinued)M2+CDs/Average Amounts Outstanding/(Reference) Money Stock (Based on excluding Foreign Banks in Japan, etc., through March 1999)",100 million yen,MONTHLY,Money Stock,20171229,197607,1317103
MAMS1ANM2C,"(discontinued)M2+CDs/Average Amounts Outstanding/(Reference) Money Stock (Based on excluding Foreign Banks in Japan, etc., through March 1999)",100 million yen,MONTHLY,Money Stock,20171229,197608,1321094
MAMS1ANM2C,"(discontinued)M2+CDs/Average Amounts Outstanding/(Reference) Money Stock (Based on excluding Foreign Banks in Japan, etc., through March 1999)",100 million yen,MONTHLY,Money Stock,20171229,197609,1331174
MAMS1ANM2C,"(discontinued)M2+CDs/Average Amounts Outstanding/(Reference) Money Stock (Based on excluding Foreign Banks in Japan, etc., through March 1999)",100 million yen,MONTHLY,Money Stock,20171229,197610,1335447
MAMS1ANM2C,"(discontinued)M2+CDs/Average Amounts Outstanding/(Reference) Money Stock (Based on excluding Foreign Banks in Japan, etc., through March 1999)",100 million yen,MONTHLY,Money Stock,20171229,197611,1348904
MAMS1ANM2C,"(discontinued)M2+CDs/Average Amounts Outstanding/(Reference) Money Stock (Based on excluding Foreign Banks in Japan, etc., through March 1999)",100 million yen,MONTHLY,Money Stock,20171229,197612,1400721
MAMS1ANM2C,"(discontinued)M2+CDs/Average Amounts Outstanding/(Reference) Money Stock (Based on excluding Foreign Banks in Japan, etc., through March 1999)",100 million yen,MONTHLY,Money Stock,20171229,197701,1396007
MAMS1ANM2C,"(discontinued)M2+CDs/Average Amounts Outstanding/(Reference) Money Stock (Based on excluding Foreign Banks in Japan, etc., through March 1999)",100 million yen,MONTHLY,Money Stock,20171229,197702,1383111
MAMS1ANM2C,"(discontinued)M2+CDs/Average Amounts Outstanding/(Reference) Money Stock (Based on excluding Foreign Banks in Japan, etc., through March 1999)",100 million yen,MONTHLY,Money Stock,20171229,197703,1401542
MAMS1ANM2C,"(discontinued)M2+CDs/Average Amounts Outstanding/(Reference) Money Stock (Based on excluding Foreign Banks in Japan, etc., through March 1999)",100 million yen,MONTHLY,Money Stock,20171229,197704,1412493
MAMS1ANM2C,"(discontinued)M2+CDs/Average Amounts Outstanding/(Reference) Money Stock (Based on excluding Foreign Banks in Japan, etc., through March 1999)",100 million yen,MONTHLY,Money Stock,20171229,197705,1420753
MAMS1ANM2C,"(discontinued)M2+CDs/Average Amounts Outstanding/(Reference) Money Stock (Based on excluding Foreign Banks in Japan, etc., through March 1999)",100 million yen,MONTHLY,Money Stock,20171229,197706,1451030
MAMS1ANM2C,"(discontinued)M2+CDs/Average Amounts Outstanding/(Reference) Money Stock (Based on excluding Foreign Banks in Japan, etc., through March 1999)",100 million yen,MONTHLY,Money Stock,20171229,197707,1464523
MAMS1ANM2C,"(discontinued)M2+CDs/Average Amounts Outstanding/(Reference) Money Stock (Based on excluding Foreign Banks in Japan, etc., through March 1999)",100 million yen,MONTHLY,Money Stock,20171229,197708,1465533
MAMS1ANM2C,"(discontinued)M2+CDs/Average Amounts Outstanding/(Reference) Money Stock (Based on excluding Foreign Banks in Japan, etc., through March 1999)",100 million yen,MONTHLY,Money Stock,20171229,197709,1481443
MAMS1ANM2C,"(discontinued)M2+CDs/Average Amounts Outstanding/(Reference) Money Stock (Based on excluding Foreign Banks in Japan, etc., through March 1999)",100 million yen,MONTHLY,Money Stock,20171229,197710,1477306
MAMS1ANM2C,"(discontinued)M2+CDs/Average Amounts Outstanding/(Reference) Money Stock (Based on excluding Foreign Banks in Japan, etc., through March 1999)",100 million yen,MONTHLY,Money Stock,20171229,197711,1494579
MAMS1ANM2C,"(discontinued)M2+CDs/Average Amounts Outstanding/(Reference) Money Stock (Based on excluding Foreign Banks in Japan, etc., through March 1999)",100 million yen,MONTHLY,Money Stock,20171229,197712,1550153
MAMS1ANM2C,"(discontinued)M2+CDs/Average Amounts Outstanding/(Reference) Money Stock (Based on excluding Foreign Banks in Japan, etc., through March 1999)",100 million yen,MONTHLY,Money Stock,20171229,197801,1543432
MAMS1ANM2C,"(discontinued)M2+CDs/Average Amounts Outstanding/(Reference) Money Stock (Based on excluding Foreign Banks in Japan, etc., through March 1999)",100 million yen,MONTHLY,Money Stock,20171229,197802,1531055
MAMS1ANM2C,"(discontinued)M2+CDs/Average Amounts Outstanding/(Reference) Money Stock (Based on excluding Foreign Banks in Japan, etc., through March 1999)",100 million yen,MONTHLY,Money Stock,20171229,197803,1556736
MAMS1ANM2C,"(discontinued)M2+CDs/Average Amounts Outstanding/(Reference) Money Stock (Based on excluding Foreign Banks in Japan, etc., through March 1999)",100 million yen,MONTHLY,Money Stock,20171229,197804,1581241
MAMS1ANM2C,"(discontinued)M2+CDs/Average Amounts Outstanding/(Reference) Money Stock (Based on excluding Foreign Banks in Japan, etc., through March 1999)",100 million yen,MONTHLY,Money Stock,20171229,197805,1584061
MAMS1ANM2C,"(discontinued)M2+CDs/Average Amounts Outstanding/(Reference) Money Stock (Based on excluding Foreign Banks in Japan, etc., through March 1999)",100 million yen,MONTHLY,Money Stock,20171229,197806,1625258
MAMS1ANM2C,"(discontinued)M2+CDs/Average Amounts Outstanding/(Reference) Money Stock (Based on excluding Foreign Banks in Japan, etc., through March 1999)",100 million yen,MONTHLY,Money Stock,20171229,197807,1640963
MAMS1ANM2C,"(discontinued)M2+CDs/Average Amounts Outstanding/(Reference) Money Stock (Based on excluding Foreign Banks in Japan, etc., through March 1999)",100 million yen,MONTHLY,Money Stock,20171229,197808,1646496
MAMS1ANM2C,"(discontinued)M2+CDs/Average Amounts Outstanding/(Reference) Money Stock (Based on excluding Foreign Banks in Japan, etc., through March 1999)",100 million yen,MONTHLY,Money Stock,20171229,197809,1659468
MAMS1ANM2C,"(discontinued)M2+CDs/Average Amounts Outstanding/(Reference) Money Stock (Based on excluding Foreign Banks in Japan, etc., through March 1999)",100 million yen,MONTHLY,Money Stock,20171229,197810,1656346
MAMS1ANM2C,"(discontinued)M2+CDs/Average Amounts Outstanding/(Reference) Money Stock (Based on excluding Foreign Banks in Japan, etc., through March 1999)",100 million yen,MONTHLY,Money Stock,20171229,197811,1678108
MAMS1ANM2C,"(discontinued)M2+CDs/Average Amounts Outstanding/(Reference) Money Stock (Based on excluding Foreign Banks in Japan, etc., through March 1999)",100 million yen,MONTHLY,Money Stock,20171229,197812,1739180
MAMS1ANM2C,"(discontinued)M2+CDs/Average Amounts Outstanding/(Reference) Money Stock (Based on excluding Foreign Banks in Japan, etc., through March 1999)",100 million yen,MONTHLY,Money Stock,20171229,197901,1732823
MAMS1ANM2C,"(discontinued)M2+CDs/Average Amounts Outstanding/(Reference) Money Stock (Based on excluding Foreign Banks in Japan, etc., through March 1999)",100 million yen,MONTHLY,Money Stock,20171229,197902,1719467
MAMS1ANM2C,"(discontinued)M2+CDs/Average Amounts Outstanding/(Reference) Money Stock (Based on excluding Foreign Banks in Japan, etc., through March 1999)",100 million yen,MONTHLY,Money Stock,20171229,197903,1747315
MAMS1ANM2C,"(discontinued)M2+CDs/Average Amounts Outstanding/(Reference) Money Stock (Based on excluding Foreign Banks in Japan, etc., through March 1999)",100 million yen,MONTHLY,Money Stock,20171229,197904,1774719
MAMS1ANM2C,"(discontinued)M2+CDs/Average Amounts Outstanding/(Reference) Money Stock (Based on excluding Foreign Banks in Japan, etc., through March 1999)",100 million yen,MONTHLY,Money Stock,20171229,197905,1787249
MAMS1ANM2C,"(discontinued)M2+CDs/Average Amounts Outstanding/(Reference) Money Stock (Based on excluding Foreign Banks in Japan, etc., through March 1999)",100 million yen,MONTHLY,Money Stock,20171229,197906,1817534
MAMS1ANM2C,"(discontinued)M2+CDs/Average Amounts Outstanding/(Reference) Money Stock (Based on excluding Foreign Banks in Japan, etc., through March 1999)",100 million yen,MONTHLY,Money Stock,20171229,197907,1835626
MAMS1ANM2C,"(discontinued)M2+CDs/Average Amounts Outstanding/(Reference) Money Stock (Based on excluding Foreign Banks in Japan, etc., through March 1999)",100 million yen,MONTHLY,Money Stock,20171229,197908,1841796
MAMS1ANM2C,"(discontinued)M2+CDs/Average Amounts Outstanding/(Reference) Money Stock (Based on excluding Foreign Banks in Japan, etc., through March 1999)",100 million yen,MONTHLY,Money Stock,20171229,197909,1848848
MAMS1ANM2C,"(discontinued)M2+CDs/Average Amounts Outstanding/(Reference) Money Stock (Based on excluding Foreign Banks in Japan, etc., through March 1999)",100 million yen,MONTHLY,Money Stock,20171229,197910,1845968
MAMS1ANM2C,"(discontinued)M2+CDs/Average Amounts Outstanding/(Reference) Money Stock (Based on excluding Foreign Banks in Japan, etc., through March 1999)",100 million yen,MONTHLY,Money Stock,20171229,197911,1864117
MAMS1ANM2C,"(discontinued)M2+CDs/Average Amounts Outstanding/(Reference) Money Stock (Based on excluding Foreign Banks in Japan, etc., through March 1999)",100 million yen,MONTHLY,Money Stock,20171229,197912,1931325
MAMS1ANM2C,"(discontinued)M2+CDs/Average Amounts Outstanding/(Reference) Money Stock (Based on excluding Foreign Banks in Japan, etc., through March 1999)",100 million yen,MONTHLY,Money Stock,20171229,198001,1915894
MAMS1ANM2C,"(discontinued)M2+CDs/Average Amounts Outstanding/(Reference) Money Stock (Based on excluding Foreign Banks in Japan, etc., through March 1999)",100 million yen,MONTHLY,Money Stock,20171229,198002,1904784
MAMS1ANM2C,"(discontinued)M2+CDs/Average Amounts Outstanding/(Reference) Money Stock (Based on excluding Foreign Banks in Japan, etc., through March 1999)",100 million yen,MONTHLY,Money Stock,20171229,198003,1932581
MAMS1ANM2C,"(discontinued)M2+CDs/Average Amounts Outstanding/(Reference) Money Stock (Based on excluding Foreign Banks in Japan, etc., through March 1999)",100 million yen,MONTHLY,Money Stock,20171229,198004,1959053
MAMS1ANM2C,"(discontinued)M2+CDs/Average Amounts Outstanding/(Reference) Money Stock (Based on excluding Foreign Banks in Japan, etc., through March 1999)",100 million yen,MONTHLY,Money Stock,20171229,198005,1971957
MAMS1ANM2C,"(discontinued)M2+CDs/Average Amounts Outstanding/(Reference) Money Stock (Based on excluding Foreign Banks in Japan, etc., through March 1999)",100 million yen,MONTHLY,Money Stock,20171229,198006,1991921
MAMS1ANM2C,"(discontinued)M2+CDs/Average Amounts Outstanding/(Reference) Money Stock (Based on excluding Foreign Banks in Japan, etc., through March 1999)",100 million yen,MONTHLY,Money Stock,20171229,198007,1996922
MAMS1ANM2C,"(discontinued)M2+CDs/Average Amounts Outstanding/(Reference) Money Stock (Based on excluding Foreign Banks in Japan, etc., through March 1999)",100 million yen,MONTHLY,Money Stock,20171229,198008,1993746
MAMS1ANM2C,"(discontinued)M2+CDs/Average Amounts Outstanding/(Reference) Money Stock (Based on excluding Foreign Banks in Japan, etc., through March 1999)",100 million yen,MONTHLY,Money Stock,20171229,198009,1997650
MAMS1ANM2C,"(discontinued)M2+CDs/Average Amounts Outstanding/(Reference) Money Stock (Based on excluding Foreign Banks in Japan, etc., through March 1999)",100 million yen,MONTHLY,Money Stock,20171229,198010,1986822
MAMS1ANM2C,"(discontinued)M2+CDs/Average Amounts Outstanding/(Reference) Money Stock (Based on excluding Foreign Banks in Japan, etc., through March 1999)",100 million yen,MONTHLY,Money Stock,20171229,198011,2010511
MAMS1ANM2C,"(discontinued)M2+CDs/Average Amounts Outstanding/(Reference) Money Stock (Based on excluding Foreign Banks in Japan, etc., through March 1999)",100 million yen,MONTHLY,Money Stock,20171229,198012,2082753
MAMS1ANM2C,"(discontinued)M2+CDs/Average Amounts Outstanding/(Reference) Money Stock (Based on excluding Foreign Banks in Japan, etc., through March 1999)",100 million yen,MONTHLY,Money Stock,20171229,198101,2058296
MAMS1ANM2C,"(discontinued)M2+CDs/Average Amounts Outstanding/(Reference) Money Stock (Based on excluding Foreign Banks in Japan, etc., through March 1999)",100 million yen,MONTHLY,Money Stock,20171229,198102,2048950
MAMS1ANM2C,"(discontinued)M2+CDs/Average Amounts Outstanding/(Reference) Money Stock (Based on excluding Foreign Banks in Japan, etc., through March 1999)",100 million yen,MONTHLY,Money Stock,20171229,198103,2080851
MAMS1ANM2C,"(discontinued)M2+CDs/Average Amounts Outstanding/(Reference) Money Stock (Based on excluding Foreign Banks in Japan, etc., through March 1999)",100 million yen,MONTHLY,Money Stock,20171229,198104,2113261
MAMS1ANM2C,"(discontinued)M2+CDs/Average Amounts Outstanding/(Reference) Money Stock (Based on excluding Foreign Banks in Japan, etc., through March 1999)",100 million yen,MONTHLY,Money Stock,20171229,198105,2119069
MAMS1ANM2C,"(discontinued)M2+CDs/Average Amounts Outstanding/(Reference) Money Stock (Based on excluding Foreign Banks in Japan, etc., through March 1999)",100 million yen,MONTHLY,Money Stock,20171229,198106,2157964
MAMS1ANM2C,"(discontinued)M2+CDs/Average Amounts Outstanding/(Reference) Money Stock (Based on excluding Foreign Banks in Japan, etc., through March 1999)",100 million yen,MONTHLY,Money Stock,20171229,198107,2176588
MAMS1ANM2C,"(discontinued)M2+CDs/Average Amounts Outstanding/(Reference) Money Stock (Based on excluding Foreign Banks in Japan, etc., through March 1999)",100 million yen,MONTHLY,Money Stock,20171229,198108,2185809
MAMS1ANM2C,"(discontinued)M2+CDs/Average Amounts Outstanding/(Reference) Money Stock (Based on excluding Foreign Banks in Japan, etc., through March 1999)",100 million yen,MONTHLY,Money Stock,20171229,198109,2199795
MAMS1ANM2C,"(discontinued)M2+CDs/Average Amounts Outstanding/(Reference) Money Stock (Based on excluding Foreign Banks in Japan, etc., through March 1999)",100 million yen,MONTHLY,Money Stock,20171229,198110,2200659
MAMS1ANM2C,"(discontinued)M2+CDs/Average Amounts Outstanding/(Reference) Money Stock (Based on excluding Foreign Banks in Japan, etc., through March 1999)",100 million yen,MONTHLY,Money Stock,20171229,198111,2220581
MAMS1ANM2C,"(discontinued)M2+CDs/Average Amounts Outstanding/(Reference) Money Stock (Based on excluding Foreign Banks in Japan, etc., through March 1999)",100 million yen,MONTHLY,Money Stock,20171229,198112,2301374
MAMS1ANM2C,"(discontinued)M2+CDs/Average Amounts Outstanding/(Reference) Money Stock (Based on excluding Foreign Banks in Japan, etc., through March 1999)",100 million yen,MONTHLY,Money Stock,20171229,198201,2278718
MAMS1ANM2C,"(discontinued)M2+CDs/Average Amounts Outstanding/(Reference) Money Stock (Based on excluding Foreign Banks in Japan, etc., through March 1999)",100 million yen,MONTHLY,Money Stock,20171229,198202,2266048
MAMS1ANM2C,"(discontinued)M2+CDs/Average Amounts Outstanding/(Reference) Money Stock (Based on excluding Foreign Banks in Japan, etc., through March 1999)",100 million yen,MONTHLY,Money Stock,20171229,198203,2298991
MAMS1ANM2C,"(discontinued)M2+CDs/Average Amounts Outstanding/(Reference) Money Stock (Based on excluding Foreign Banks in Japan, etc., through March 1999)",100 million yen,MONTHLY,Money Stock,20171229,198204,2310227
MAMS1ANM2C,"(discontinued)M2+CDs/Average Amounts Outstanding/(Reference) Money Stock (Based on excluding Foreign Banks in Japan, etc., through March 1999)",100 million yen,MONTHLY,Money Stock,20171229,198205,2318157
MAMS1ANM2C,"(discontinued)M2+CDs/Average Amounts Outstanding/(Reference) Money Stock (Based on excluding Foreign Banks in Japan, etc., through March 1999)",100 million yen,MONTHLY,Money Stock,20171229,198206,2348015
MAMS1ANM2C,"(discontinued)M2+CDs/Average Amounts Outstanding/(Reference) Money Stock (Based on excluding Foreign Banks in Japan, etc., through March 1999)",100 million yen,MONTHLY,Money Stock,20171229,198207,2377934
MAMS1ANM2C,"(discontinued)M2+CDs/Average Amounts Outstanding/(Reference) Money Stock (Based on excluding Foreign Banks in Japan, etc., through March 1999)",100 million yen,MONTHLY,Money Stock,20171229,198208,2382721
MAMS1ANM2C,"(discontinued)M2+CDs/Average Amounts Outstanding/(Reference) Money Stock (Based on excluding Foreign Banks in Japan, etc., through March 1999)",100 million yen,MONTHLY,Money Stock,20171229,198209,2394494
MAMS1ANM2C,"(discontinued)M2+CDs/Average Amounts Outstanding/(Reference) Money Stock (Based on excluding Foreign Banks in Japan, etc., through March 1999)",100 million yen,MONTHLY,Money Stock,20171229,198210,2383817
MAMS1ANM2C,"(discontinued)M2+CDs/Average Amounts Outstanding/(Reference) Money Stock (Based on excluding Foreign Banks in Japan, etc., through March 1999)",100 million yen,MONTHLY,Money Stock,20171229,198211,2398660
MAMS1ANM2C,"(discontinued)M2+CDs/Average Amounts Outstanding/(Reference) Money Stock (Based on excluding Foreign Banks in Japan, etc., through March 1999)",100 million yen,MONTHLY,Money Stock,20171229,198212,2482536
MAMS1ANM2C,"(discontinued)M2+CDs/Average Amounts Outstanding/(Reference) Money Stock (Based on excluding Foreign Banks in Japan, etc., through March 1999)",100 million yen,MONTHLY,Money Stock,20171229,198301,2453912
MAMS1ANM2C,"(discontinued)M2+CDs/Average Amounts Outstanding/(Reference) Money Stock (Based on excluding Foreign Banks in Japan, etc., through March 1999)",100 million yen,MONTHLY,Money Stock,20171229,198302,2434347
MAMS1ANM2C,"(discontinued)M2+CDs/Average Amounts Outstanding/(Reference) Money Stock (Based on excluding Foreign Banks in Japan, etc., through March 1999)",100 million yen,MONTHLY,Money Stock,20171229,198303,2473193
MAMS1ANM2C,"(discontinued)M2+CDs/Average Amounts Outstanding/(Reference) Money Stock (Based on excluding Foreign Banks in Japan, etc., through March 1999)",100 million yen,MONTHLY,Money Stock,20171229,198304,2485384
MAMS1ANM2C,"(discontinued)M2+CDs/Average Amounts Outstanding/(Reference) Money Stock (Based on excluding Foreign Banks in Japan, etc., through March 1999)",100 million yen,MONTHLY,Money Stock,20171229,198305,2493007
MAMS1ANM2C,"(discontinued)M2+CDs/Average Amounts Outstanding/(Reference) Money Stock (Based on excluding Foreign Banks in Japan, etc., through March 1999)",100 million yen,MONTHLY,Money Stock,20171229,198306,2528416
MAMS1ANM2C,"(discontinued)M2+CDs/Average Amounts Outstanding/(Reference) Money Stock (Based on excluding Foreign Banks in Japan, etc., through March 1999)",100 million yen,MONTHLY,Money Stock,20171229,198307,2546034
MAMS1ANM2C,"(discontinued)M2+CDs/Average Amounts Outstanding/(Reference) Money Stock (Based on excluding Foreign Banks in Japan, etc., through March 1999)",100 million yen,MONTHLY,Money Stock,20171229,198308,2547390
MAMS1ANM2C,"(discontinued)M2+CDs/Average Amounts Outstanding/(Reference) Money Stock (Based on excluding Foreign Banks in Japan, etc., through March 1999)",100 million yen,MONTHLY,Money Stock,20171229,198309,2567426
MAMS1ANM2C,"(discontinued)M2+CDs/Average Amounts Outstanding/(Reference) Money Stock (Based on excluding Foreign Banks in Japan, etc., through March 1999)",100 million yen,MONTHLY,Money Stock,20171229,198310,2555223
MAMS1ANM2C,"(discontinued)M2+CDs/Average Amounts Outstanding/(Reference) Money Stock (Based on excluding Foreign Banks in Japan, etc., through March 1999)",100 million yen,MONTHLY,Money Stock,20171229,198311,2562501
MAMS1ANM2C,"(discontinued)M2+CDs/Average Amounts Outstanding/(Reference) Money Stock (Based on excluding Foreign Banks in Japan, etc., through March 1999)",100 million yen,MONTHLY,Money Stock,20171229,198312,2669972
MAMS1ANM2C,"(discontinued)M2+CDs/Average Amounts Outstanding/(Reference) Money Stock (Based on excluding Foreign Banks in Japan, etc., through March 1999)",100 million yen,MONTHLY,Money Stock,20171229,198401,2639917
MAMS1ANM2C,"(discontinued)M2+CDs/Average Amounts Outstanding/(Reference) Money Stock (Based on excluding Foreign Banks in Japan, etc., through March 1999)",100 million yen,MONTHLY,Money Stock,20171229,198402,2624959
MAMS1ANM2C,"(discontinued)M2+CDs/Average Amounts Outstanding/(Reference) Money Stock (Based on excluding Foreign Banks in Japan, etc., through March 1999)",100 million yen,MONTHLY,Money Stock,20171229,198403,2681766
MAMS1ANM2C,"(discontinued)M2+CDs/Average Amounts Outstanding/(Reference) Money Stock (Based on excluding Foreign Banks in Japan, etc., through March 1999)",100 million yen,MONTHLY,Money Stock,20171229,198404,2675809
MAMS1ANM2C,"(discontinued)M2+CDs/Average Amounts Outstanding/(Reference) Money Stock (Based on excluding Foreign Banks in Japan, etc., through March 1999)",100 million yen,MONTHLY,Money Stock,20171229,198405,2681262
MAMS1ANM2C,"(discontinued)M2+CDs/Average Amounts Outstanding/(Reference) Money Stock (Based on excluding Foreign Banks in Japan, etc., through March 1999)",100 million yen,MONTHLY,Money Stock,20171229,198406,2717557
MAMS1ANM2C,"(discontinued)M2+CDs/Average Amounts Outstanding/(Reference) Money Stock (Based on excluding Foreign Banks in Japan, etc., through March 1999)",100 million yen,MONTHLY,Money Stock,20171229,198407,2741773
MAMS1ANM2C,"(discontinued)M2+CDs/Average Amounts Outstanding/(Reference) Money Stock (Based on excluding Foreign Banks in Japan, etc., through March 1999)",100 million yen,MONTHLY,Money Stock,20171229,198408,2744612
MAMS1ANM2C,"(discontinued)M2+CDs/Average Amounts Outstanding/(Reference) Money Stock (Based on excluding Foreign Banks in Japan, etc., through March 1999)",100 million yen,MONTHLY,Money Stock,20171229,198409,2774550
MAMS1ANM2C,"(discontinued)M2+CDs/Average Amounts Outstanding/(Reference) Money Stock (Based on excluding Foreign Banks in Japan, etc., through March 1999)",100 million yen,MONTHLY,Money Stock,20171229,198410,2752604
MAMS1ANM2C,"(discontinued)M2+CDs/Average Amounts Outstanding/(Reference) Money Stock (Based on excluding Foreign Banks in Japan, etc., through March 1999)",100 million yen,MONTHLY,Money Stock,20171229,198411,2771212
MAMS1ANM2C,"(discontinued)M2+CDs/Average Amounts Outstanding/(Reference) Money Stock (Based on excluding Foreign Banks in Japan, etc., through March 1999)",100 million yen,MONTHLY,Money Stock,20171229,198412,2877186
MAMS1ANM2C,"(discontinued)M2+CDs/Average Amounts Outstanding/(Reference) Money Stock (Based on excluding Foreign Banks in Japan, etc., through March 1999)",100 million yen,MONTHLY,Money Stock,20171229,198501,2848496
MAMS1ANM2C,"(discontinued)M2+CDs/Average Amounts Outstanding/(Reference) Money Stock (Based on excluding Foreign Banks in Japan, etc., through March 1999)",100 million yen,MONTHLY,Money Stock,20171229,198502,2833112
MAMS1ANM2C,"(discontinued)M2+CDs/Average Amounts Outstanding/(Reference) Money Stock (Based on excluding Foreign Banks in Japan, etc., through March 1999)",100 million yen,MONTHLY,Money Stock,20171229,198503,2894160
MAMS1ANM2C,"(discontinued)M2+CDs/Average Amounts Outstanding/(Reference) Money Stock (Based on excluding Foreign Banks in Japan, etc., through March 1999)",100 million yen,MONTHLY,Money Stock,20171229,198504,2901701
MAMS1ANM2C,"(discontinued)M2+CDs/Average Amounts Outstanding/(Reference) Money Stock (Based on excluding Foreign Banks in Japan, etc., through March 1999)",100 million yen,MONTHLY,Money Stock,20171229,198505,2904829
MAMS1ANM2C,"(discontinued)M2+CDs/Average Amounts Outstanding/(Reference) Money Stock (Based on excluding Foreign Banks in Japan, etc., through March 1999)",100 million yen,MONTHLY,Money Stock,20171229,198506,2940463
MAMS1ANM2C,"(discontinued)M2+CDs/Average Amounts Outstanding/(Reference) Money Stock (Based on excluding Foreign Banks in Japan, etc., through March 1999)",100 million yen,MONTHLY,Money Stock,20171229,198507,2967923
MAMS1ANM2C,"(discontinued)M2+CDs/Average Amounts Outstanding/(Reference) Money Stock (Based on excluding Foreign Banks in Japan, etc., through March 1999)",100 million yen,MONTHLY,Money Stock,20171229,198508,2971553
MAMS1ANM2C,"(discontinued)M2+CDs/Average Amounts Outstanding/(Reference) Money Stock (Based on excluding Foreign Banks in Japan, etc., through March 1999)",100 million yen,MONTHLY,Money Stock,20171229,198509,3003454
MAMS1ANM2C,"(discontinued)M2+CDs/Average Amounts Outstanding/(Reference) Money Stock (Based on excluding Foreign Banks in Japan, etc., through March 1999)",100 million yen,MONTHLY,Money Stock,20171229,198510,2990401
MAMS1ANM2C,"(discontinued)M2+CDs/Average Amounts Outstanding/(Reference) Money Stock (Based on excluding Foreign Banks in Japan, etc., through March 1999)",100 million yen,MONTHLY,Money Stock,20171229,198511,3022431
MAMS1ANM2C,"(discontinued)M2+CDs/Average Amounts Outstanding/(Reference) Money Stock (Based on excluding Foreign Banks in Japan, etc., through March 1999)",100 million yen,MONTHLY,Money Stock,20171229,198512,3143405
MAMS1ANM2C,"(discontinued)M2+CDs/Average Amounts Outstanding/(Reference) Money Stock (Based on excluding Foreign Banks in Japan, etc., through March 1999)",100 million yen,MONTHLY,Money Stock,20171229,198601,3106089
MAMS1ANM2C,"(discontinued)M2+CDs/Average Amounts Outstanding/(Reference) Money Stock (Based on excluding Foreign Banks in Japan, etc., through March 1999)",100 million yen,MONTHLY,Money Stock,20171229,198602,3088542
MAMS1ANM2C,"(discontinued)M2+CDs/Average Amounts Outstanding/(Reference) Money Stock (Based on excluding Foreign Banks in Japan, etc., through March 1999)",100 million yen,MONTHLY,Money Stock,20171229,198603,3153323
MAMS1ANM2C,"(discontinued)M2+CDs/Average Amounts Outstanding/(Reference) Money Stock (Based on excluding Foreign Banks in Japan, etc., through March 1999)",100 million yen,MONTHLY,Money Stock,20171229,198604,3146809
MAMS1ANM2C,"(discontinued)M2+CDs/Average Amounts Outstanding/(Reference) Money Stock (Based on excluding Foreign Banks in Japan, etc., through March 1999)",100 million yen,MONTHLY,Money Stock,20171229,198605,3149702
MAMS1ANM2C,"(discontinued)M2+CDs/Average Amounts Outstanding/(Reference) Money Stock (Based on excluding Foreign Banks in Japan, etc., through March 1999)",100 million yen,MONTHLY,Money Stock,20171229,198606,3190851
MAMS1ANM2C,"(discontinued)M2+CDs/Average Amounts Outstanding/(Reference) Money Stock (Based on excluding Foreign Banks in Japan, etc., through March 1999)",100 million yen,MONTHLY,Money Stock,20171229,198607,3227010
MAMS1ANM2C,"(discontinued)M2+CDs/Average Amounts Outstanding/(Reference) Money Stock (Based on excluding Foreign Banks in Japan, etc., through March 1999)",100 million yen,MONTHLY,Money Stock,20171229,198608,3235672
MAMS1ANM2C,"(discontinued)M2+CDs/Average Amounts Outstanding/(Reference) Money Stock (Based on excluding Foreign Banks in Japan, etc., through March 1999)",100 million yen,MONTHLY,Money Stock,20171229,198609,3269850
MAMS1ANM2C,"(discontinued)M2+CDs/Average Amounts Outstanding/(Reference) Money Stock (Based on excluding Foreign Banks in Japan, etc., through March 1999)",100 million yen,MONTHLY,Money Stock,20171229,198610,3245749
MAMS1ANM2C,"(discontinued)M2+CDs/Average Amounts Outstanding/(Reference) Money Stock (Based on excluding Foreign Banks in Japan, etc., through March 1999)",100 million yen,MONTHLY,Money Stock,20171229,198611,3274656
MAMS1ANM2C,"(discontinued)M2+CDs/Average Amounts Outstanding/(Reference) Money Stock (Based on excluding Foreign Banks in Japan, etc., through March 1999)",100 million yen,MONTHLY,Money Stock,20171229,198612,3399629
MAMS1ANM2C,"(discontinued)M2+CDs/Average Amounts Outstanding/(Reference) Money Stock (Based on excluding Foreign Banks in Japan, etc., through March 1999)",100 million yen,MONTHLY,Money Stock,20171229,198701,3374472
MAMS1ANM2C,"(discontinued)M2+CDs/Average Amounts Outstanding/(Reference) Money Stock (Based on excluding Foreign Banks in Japan, etc., through March 1999)",100 million yen,MONTHLY,Money Stock,20171229,198702,3360153
MAMS1ANM2C,"(discontinued)M2+CDs/Average Amounts Outstanding/(Reference) Money Stock (Based on excluding Foreign Banks in Japan, etc., through March 1999)",100 million yen,MONTHLY,Money Stock,20171229,198703,3436531
MAMS1ANM2C,"(discontinued)M2+CDs/Average Amounts Outstanding/(Reference) Money Stock (Based on excluding Foreign Banks in Japan, etc., through March 1999)",100 million yen,MONTHLY,Money Stock,20171229,198704,3455313
MAMS1ANM2C,"(discontinued)M2+CDs/Average Amounts Outstanding/(Reference) Money Stock (Based on excluding Foreign Banks in Japan, etc., through March 1999)",100 million yen,MONTHLY,Money Stock,20171229,198705,3470926
MAMS1ANM2C,"(discontinued)M2+CDs/Average Amounts Outstanding/(Reference) Money Stock (Based on excluding Foreign Banks in Japan, etc., through March 1999)",100 million yen,MONTHLY,Money Stock,20171229,198706,3510830
MAMS1ANM2C,"(discontinued)M2+CDs/Average Amounts Outstanding/(Reference) Money Stock (Based on excluding Foreign Banks in Japan, etc., through March 1999)",100 million yen,MONTHLY,Money Stock,20171229,198707,3560916
MAMS1ANM2C,"(discontinued)M2+CDs/Average Amounts Outstanding/(Reference) Money Stock (Based on excluding Foreign Banks in Japan, etc., through March 1999)",100 million yen,MONTHLY,Money Stock,20171229,198708,3590790
MAMS1ANM2C,"(discontinued)M2+CDs/Average Amounts Outstanding/(Reference) Money Stock (Based on excluding Foreign Banks in Japan, etc., through March 1999)",100 million yen,MONTHLY,Money Stock,20171229,198709,3631723
MAMS1ANM2C,"(discontinued)M2+CDs/Average Amounts Outstanding/(Reference) Money Stock (Based on excluding Foreign Banks in Japan, etc., through March 1999)",100 million yen,MONTHLY,Money Stock,20171229,198710,3624490
MAMS1ANM2C,"(discontinued)M2+CDs/Average Amounts Outstanding/(Reference) Money Stock (Based on excluding Foreign Banks in Japan, etc., through March 1999)",100 million yen,MONTHLY,Money Stock,20171229,198711,3679246
MAMS1ANM2C,"(discontinued)M2+CDs/Average Amounts Outstanding/(Reference) Money Stock (Based on excluding Foreign Banks in Japan, etc., through March 1999)",100 million yen,MONTHLY,Money Stock,20171229,198712,3788981
MAMS1ANM2C,"(discontinued)M2+CDs/Average Amounts Outstanding/(Reference) Money Stock (Based on excluding Foreign Banks in Japan, etc., through March 1999)",100 million yen,MONTHLY,Money Stock,20171229,198801,3777322
MAMS1ANM2C,"(discontinued)M2+CDs/Average Amounts Outstanding/(Reference) Money Stock (Based on excluding Foreign Banks in Japan, etc., through March 1999)",100 million yen,MONTHLY,Money Stock,20171229,198802,3778383
MAMS1ANM2C,"(discontinued)M2+CDs/Average Amounts Outstanding/(Reference) Money Stock (Based on excluding Foreign Banks in Japan, etc., through March 1999)",100 million yen,MONTHLY,Money Stock,20171229,198803,3841227
MAMS1ANM2C,"(discontinued)M2+CDs/Average Amounts Outstanding/(Reference) Money Stock (Based on excluding Foreign Banks in Japan, etc., through March 1999)",100 million yen,MONTHLY,Money Stock,20171229,198804,3847226
MAMS1ANM2C,"(discontinued)M2+CDs/Average Amounts Outstanding/(Reference) Money Stock (Based on excluding Foreign Banks in Japan, etc., through March 1999)",100 million yen,MONTHLY,Money Stock,20171229,198805,3867994
MAMS1ANM2C,"(discontinued)M2+CDs/Average Amounts Outstanding/(Reference) Money Stock (Based on excluding Foreign Banks in Japan, etc., through March 1999)",100 million yen,MONTHLY,Money Stock,20171229,198806,3902133
MAMS1ANM2C,"(discontinued)M2+CDs/Average Amounts Outstanding/(Reference) Money Stock (Based on excluding Foreign Banks in Japan, etc., through March 1999)",100 million yen,MONTHLY,Money Stock,20171229,198807,3957635
MAMS1ANM2C,"(discontinued)M2+CDs/Average Amounts Outstanding/(Reference) Money Stock (Based on excluding Foreign Banks in Japan, etc., through March 1999)",100 million yen,MONTHLY,Money Stock,20171229,198808,3983298
MAMS1ANM2C,"(discontinued)M2+CDs/Average Amounts Outstanding/(Reference) Money Stock (Based on excluding Foreign Banks in Japan, etc., through March 1999)",100 million yen,MONTHLY,Money Stock,20171229,198809,4017539
MAMS1ANM2C,"(discontinued)M2+CDs/Average Amounts Outstanding/(Reference) Money Stock (Based on excluding Foreign Banks in Japan, etc., through March 1999)",100 million yen,MONTHLY,Money Stock,20171229,198810,4024016
MAMS1ANM2C,"(discontinued)M2+CDs/Average Amounts Outstanding/(Reference) Money Stock (Based on excluding Foreign Banks in Japan, etc., through March 1999)",100 million yen,MONTHLY,Money Stock,20171229,198811,4059661
MAMS1ANM2C,"(discontinued)M2+CDs/Average Amounts Outstanding/(Reference) Money Stock (Based on excluding Foreign Banks in Japan, etc., through March 1999)",100 million yen,MONTHLY,Money Stock,20171229,198812,4183586
MAMS1ANM2C,"(discontinued)M2+CDs/Average Amounts Outstanding/(Reference) Money Stock (Based on excluding Foreign Banks in Japan, etc., through March 1999)",100 million yen,MONTHLY,Money Stock,20171229,198901,4155842
MAMS1ANM2C,"(discontinued)M2+CDs/Average Amounts Outstanding/(Reference) Money Stock (Based on excluding Foreign Banks in Japan, etc., through March 1999)",100 million yen,MONTHLY,Money Stock,20171229,198902,4173150
MAMS1ANM2C,"(discontinued)M2+CDs/Average Amounts Outstanding/(Reference) Money Stock (Based on excluding Foreign Banks in Japan, etc., through March 1999)",100 million yen,MONTHLY,Money Stock,20171229,198903,4238439
MAMS1ANM2C,"(discontinued)M2+CDs/Average Amounts Outstanding/(Reference) Money Stock (Based on excluding Foreign Banks in Japan, etc., through March 1999)",100 million yen,MONTHLY,Money Stock,20171229,198904,4240993
MAMS1ANM2C,"(discontinued)M2+CDs/Average Amounts Outstanding/(Reference) Money Stock (Based on excluding Foreign Banks in Japan, etc., through March 1999)",100 million yen,MONTHLY,Money Stock,20171229,198905,4231214
MAMS1ANM2C,"(discontinued)M2+CDs/Average Amounts Outstanding/(Reference) Money Stock (Based on excluding Foreign Banks in Japan, etc., through March 1999)",100 million yen,MONTHLY,Money Stock,20171229,198906,4268553
MAMS1ANM2C,"(discontinued)M2+CDs/Average Amounts Outstanding/(Reference) Money Stock (Based on excluding Foreign Banks in Japan, etc., through March 1999)",100 million yen,MONTHLY,Money Stock,20171229,198907,4345989
MAMS1ANM2C,"(discontinued)M2+CDs/Average Amounts Outstanding/(Reference) Money Stock (Based on excluding Foreign Banks in Japan, etc., through March 1999)",100 million yen,MONTHLY,Money Stock,20171229,198908,4366927
MAMS1ANM2C,"(discontinued)M2+CDs/Average Amounts Outstanding/(Reference) Money Stock (Based on excluding Foreign Banks in Japan, etc., through March 1999)",100 million yen,MONTHLY,Money Stock,20171229,198909,4402627
MAMS1ANM2C,"(discontinued)M2+CDs/Average Amounts Outstanding/(Reference) Money Stock (Based on excluding Foreign Banks in Japan, etc., through March 1999)",100 million yen,MONTHLY,Money Stock,20171229,198910,4408424
MAMS1ANM2C,"(discontinued)M2+CDs/Average Amounts Outstanding/(Reference) Money Stock (Based on excluding Foreign Banks in Japan, etc., through March 1999)",100 million yen,MONTHLY,Money Stock,20171229,198911,4460570
MAMS1ANM2C,"(discontinued)M2+CDs/Average Amounts Outstanding/(Reference) Money Stock (Based on excluding Foreign Banks in Japan, etc., through March 1999)",100 million yen,MONTHLY,Money Stock,20171229,198912,4627790
MAMS1ANM2C,"(discontinued)M2+CDs/Average Amounts Outstanding/(Reference) Money Stock (Based on excluding Foreign Banks in Japan, etc., through March 1999)",100 million yen,MONTHLY,Money Stock,20171229,199001,4635014
MAMS1ANM2C,"(discontinued)M2+CDs/Average Amounts Outstanding/(Reference) Money Stock (Based on excluding Foreign Banks in Japan, etc., through March 1999)",100 million yen,MONTHLY,Money Stock,20171229,199002,4667345
MAMS1ANM2C,"(discontinued)M2+CDs/Average Amounts Outstanding/(Reference) Money Stock (Based on excluding Foreign Banks in Japan, etc., through March 1999)",100 million yen,MONTHLY,Money Stock,20171229,199003,4730830
MAMS1ANM2C,"(discontinued)M2+CDs/Average Amounts Outstanding/(Reference) Money Stock (Based on excluding Foreign Banks in Japan, etc., through March 1999)",100 million yen,MONTHLY,Money Stock,20171229,199004,4801061
MAMS1ANM2C,"(discontinued)M2+CDs/Average Amounts Outstanding/(Reference) Money Stock (Based on excluding Foreign Banks in Japan, etc., through March 1999)",100 million yen,MONTHLY,Money Stock,20171229,199005,4790095
MAMS1ANM2C,"(discontinued)M2+CDs/Average Amounts Outstanding/(Reference) Money Stock (Based on excluding Foreign Banks in Japan, etc., through March 1999)",100 million yen,MONTHLY,Money Stock,20171229,199006,4805089
MAMS1ANM2C,"(discontinued)M2+CDs/Average Amounts Outstanding/(Reference) Money Stock (Based on excluding Foreign Banks in Japan, etc., through March 1999)",100 million yen,MONTHLY,Money Stock,20171229,199007,4876335
MAMS1ANM2C,"(discontinued)M2+CDs/Average Amounts Outstanding/(Reference) Money Stock (Based on excluding Foreign Banks in Japan, etc., through March 1999)",100 million yen,MONTHLY,Money Stock,20171229,199008,4886619
MAMS1ANM2C,"(discontinued)M2+CDs/Average Amounts Outstanding/(Reference) Money Stock (Based on excluding Foreign Banks in Japan, etc., through March 1999)",100 million yen,MONTHLY,Money Stock,20171229,199009,4930512
MAMS1ANM2C,"(discontinued)M2+CDs/Average Amounts Outstanding/(Reference) Money Stock (Based on excluding Foreign Banks in Japan, etc., through March 1999)",100 million yen,MONTHLY,Money Stock,20171229,199010,4928423
MAMS1ANM2C,"(discontinued)M2+CDs/Average Amounts Outstanding/(Reference) Money Stock (Based on excluding Foreign Banks in Japan, etc., through March 1999)",100 million yen,MONTHLY,Money Stock,20171229,199011,4900824
MAMS1ANM2C,"(discontinued)M2+CDs/Average Amounts Outstanding/(Reference) Money Stock (Based on excluding Foreign Banks in Japan, etc., through March 1999)",100 million yen,MONTHLY,Money Stock,20171229,199012,5022086
MAMS1ANM2C,"(discontinued)M2+CDs/Average Amounts Outstanding/(Reference) Money Stock (Based on excluding Foreign Banks in Japan, etc., through March 1999)",100 million yen,MONTHLY,Money Stock,20171229,199101,4978914
MAMS1ANM2C,"(discontinued)M2+CDs/Average Amounts Outstanding/(Reference) Money Stock (Based on excluding Foreign Banks in Japan, etc., through March 1999)",100 million yen,MONTHLY,Money Stock,20171229,199102,4926178
MAMS1ANM2C,"(discontinued)M2+CDs/Average Amounts Outstanding/(Reference) Money Stock (Based on excluding Foreign Banks in Japan, etc., through March 1999)",100 million yen,MONTHLY,Money Stock,20171229,199103,4970366
MAMS1ANM2C,"(discontinued)M2+CDs/Average Amounts Outstanding/(Reference) Money Stock (Based on excluding Foreign Banks in Japan, etc., through March 1999)",100 million yen,MONTHLY,Money Stock,20171229,199104,4985533
MAMS1ANM2C,"(discontinued)M2+CDs/Average Amounts Outstanding/(Reference) Money Stock (Based on excluding Foreign Banks in Japan, etc., through March 1999)",100 million yen,MONTHLY,Money Stock,20171229,199105,4962597
MAMS1ANM2C,"(discontinued)M2+CDs/Average Amounts Outstanding/(Reference) Money Stock (Based on excluding Foreign Banks in Japan, etc., through March 1999)",100 million yen,MONTHLY,Money Stock,20171229,199106,4983634
MAMS1ANM2C,"(discontinued)M2+CDs/Average Amounts Outstanding/(Reference) Money Stock (Based on excluding Foreign Banks in Japan, etc., through March 1999)",100 million yen,MONTHLY,Money Stock,20171229,199107,5040024
MAMS1ANM2C,"(discontinued)M2+CDs/Average Amounts Outstanding/(Reference) Money Stock (Based on excluding Foreign Banks in Japan, etc., through March 1999)",100 million yen,MONTHLY,Money Stock,20171229,199108,5020817
MAMS1ANM2C,"(discontinued)M2+CDs/Average Amounts Outstanding/(Reference) Money Stock (Based on excluding Foreign Banks in Japan, etc., through March 1999)",100 million yen,MONTHLY,Money Stock,20171229,199109,5041125
MAMS1ANM2C,"(discontinued)M2+CDs/Average Amounts Outstanding/(Reference) Money Stock (Based on excluding Foreign Banks in Japan, etc., through March 1999)",100 million yen,MONTHLY,Money Stock,20171229,199110,5031895
MAMS1ANM2C,"(discontinued)M2+CDs/Average Amounts Outstanding/(Reference) Money Stock (Based on excluding Foreign Banks in Japan, etc., through March 1999)",100 million yen,MONTHLY,Money Stock,20171229,199111,5018666
MAMS1ANM2C,"(discontinued)M2+CDs/Average Amounts Outstanding/(Reference) Money Stock (Based on excluding Foreign Banks in Japan, etc., through March 1999)",100 million yen,MONTHLY,Money Stock,20171229,199112,5122051
MAMS1ANM2C,"(discontinued)M2+CDs/Average Amounts Outstanding/(Reference) Money Stock (Based on excluding Foreign Banks in Japan, etc., through March 1999)",100 million yen,MONTHLY,Money Stock,20171229,199201,5069555
MAMS1ANM2C,"(discontinued)M2+CDs/Average Amounts Outstanding/(Reference) Money Stock (Based on excluding Foreign Banks in Japan, etc., through March 1999)",100 million yen,MONTHLY,Money Stock,20171229,199202,5004632
MAMS1ANM2C,"(discontinued)M2+CDs/Average Amounts Outstanding/(Reference) Money Stock (Based on excluding Foreign Banks in Japan, etc., through March 1999)",100 million yen,MONTHLY,Money Stock,20171229,199203,5057976
MAMS1ANM2C,"(discontinued)M2+CDs/Average Amounts Outstanding/(Reference) Money Stock (Based on excluding Foreign Banks in Japan, etc., through March 1999)",100 million yen,MONTHLY,Money Stock,20171229,199204,5063356
MAMS1ANM2C,"(discontinued)M2+CDs/Average Amounts Outstanding/(Reference) Money Stock (Based on excluding Foreign Banks in Japan, etc., through March 1999)",100 million yen,MONTHLY,Money Stock,20171229,199205,5017338
MAMS1ANM2C,"(discontinued)M2+CDs/Average Amounts Outstanding/(Reference) Money Stock (Based on excluding Foreign Banks in Japan, etc., through March 1999)",100 million yen,MONTHLY,Money Stock,20171229,199206,5030318
MAMS1ANM2C,"(discontinued)M2+CDs/Average Amounts Outstanding/(Reference) Money Stock (Based on excluding Foreign Banks in Japan, etc., through March 1999)",100 million yen,MONTHLY,Money Stock,20171229,199207,5048854
MAMS1ANM2C,"(discontinued)M2+CDs/Average Amounts Outstanding/(Reference) Money Stock (Based on excluding Foreign Banks in Japan, etc., through March 1999)",100 million yen,MONTHLY,Money Stock,20171229,199208,5037325
MAMS1ANM2C,"(discontinued)M2+CDs/Average Amounts Outstanding/(Reference) Money Stock (Based on excluding Foreign Banks in Japan, etc., through March 1999)",100 million yen,MONTHLY,Money Stock,20171229,199209,5015117
MAMS1ANM2C,"(discontinued)M2+CDs/Average Amounts Outstanding/(Reference) Money Stock (Based on excluding Foreign Banks in Japan, etc., through March 1999)",100 million yen,MONTHLY,Money Stock,20171229,199210,5001591
MAMS1ANM2C,"(discontinued)M2+CDs/Average Amounts Outstanding/(Reference) Money Stock (Based on excluding Foreign Banks in Japan, etc., through March 1999)",100 million yen,MONTHLY,Money Stock,20171229,199211,4989166
MAMS1ANM2C,"(discontinued)M2+CDs/Average Amounts Outstanding/(Reference) Money Stock (Based on excluding Foreign Banks in Japan, etc., through March 1999)",100 million yen,MONTHLY,Money Stock,20171229,199212,5099669
MAMS1ANM2C,"(discontinued)M2+CDs/Average Amounts Outstanding/(Reference) Money Stock (Based on excluding Foreign Banks in Japan, etc., through March 1999)",100 million yen,MONTHLY,Money Stock,20171229,199301,5055340
MAMS1ANM2C,"(discontinued)M2+CDs/Average Amounts Outstanding/(Reference) Money Stock (Based on excluding Foreign Banks in Japan, etc., through March 1999)",100 million yen,MONTHLY,Money Stock,20171229,199302,5011162
MAMS1ANM2C,"(discontinued)M2+CDs/Average Amounts Outstanding/(Reference) Money Stock (Based on excluding Foreign Banks in Japan, etc., through March 1999)",100 million yen,MONTHLY,Money Stock,20171229,199303,5038006
MAMS1ANM2C,"(discontinued)M2+CDs/Average Amounts Outstanding/(Reference) Money Stock (Based on excluding Foreign Banks in Japan, etc., through March 1999)",100 million yen,MONTHLY,Money Stock,20171229,199304,5089591
MAMS1ANM2C,"(discontinued)M2+CDs/Average Amounts Outstanding/(Reference) Money Stock (Based on excluding Foreign Banks in Japan, etc., through March 1999)",100 million yen,MONTHLY,Money Stock,20171229,199305,5092240
MAMS1ANM2C,"(discontinued)M2+CDs/Average Amounts Outstanding/(Reference) Money Stock (Based on excluding Foreign Banks in Japan, etc., through March 1999)",100 million yen,MONTHLY,Money Stock,20171229,199306,5101670
MAMS1ANM2C,"(discontinued)M2+CDs/Average Amounts Outstanding/(Reference) Money Stock (Based on excluding Foreign Banks in Japan, etc., through March 1999)",100 million yen,MONTHLY,Money Stock,20171229,199307,5128933
MAMS1ANM2C,"(discontinued)M2+CDs/Average Amounts Outstanding/(Reference) Money Stock (Based on excluding Foreign Banks in Japan, etc., through March 1999)",100 million yen,MONTHLY,Money Stock,20171229,199308,5122667
MAMS1ANM2C,"(discontinued)M2+CDs/Average Amounts Outstanding/(Reference) Money Stock (Based on excluding Foreign Banks in Japan, etc., through March 1999)",100 million yen,MONTHLY,Money Stock,20171229,199309,5109822
MAMS1ANM2C,"(discontinued)M2+CDs/Average Amounts Outstanding/(Reference) Money Stock (Based on excluding Foreign Banks in Japan, etc., through March 1999)",100 million yen,MONTHLY,Money Stock,20171229,199310,5093212
MAMS1ANM2C,"(discontinued)M2+CDs/Average Amounts Outstanding/(Reference) Money Stock (Based on excluding Foreign Banks in Japan, etc., through March 1999)",100 million yen,MONTHLY,Money Stock,20171229,199311,5065904
MAMS1ANM2C,"(discontinued)M2+CDs/Average Amounts Outstanding/(Reference) Money Stock (Based on excluding Foreign Banks in Japan, etc., through March 1999)",100 million yen,MONTHLY,Money Stock,20171229,199312,5168899
MAMS1ANM2C,"(discontinued)M2+CDs/Average Amounts Outstanding/(Reference) Money Stock (Based on excluding Foreign Banks in Japan, etc., through March 1999)",100 million yen,MONTHLY,Money Stock,20171229,199401,5134530
MAMS1ANM2C,"(discontinued)M2+CDs/Average Amounts Outstanding/(Reference) Money Stock (Based on excluding Foreign Banks in Japan, etc., through March 1999)",100 million yen,MONTHLY,Money Stock,20171229,199402,5087514
MAMS1ANM2C,"(discontinued)M2+CDs/Average Amounts Outstanding/(Reference) Money Stock (Based on excluding Foreign Banks in Japan, etc., through March 1999)",100 million yen,MONTHLY,Money Stock,20171229,199403,5136186
MAMS1ANM2C,"(discontinued)M2+CDs/Average Amounts Outstanding/(Reference) Money Stock (Based on excluding Foreign Banks in Japan, etc., through March 1999)",100 million yen,MONTHLY,Money Stock,20171229,199404,5199297
MAMS1ANM2C,"(discontinued)M2+CDs/Average Amounts Outstanding/(Reference) Money Stock (Based on excluding Foreign Banks in Japan, etc., through March 1999)",100 million yen,MONTHLY,Money Stock,20171229,199405,5177940
MAMS1ANM2C,"(discontinued)M2+CDs/Average Amounts Outstanding/(Reference) Money Stock (Based on excluding Foreign Banks in Japan, etc., through March 1999)",100 million yen,MONTHLY,Money Stock,20171229,199406,5177226
MAMS1ANM2C,"(discontinued)M2+CDs/Average Amounts Outstanding/(Reference) Money Stock (Based on excluding Foreign Banks in Japan, etc., through March 1999)",100 million yen,MONTHLY,Money Stock,20171229,199407,5229531
MAMS1ANM2C,"(discontinued)M2+CDs/Average Amounts Outstanding/(Reference) Money Stock (Based on excluding Foreign Banks in Japan, etc., through March 1999)",100 million yen,MONTHLY,Money Stock,20171229,199408,5220963
MAMS1ANM2C,"(discontinued)M2+CDs/Average Amounts Outstanding/(Reference) Money Stock (Based on excluding Foreign Banks in Japan, etc., through March 1999)",100 million yen,MONTHLY,Money Stock,20171229,199409,5229133
MAMS1ANM2C,"(discontinued)M2+CDs/Average Amounts Outstanding/(Reference) Money Stock (Based on excluding Foreign Banks in Japan, etc., through March 1999)",100 million yen,MONTHLY,Money Stock,20171229,199410,5216164
MAMS1ANM2C,"(discontinued)M2+CDs/Average Amounts Outstanding/(Reference) Money Stock (Based on excluding Foreign Banks in Japan, etc., through March 1999)",100 million yen,MONTHLY,Money Stock,20171229,199411,5202999
MAMS1ANM2C,"(discontinued)M2+CDs/Average Amounts Outstanding/(Reference) Money Stock (Based on excluding Foreign Banks in Japan, etc., through March 1999)",100 million yen,MONTHLY,Money Stock,20171229,199412,5319064
MAMS1ANM2C,"(discontinued)M2+CDs/Average Amounts Outstanding/(Reference) Money Stock (Based on excluding Foreign Banks in Japan, etc., through March 1999)",100 million yen,MONTHLY,Money Stock,20171229,199501,5293718
MAMS1ANM2C,"(discontinued)M2+CDs/Average Amounts Outstanding/(Reference) Money Stock (Based on excluding Foreign Banks in Japan, etc., through March 1999)",100 million yen,MONTHLY,Money Stock,20171229,199502,5268359
MAMS1ANM2C,"(discontinued)M2+CDs/Average Amounts Outstanding/(Reference) Money Stock (Based on excluding Foreign Banks in Japan, etc., through March 1999)",100 million yen,MONTHLY,Money Stock,20171229,199503,5317307
MAMS1ANM2C,"(discontinued)M2+CDs/Average Amounts Outstanding/(Reference) Money Stock (Based on excluding Foreign Banks in Japan, etc., through March 1999)",100 million yen,MONTHLY,Money Stock,20171229,199504,5359432
MAMS1ANM2C,"(discontinued)M2+CDs/Average Amounts Outstanding/(Reference) Money Stock (Based on excluding Foreign Banks in Japan, etc., through March 1999)",100 million yen,MONTHLY,Money Stock,20171229,199505,5337038
MAMS1ANM2C,"(discontinued)M2+CDs/Average Amounts Outstanding/(Reference) Money Stock (Based on excluding Foreign Banks in Japan, etc., through March 1999)",100 million yen,MONTHLY,Money Stock,20171229,199506,5339064
MAMS1ANM2C,"(discontinued)M2+CDs/Average Amounts Outstanding/(Reference) Money Stock (Based on excluding Foreign Banks in Japan, etc., through March 1999)",100 million yen,MONTHLY,Money Stock,20171229,199507,5371342
MAMS1ANM2C,"(discontinued)M2+CDs/Average Amounts Outstanding/(Reference) Money Stock (Based on excluding Foreign Banks in Japan, etc., through March 1999)",100 million yen,MONTHLY,Money Stock,20171229,199508,5359924
MAMS1ANM2C,"(discontinued)M2+CDs/Average Amounts Outstanding/(Reference) Money Stock (Based on excluding Foreign Banks in Japan, etc., through March 1999)",100 million yen,MONTHLY,Money Stock,20171229,199509,5364009
MAMS1ANM2C,"(discontinued)M2+CDs/Average Amounts Outstanding/(Reference) Money Stock (Based on excluding Foreign Banks in Japan, etc., through March 1999)",100 million yen,MONTHLY,Money Stock,20171229,199510,5342937
MAMS1ANM2C,"(discontinued)M2+CDs/Average Amounts Outstanding/(Reference) Money Stock (Based on excluding Foreign Banks in Japan, etc., through March 1999)",100 million yen,MONTHLY,Money Stock,20171229,199511,5375362
MAMS1ANM2C,"(discontinued)M2+CDs/Average Amounts Outstanding/(Reference) Money Stock (Based on excluding Foreign Banks in Japan, etc., through March 1999)",100 million yen,MONTHLY,Money Stock,20171229,199512,5487916
MAMS1ANM2C,"(discontinued)M2+CDs/Average Amounts Outstanding/(Reference) Money Stock (Based on excluding Foreign Banks in Japan, etc., through March 1999)",100 million yen,MONTHLY,Money Stock,20171229,199601,5458308
MAMS1ANM2C,"(discontinued)M2+CDs/Average Amounts Outstanding/(Reference) Money Stock (Based on excluding Foreign Banks in Japan, etc., through March 1999)",100 million yen,MONTHLY,Money Stock,20171229,199602,5414596
MAMS1ANM2C,"(discontinued)M2+CDs/Average Amounts Outstanding/(Reference) Money Stock (Based on excluding Foreign Banks in Japan, etc., through March 1999)",100 million yen,MONTHLY,Money Stock,20171229,199603,5477538
MAMS1ANM2C,"(discontinued)M2+CDs/Average Amounts Outstanding/(Reference) Money Stock (Based on excluding Foreign Banks in Japan, etc., through March 1999)",100 million yen,MONTHLY,Money Stock,20171229,199604,5509927
MAMS1ANM2C,"(discontinued)M2+CDs/Average Amounts Outstanding/(Reference) Money Stock (Based on excluding Foreign Banks in Japan, etc., through March 1999)",100 million yen,MONTHLY,Money Stock,20171229,199605,5508970
MAMS1ANM2C,"(discontinued)M2+CDs/Average Amounts Outstanding/(Reference) Money Stock (Based on excluding Foreign Banks in Japan, etc., through March 1999)",100 million yen,MONTHLY,Money Stock,20171229,199606,5538023
MAMS1ANM2C,"(discontinued)M2+CDs/Average Amounts Outstanding/(Reference) Money Stock (Based on excluding Foreign Banks in Japan, etc., through March 1999)",100 million yen,MONTHLY,Money Stock,20171229,199607,5567904
MAMS1ANM2C,"(discontinued)M2+CDs/Average Amounts Outstanding/(Reference) Money Stock (Based on excluding Foreign Banks in Japan, etc., through March 1999)",100 million yen,MONTHLY,Money Stock,20171229,199608,5558623
MAMS1ANM2C,"(discontinued)M2+CDs/Average Amounts Outstanding/(Reference) Money Stock (Based on excluding Foreign Banks in Japan, etc., through March 1999)",100 million yen,MONTHLY,Money Stock,20171229,199609,5546818
MAMS1ANM2C,"(discontinued)M2+CDs/Average Amounts Outstanding/(Reference) Money Stock (Based on excluding Foreign Banks in Japan, etc., through March 1999)",100 million yen,MONTHLY,Money Stock,20171229,199610,5537575
MAMS1ANM2C,"(discontinued)M2+CDs/Average Amounts Outstanding/(Reference) Money Stock (Based on excluding Foreign Banks in Japan, etc., through March 1999)",100 million yen,MONTHLY,Money Stock,20171229,199611,5543399
MAMS1ANM2C,"(discontinued)M2+CDs/Average Amounts Outstanding/(Reference) Money Stock (Based on excluding Foreign Banks in Japan, etc., through March 1999)",100 million yen,MONTHLY,Money Stock,20171229,199612,5646899
MAMS1ANM2C,"(discontinued)M2+CDs/Average Amounts Outstanding/(Reference) Money Stock (Based on excluding Foreign Banks in Japan, etc., through March 1999)",100 million yen,MONTHLY,Money Stock,20171229,199701,5622873
MAMS1ANM2C,"(discontinued)M2+CDs/Average Amounts Outstanding/(Reference) Money Stock (Based on excluding Foreign Banks in Japan, etc., through March 1999)",100 million yen,MONTHLY,Money Stock,20171229,199702,5570659
MAMS1ANM2C,"(discontinued)M2+CDs/Average Amounts Outstanding/(Reference) Money Stock (Based on excluding Foreign Banks in Japan, etc., through March 1999)",100 million yen,MONTHLY,Money Stock,20171229,199703,5624220
MAMS1ANM2C,"(discontinued)M2+CDs/Average Amounts Outstanding/(Reference) Money Stock (Based on excluding Foreign Banks in Japan, etc., through March 1999)",100 million yen,MONTHLY,Money Stock,20171229,199704,5686081
MAMS1ANM2C,"(discontinued)M2+CDs/Average Amounts Outstanding/(Reference) Money Stock (Based on excluding Foreign Banks in Japan, etc., through March 1999)",100 million yen,MONTHLY,Money Stock,20171229,199705,5678709
MAMS1ANM2C,"(discontinued)M2+CDs/Average Amounts Outstanding/(Reference) Money Stock (Based on excluding Foreign Banks in Japan, etc., through March 1999)",100 million yen,MONTHLY,Money Stock,20171229,199706,5696622
MAMS1ANM2C,"(discontinued)M2+CDs/Average Amounts Outstanding/(Reference) Money Stock (Based on excluding Foreign Banks in Japan, etc., through March 1999)",100 million yen,MONTHLY,Money Stock,20171229,199707,5736651
MAMS1ANM2C,"(discontinued)M2+CDs/Average Amounts Outstanding/(Reference) Money Stock (Based on excluding Foreign Banks in Japan, etc., through March 1999)",100 million yen,MONTHLY,Money Stock,20171229,199708,5737015
MAMS1ANM2C,"(discontinued)M2+CDs/Average Amounts Outstanding/(Reference) Money Stock (Based on excluding Foreign Banks in Japan, etc., through March 1999)",100 million yen,MONTHLY,Money Stock,20171229,199709,5710055
MAMS1ANM2C,"(discontinued)M2+CDs/Average Amounts Outstanding/(Reference) Money Stock (Based on excluding Foreign Banks in Japan, etc., through March 1999)",100 million yen,MONTHLY,Money Stock,20171229,199710,5697060
MAMS1ANM2C,"(discontinued)M2+CDs/Average Amounts Outstanding/(Reference) Money Stock (Based on excluding Foreign Banks in Japan, etc., through March 1999)",100 million yen,MONTHLY,Money Stock,20171229,199711,5718650
MAMS1ANM2C,"(discontinued)M2+CDs/Average Amounts Outstanding/(Reference) Money Stock (Based on excluding Foreign Banks in Japan, etc., through March 1999)",100 million yen,MONTHLY,Money Stock,20171229,199712,5860293
MAMS1ANM2C,"(discontinued)M2+CDs/Average Amounts Outstanding/(Reference) Money Stock (Based on excluding Foreign Banks in Japan, etc., through March 1999)",100 million yen,MONTHLY,Money Stock,20171229,199801,5873288
MAMS1ANM2C,"(discontinued)M2+CDs/Average Amounts Outstanding/(Reference) Money Stock (Based on excluding Foreign Banks in Japan, etc., through March 1999)",100 million yen,MONTHLY,Money Stock,20171229,199802,5849372
MAMS1ANM2C,"(discontinued)M2+CDs/Average Amounts Outstanding/(Reference) Money Stock (Based on excluding Foreign Banks in Japan, etc., through March 1999)",100 million yen,MONTHLY,Money Stock,20171229,199803,5878128
MAMS1ANM2C,"(discontinued)M2+CDs/Average Amounts Outstanding/(Reference) Money Stock (Based on excluding Foreign Banks in Japan, etc., through March 1999)",100 million yen,MONTHLY,Money Stock,20171229,199804,5892568
MAMS1ANM2C,"(discontinued)M2+CDs/Average Amounts Outstanding/(Reference) Money Stock (Based on excluding Foreign Banks in Japan, etc., through March 1999)",100 million yen,MONTHLY,Money Stock,20171229,199805,5901628
MAMS1ANM2C,"(discontinued)M2+CDs/Average Amounts Outstanding/(Reference) Money Stock (Based on excluding Foreign Banks in Japan, etc., through March 1999)",100 million yen,MONTHLY,Money Stock,20171229,199806,5892248
MAMS1ANM2C,"(discontinued)M2+CDs/Average Amounts Outstanding/(Reference) Money Stock (Based on excluding Foreign Banks in Japan, etc., through March 1999)",100 million yen,MONTHLY,Money Stock,20171229,199807,5940034
MAMS1ANM2C,"(discontinued)M2+CDs/Average Amounts Outstanding/(Reference) Money Stock (Based on excluding Foreign Banks in Japan, etc., through March 1999)",100 million yen,MONTHLY,Money Stock,20171229,199808,5955504
MAMS1ANM2C,"(discontinued)M2+CDs/Average Amounts Outstanding/(Reference) Money Stock (Based on excluding Foreign Banks in Japan, etc., through March 1999)",100 million yen,MONTHLY,Money Stock,20171229,199809,5926977
MAMS1ANM2C,"(discontinued)M2+CDs/Average Amounts Outstanding/(Reference) Money Stock (Based on excluding Foreign Banks in Japan, etc., through March 1999)",100 million yen,MONTHLY,Money Stock,20171229,199810,5917757
MAMS1ANM2C,"(discontinued)M2+CDs/Average Amounts Outstanding/(Reference) Money Stock (Based on excluding Foreign Banks in Japan, etc., through March 1999)",100 million yen,MONTHLY,Money Stock,20171229,199811,5965715
MAMS1ANM2C,"(discontinued)M2+CDs/Average Amounts Outstanding/(Reference) Money Stock (Based on excluding Foreign Banks in Japan, etc., through March 1999)",100 million yen,MONTHLY,Money Stock,20171229,199812,6089118
MAMS1ANM2C,"(discontinued)M2+CDs/Average Amounts Outstanding/(Reference) Money Stock (Based on excluding Foreign Banks in Japan, etc., through March 1999)",100 million yen,MONTHLY,Money Stock,20171229,199901,6083064
MAMS1ANM2C,"(discontinued)M2+CDs/Average Amounts Outstanding/(Reference) Money Stock (Based on excluding Foreign Banks in Japan, etc., through March 1999)",100 million yen,MONTHLY,Money Stock,20171229,199902,6050163
MAMS1ANM2C,"(discontinued)M2+CDs/Average Amounts Outstanding/(Reference) Money Stock (Based on excluding Foreign Banks in Japan, etc., through March 1999)",100 million yen,MONTHLY,Money Stock,20171229,199903,6095137
MAMS1ENM2C,"(discontinued)M2+CDs/Amounts Outstanding at End of Period/(Reference) Money Stock (Based on excluding Foreign Banks in Japan, etc., through March 1999)",100 million yen,MONTHLY,Money Stock,20171229,195501,35976
MAMS1ENM2C,"(discontinued)M2+CDs/Amounts Outstanding at End of Period/(Reference) Money Stock (Based on excluding Foreign Banks in Japan, etc., through March 1999)",100 million yen,MONTHLY,Money Stock,20171229,195502,35717
MAMS1ENM2C,"(discontinued)M2+CDs/Amounts Outstanding at End of Period/(Reference) Money Stock (Based on excluding Foreign Banks in Japan, etc., through March 1999)",100 million yen,MONTHLY,Money Stock,20171229,195503,36079
MAMS1ENM2C,"(discontinued)M2+CDs/Amounts Outstanding at End of Period/(Reference) Money Stock (Based on excluding Foreign Banks in Japan, etc., through March 1999)",100 million yen,MONTHLY,Money Stock,20171229,195504,36811
MAMS1ENM2C,"(discontinued)M2+CDs/Amounts Outstanding at End of Period/(Reference) Money Stock (Based on excluding Foreign Banks in Japan, etc., through March 1999)",100 million yen,MONTHLY,Money Stock,20171229,195505,36852
MAMS1ENM2C,"(discontinued)M2+CDs/Amounts Outstanding at End of Period/(Reference) Money Stock (Based on excluding Foreign Banks in Japan, etc., through March 1999)",100 million yen,MONTHLY,Money Stock,20171229,195506,37336
MAMS1ENM2C,"(discontinued)M2+CDs/Amounts Outstanding at End of Period/(Reference) Money Stock (Based on excluding Foreign Banks in Japan, etc., through March 1999)",100 million yen,MONTHLY,Money Stock,20171229,195507,37960
MAMS1ENM2C,"(discontinued)M2+CDs/Amounts Outstanding at End of Period/(Reference) Money Stock (Based on excluding Foreign Banks in Japan, etc., through March 1999)",100 million yen,MONTHLY,Money Stock,20171229,195508,38137
MAMS1ENM2C,"(discontinued)M2+CDs/Amounts Outstanding at End of Period/(Reference) Money Stock (Based on excluding Foreign Banks in Japan, etc., through March 1999)",100 million yen,MONTHLY,Money Stock,20171229,195509,38625
MAMS1ENM2C,"(discontinued)M2+CDs/Amounts Outstanding at End of Period/(Reference) Money Stock (Based on excluding Foreign Banks in Japan, etc., through March 1999)",100 million yen,MONTHLY,Money Stock,20171229,195510,39187
MAMS1ENM2C,"(discontinued)M2+CDs/Amounts Outstanding at End of Period/(Reference) Money Stock (Based on excluding Foreign Banks in Japan, etc., through March 1999)",100 million yen,MONTHLY,Money Stock,20171229,195511,39841
MAMS1ENM2C,"(discontinued)M2+CDs/Amounts Outstanding at End of Period/(Reference) Money Stock (Based on excluding Foreign Banks in Japan, etc., through March 1999)",100 million yen,MONTHLY,Money Stock,20171229,195512,43170
MAMS1ENM2C,"(discontinued)M2+CDs/Amounts Outstanding at End of Period/(Reference) Money Stock (Based on excluding Foreign Banks in Japan, etc., through March 1999)",100 million yen,MONTHLY,Money Stock,20171229,195601,41758
MAMS1ENM2C,"(discontinued)M2+CDs/Amounts Outstanding at End of Period/(Reference) Money Stock (Based on excluding Foreign Banks in Japan, etc., through March 1999)",100 million yen,MONTHLY,Money Stock,20171229,195602,41800
MAMS1ENM2C,"(discontinued)M2+CDs/Amounts Outstanding at End of Period/(Reference) Money Stock (Based on excluding Foreign Banks in Japan, etc., through March 1999)",100 million yen,MONTHLY,Money Stock,20171229,195603,42803
MAMS1ENM2C,"(discontinued)M2+CDs/Amounts Outstanding at End of Period/(Reference) Money Stock (Based on excluding Foreign Banks in Japan, etc., through March 1999)",100 million yen,MONTHLY,Money Stock,20171229,195604,43411
MAMS1ENM2C,"(discontinued)M2+CDs/Amounts Outstanding at End of Period/(Reference) Money Stock (Based on excluding Foreign Banks in Japan, etc., through March 1999)",100 million yen,MONTHLY,Money Stock,20171229,195605,43852
MAMS1ENM2C,"(discontinued)M2+CDs/Amounts Outstanding at End of Period/(Reference) Money Stock (Based on excluding Foreign Banks in Japan, etc., through March 1999)",100 million yen,MONTHLY,Money Stock,20171229,195606,45055
MAMS1ENM2C,"(discontinued)M2+CDs/Amounts Outstanding at End of Period/(Reference) Money Stock (Based on excluding Foreign Banks in Japan, etc., through March 1999)",100 million yen,MONTHLY,Money Stock,20171229,195607,45287
MAMS1ENM2C,"(discontinued)M2+CDs/Amounts Outstanding at End of Period/(Reference) Money Stock (Based on excluding Foreign Banks in Japan, etc., through March 1999)",100 million yen,MONTHLY,Money Stock,20171229,195608,45814
MAMS1ENM2C,"(discontinued)M2+CDs/Amounts Outstanding at End of Period/(Reference) Money Stock (Based on excluding Foreign Banks in Japan, etc., through March 1999)",100 million yen,MONTHLY,Money Stock,20171229,195609,47566
MAMS1ENM2C,"(discontinued)M2+CDs/Amounts Outstanding at End of Period/(Reference) Money Stock (Based on excluding Foreign Banks in Japan, etc., through March 1999)",100 million yen,MONTHLY,Money Stock,20171229,195610,47534
MAMS1ENM2C,"(discontinued)M2+CDs/Amounts Outstanding at End of Period/(Reference) Money Stock (Based on excluding Foreign Banks in Japan, etc., through March 1999)",100 million yen,MONTHLY,Money Stock,20171229,195611,48642
MAMS1ENM2C,"(discontinued)M2+CDs/Amounts Outstanding at End of Period/(Reference) Money Stock (Based on excluding Foreign Banks in Japan, etc., through March 1999)",100 million yen,MONTHLY,Money Stock,20171229,195612,52564
MAMS1ENM2C,"(discontinued)M2+CDs/Amounts Outstanding at End of Period/(Reference) Money Stock (Based on excluding Foreign Banks in Japan, etc., through March 1999)",100 million yen,MONTHLY,Money Stock,20171229,195701,51424
MAMS1ENM2C,"(discontinued)M2+CDs/Amounts Outstanding at End of Period/(Reference) Money Stock (Based on excluding Foreign Banks in Japan, etc., through March 1999)",100 million yen,MONTHLY,Money Stock,20171229,195702,51087
MAMS1ENM2C,"(discontinued)M2+CDs/Amounts Outstanding at End of Period/(Reference) Money Stock (Based on excluding Foreign Banks in Japan, etc., through March 1999)",100 million yen,MONTHLY,Money Stock,20171229,195703,52846
MAMS1ENM2C,"(discontinued)M2+CDs/Amounts Outstanding at End of Period/(Reference) Money Stock (Based on excluding Foreign Banks in Japan, etc., through March 1999)",100 million yen,MONTHLY,Money Stock,20171229,195704,53284
MAMS1ENM2C,"(discontinued)M2+CDs/Amounts Outstanding at End of Period/(Reference) Money Stock (Based on excluding Foreign Banks in Japan, etc., through March 1999)",100 million yen,MONTHLY,Money Stock,20171229,195705,53614
MAMS1ENM2C,"(discontinued)M2+CDs/Amounts Outstanding at End of Period/(Reference) Money Stock (Based on excluding Foreign Banks in Japan, etc., through March 1999)",100 million yen,MONTHLY,Money Stock,20171229,195706,54513
MAMS1ENM2C,"(discontinued)M2+CDs/Amounts Outstanding at End of Period/(Reference) Money Stock (Based on excluding Foreign Banks in Japan, etc., through March 1999)",100 million yen,MONTHLY,Money Stock,20171229,195707,54233
MAMS1ENM2C,"(discontinued)M2+CDs/Amounts Outstanding at End of Period/(Reference) Money Stock (Based on excluding Foreign Banks in Japan, etc., through March 1999)",100 million yen,MONTHLY,Money Stock,20171229,195708,54440
MAMS1ENM2C,"(discontinued)M2+CDs/Amounts Outstanding at End of Period/(Reference) Money Stock (Based on excluding Foreign Banks in Japan, etc., through March 1999)",100 million yen,MONTHLY,Money Stock,20171229,195709,55075
MAMS1ENM2C,"(discontinued)M2+CDs/Amounts Outstanding at End of Period/(Reference) Money Stock (Based on excluding Foreign Banks in Japan, etc., through March 1999)",100 million yen,MONTHLY,Money Stock,20171229,195710,55769
MAMS1ENM2C,"(discontinued)M2+CDs/Amounts Outstanding at End of Period/(Reference) Money Stock (Based on excluding Foreign Banks in Japan, etc., through March 1999)",100 million yen,MONTHLY,Money Stock,20171229,195711,56637
MAMS1ENM2C,"(discontinued)M2+CDs/Amounts Outstanding at End of Period/(Reference) Money Stock (Based on excluding Foreign Banks in Japan, etc., through March 1999)",100 million yen,MONTHLY,Money Stock,20171229,195712,60315
MAMS1ENM2C,"(discontinued)M2+CDs/Amounts Outstanding at End of Period/(Reference) Money Stock (Based on excluding Foreign Banks in Japan, etc., through March 1999)",100 million yen,MONTHLY,Money Stock,20171229,195801,58777
MAMS1ENM2C,"(discontinued)M2+CDs/Amounts Outstanding at End of Period/(Reference) Money Stock (Based on excluding Foreign Banks in Japan, etc., through March 1999)",100 million yen,MONTHLY,Money Stock,20171229,195802,58415
MAMS1ENM2C,"(discontinued)M2+CDs/Amounts Outstanding at End of Period/(Reference) Money Stock (Based on excluding Foreign Banks in Japan, etc., through March 1999)",100 million yen,MONTHLY,Money Stock,20171229,195803,59711
MAMS1ENM2C,"(discontinued)M2+CDs/Amounts Outstanding at End of Period/(Reference) Money Stock (Based on excluding Foreign Banks in Japan, etc., through March 1999)",100 million yen,MONTHLY,Money Stock,20171229,195804,60861
MAMS1ENM2C,"(discontinued)M2+CDs/Amounts Outstanding at End of Period/(Reference) Money Stock (Based on excluding Foreign Banks in Japan, etc., through March 1999)",100 million yen,MONTHLY,Money Stock,20171229,195805,60978
MAMS1ENM2C,"(discontinued)M2+CDs/Amounts Outstanding at End of Period/(Reference) Money Stock (Based on excluding Foreign Banks in Japan, etc., through March 1999)",100 million yen,MONTHLY,Money Stock,20171229,195806,61979
MAMS1ENM2C,"(discontinued)M2+CDs/Amounts Outstanding at End of Period/(Reference) Money Stock (Based on excluding Foreign Banks in Japan, etc., through March 1999)",100 million yen,MONTHLY,Money Stock,20171229,195807,62796
MAMS1ENM2C,"(discontinued)M2+CDs/Amounts Outstanding at End of Period/(Reference) Money Stock (Based on excluding Foreign Banks in Japan, etc., through March 1999)",100 million yen,MONTHLY,Money Stock,20171229,195808,63817
MAMS1ENM2C,"(discontinued)M2+CDs/Amounts Outstanding at End of Period/(Reference) Money Stock (Based on excluding Foreign Banks in Japan, etc., through March 1999)",100 million yen,MONTHLY,Money Stock,20171229,195809,64874
MAMS1ENM2C,"(discontinued)M2+CDs/Amounts Outstanding at End of Period/(Reference) Money Stock (Based on excluding Foreign Banks in Japan, etc., through March 1999)",100 million yen,MONTHLY,Money Stock,20171229,195810,65741
MAMS1ENM2C,"(discontinued)M2+CDs/Amounts Outstanding at End of Period/(Reference) Money Stock (Based on excluding Foreign Banks in Japan, etc., through March 1999)",100 million yen,MONTHLY,Money Stock,20171229,195811,67911
MAMS1ENM2C,"(discontinued)M2+CDs/Amounts Outstanding at End of Period/(Reference) Money Stock (Based on excluding Foreign Banks in Japan, etc., through March 1999)",100 million yen,MONTHLY,Money Stock,20171229,195812,71677
MAMS1ENM2C,"(discontinued)M2+CDs/Amounts Outstanding at End of Period/(Reference) Money Stock (Based on excluding Foreign Banks in Japan, etc., through March 1999)",100 million yen,MONTHLY,Money Stock,20171229,195901,69339
MAMS1ENM2C,"(discontinued)M2+CDs/Amounts Outstanding at End of Period/(Reference) Money Stock (Based on excluding Foreign Banks in Japan, etc., through March 1999)",100 million yen,MONTHLY,Money Stock,20171229,195902,69959
MAMS1ENM2C,"(discontinued)M2+CDs/Amounts Outstanding at End of Period/(Reference) Money Stock (Based on excluding Foreign Banks in Japan, etc., through March 1999)",100 million yen,MONTHLY,Money Stock,20171229,195903,72176
MAMS1ENM2C,"(discontinued)M2+CDs/Amounts Outstanding at End of Period/(Reference) Money Stock (Based on excluding Foreign Banks in Japan, etc., through March 1999)",100 million yen,MONTHLY,Money Stock,20171229,195904,73063
MAMS1ENM2C,"(discontinued)M2+CDs/Amounts Outstanding at End of Period/(Reference) Money Stock (Based on excluding Foreign Banks in Japan, etc., through March 1999)",100 million yen,MONTHLY,Money Stock,20171229,195905,74447
MAMS1ENM2C,"(discontinued)M2+CDs/Amounts Outstanding at End of Period/(Reference) Money Stock (Based on excluding Foreign Banks in Japan, etc., through March 1999)",100 million yen,MONTHLY,Money Stock,20171229,195906,74867
MAMS1ENM2C,"(discontinued)M2+CDs/Amounts Outstanding at End of Period/(Reference) Money Stock (Based on excluding Foreign Banks in Japan, etc., through March 1999)",100 million yen,MONTHLY,Money Stock,20171229,195907,75577
MAMS1ENM2C,"(discontinued)M2+CDs/Amounts Outstanding at End of Period/(Reference) Money Stock (Based on excluding Foreign Banks in Japan, etc., through March 1999)",100 million yen,MONTHLY,Money Stock,20171229,195908,75080
MAMS1ENM2C,"(discontinued)M2+CDs/Amounts Outstanding at End of Period/(Reference) Money Stock (Based on excluding Foreign Banks in Japan, etc., through March 1999)",100 million yen,MONTHLY,Money Stock,20171229,195909,77986
MAMS1ENM2C,"(discontinued)M2+CDs/Amounts Outstanding at End of Period/(Reference) Money Stock (Based on excluding Foreign Banks in Japan, etc., through March 1999)",100 million yen,MONTHLY,Money Stock,20171229,195910,79133
MAMS1ENM2C,"(discontinued)M2+CDs/Amounts Outstanding at End of Period/(Reference) Money Stock (Based on excluding Foreign Banks in Japan, etc., through March 1999)",100 million yen,MONTHLY,Money Stock,20171229,195911,80598
MAMS1ENM2C,"(discontinued)M2+CDs/Amounts Outstanding at End of Period/(Reference) Money Stock (Based on excluding Foreign Banks in Japan, etc., through March 1999)",100 million yen,MONTHLY,Money Stock,20171229,195912,86028
MAMS1ENM2C,"(discontinued)M2+CDs/Amounts Outstanding at End of Period/(Reference) Money Stock (Based on excluding Foreign Banks in Japan, etc., through March 1999)",100 million yen,MONTHLY,Money Stock,20171229,196001,84883
MAMS1ENM2C,"(discontinued)M2+CDs/Amounts Outstanding at End of Period/(Reference) Money Stock (Based on excluding Foreign Banks in Japan, etc., through March 1999)",100 million yen,MONTHLY,Money Stock,20171229,196002,84038
MAMS1ENM2C,"(discontinued)M2+CDs/Amounts Outstanding at End of Period/(Reference) Money Stock (Based on excluding Foreign Banks in Japan, etc., through March 1999)",100 million yen,MONTHLY,Money Stock,20171229,196003,86607
MAMS1ENM2C,"(discontinued)M2+CDs/Amounts Outstanding at End of Period/(Reference) Money Stock (Based on excluding Foreign Banks in Japan, etc., through March 1999)",100 million yen,MONTHLY,Money Stock,20171229,196004,87773
MAMS1ENM2C,"(discontinued)M2+CDs/Amounts Outstanding at End of Period/(Reference) Money Stock (Based on excluding Foreign Banks in Japan, etc., through March 1999)",100 million yen,MONTHLY,Money Stock,20171229,196005,88394
MAMS1ENM2C,"(discontinued)M2+CDs/Amounts Outstanding at End of Period/(Reference) Money Stock (Based on excluding Foreign Banks in Japan, etc., through March 1999)",100 million yen,MONTHLY,Money Stock,20171229,196006,89937
MAMS1ENM2C,"(discontinued)M2+CDs/Amounts Outstanding at End of Period/(Reference) Money Stock (Based on excluding Foreign Banks in Japan, etc., through March 1999)",100 million yen,MONTHLY,Money Stock,20171229,196007,91475
MAMS1ENM2C,"(discontinued)M2+CDs/Amounts Outstanding at End of Period/(Reference) Money Stock (Based on excluding Foreign Banks in Japan, etc., through March 1999)",100 million yen,MONTHLY,Money Stock,20171229,196008,91550
MAMS1ENM2C,"(discontinued)M2+CDs/Amounts Outstanding at End of Period/(Reference) Money Stock (Based on excluding Foreign Banks in Japan, etc., through March 1999)",100 million yen,MONTHLY,Money Stock,20171229,196009,94204
MAMS1ENM2C,"(discontinued)M2+CDs/Amounts Outstanding at End of Period/(Reference) Money Stock (Based on excluding Foreign Banks in Japan, etc., through March 1999)",100 million yen,MONTHLY,Money Stock,20171229,196010,95314
MAMS1ENM2C,"(discontinued)M2+CDs/Amounts Outstanding at End of Period/(Reference) Money Stock (Based on excluding Foreign Banks in Japan, etc., through March 1999)",100 million yen,MONTHLY,Money Stock,20171229,196011,97566
MAMS1ENM2C,"(discontinued)M2+CDs/Amounts Outstanding at End of Period/(Reference) Money Stock (Based on excluding Foreign Banks in Japan, etc., through March 1999)",100 million yen,MONTHLY,Money Stock,20171229,196012,104204
MAMS1ENM2C,"(discontinued)M2+CDs/Amounts Outstanding at End of Period/(Reference) Money Stock (Based on excluding Foreign Banks in Japan, etc., through March 1999)",100 million yen,MONTHLY,Money Stock,20171229,196101,101953
MAMS1ENM2C,"(discontinued)M2+CDs/Amounts Outstanding at End of Period/(Reference) Money Stock (Based on excluding Foreign Banks in Japan, etc., through March 1999)",100 million yen,MONTHLY,Money Stock,20171229,196102,102906
MAMS1ENM2C,"(discontinued)M2+CDs/Amounts Outstanding at End of Period/(Reference) Money Stock (Based on excluding Foreign Banks in Japan, etc., through March 1999)",100 million yen,MONTHLY,Money Stock,20171229,196103,106446
MAMS1ENM2C,"(discontinued)M2+CDs/Amounts Outstanding at End of Period/(Reference) Money Stock (Based on excluding Foreign Banks in Japan, etc., through March 1999)",100 million yen,MONTHLY,Money Stock,20171229,196104,109137
MAMS1ENM2C,"(discontinued)M2+CDs/Amounts Outstanding at End of Period/(Reference) Money Stock (Based on excluding Foreign Banks in Japan, etc., through March 1999)",100 million yen,MONTHLY,Money Stock,20171229,196105,108832
MAMS1ENM2C,"(discontinued)M2+CDs/Amounts Outstanding at End of Period/(Reference) Money Stock (Based on excluding Foreign Banks in Japan, etc., through March 1999)",100 million yen,MONTHLY,Money Stock,20171229,196106,111239
MAMS1ENM2C,"(discontinued)M2+CDs/Amounts Outstanding at End of Period/(Reference) Money Stock (Based on excluding Foreign Banks in Japan, etc., through March 1999)",100 million yen,MONTHLY,Money Stock,20171229,196107,111658
MAMS1ENM2C,"(discontinued)M2+CDs/Amounts Outstanding at End of Period/(Reference) Money Stock (Based on excluding Foreign Banks in Japan, etc., through March 1999)",100 million yen,MONTHLY,Money Stock,20171229,196108,112134
MAMS1ENM2C,"(discontinued)M2+CDs/Amounts Outstanding at End of Period/(Reference) Money Stock (Based on excluding Foreign Banks in Japan, etc., through March 1999)",100 million yen,MONTHLY,Money Stock,20171229,196109,114945
MAMS1ENM2C,"(discontinued)M2+CDs/Amounts Outstanding at End of Period/(Reference) Money Stock (Based on excluding Foreign Banks in Japan, etc., through March 1999)",100 million yen,MONTHLY,Money Stock,20171229,196110,115254
MAMS1ENM2C,"(discontinued)M2+CDs/Amounts Outstanding at End of Period/(Reference) Money Stock (Based on excluding Foreign Banks in Japan, etc., through March 1999)",100 million yen,MONTHLY,Money Stock,20171229,196111,117518
MAMS1ENM2C,"(discontinued)M2+CDs/Amounts Outstanding at End of Period/(Reference) Money Stock (Based on excluding Foreign Banks in Japan, etc., through March 1999)",100 million yen,MONTHLY,Money Stock,20171229,196112,125233
MAMS1ENM2C,"(discontinued)M2+CDs/Amounts Outstanding at End of Period/(Reference) Money Stock (Based on excluding Foreign Banks in Japan, etc., through March 1999)",100 million yen,MONTHLY,Money Stock,20171229,196201,121760
MAMS1ENM2C,"(discontinued)M2+CDs/Amounts Outstanding at End of Period/(Reference) Money Stock (Based on excluding Foreign Banks in Japan, etc., through March 1999)",100 million yen,MONTHLY,Money Stock,20171229,196202,121580
MAMS1ENM2C,"(discontinued)M2+CDs/Amounts Outstanding at End of Period/(Reference) Money Stock (Based on excluding Foreign Banks in Japan, etc., through March 1999)",100 million yen,MONTHLY,Money Stock,20171229,196203,124663
MAMS1ENM2C,"(discontinued)M2+CDs/Amounts Outstanding at End of Period/(Reference) Money Stock (Based on excluding Foreign Banks in Japan, etc., through March 1999)",100 million yen,MONTHLY,Money Stock,20171229,196204,126593
MAMS1ENM2C,"(discontinued)M2+CDs/Amounts Outstanding at End of Period/(Reference) Money Stock (Based on excluding Foreign Banks in Japan, etc., through March 1999)",100 million yen,MONTHLY,Money Stock,20171229,196205,127729
MAMS1ENM2C,"(discontinued)M2+CDs/Amounts Outstanding at End of Period/(Reference) Money Stock (Based on excluding Foreign Banks in Japan, etc., through March 1999)",100 million yen,MONTHLY,Money Stock,20171229,196206,129880
MAMS1ENM2C,"(discontinued)M2+CDs/Amounts Outstanding at End of Period/(Reference) Money Stock (Based on excluding Foreign Banks in Japan, etc., through March 1999)",100 million yen,MONTHLY,Money Stock,20171229,196207,130824
MAMS1ENM2C,"(discontinued)M2+CDs/Amounts Outstanding at End of Period/(Reference) Money Stock (Based on excluding Foreign Banks in Japan, etc., through March 1999)",100 million yen,MONTHLY,Money Stock,20171229,196208,132012
MAMS1ENM2C,"(discontinued)M2+CDs/Amounts Outstanding at End of Period/(Reference) Money Stock (Based on excluding Foreign Banks in Japan, etc., through March 1999)",100 million yen,MONTHLY,Money Stock,20171229,196209,137005
MAMS1ENM2C,"(discontinued)M2+CDs/Amounts Outstanding at End of Period/(Reference) Money Stock (Based on excluding Foreign Banks in Japan, etc., through March 1999)",100 million yen,MONTHLY,Money Stock,20171229,196210,137379
MAMS1ENM2C,"(discontinued)M2+CDs/Amounts Outstanding at End of Period/(Reference) Money Stock (Based on excluding Foreign Banks in Japan, etc., through March 1999)",100 million yen,MONTHLY,Money Stock,20171229,196211,140924
MAMS1ENM2C,"(discontinued)M2+CDs/Amounts Outstanding at End of Period/(Reference) Money Stock (Based on excluding Foreign Banks in Japan, etc., through March 1999)",100 million yen,MONTHLY,Money Stock,20171229,196212,150590
MAMS1ENM2C,"(discontinued)M2+CDs/Amounts Outstanding at End of Period/(Reference) Money Stock (Based on excluding Foreign Banks in Japan, etc., through March 1999)",100 million yen,MONTHLY,Money Stock,20171229,196301,147382
MAMS1ENM2C,"(discontinued)M2+CDs/Amounts Outstanding at End of Period/(Reference) Money Stock (Based on excluding Foreign Banks in Japan, etc., through March 1999)",100 million yen,MONTHLY,Money Stock,20171229,196302,148434
MAMS1ENM2C,"(discontinued)M2+CDs/Amounts Outstanding at End of Period/(Reference) Money Stock (Based on excluding Foreign Banks in Japan, etc., through March 1999)",100 million yen,MONTHLY,Money Stock,20171229,196303,155327
MAMS1ENM2C,"(discontinued)M2+CDs/Amounts Outstanding at End of Period/(Reference) Money Stock (Based on excluding Foreign Banks in Japan, etc., through March 1999)",100 million yen,MONTHLY,Money Stock,20171229,196304,155805
MAMS1ENM2C,"(discontinued)M2+CDs/Amounts Outstanding at End of Period/(Reference) Money Stock (Based on excluding Foreign Banks in Japan, etc., through March 1999)",100 million yen,MONTHLY,Money Stock,20171229,196305,157903
MAMS1ENM2C,"(discontinued)M2+CDs/Amounts Outstanding at End of Period/(Reference) Money Stock (Based on excluding Foreign Banks in Japan, etc., through March 1999)",100 million yen,MONTHLY,Money Stock,20171229,196306,163154
MAMS1ENM2C,"(discontinued)M2+CDs/Amounts Outstanding at End of Period/(Reference) Money Stock (Based on excluding Foreign Banks in Japan, etc., through March 1999)",100 million yen,MONTHLY,Money Stock,20171229,196307,163618
MAMS1ENM2C,"(discontinued)M2+CDs/Amounts Outstanding at End of Period/(Reference) Money Stock (Based on excluding Foreign Banks in Japan, etc., through March 1999)",100 million yen,MONTHLY,Money Stock,20171229,196308,164727
MAMS1ENM2C,"(discontinued)M2+CDs/Amounts Outstanding at End of Period/(Reference) Money Stock (Based on excluding Foreign Banks in Japan, etc., through March 1999)",100 million yen,MONTHLY,Money Stock,20171229,196309,170762
MAMS1ENM2C,"(discontinued)M2+CDs/Amounts Outstanding at End of Period/(Reference) Money Stock (Based on excluding Foreign Banks in Japan, etc., through March 1999)",100 million yen,MONTHLY,Money Stock,20171229,196310,171456
MAMS1ENM2C,"(discontinued)M2+CDs/Amounts Outstanding at End of Period/(Reference) Money Stock (Based on excluding Foreign Banks in Japan, etc., through March 1999)",100 million yen,MONTHLY,Money Stock,20171229,196311,175222
MAMS1ENM2C,"(discontinued)M2+CDs/Amounts Outstanding at End of Period/(Reference) Money Stock (Based on excluding Foreign Banks in Japan, etc., through March 1999)",100 million yen,MONTHLY,Money Stock,20171229,196312,186679
MAMS1ENM2C,"(discontinued)M2+CDs/Amounts Outstanding at End of Period/(Reference) Money Stock (Based on excluding Foreign Banks in Japan, etc., through March 1999)",100 million yen,MONTHLY,Money Stock,20171229,196401,181613
MAMS1ENM2C,"(discontinued)M2+CDs/Amounts Outstanding at End of Period/(Reference) Money Stock (Based on excluding Foreign Banks in Japan, etc., through March 1999)",100 million yen,MONTHLY,Money Stock,20171229,196402,181631
MAMS1ENM2C,"(discontinued)M2+CDs/Amounts Outstanding at End of Period/(Reference) Money Stock (Based on excluding Foreign Banks in Japan, etc., through March 1999)",100 million yen,MONTHLY,Money Stock,20171229,196403,187339
MAMS1ENM2C,"(discontinued)M2+CDs/Amounts Outstanding at End of Period/(Reference) Money Stock (Based on excluding Foreign Banks in Japan, etc., through March 1999)",100 million yen,MONTHLY,Money Stock,20171229,196404,188335
MAMS1ENM2C,"(discontinued)M2+CDs/Amounts Outstanding at End of Period/(Reference) Money Stock (Based on excluding Foreign Banks in Japan, etc., through March 1999)",100 million yen,MONTHLY,Money Stock,20171229,196405,191013
MAMS1ENM2C,"(discontinued)M2+CDs/Amounts Outstanding at End of Period/(Reference) Money Stock (Based on excluding Foreign Banks in Japan, etc., through March 1999)",100 million yen,MONTHLY,Money Stock,20171229,196406,192367
MAMS1ENM2C,"(discontinued)M2+CDs/Amounts Outstanding at End of Period/(Reference) Money Stock (Based on excluding Foreign Banks in Japan, etc., through March 1999)",100 million yen,MONTHLY,Money Stock,20171229,196407,193541
MAMS1ENM2C,"(discontinued)M2+CDs/Amounts Outstanding at End of Period/(Reference) Money Stock (Based on excluding Foreign Banks in Japan, etc., through March 1999)",100 million yen,MONTHLY,Money Stock,20171229,196408,194196
MAMS1ENM2C,"(discontinued)M2+CDs/Amounts Outstanding at End of Period/(Reference) Money Stock (Based on excluding Foreign Banks in Japan, etc., through March 1999)",100 million yen,MONTHLY,Money Stock,20171229,196409,199650
MAMS1ENM2C,"(discontinued)M2+CDs/Amounts Outstanding at End of Period/(Reference) Money Stock (Based on excluding Foreign Banks in Japan, etc., through March 1999)",100 million yen,MONTHLY,Money Stock,20171229,196410,199918
MAMS1ENM2C,"(discontinued)M2+CDs/Amounts Outstanding at End of Period/(Reference) Money Stock (Based on excluding Foreign Banks in Japan, etc., through March 1999)",100 million yen,MONTHLY,Money Stock,20171229,196411,203093
MAMS1ENM2C,"(discontinued)M2+CDs/Amounts Outstanding at End of Period/(Reference) Money Stock (Based on excluding Foreign Banks in Japan, etc., through March 1999)",100 million yen,MONTHLY,Money Stock,20171229,196412,215225
MAMS1ENM2C,"(discontinued)M2+CDs/Amounts Outstanding at End of Period/(Reference) Money Stock (Based on excluding Foreign Banks in Japan, etc., through March 1999)",100 million yen,MONTHLY,Money Stock,20171229,196501,211357
MAMS1ENM2C,"(discontinued)M2+CDs/Amounts Outstanding at End of Period/(Reference) Money Stock (Based on excluding Foreign Banks in Japan, etc., through March 1999)",100 million yen,MONTHLY,Money Stock,20171229,196502,212326
MAMS1ENM2C,"(discontinued)M2+CDs/Amounts Outstanding at End of Period/(Reference) Money Stock (Based on excluding Foreign Banks in Japan, etc., through March 1999)",100 million yen,MONTHLY,Money Stock,20171229,196503,216782
MAMS1ENM2C,"(discontinued)M2+CDs/Amounts Outstanding at End of Period/(Reference) Money Stock (Based on excluding Foreign Banks in Japan, etc., through March 1999)",100 million yen,MONTHLY,Money Stock,20171229,196504,217924
MAMS1ENM2C,"(discontinued)M2+CDs/Amounts Outstanding at End of Period/(Reference) Money Stock (Based on excluding Foreign Banks in Japan, etc., through March 1999)",100 million yen,MONTHLY,Money Stock,20171229,196505,219669
MAMS1ENM2C,"(discontinued)M2+CDs/Amounts Outstanding at End of Period/(Reference) Money Stock (Based on excluding Foreign Banks in Japan, etc., through March 1999)",100 million yen,MONTHLY,Money Stock,20171229,196506,223982
MAMS1ENM2C,"(discontinued)M2+CDs/Amounts Outstanding at End of Period/(Reference) Money Stock (Based on excluding Foreign Banks in Japan, etc., through March 1999)",100 million yen,MONTHLY,Money Stock,20171229,196507,224964
MAMS1ENM2C,"(discontinued)M2+CDs/Amounts Outstanding at End of Period/(Reference) Money Stock (Based on excluding Foreign Banks in Japan, etc., through March 1999)",100 million yen,MONTHLY,Money Stock,20171229,196508,226628
MAMS1ENM2C,"(discontinued)M2+CDs/Amounts Outstanding at End of Period/(Reference) Money Stock (Based on excluding Foreign Banks in Japan, etc., through March 1999)",100 million yen,MONTHLY,Money Stock,20171229,196509,233762
MAMS1ENM2C,"(discontinued)M2+CDs/Amounts Outstanding at End of Period/(Reference) Money Stock (Based on excluding Foreign Banks in Japan, etc., through March 1999)",100 million yen,MONTHLY,Money Stock,20171229,196510,236043
MAMS1ENM2C,"(discontinued)M2+CDs/Amounts Outstanding at End of Period/(Reference) Money Stock (Based on excluding Foreign Banks in Japan, etc., through March 1999)",100 million yen,MONTHLY,Money Stock,20171229,196511,238720
MAMS1ENM2C,"(discontinued)M2+CDs/Amounts Outstanding at End of Period/(Reference) Money Stock (Based on excluding Foreign Banks in Japan, etc., through March 1999)",100 million yen,MONTHLY,Money Stock,20171229,196512,253944
MAMS1ENM2C,"(discontinued)M2+CDs/Amounts Outstanding at End of Period/(Reference) Money Stock (Based on excluding Foreign Banks in Japan, etc., through March 1999)",100 million yen,MONTHLY,Money Stock,20171229,196601,246842
MAMS1ENM2C,"(discontinued)M2+CDs/Amounts Outstanding at End of Period/(Reference) Money Stock (Based on excluding Foreign Banks in Japan, etc., through March 1999)",100 million yen,MONTHLY,Money Stock,20171229,196602,247544
MAMS1ENM2C,"(discontinued)M2+CDs/Amounts Outstanding at End of Period/(Reference) Money Stock (Based on excluding Foreign Banks in Japan, etc., through March 1999)",100 million yen,MONTHLY,Money Stock,20171229,196603,256874
MAMS1ENM2C,"(discontinued)M2+CDs/Amounts Outstanding at End of Period/(Reference) Money Stock (Based on excluding Foreign Banks in Japan, etc., through March 1999)",100 million yen,MONTHLY,Money Stock,20171229,196604,256993
MAMS1ENM2C,"(discontinued)M2+CDs/Amounts Outstanding at End of Period/(Reference) Money Stock (Based on excluding Foreign Banks in Japan, etc., through March 1999)",100 million yen,MONTHLY,Money Stock,20171229,196605,258659
MAMS1ENM2C,"(discontinued)M2+CDs/Amounts Outstanding at End of Period/(Reference) Money Stock (Based on excluding Foreign Banks in Japan, etc., through March 1999)",100 million yen,MONTHLY,Money Stock,20171229,196606,263549
MAMS1ENM2C,"(discontinued)M2+CDs/Amounts Outstanding at End of Period/(Reference) Money Stock (Based on excluding Foreign Banks in Japan, etc., through March 1999)",100 million yen,MONTHLY,Money Stock,20171229,196607,267236
MAMS1ENM2C,"(discontinued)M2+CDs/Amounts Outstanding at End of Period/(Reference) Money Stock (Based on excluding Foreign Banks in Japan, etc., through March 1999)",100 million yen,MONTHLY,Money Stock,20171229,196608,267243
MAMS1ENM2C,"(discontinued)M2+CDs/Amounts Outstanding at End of Period/(Reference) Money Stock (Based on excluding Foreign Banks in Japan, etc., through March 1999)",100 million yen,MONTHLY,Money Stock,20171229,196609,275017
MAMS1ENM2C,"(discontinued)M2+CDs/Amounts Outstanding at End of Period/(Reference) Money Stock (Based on excluding Foreign Banks in Japan, etc., through March 1999)",100 million yen,MONTHLY,Money Stock,20171229,196610,274256
MAMS1ENM2C,"(discontinued)M2+CDs/Amounts Outstanding at End of Period/(Reference) Money Stock (Based on excluding Foreign Banks in Japan, etc., through March 1999)",100 million yen,MONTHLY,Money Stock,20171229,196611,278996
MAMS1ENM2C,"(discontinued)M2+CDs/Amounts Outstanding at End of Period/(Reference) Money Stock (Based on excluding Foreign Banks in Japan, etc., through March 1999)",100 million yen,MONTHLY,Money Stock,20171229,196612,295227
MAMS1ENM2C,"(discontinued)M2+CDs/Amounts Outstanding at End of Period/(Reference) Money Stock (Based on excluding Foreign Banks in Japan, etc., through March 1999)",100 million yen,MONTHLY,Money Stock,20171229,196701,285862
MAMS1ENM2C,"(discontinued)M2+CDs/Amounts Outstanding at End of Period/(Reference) Money Stock (Based on excluding Foreign Banks in Japan, etc., through March 1999)",100 million yen,MONTHLY,Money Stock,20171229,196702,287939
MAMS1ENM2C,"(discontinued)M2+CDs/Amounts Outstanding at End of Period/(Reference) Money Stock (Based on excluding Foreign Banks in Japan, etc., through March 1999)",100 million yen,MONTHLY,Money Stock,20171229,196703,297310
MAMS1ENM2C,"(discontinued)M2+CDs/Amounts Outstanding at End of Period/(Reference) Money Stock (Based on excluding Foreign Banks in Japan, etc., through March 1999)",100 million yen,MONTHLY,Money Stock,20171229,196704,299226
MAMS1ENM2C,"(discontinued)M2+CDs/Amounts Outstanding at End of Period/(Reference) Money Stock (Based on excluding Foreign Banks in Japan, etc., through March 1999)",100 million yen,MONTHLY,Money Stock,20171229,196705,298729
MAMS1ENM2C,"(discontinued)M2+CDs/Amounts Outstanding at End of Period/(Reference) Money Stock (Based on excluding Foreign Banks in Japan, etc., through March 1999)",100 million yen,MONTHLY,Money Stock,20171229,196706,305285
MAMS1ENM2C,"(discontinued)M2+CDs/Amounts Outstanding at End of Period/(Reference) Money Stock (Based on excluding Foreign Banks in Japan, etc., through March 1999)",100 million yen,MONTHLY,Money Stock,20171229,196707,306992
MAMS1ENM2C,"(discontinued)M2+CDs/Amounts Outstanding at End of Period/(Reference) Money Stock (Based on excluding Foreign Banks in Japan, etc., through March 1999)",100 million yen,MONTHLY,Money Stock,20171229,196708,308801
MAMS1ENM2C,"(discontinued)M2+CDs/Amounts Outstanding at End of Period/(Reference) Money Stock (Based on excluding Foreign Banks in Japan, etc., through March 1999)",100 million yen,MONTHLY,Money Stock,20171229,196709,316607
MAMS1ENM2C,"(discontinued)M2+CDs/Amounts Outstanding at End of Period/(Reference) Money Stock (Based on excluding Foreign Banks in Japan, etc., through March 1999)",100 million yen,MONTHLY,Money Stock,20171229,196710,318042
MAMS1ENM2C,"(discontinued)M2+CDs/Amounts Outstanding at End of Period/(Reference) Money Stock (Based on excluding Foreign Banks in Japan, etc., through March 1999)",100 million yen,MONTHLY,Money Stock,20171229,196711,323069
MAMS1ENM2C,"(discontinued)M2+CDs/Amounts Outstanding at End of Period/(Reference) Money Stock (Based on excluding Foreign Banks in Japan, etc., through March 1999)",100 million yen,MONTHLY,Money Stock,20171229,196712,340977
MAMS1ENM2C,"(discontinued)M2+CDs/Amounts Outstanding at End of Period/(Reference) Money Stock (Based on excluding Foreign Banks in Japan, etc., through March 1999)",100 million yen,MONTHLY,Money Stock,20171229,196801,330535
MAMS1ENM2C,"(discontinued)M2+CDs/Amounts Outstanding at End of Period/(Reference) Money Stock (Based on excluding Foreign Banks in Japan, etc., through March 1999)",100 million yen,MONTHLY,Money Stock,20171229,196802,331551
MAMS1ENM2C,"(discontinued)M2+CDs/Amounts Outstanding at End of Period/(Reference) Money Stock (Based on excluding Foreign Banks in Japan, etc., through March 1999)",100 million yen,MONTHLY,Money Stock,20171229,196803,341692
MAMS1ENM2C,"(discontinued)M2+CDs/Amounts Outstanding at End of Period/(Reference) Money Stock (Based on excluding Foreign Banks in Japan, etc., through March 1999)",100 million yen,MONTHLY,Money Stock,20171229,196804,344201
MAMS1ENM2C,"(discontinued)M2+CDs/Amounts Outstanding at End of Period/(Reference) Money Stock (Based on excluding Foreign Banks in Japan, etc., through March 1999)",100 million yen,MONTHLY,Money Stock,20171229,196805,345977
MAMS1ENM2C,"(discontinued)M2+CDs/Amounts Outstanding at End of Period/(Reference) Money Stock (Based on excluding Foreign Banks in Japan, etc., through March 1999)",100 million yen,MONTHLY,Money Stock,20171229,196806,354823
MAMS1ENM2C,"(discontinued)M2+CDs/Amounts Outstanding at End of Period/(Reference) Money Stock (Based on excluding Foreign Banks in Japan, etc., through March 1999)",100 million yen,MONTHLY,Money Stock,20171229,196807,354626
MAMS1ENM2C,"(discontinued)M2+CDs/Amounts Outstanding at End of Period/(Reference) Money Stock (Based on excluding Foreign Banks in Japan, etc., through March 1999)",100 million yen,MONTHLY,Money Stock,20171229,196808,355859
MAMS1ENM2C,"(discontinued)M2+CDs/Amounts Outstanding at End of Period/(Reference) Money Stock (Based on excluding Foreign Banks in Japan, etc., through March 1999)",100 million yen,MONTHLY,Money Stock,20171229,196809,363018
MAMS1ENM2C,"(discontinued)M2+CDs/Amounts Outstanding at End of Period/(Reference) Money Stock (Based on excluding Foreign Banks in Japan, etc., through March 1999)",100 million yen,MONTHLY,Money Stock,20171229,196810,365344
MAMS1ENM2C,"(discontinued)M2+CDs/Amounts Outstanding at End of Period/(Reference) Money Stock (Based on excluding Foreign Banks in Japan, etc., through March 1999)",100 million yen,MONTHLY,Money Stock,20171229,196811,372361
MAMS1ENM2C,"(discontinued)M2+CDs/Amounts Outstanding at End of Period/(Reference) Money Stock (Based on excluding Foreign Banks in Japan, etc., through March 1999)",100 million yen,MONTHLY,Money Stock,20171229,196812,391538
MAMS1ENM2C,"(discontinued)M2+CDs/Amounts Outstanding at End of Period/(Reference) Money Stock (Based on excluding Foreign Banks in Japan, etc., through March 1999)",100 million yen,MONTHLY,Money Stock,20171229,196901,382419
MAMS1ENM2C,"(discontinued)M2+CDs/Amounts Outstanding at End of Period/(Reference) Money Stock (Based on excluding Foreign Banks in Japan, etc., through March 1999)",100 million yen,MONTHLY,Money Stock,20171229,196902,384097
MAMS1ENM2C,"(discontinued)M2+CDs/Amounts Outstanding at End of Period/(Reference) Money Stock (Based on excluding Foreign Banks in Japan, etc., through March 1999)",100 million yen,MONTHLY,Money Stock,20171229,196903,394351
MAMS1ENM2C,"(discontinued)M2+CDs/Amounts Outstanding at End of Period/(Reference) Money Stock (Based on excluding Foreign Banks in Japan, etc., through March 1999)",100 million yen,MONTHLY,Money Stock,20171229,196904,400669
MAMS1ENM2C,"(discontinued)M2+CDs/Amounts Outstanding at End of Period/(Reference) Money Stock (Based on excluding Foreign Banks in Japan, etc., through March 1999)",100 million yen,MONTHLY,Money Stock,20171229,196905,403760
MAMS1ENM2C,"(discontinued)M2+CDs/Amounts Outstanding at End of Period/(Reference) Money Stock (Based on excluding Foreign Banks in Japan, etc., through March 1999)",100 million yen,MONTHLY,Money Stock,20171229,196906,413468
MAMS1ENM2C,"(discontinued)M2+CDs/Amounts Outstanding at End of Period/(Reference) Money Stock (Based on excluding Foreign Banks in Japan, etc., through March 1999)",100 million yen,MONTHLY,Money Stock,20171229,196907,416307
MAMS1ENM2C,"(discontinued)M2+CDs/Amounts Outstanding at End of Period/(Reference) Money Stock (Based on excluding Foreign Banks in Japan, etc., through March 1999)",100 million yen,MONTHLY,Money Stock,20171229,196908,421728
MAMS1ENM2C,"(discontinued)M2+CDs/Amounts Outstanding at End of Period/(Reference) Money Stock (Based on excluding Foreign Banks in Japan, etc., through March 1999)",100 million yen,MONTHLY,Money Stock,20171229,196909,428176
MAMS1ENM2C,"(discontinued)M2+CDs/Amounts Outstanding at End of Period/(Reference) Money Stock (Based on excluding Foreign Banks in Japan, etc., through March 1999)",100 million yen,MONTHLY,Money Stock,20171229,196910,431503
MAMS1ENM2C,"(discontinued)M2+CDs/Amounts Outstanding at End of Period/(Reference) Money Stock (Based on excluding Foreign Banks in Japan, etc., through March 1999)",100 million yen,MONTHLY,Money Stock,20171229,196911,445676
MAMS1ENM2C,"(discontinued)M2+CDs/Amounts Outstanding at End of Period/(Reference) Money Stock (Based on excluding Foreign Banks in Japan, etc., through March 1999)",100 million yen,MONTHLY,Money Stock,20171229,196912,463998
MAMS1ENM2C,"(discontinued)M2+CDs/Amounts Outstanding at End of Period/(Reference) Money Stock (Based on excluding Foreign Banks in Japan, etc., through March 1999)",100 million yen,MONTHLY,Money Stock,20171229,197001,452002
MAMS1ENM2C,"(discontinued)M2+CDs/Amounts Outstanding at End of Period/(Reference) Money Stock (Based on excluding Foreign Banks in Japan, etc., through March 1999)",100 million yen,MONTHLY,Money Stock,20171229,197002,454281
MAMS1ENM2C,"(discontinued)M2+CDs/Amounts Outstanding at End of Period/(Reference) Money Stock (Based on excluding Foreign Banks in Japan, etc., through March 1999)",100 million yen,MONTHLY,Money Stock,20171229,197003,466127
MAMS1ENM2C,"(discontinued)M2+CDs/Amounts Outstanding at End of Period/(Reference) Money Stock (Based on excluding Foreign Banks in Japan, etc., through March 1999)",100 million yen,MONTHLY,Money Stock,20171229,197004,474038
MAMS1ENM2C,"(discontinued)M2+CDs/Amounts Outstanding at End of Period/(Reference) Money Stock (Based on excluding Foreign Banks in Japan, etc., through March 1999)",100 million yen,MONTHLY,Money Stock,20171229,197005,481839
MAMS1ENM2C,"(discontinued)M2+CDs/Amounts Outstanding at End of Period/(Reference) Money Stock (Based on excluding Foreign Banks in Japan, etc., through March 1999)",100 million yen,MONTHLY,Money Stock,20171229,197006,488101
MAMS1ENM2C,"(discontinued)M2+CDs/Amounts Outstanding at End of Period/(Reference) Money Stock (Based on excluding Foreign Banks in Japan, etc., through March 1999)",100 million yen,MONTHLY,Money Stock,20171229,197007,491528
MAMS1ENM2C,"(discontinued)M2+CDs/Amounts Outstanding at End of Period/(Reference) Money Stock (Based on excluding Foreign Banks in Japan, etc., through March 1999)",100 million yen,MONTHLY,Money Stock,20171229,197008,493911
MAMS1ENM2C,"(discontinued)M2+CDs/Amounts Outstanding at End of Period/(Reference) Money Stock (Based on excluding Foreign Banks in Japan, etc., through March 1999)",100 million yen,MONTHLY,Money Stock,20171229,197009,502852
MAMS1ENM2C,"(discontinued)M2+CDs/Amounts Outstanding at End of Period/(Reference) Money Stock (Based on excluding Foreign Banks in Japan, etc., through March 1999)",100 million yen,MONTHLY,Money Stock,20171229,197010,507195
MAMS1ENM2C,"(discontinued)M2+CDs/Amounts Outstanding at End of Period/(Reference) Money Stock (Based on excluding Foreign Banks in Japan, etc., through March 1999)",100 million yen,MONTHLY,Money Stock,20171229,197011,516146
MAMS1ENM2C,"(discontinued)M2+CDs/Amounts Outstanding at End of Period/(Reference) Money Stock (Based on excluding Foreign Banks in Japan, etc., through March 1999)",100 million yen,MONTHLY,Money Stock,20171229,197012,542373
MAMS1ENM2C,"(discontinued)M2+CDs/Amounts Outstanding at End of Period/(Reference) Money Stock (Based on excluding Foreign Banks in Japan, etc., through March 1999)",100 million yen,MONTHLY,Money Stock,20171229,197101,533811
MAMS1ENM2C,"(discontinued)M2+CDs/Amounts Outstanding at End of Period/(Reference) Money Stock (Based on excluding Foreign Banks in Japan, etc., through March 1999)",100 million yen,MONTHLY,Money Stock,20171229,197102,540083
MAMS1ENM2C,"(discontinued)M2+CDs/Amounts Outstanding at End of Period/(Reference) Money Stock (Based on excluding Foreign Banks in Japan, etc., through March 1999)",100 million yen,MONTHLY,Money Stock,20171229,197103,550020
MAMS1ENM2C,"(discontinued)M2+CDs/Amounts Outstanding at End of Period/(Reference) Money Stock (Based on excluding Foreign Banks in Japan, etc., through March 1999)",100 million yen,MONTHLY,Money Stock,20171229,197104,562756
MAMS1ENM2C,"(discontinued)M2+CDs/Amounts Outstanding at End of Period/(Reference) Money Stock (Based on excluding Foreign Banks in Japan, etc., through March 1999)",100 million yen,MONTHLY,Money Stock,20171229,197105,572000
MAMS1ENM2C,"(discontinued)M2+CDs/Amounts Outstanding at End of Period/(Reference) Money Stock (Based on excluding Foreign Banks in Japan, etc., through March 1999)",100 million yen,MONTHLY,Money Stock,20171229,197106,588451
MAMS1ENM2C,"(discontinued)M2+CDs/Amounts Outstanding at End of Period/(Reference) Money Stock (Based on excluding Foreign Banks in Japan, etc., through March 1999)",100 million yen,MONTHLY,Money Stock,20171229,197107,596038
MAMS1ENM2C,"(discontinued)M2+CDs/Amounts Outstanding at End of Period/(Reference) Money Stock (Based on excluding Foreign Banks in Japan, etc., through March 1999)",100 million yen,MONTHLY,Money Stock,20171229,197108,606799
MAMS1ENM2C,"(discontinued)M2+CDs/Amounts Outstanding at End of Period/(Reference) Money Stock (Based on excluding Foreign Banks in Japan, etc., through March 1999)",100 million yen,MONTHLY,Money Stock,20171229,197109,619082
MAMS1ENM2C,"(discontinued)M2+CDs/Amounts Outstanding at End of Period/(Reference) Money Stock (Based on excluding Foreign Banks in Japan, etc., through March 1999)",100 million yen,MONTHLY,Money Stock,20171229,197110,627017
MAMS1ENM2C,"(discontinued)M2+CDs/Amounts Outstanding at End of Period/(Reference) Money Stock (Based on excluding Foreign Banks in Japan, etc., through March 1999)",100 million yen,MONTHLY,Money Stock,20171229,197111,638288
MAMS1ENM2C,"(discontinued)M2+CDs/Amounts Outstanding at End of Period/(Reference) Money Stock (Based on excluding Foreign Banks in Japan, etc., through March 1999)",100 million yen,MONTHLY,Money Stock,20171229,197112,673982
MAMS1ENM2C,"(discontinued)M2+CDs/Amounts Outstanding at End of Period/(Reference) Money Stock (Based on excluding Foreign Banks in Japan, etc., through March 1999)",100 million yen,MONTHLY,Money Stock,20171229,197201,658967
MAMS1ENM2C,"(discontinued)M2+CDs/Amounts Outstanding at End of Period/(Reference) Money Stock (Based on excluding Foreign Banks in Japan, etc., through March 1999)",100 million yen,MONTHLY,Money Stock,20171229,197202,664035
MAMS1ENM2C,"(discontinued)M2+CDs/Amounts Outstanding at End of Period/(Reference) Money Stock (Based on excluding Foreign Banks in Japan, etc., through March 1999)",100 million yen,MONTHLY,Money Stock,20171229,197203,682248
MAMS1ENM2C,"(discontinued)M2+CDs/Amounts Outstanding at End of Period/(Reference) Money Stock (Based on excluding Foreign Banks in Japan, etc., through March 1999)",100 million yen,MONTHLY,Money Stock,20171229,197204,697503
MAMS1ENM2C,"(discontinued)M2+CDs/Amounts Outstanding at End of Period/(Reference) Money Stock (Based on excluding Foreign Banks in Japan, etc., through March 1999)",100 million yen,MONTHLY,Money Stock,20171229,197205,703572
MAMS1ENM2C,"(discontinued)M2+CDs/Amounts Outstanding at End of Period/(Reference) Money Stock (Based on excluding Foreign Banks in Japan, etc., through March 1999)",100 million yen,MONTHLY,Money Stock,20171229,197206,722607
MAMS1ENM2C,"(discontinued)M2+CDs/Amounts Outstanding at End of Period/(Reference) Money Stock (Based on excluding Foreign Banks in Japan, etc., through March 1999)",100 million yen,MONTHLY,Money Stock,20171229,197207,730123
MAMS1ENM2C,"(discontinued)M2+CDs/Amounts Outstanding at End of Period/(Reference) Money Stock (Based on excluding Foreign Banks in Japan, etc., through March 1999)",100 million yen,MONTHLY,Money Stock,20171229,197208,736795
MAMS1ENM2C,"(discontinued)M2+CDs/Amounts Outstanding at End of Period/(Reference) Money Stock (Based on excluding Foreign Banks in Japan, etc., through March 1999)",100 million yen,MONTHLY,Money Stock,20171229,197209,755338
MAMS1ENM2C,"(discontinued)M2+CDs/Amounts Outstanding at End of Period/(Reference) Money Stock (Based on excluding Foreign Banks in Japan, etc., through March 1999)",100 million yen,MONTHLY,Money Stock,20171229,197210,770682
MAMS1ENM2C,"(discontinued)M2+CDs/Amounts Outstanding at End of Period/(Reference) Money Stock (Based on excluding Foreign Banks in Japan, etc., through March 1999)",100 million yen,MONTHLY,Money Stock,20171229,197211,790598
MAMS1ENM2C,"(discontinued)M2+CDs/Amounts Outstanding at End of Period/(Reference) Money Stock (Based on excluding Foreign Banks in Japan, etc., through March 1999)",100 million yen,MONTHLY,Money Stock,20171229,197212,840405
MAMS1ENM2C,"(discontinued)M2+CDs/Amounts Outstanding at End of Period/(Reference) Money Stock (Based on excluding Foreign Banks in Japan, etc., through March 1999)",100 million yen,MONTHLY,Money Stock,20171229,197301,819678
MAMS1ENM2C,"(discontinued)M2+CDs/Amounts Outstanding at End of Period/(Reference) Money Stock (Based on excluding Foreign Banks in Japan, etc., through March 1999)",100 million yen,MONTHLY,Money Stock,20171229,197302,831149
MAMS1ENM2C,"(discontinued)M2+CDs/Amounts Outstanding at End of Period/(Reference) Money Stock (Based on excluding Foreign Banks in Japan, etc., through March 1999)",100 million yen,MONTHLY,Money Stock,20171229,197303,853462
MAMS1ENM2C,"(discontinued)M2+CDs/Amounts Outstanding at End of Period/(Reference) Money Stock (Based on excluding Foreign Banks in Japan, etc., through March 1999)",100 million yen,MONTHLY,Money Stock,20171229,197304,879733
MAMS1ENM2C,"(discontinued)M2+CDs/Amounts Outstanding at End of Period/(Reference) Money Stock (Based on excluding Foreign Banks in Japan, etc., through March 1999)",100 million yen,MONTHLY,Money Stock,20171229,197305,883991
MAMS1ENM2C,"(discontinued)M2+CDs/Amounts Outstanding at End of Period/(Reference) Money Stock (Based on excluding Foreign Banks in Japan, etc., through March 1999)",100 million yen,MONTHLY,Money Stock,20171229,197306,901340
MAMS1ENM2C,"(discontinued)M2+CDs/Amounts Outstanding at End of Period/(Reference) Money Stock (Based on excluding Foreign Banks in Japan, etc., through March 1999)",100 million yen,MONTHLY,Money Stock,20171229,197307,906490
MAMS1ENM2C,"(discontinued)M2+CDs/Amounts Outstanding at End of Period/(Reference) Money Stock (Based on excluding Foreign Banks in Japan, etc., through March 1999)",100 million yen,MONTHLY,Money Stock,20171229,197308,907928
MAMS1ENM2C,"(discontinued)M2+CDs/Amounts Outstanding at End of Period/(Reference) Money Stock (Based on excluding Foreign Banks in Japan, etc., through March 1999)",100 million yen,MONTHLY,Money Stock,20171229,197309,928316
MAMS1ENM2C,"(discontinued)M2+CDs/Amounts Outstanding at End of Period/(Reference) Money Stock (Based on excluding Foreign Banks in Japan, etc., through March 1999)",100 million yen,MONTHLY,Money Stock,20171229,197310,929289
MAMS1ENM2C,"(discontinued)M2+CDs/Amounts Outstanding at End of Period/(Reference) Money Stock (Based on excluding Foreign Banks in Japan, etc., through March 1999)",100 million yen,MONTHLY,Money Stock,20171229,197311,942120
MAMS1ENM2C,"(discontinued)M2+CDs/Amounts Outstanding at End of Period/(Reference) Money Stock (Based on excluding Foreign Banks in Japan, etc., through March 1999)",100 million yen,MONTHLY,Money Stock,20171229,197312,981885
MAMS1ENM2C,"(discontinued)M2+CDs/Amounts Outstanding at End of Period/(Reference) Money Stock (Based on excluding Foreign Banks in Japan, etc., through March 1999)",100 million yen,MONTHLY,Money Stock,20171229,197401,961025
MAMS1ENM2C,"(discontinued)M2+CDs/Amounts Outstanding at End of Period/(Reference) Money Stock (Based on excluding Foreign Banks in Japan, etc., through March 1999)",100 million yen,MONTHLY,Money Stock,20171229,197402,961873
MAMS1ENM2C,"(discontinued)M2+CDs/Amounts Outstanding at End of Period/(Reference) Money Stock (Based on excluding Foreign Banks in Japan, etc., through March 1999)",100 million yen,MONTHLY,Money Stock,20171229,197403,982358
MAMS1ENM2C,"(discontinued)M2+CDs/Amounts Outstanding at End of Period/(Reference) Money Stock (Based on excluding Foreign Banks in Japan, etc., through March 1999)",100 million yen,MONTHLY,Money Stock,20171229,197404,994172
MAMS1ENM2C,"(discontinued)M2+CDs/Amounts Outstanding at End of Period/(Reference) Money Stock (Based on excluding Foreign Banks in Japan, etc., through March 1999)",100 million yen,MONTHLY,Money Stock,20171229,197405,998543
MAMS1ENM2C,"(discontinued)M2+CDs/Amounts Outstanding at End of Period/(Reference) Money Stock (Based on excluding Foreign Banks in Japan, etc., through March 1999)",100 million yen,MONTHLY,Money Stock,20171229,197406,1021593
MAMS1ENM2C,"(discontinued)M2+CDs/Amounts Outstanding at End of Period/(Reference) Money Stock (Based on excluding Foreign Banks in Japan, etc., through March 1999)",100 million yen,MONTHLY,Money Stock,20171229,197407,1015647
MAMS1ENM2C,"(discontinued)M2+CDs/Amounts Outstanding at End of Period/(Reference) Money Stock (Based on excluding Foreign Banks in Japan, etc., through March 1999)",100 million yen,MONTHLY,Money Stock,20171229,197408,1013325
MAMS1ENM2C,"(discontinued)M2+CDs/Amounts Outstanding at End of Period/(Reference) Money Stock (Based on excluding Foreign Banks in Japan, etc., through March 1999)",100 million yen,MONTHLY,Money Stock,20171229,197409,1029084
MAMS1ENM2C,"(discontinued)M2+CDs/Amounts Outstanding at End of Period/(Reference) Money Stock (Based on excluding Foreign Banks in Japan, etc., through March 1999)",100 million yen,MONTHLY,Money Stock,20171229,197410,1030838
MAMS1ENM2C,"(discontinued)M2+CDs/Amounts Outstanding at End of Period/(Reference) Money Stock (Based on excluding Foreign Banks in Japan, etc., through March 1999)",100 million yen,MONTHLY,Money Stock,20171229,197411,1046566
MAMS1ENM2C,"(discontinued)M2+CDs/Amounts Outstanding at End of Period/(Reference) Money Stock (Based on excluding Foreign Banks in Japan, etc., through March 1999)",100 million yen,MONTHLY,Money Stock,20171229,197412,1094943
MAMS1ENM2C,"(discontinued)M2+CDs/Amounts Outstanding at End of Period/(Reference) Money Stock (Based on excluding Foreign Banks in Japan, etc., through March 1999)",100 million yen,MONTHLY,Money Stock,20171229,197501,1068329
MAMS1ENM2C,"(discontinued)M2+CDs/Amounts Outstanding at End of Period/(Reference) Money Stock (Based on excluding Foreign Banks in Japan, etc., through March 1999)",100 million yen,MONTHLY,Money Stock,20171229,197502,1073484
MAMS1ENM2C,"(discontinued)M2+CDs/Amounts Outstanding at End of Period/(Reference) Money Stock (Based on excluding Foreign Banks in Japan, etc., through March 1999)",100 million yen,MONTHLY,Money Stock,20171229,197503,1093748
MAMS1ENM2C,"(discontinued)M2+CDs/Amounts Outstanding at End of Period/(Reference) Money Stock (Based on excluding Foreign Banks in Japan, etc., through March 1999)",100 million yen,MONTHLY,Money Stock,20171229,197504,1110277
MAMS1ENM2C,"(discontinued)M2+CDs/Amounts Outstanding at End of Period/(Reference) Money Stock (Based on excluding Foreign Banks in Japan, etc., through March 1999)",100 million yen,MONTHLY,Money Stock,20171229,197505,1115882
MAMS1ENM2C,"(discontinued)M2+CDs/Amounts Outstanding at End of Period/(Reference) Money Stock (Based on excluding Foreign Banks in Japan, etc., through March 1999)",100 million yen,MONTHLY,Money Stock,20171229,197506,1138235
MAMS1ENM2C,"(discontinued)M2+CDs/Amounts Outstanding at End of Period/(Reference) Money Stock (Based on excluding Foreign Banks in Japan, etc., through March 1999)",100 million yen,MONTHLY,Money Stock,20171229,197507,1144825
MAMS1ENM2C,"(discontinued)M2+CDs/Amounts Outstanding at End of Period/(Reference) Money Stock (Based on excluding Foreign Banks in Japan, etc., through March 1999)",100 million yen,MONTHLY,Money Stock,20171229,197508,1156099
MAMS1ENM2C,"(discontinued)M2+CDs/Amounts Outstanding at End of Period/(Reference) Money Stock (Based on excluding Foreign Banks in Japan, etc., through March 1999)",100 million yen,MONTHLY,Money Stock,20171229,197509,1164589
MAMS1ENM2C,"(discontinued)M2+CDs/Amounts Outstanding at End of Period/(Reference) Money Stock (Based on excluding Foreign Banks in Japan, etc., through March 1999)",100 million yen,MONTHLY,Money Stock,20171229,197510,1172066
MAMS1ENM2C,"(discontinued)M2+CDs/Amounts Outstanding at End of Period/(Reference) Money Stock (Based on excluding Foreign Banks in Japan, etc., through March 1999)",100 million yen,MONTHLY,Money Stock,20171229,197511,1205703
MAMS1ENM2C,"(discontinued)M2+CDs/Amounts Outstanding at End of Period/(Reference) Money Stock (Based on excluding Foreign Banks in Japan, etc., through March 1999)",100 million yen,MONTHLY,Money Stock,20171229,197512,1253304
MAMS1ENM2C,"(discontinued)M2+CDs/Amounts Outstanding at End of Period/(Reference) Money Stock (Based on excluding Foreign Banks in Japan, etc., through March 1999)",100 million yen,MONTHLY,Money Stock,20171229,197601,1230645
MAMS1ENM2C,"(discontinued)M2+CDs/Amounts Outstanding at End of Period/(Reference) Money Stock (Based on excluding Foreign Banks in Japan, etc., through March 1999)",100 million yen,MONTHLY,Money Stock,20171229,197602,1248830
MAMS1ENM2C,"(discontinued)M2+CDs/Amounts Outstanding at End of Period/(Reference) Money Stock (Based on excluding Foreign Banks in Japan, etc., through March 1999)",100 million yen,MONTHLY,Money Stock,20171229,197603,1262347
MAMS1ENM2C,"(discontinued)M2+CDs/Amounts Outstanding at End of Period/(Reference) Money Stock (Based on excluding Foreign Banks in Japan, etc., through March 1999)",100 million yen,MONTHLY,Money Stock,20171229,197604,1281768
MAMS1ENM2C,"(discontinued)M2+CDs/Amounts Outstanding at End of Period/(Reference) Money Stock (Based on excluding Foreign Banks in Japan, etc., through March 1999)",100 million yen,MONTHLY,Money Stock,20171229,197605,1294051
MAMS1ENM2C,"(discontinued)M2+CDs/Amounts Outstanding at End of Period/(Reference) Money Stock (Based on excluding Foreign Banks in Japan, etc., through March 1999)",100 million yen,MONTHLY,Money Stock,20171229,197606,1321926
MAMS1ENM2C,"(discontinued)M2+CDs/Amounts Outstanding at End of Period/(Reference) Money Stock (Based on excluding Foreign Banks in Japan, etc., through March 1999)",100 million yen,MONTHLY,Money Stock,20171229,197607,1323891
MAMS1ENM2C,"(discontinued)M2+CDs/Amounts Outstanding at End of Period/(Reference) Money Stock (Based on excluding Foreign Banks in Japan, etc., through March 1999)",100 million yen,MONTHLY,Money Stock,20171229,197608,1323788
MAMS1ENM2C,"(discontinued)M2+CDs/Amounts Outstanding at End of Period/(Reference) Money Stock (Based on excluding Foreign Banks in Japan, etc., through March 1999)",100 million yen,MONTHLY,Money Stock,20171229,197609,1344815
MAMS1ENM2C,"(discontinued)M2+CDs/Amounts Outstanding at End of Period/(Reference) Money Stock (Based on excluding Foreign Banks in Japan, etc., through March 1999)",100 million yen,MONTHLY,Money Stock,20171229,197610,1355557
MAMS1ENM2C,"(discontinued)M2+CDs/Amounts Outstanding at End of Period/(Reference) Money Stock (Based on excluding Foreign Banks in Japan, etc., through March 1999)",100 million yen,MONTHLY,Money Stock,20171229,197611,1370341
MAMS1ENM2C,"(discontinued)M2+CDs/Amounts Outstanding at End of Period/(Reference) Money Stock (Based on excluding Foreign Banks in Japan, etc., through March 1999)",100 million yen,MONTHLY,Money Stock,20171229,197612,1422487
MAMS1ENM2C,"(discontinued)M2+CDs/Amounts Outstanding at End of Period/(Reference) Money Stock (Based on excluding Foreign Banks in Japan, etc., through March 1999)",100 million yen,MONTHLY,Money Stock,20171229,197701,1391326
MAMS1ENM2C,"(discontinued)M2+CDs/Amounts Outstanding at End of Period/(Reference) Money Stock (Based on excluding Foreign Banks in Japan, etc., through March 1999)",100 million yen,MONTHLY,Money Stock,20171229,197702,1394228
MAMS1ENM2C,"(discontinued)M2+CDs/Amounts Outstanding at End of Period/(Reference) Money Stock (Based on excluding Foreign Banks in Japan, etc., through March 1999)",100 million yen,MONTHLY,Money Stock,20171229,197703,1423500
MAMS1ENM2C,"(discontinued)M2+CDs/Amounts Outstanding at End of Period/(Reference) Money Stock (Based on excluding Foreign Banks in Japan, etc., through March 1999)",100 million yen,MONTHLY,Money Stock,20171229,197704,1430405
MAMS1ENM2C,"(discontinued)M2+CDs/Amounts Outstanding at End of Period/(Reference) Money Stock (Based on excluding Foreign Banks in Japan, etc., through March 1999)",100 million yen,MONTHLY,Money Stock,20171229,197705,1439597
MAMS1ENM2C,"(discontinued)M2+CDs/Amounts Outstanding at End of Period/(Reference) Money Stock (Based on excluding Foreign Banks in Japan, etc., through March 1999)",100 million yen,MONTHLY,Money Stock,20171229,197706,1471439
MAMS1ENM2C,"(discontinued)M2+CDs/Amounts Outstanding at End of Period/(Reference) Money Stock (Based on excluding Foreign Banks in Japan, etc., through March 1999)",100 million yen,MONTHLY,Money Stock,20171229,197707,1486756
MAMS1ENM2C,"(discontinued)M2+CDs/Amounts Outstanding at End of Period/(Reference) Money Stock (Based on excluding Foreign Banks in Japan, etc., through March 1999)",100 million yen,MONTHLY,Money Stock,20171229,197708,1471244
MAMS1ENM2C,"(discontinued)M2+CDs/Amounts Outstanding at End of Period/(Reference) Money Stock (Based on excluding Foreign Banks in Japan, etc., through March 1999)",100 million yen,MONTHLY,Money Stock,20171229,197709,1489102
MAMS1ENM2C,"(discontinued)M2+CDs/Amounts Outstanding at End of Period/(Reference) Money Stock (Based on excluding Foreign Banks in Japan, etc., through March 1999)",100 million yen,MONTHLY,Money Stock,20171229,197710,1488556
MAMS1ENM2C,"(discontinued)M2+CDs/Amounts Outstanding at End of Period/(Reference) Money Stock (Based on excluding Foreign Banks in Japan, etc., through March 1999)",100 million yen,MONTHLY,Money Stock,20171229,197711,1519046
MAMS1ENM2C,"(discontinued)M2+CDs/Amounts Outstanding at End of Period/(Reference) Money Stock (Based on excluding Foreign Banks in Japan, etc., through March 1999)",100 million yen,MONTHLY,Money Stock,20171229,197712,1580331
MAMS1ENM2C,"(discontinued)M2+CDs/Amounts Outstanding at End of Period/(Reference) Money Stock (Based on excluding Foreign Banks in Japan, etc., through March 1999)",100 million yen,MONTHLY,Money Stock,20171229,197801,1540400
MAMS1ENM2C,"(discontinued)M2+CDs/Amounts Outstanding at End of Period/(Reference) Money Stock (Based on excluding Foreign Banks in Japan, etc., through March 1999)",100 million yen,MONTHLY,Money Stock,20171229,197802,1545997
MAMS1ENM2C,"(discontinued)M2+CDs/Amounts Outstanding at End of Period/(Reference) Money Stock (Based on excluding Foreign Banks in Japan, etc., through March 1999)",100 million yen,MONTHLY,Money Stock,20171229,197803,1573318
MAMS1ENM2C,"(discontinued)M2+CDs/Amounts Outstanding at End of Period/(Reference) Money Stock (Based on excluding Foreign Banks in Japan, etc., through March 1999)",100 million yen,MONTHLY,Money Stock,20171229,197804,1611681
MAMS1ENM2C,"(discontinued)M2+CDs/Amounts Outstanding at End of Period/(Reference) Money Stock (Based on excluding Foreign Banks in Japan, etc., through March 1999)",100 million yen,MONTHLY,Money Stock,20171229,197805,1610412
MAMS1ENM2C,"(discontinued)M2+CDs/Amounts Outstanding at End of Period/(Reference) Money Stock (Based on excluding Foreign Banks in Japan, etc., through March 1999)",100 million yen,MONTHLY,Money Stock,20171229,197806,1650761
MAMS1ENM2C,"(discontinued)M2+CDs/Amounts Outstanding at End of Period/(Reference) Money Stock (Based on excluding Foreign Banks in Japan, etc., through March 1999)",100 million yen,MONTHLY,Money Stock,20171229,197807,1654894
MAMS1ENM2C,"(discontinued)M2+CDs/Amounts Outstanding at End of Period/(Reference) Money Stock (Based on excluding Foreign Banks in Japan, etc., through March 1999)",100 million yen,MONTHLY,Money Stock,20171229,197808,1653491
MAMS1ENM2C,"(discontinued)M2+CDs/Amounts Outstanding at End of Period/(Reference) Money Stock (Based on excluding Foreign Banks in Japan, etc., through March 1999)",100 million yen,MONTHLY,Money Stock,20171229,197809,1674617
MAMS1ENM2C,"(discontinued)M2+CDs/Amounts Outstanding at End of Period/(Reference) Money Stock (Based on excluding Foreign Banks in Japan, etc., through March 1999)",100 million yen,MONTHLY,Money Stock,20171229,197810,1672058
MAMS1ENM2C,"(discontinued)M2+CDs/Amounts Outstanding at End of Period/(Reference) Money Stock (Based on excluding Foreign Banks in Japan, etc., through March 1999)",100 million yen,MONTHLY,Money Stock,20171229,197811,1706690
MAMS1ENM2C,"(discontinued)M2+CDs/Amounts Outstanding at End of Period/(Reference) Money Stock (Based on excluding Foreign Banks in Japan, etc., through March 1999)",100 million yen,MONTHLY,Money Stock,20171229,197812,1787201
MAMS1ENM2C,"(discontinued)M2+CDs/Amounts Outstanding at End of Period/(Reference) Money Stock (Based on excluding Foreign Banks in Japan, etc., through March 1999)",100 million yen,MONTHLY,Money Stock,20171229,197901,1726038
MAMS1ENM2C,"(discontinued)M2+CDs/Amounts Outstanding at End of Period/(Reference) Money Stock (Based on excluding Foreign Banks in Japan, etc., through March 1999)",100 million yen,MONTHLY,Money Stock,20171229,197902,1732610
MAMS1ENM2C,"(discontinued)M2+CDs/Amounts Outstanding at End of Period/(Reference) Money Stock (Based on excluding Foreign Banks in Japan, etc., through March 1999)",100 million yen,MONTHLY,Money Stock,20171229,197903,1775875
MAMS1ENM2C,"(discontinued)M2+CDs/Amounts Outstanding at End of Period/(Reference) Money Stock (Based on excluding Foreign Banks in Japan, etc., through March 1999)",100 million yen,MONTHLY,Money Stock,20171229,197904,1816185
MAMS1ENM2C,"(discontinued)M2+CDs/Amounts Outstanding at End of Period/(Reference) Money Stock (Based on excluding Foreign Banks in Japan, etc., through March 1999)",100 million yen,MONTHLY,Money Stock,20171229,197905,1804698
MAMS1ENM2C,"(discontinued)M2+CDs/Amounts Outstanding at End of Period/(Reference) Money Stock (Based on excluding Foreign Banks in Japan, etc., through March 1999)",100 million yen,MONTHLY,Money Stock,20171229,197906,1844970
MAMS1ENM2C,"(discontinued)M2+CDs/Amounts Outstanding at End of Period/(Reference) Money Stock (Based on excluding Foreign Banks in Japan, etc., through March 1999)",100 million yen,MONTHLY,Money Stock,20171229,197907,1842272
MAMS1ENM2C,"(discontinued)M2+CDs/Amounts Outstanding at End of Period/(Reference) Money Stock (Based on excluding Foreign Banks in Japan, etc., through March 1999)",100 million yen,MONTHLY,Money Stock,20171229,197908,1843829
MAMS1ENM2C,"(discontinued)M2+CDs/Amounts Outstanding at End of Period/(Reference) Money Stock (Based on excluding Foreign Banks in Japan, etc., through March 1999)",100 million yen,MONTHLY,Money Stock,20171229,197909,1877943
MAMS1ENM2C,"(discontinued)M2+CDs/Amounts Outstanding at End of Period/(Reference) Money Stock (Based on excluding Foreign Banks in Japan, etc., through March 1999)",100 million yen,MONTHLY,Money Stock,20171229,197910,1855456
MAMS1ENM2C,"(discontinued)M2+CDs/Amounts Outstanding at End of Period/(Reference) Money Stock (Based on excluding Foreign Banks in Japan, etc., through March 1999)",100 million yen,MONTHLY,Money Stock,20171229,197911,1886783
MAMS1ENM2C,"(discontinued)M2+CDs/Amounts Outstanding at End of Period/(Reference) Money Stock (Based on excluding Foreign Banks in Japan, etc., through March 1999)",100 million yen,MONTHLY,Money Stock,20171229,197912,1950129
MAMS1ENM2C,"(discontinued)M2+CDs/Amounts Outstanding at End of Period/(Reference) Money Stock (Based on excluding Foreign Banks in Japan, etc., through March 1999)",100 million yen,MONTHLY,Money Stock,20171229,198001,1900330
MAMS1ENM2C,"(discontinued)M2+CDs/Amounts Outstanding at End of Period/(Reference) Money Stock (Based on excluding Foreign Banks in Japan, etc., through March 1999)",100 million yen,MONTHLY,Money Stock,20171229,198002,1909564
MAMS1ENM2C,"(discontinued)M2+CDs/Amounts Outstanding at End of Period/(Reference) Money Stock (Based on excluding Foreign Banks in Japan, etc., through March 1999)",100 million yen,MONTHLY,Money Stock,20171229,198003,1947349
MAMS1ENM2C,"(discontinued)M2+CDs/Amounts Outstanding at End of Period/(Reference) Money Stock (Based on excluding Foreign Banks in Japan, etc., through March 1999)",100 million yen,MONTHLY,Money Stock,20171229,198004,1980302
MAMS1ENM2C,"(discontinued)M2+CDs/Amounts Outstanding at End of Period/(Reference) Money Stock (Based on excluding Foreign Banks in Japan, etc., through March 1999)",100 million yen,MONTHLY,Money Stock,20171229,198005,1968994
MAMS1ENM2C,"(discontinued)M2+CDs/Amounts Outstanding at End of Period/(Reference) Money Stock (Based on excluding Foreign Banks in Japan, etc., through March 1999)",100 million yen,MONTHLY,Money Stock,20171229,198006,2002504
MAMS1ENM2C,"(discontinued)M2+CDs/Amounts Outstanding at End of Period/(Reference) Money Stock (Based on excluding Foreign Banks in Japan, etc., through March 1999)",100 million yen,MONTHLY,Money Stock,20171229,198007,1989731
MAMS1ENM2C,"(discontinued)M2+CDs/Amounts Outstanding at End of Period/(Reference) Money Stock (Based on excluding Foreign Banks in Japan, etc., through March 1999)",100 million yen,MONTHLY,Money Stock,20171229,198008,2007671
MAMS1ENM2C,"(discontinued)M2+CDs/Amounts Outstanding at End of Period/(Reference) Money Stock (Based on excluding Foreign Banks in Japan, etc., through March 1999)",100 million yen,MONTHLY,Money Stock,20171229,198009,1992380
MAMS1ENM2C,"(discontinued)M2+CDs/Amounts Outstanding at End of Period/(Reference) Money Stock (Based on excluding Foreign Banks in Japan, etc., through March 1999)",100 million yen,MONTHLY,Money Stock,20171229,198010,1989719
MAMS1ENM2C,"(discontinued)M2+CDs/Amounts Outstanding at End of Period/(Reference) Money Stock (Based on excluding Foreign Banks in Japan, etc., through March 1999)",100 million yen,MONTHLY,Money Stock,20171229,198011,2047809
MAMS1ENM2C,"(discontinued)M2+CDs/Amounts Outstanding at End of Period/(Reference) Money Stock (Based on excluding Foreign Banks in Japan, etc., through March 1999)",100 million yen,MONTHLY,Money Stock,20171229,198012,2089859
MAMS1ENM2C,"(discontinued)M2+CDs/Amounts Outstanding at End of Period/(Reference) Money Stock (Based on excluding Foreign Banks in Japan, etc., through March 1999)",100 million yen,MONTHLY,Money Stock,20171229,198101,2037555
MAMS1ENM2C,"(discontinued)M2+CDs/Amounts Outstanding at End of Period/(Reference) Money Stock (Based on excluding Foreign Banks in Japan, etc., through March 1999)",100 million yen,MONTHLY,Money Stock,20171229,198102,2050050
MAMS1ENM2C,"(discontinued)M2+CDs/Amounts Outstanding at End of Period/(Reference) Money Stock (Based on excluding Foreign Banks in Japan, etc., through March 1999)",100 million yen,MONTHLY,Money Stock,20171229,198103,2080974
MAMS1ENM2C,"(discontinued)M2+CDs/Amounts Outstanding at End of Period/(Reference) Money Stock (Based on excluding Foreign Banks in Japan, etc., through March 1999)",100 million yen,MONTHLY,Money Stock,20171229,198104,2121138
MAMS1ENM2C,"(discontinued)M2+CDs/Amounts Outstanding at End of Period/(Reference) Money Stock (Based on excluding Foreign Banks in Japan, etc., through March 1999)",100 million yen,MONTHLY,Money Stock,20171229,198105,2163260
MAMS1ENM2C,"(discontinued)M2+CDs/Amounts Outstanding at End of Period/(Reference) Money Stock (Based on excluding Foreign Banks in Japan, etc., through March 1999)",100 million yen,MONTHLY,Money Stock,20171229,198106,2177919
MAMS1ENM2C,"(discontinued)M2+CDs/Amounts Outstanding at End of Period/(Reference) Money Stock (Based on excluding Foreign Banks in Japan, etc., through March 1999)",100 million yen,MONTHLY,Money Stock,20171229,198107,2177699
MAMS1ENM2C,"(discontinued)M2+CDs/Amounts Outstanding at End of Period/(Reference) Money Stock (Based on excluding Foreign Banks in Japan, etc., through March 1999)",100 million yen,MONTHLY,Money Stock,20171229,198108,2178856
MAMS1ENM2C,"(discontinued)M2+CDs/Amounts Outstanding at End of Period/(Reference) Money Stock (Based on excluding Foreign Banks in Japan, etc., through March 1999)",100 million yen,MONTHLY,Money Stock,20171229,198109,2192005
MAMS1ENM2C,"(discontinued)M2+CDs/Amounts Outstanding at End of Period/(Reference) Money Stock (Based on excluding Foreign Banks in Japan, etc., through March 1999)",100 million yen,MONTHLY,Money Stock,20171229,198110,2203118
MAMS1ENM2C,"(discontinued)M2+CDs/Amounts Outstanding at End of Period/(Reference) Money Stock (Based on excluding Foreign Banks in Japan, etc., through March 1999)",100 million yen,MONTHLY,Money Stock,20171229,198111,2241058
MAMS1ENM2C,"(discontinued)M2+CDs/Amounts Outstanding at End of Period/(Reference) Money Stock (Based on excluding Foreign Banks in Japan, etc., through March 1999)",100 million yen,MONTHLY,Money Stock,20171229,198112,2320417
MAMS1ENM2C,"(discontinued)M2+CDs/Amounts Outstanding at End of Period/(Reference) Money Stock (Based on excluding Foreign Banks in Japan, etc., through March 1999)",100 million yen,MONTHLY,Money Stock,20171229,198201,2286658
MAMS1ENM2C,"(discontinued)M2+CDs/Amounts Outstanding at End of Period/(Reference) Money Stock (Based on excluding Foreign Banks in Japan, etc., through March 1999)",100 million yen,MONTHLY,Money Stock,20171229,198202,2302873
MAMS1ENM2C,"(discontinued)M2+CDs/Amounts Outstanding at End of Period/(Reference) Money Stock (Based on excluding Foreign Banks in Japan, etc., through March 1999)",100 million yen,MONTHLY,Money Stock,20171229,198203,2304857
MAMS1ENM2C,"(discontinued)M2+CDs/Amounts Outstanding at End of Period/(Reference) Money Stock (Based on excluding Foreign Banks in Japan, etc., through March 1999)",100 million yen,MONTHLY,Money Stock,20171229,198204,2328930
MAMS1ENM2C,"(discontinued)M2+CDs/Amounts Outstanding at End of Period/(Reference) Money Stock (Based on excluding Foreign Banks in Japan, etc., through March 1999)",100 million yen,MONTHLY,Money Stock,20171229,198205,2328536
MAMS1ENM2C,"(discontinued)M2+CDs/Amounts Outstanding at End of Period/(Reference) Money Stock (Based on excluding Foreign Banks in Japan, etc., through March 1999)",100 million yen,MONTHLY,Money Stock,20171229,198206,2380280
MAMS1ENM2C,"(discontinued)M2+CDs/Amounts Outstanding at End of Period/(Reference) Money Stock (Based on excluding Foreign Banks in Japan, etc., through March 1999)",100 million yen,MONTHLY,Money Stock,20171229,198207,2375855
MAMS1ENM2C,"(discontinued)M2+CDs/Amounts Outstanding at End of Period/(Reference) Money Stock (Based on excluding Foreign Banks in Japan, etc., through March 1999)",100 million yen,MONTHLY,Money Stock,20171229,198208,2372852
MAMS1ENM2C,"(discontinued)M2+CDs/Amounts Outstanding at End of Period/(Reference) Money Stock (Based on excluding Foreign Banks in Japan, etc., through March 1999)",100 million yen,MONTHLY,Money Stock,20171229,198209,2402298
MAMS1ENM2C,"(discontinued)M2+CDs/Amounts Outstanding at End of Period/(Reference) Money Stock (Based on excluding Foreign Banks in Japan, etc., through March 1999)",100 million yen,MONTHLY,Money Stock,20171229,198210,2405926
MAMS1ENM2C,"(discontinued)M2+CDs/Amounts Outstanding at End of Period/(Reference) Money Stock (Based on excluding Foreign Banks in Japan, etc., through March 1999)",100 million yen,MONTHLY,Money Stock,20171229,198211,2413116
MAMS1ENM2C,"(discontinued)M2+CDs/Amounts Outstanding at End of Period/(Reference) Money Stock (Based on excluding Foreign Banks in Japan, etc., through March 1999)",100 million yen,MONTHLY,Money Stock,20171229,198212,2504661
MAMS1ENM2C,"(discontinued)M2+CDs/Amounts Outstanding at End of Period/(Reference) Money Stock (Based on excluding Foreign Banks in Japan, etc., through March 1999)",100 million yen,MONTHLY,Money Stock,20171229,198301,2432180
MAMS1ENM2C,"(discontinued)M2+CDs/Amounts Outstanding at End of Period/(Reference) Money Stock (Based on excluding Foreign Banks in Japan, etc., through March 1999)",100 million yen,MONTHLY,Money Stock,20171229,198302,2442252
MAMS1ENM2C,"(discontinued)M2+CDs/Amounts Outstanding at End of Period/(Reference) Money Stock (Based on excluding Foreign Banks in Japan, etc., through March 1999)",100 million yen,MONTHLY,Money Stock,20171229,198303,2479265
MAMS1ENM2C,"(discontinued)M2+CDs/Amounts Outstanding at End of Period/(Reference) Money Stock (Based on excluding Foreign Banks in Japan, etc., through March 1999)",100 million yen,MONTHLY,Money Stock,20171229,198304,2494974
MAMS1ENM2C,"(discontinued)M2+CDs/Amounts Outstanding at End of Period/(Reference) Money Stock (Based on excluding Foreign Banks in Japan, etc., through March 1999)",100 million yen,MONTHLY,Money Stock,20171229,198305,2506097
MAMS1ENM2C,"(discontinued)M2+CDs/Amounts Outstanding at End of Period/(Reference) Money Stock (Based on excluding Foreign Banks in Japan, etc., through March 1999)",100 million yen,MONTHLY,Money Stock,20171229,198306,2557522
MAMS1ENM2C,"(discontinued)M2+CDs/Amounts Outstanding at End of Period/(Reference) Money Stock (Based on excluding Foreign Banks in Japan, etc., through March 1999)",100 million yen,MONTHLY,Money Stock,20171229,198307,2573807
MAMS1ENM2C,"(discontinued)M2+CDs/Amounts Outstanding at End of Period/(Reference) Money Stock (Based on excluding Foreign Banks in Japan, etc., through March 1999)",100 million yen,MONTHLY,Money Stock,20171229,198308,2545269
MAMS1ENM2C,"(discontinued)M2+CDs/Amounts Outstanding at End of Period/(Reference) Money Stock (Based on excluding Foreign Banks in Japan, etc., through March 1999)",100 million yen,MONTHLY,Money Stock,20171229,198309,2572365
MAMS1ENM2C,"(discontinued)M2+CDs/Amounts Outstanding at End of Period/(Reference) Money Stock (Based on excluding Foreign Banks in Japan, etc., through March 1999)",100 million yen,MONTHLY,Money Stock,20171229,198310,2548335
MAMS1ENM2C,"(discontinued)M2+CDs/Amounts Outstanding at End of Period/(Reference) Money Stock (Based on excluding Foreign Banks in Japan, etc., through March 1999)",100 million yen,MONTHLY,Money Stock,20171229,198311,2586665
MAMS1ENM2C,"(discontinued)M2+CDs/Amounts Outstanding at End of Period/(Reference) Money Stock (Based on excluding Foreign Banks in Japan, etc., through March 1999)",100 million yen,MONTHLY,Money Stock,20171229,198312,2686928
MAMS1ENM2C,"(discontinued)M2+CDs/Amounts Outstanding at End of Period/(Reference) Money Stock (Based on excluding Foreign Banks in Japan, etc., through March 1999)",100 million yen,MONTHLY,Money Stock,20171229,198401,2615759
MAMS1ENM2C,"(discontinued)M2+CDs/Amounts Outstanding at End of Period/(Reference) Money Stock (Based on excluding Foreign Banks in Japan, etc., through March 1999)",100 million yen,MONTHLY,Money Stock,20171229,198402,2637406
MAMS1ENM2C,"(discontinued)M2+CDs/Amounts Outstanding at End of Period/(Reference) Money Stock (Based on excluding Foreign Banks in Japan, etc., through March 1999)",100 million yen,MONTHLY,Money Stock,20171229,198403,2671724
MAMS1ENM2C,"(discontinued)M2+CDs/Amounts Outstanding at End of Period/(Reference) Money Stock (Based on excluding Foreign Banks in Japan, etc., through March 1999)",100 million yen,MONTHLY,Money Stock,20171229,198404,2706918
MAMS1ENM2C,"(discontinued)M2+CDs/Amounts Outstanding at End of Period/(Reference) Money Stock (Based on excluding Foreign Banks in Japan, etc., through March 1999)",100 million yen,MONTHLY,Money Stock,20171229,198405,2690100
MAMS1ENM2C,"(discontinued)M2+CDs/Amounts Outstanding at End of Period/(Reference) Money Stock (Based on excluding Foreign Banks in Japan, etc., through March 1999)",100 million yen,MONTHLY,Money Stock,20171229,198406,2747511
MAMS1ENM2C,"(discontinued)M2+CDs/Amounts Outstanding at End of Period/(Reference) Money Stock (Based on excluding Foreign Banks in Japan, etc., through March 1999)",100 million yen,MONTHLY,Money Stock,20171229,198407,2737034
MAMS1ENM2C,"(discontinued)M2+CDs/Amounts Outstanding at End of Period/(Reference) Money Stock (Based on excluding Foreign Banks in Japan, etc., through March 1999)",100 million yen,MONTHLY,Money Stock,20171229,198408,2736666
MAMS1ENM2C,"(discontinued)M2+CDs/Amounts Outstanding at End of Period/(Reference) Money Stock (Based on excluding Foreign Banks in Japan, etc., through March 1999)",100 million yen,MONTHLY,Money Stock,20171229,198409,2793213
MAMS1ENM2C,"(discontinued)M2+CDs/Amounts Outstanding at End of Period/(Reference) Money Stock (Based on excluding Foreign Banks in Japan, etc., through March 1999)",100 million yen,MONTHLY,Money Stock,20171229,198410,2748456
MAMS1ENM2C,"(discontinued)M2+CDs/Amounts Outstanding at End of Period/(Reference) Money Stock (Based on excluding Foreign Banks in Japan, etc., through March 1999)",100 million yen,MONTHLY,Money Stock,20171229,198411,2788752
MAMS1ENM2C,"(discontinued)M2+CDs/Amounts Outstanding at End of Period/(Reference) Money Stock (Based on excluding Foreign Banks in Japan, etc., through March 1999)",100 million yen,MONTHLY,Money Stock,20171229,198412,2897142
MAMS1ENM2C,"(discontinued)M2+CDs/Amounts Outstanding at End of Period/(Reference) Money Stock (Based on excluding Foreign Banks in Japan, etc., through March 1999)",100 million yen,MONTHLY,Money Stock,20171229,198501,2819131
MAMS1ENM2C,"(discontinued)M2+CDs/Amounts Outstanding at End of Period/(Reference) Money Stock (Based on excluding Foreign Banks in Japan, etc., through March 1999)",100 million yen,MONTHLY,Money Stock,20171229,198502,2841031
MAMS1ENM2C,"(discontinued)M2+CDs/Amounts Outstanding at End of Period/(Reference) Money Stock (Based on excluding Foreign Banks in Japan, etc., through March 1999)",100 million yen,MONTHLY,Money Stock,20171229,198503,2916096
MAMS1ENM2C,"(discontinued)M2+CDs/Amounts Outstanding at End of Period/(Reference) Money Stock (Based on excluding Foreign Banks in Japan, etc., through March 1999)",100 million yen,MONTHLY,Money Stock,20171229,198504,2907561
MAMS1ENM2C,"(discontinued)M2+CDs/Amounts Outstanding at End of Period/(Reference) Money Stock (Based on excluding Foreign Banks in Japan, etc., through March 1999)",100 million yen,MONTHLY,Money Stock,20171229,198505,2905188
MAMS1ENM2C,"(discontinued)M2+CDs/Amounts Outstanding at End of Period/(Reference) Money Stock (Based on excluding Foreign Banks in Japan, etc., through March 1999)",100 million yen,MONTHLY,Money Stock,20171229,198506,2997565
MAMS1ENM2C,"(discontinued)M2+CDs/Amounts Outstanding at End of Period/(Reference) Money Stock (Based on excluding Foreign Banks in Japan, etc., through March 1999)",100 million yen,MONTHLY,Money Stock,20171229,198507,2962860
MAMS1ENM2C,"(discontinued)M2+CDs/Amounts Outstanding at End of Period/(Reference) Money Stock (Based on excluding Foreign Banks in Japan, etc., through March 1999)",100 million yen,MONTHLY,Money Stock,20171229,198508,2961046
MAMS1ENM2C,"(discontinued)M2+CDs/Amounts Outstanding at End of Period/(Reference) Money Stock (Based on excluding Foreign Banks in Japan, etc., through March 1999)",100 million yen,MONTHLY,Money Stock,20171229,198509,2989044
MAMS1ENM2C,"(discontinued)M2+CDs/Amounts Outstanding at End of Period/(Reference) Money Stock (Based on excluding Foreign Banks in Japan, etc., through March 1999)",100 million yen,MONTHLY,Money Stock,20171229,198510,2978122
MAMS1ENM2C,"(discontinued)M2+CDs/Amounts Outstanding at End of Period/(Reference) Money Stock (Based on excluding Foreign Banks in Japan, etc., through March 1999)",100 million yen,MONTHLY,Money Stock,20171229,198511,3035321
MAMS1ENM2C,"(discontinued)M2+CDs/Amounts Outstanding at End of Period/(Reference) Money Stock (Based on excluding Foreign Banks in Japan, etc., through March 1999)",100 million yen,MONTHLY,Money Stock,20171229,198512,3149388
MAMS1ENM2C,"(discontinued)M2+CDs/Amounts Outstanding at End of Period/(Reference) Money Stock (Based on excluding Foreign Banks in Japan, etc., through March 1999)",100 million yen,MONTHLY,Money Stock,20171229,198601,3067112
MAMS1ENM2C,"(discontinued)M2+CDs/Amounts Outstanding at End of Period/(Reference) Money Stock (Based on excluding Foreign Banks in Japan, etc., through March 1999)",100 million yen,MONTHLY,Money Stock,20171229,198602,3089814
MAMS1ENM2C,"(discontinued)M2+CDs/Amounts Outstanding at End of Period/(Reference) Money Stock (Based on excluding Foreign Banks in Japan, etc., through March 1999)",100 million yen,MONTHLY,Money Stock,20171229,198603,3138933
MAMS1ENM2C,"(discontinued)M2+CDs/Amounts Outstanding at End of Period/(Reference) Money Stock (Based on excluding Foreign Banks in Japan, etc., through March 1999)",100 million yen,MONTHLY,Money Stock,20171229,198604,3140779
MAMS1ENM2C,"(discontinued)M2+CDs/Amounts Outstanding at End of Period/(Reference) Money Stock (Based on excluding Foreign Banks in Japan, etc., through March 1999)",100 million yen,MONTHLY,Money Stock,20171229,198605,3142760
MAMS1ENM2C,"(discontinued)M2+CDs/Amounts Outstanding at End of Period/(Reference) Money Stock (Based on excluding Foreign Banks in Japan, etc., through March 1999)",100 million yen,MONTHLY,Money Stock,20171229,198606,3230762
MAMS1ENM2C,"(discontinued)M2+CDs/Amounts Outstanding at End of Period/(Reference) Money Stock (Based on excluding Foreign Banks in Japan, etc., through March 1999)",100 million yen,MONTHLY,Money Stock,20171229,198607,3220088
MAMS1ENM2C,"(discontinued)M2+CDs/Amounts Outstanding at End of Period/(Reference) Money Stock (Based on excluding Foreign Banks in Japan, etc., through March 1999)",100 million yen,MONTHLY,Money Stock,20171229,198608,3259573
MAMS1ENM2C,"(discontinued)M2+CDs/Amounts Outstanding at End of Period/(Reference) Money Stock (Based on excluding Foreign Banks in Japan, etc., through March 1999)",100 million yen,MONTHLY,Money Stock,20171229,198609,3230603
MAMS1ENM2C,"(discontinued)M2+CDs/Amounts Outstanding at End of Period/(Reference) Money Stock (Based on excluding Foreign Banks in Japan, etc., through March 1999)",100 million yen,MONTHLY,Money Stock,20171229,198610,3243305
MAMS1ENM2C,"(discontinued)M2+CDs/Amounts Outstanding at End of Period/(Reference) Money Stock (Based on excluding Foreign Banks in Japan, etc., through March 1999)",100 million yen,MONTHLY,Money Stock,20171229,198611,3339794
MAMS1ENM2C,"(discontinued)M2+CDs/Amounts Outstanding at End of Period/(Reference) Money Stock (Based on excluding Foreign Banks in Japan, etc., through March 1999)",100 million yen,MONTHLY,Money Stock,20171229,198612,3438875
MAMS1ENM2C,"(discontinued)M2+CDs/Amounts Outstanding at End of Period/(Reference) Money Stock (Based on excluding Foreign Banks in Japan, etc., through March 1999)",100 million yen,MONTHLY,Money Stock,20171229,198701,3340317
MAMS1ENM2C,"(discontinued)M2+CDs/Amounts Outstanding at End of Period/(Reference) Money Stock (Based on excluding Foreign Banks in Japan, etc., through March 1999)",100 million yen,MONTHLY,Money Stock,20171229,198702,3370299
MAMS1ENM2C,"(discontinued)M2+CDs/Amounts Outstanding at End of Period/(Reference) Money Stock (Based on excluding Foreign Banks in Japan, etc., through March 1999)",100 million yen,MONTHLY,Money Stock,20171229,198703,3418603
MAMS1ENM2C,"(discontinued)M2+CDs/Amounts Outstanding at End of Period/(Reference) Money Stock (Based on excluding Foreign Banks in Japan, etc., through March 1999)",100 million yen,MONTHLY,Money Stock,20171229,198704,3461782
MAMS1ENM2C,"(discontinued)M2+CDs/Amounts Outstanding at End of Period/(Reference) Money Stock (Based on excluding Foreign Banks in Japan, etc., through March 1999)",100 million yen,MONTHLY,Money Stock,20171229,198705,3513117
MAMS1ENM2C,"(discontinued)M2+CDs/Amounts Outstanding at End of Period/(Reference) Money Stock (Based on excluding Foreign Banks in Japan, etc., through March 1999)",100 million yen,MONTHLY,Money Stock,20171229,198706,3553663
MAMS1ENM2C,"(discontinued)M2+CDs/Amounts Outstanding at End of Period/(Reference) Money Stock (Based on excluding Foreign Banks in Japan, etc., through March 1999)",100 million yen,MONTHLY,Money Stock,20171229,198707,3578277
MAMS1ENM2C,"(discontinued)M2+CDs/Amounts Outstanding at End of Period/(Reference) Money Stock (Based on excluding Foreign Banks in Japan, etc., through March 1999)",100 million yen,MONTHLY,Money Stock,20171229,198708,3574091
MAMS1ENM2C,"(discontinued)M2+CDs/Amounts Outstanding at End of Period/(Reference) Money Stock (Based on excluding Foreign Banks in Japan, etc., through March 1999)",100 million yen,MONTHLY,Money Stock,20171229,198709,3581739
MAMS1ENM2C,"(discontinued)M2+CDs/Amounts Outstanding at End of Period/(Reference) Money Stock (Based on excluding Foreign Banks in Japan, etc., through March 1999)",100 million yen,MONTHLY,Money Stock,20171229,198710,3626398
MAMS1ENM2C,"(discontinued)M2+CDs/Amounts Outstanding at End of Period/(Reference) Money Stock (Based on excluding Foreign Banks in Japan, etc., through March 1999)",100 million yen,MONTHLY,Money Stock,20171229,198711,3667137
MAMS1ENM2C,"(discontinued)M2+CDs/Amounts Outstanding at End of Period/(Reference) Money Stock (Based on excluding Foreign Banks in Japan, etc., through March 1999)",100 million yen,MONTHLY,Money Stock,20171229,198712,3808673
MAMS1ENM2C,"(discontinued)M2+CDs/Amounts Outstanding at End of Period/(Reference) Money Stock (Based on excluding Foreign Banks in Japan, etc., through March 1999)",100 million yen,MONTHLY,Money Stock,20171229,198801,3776302
MAMS1ENM2C,"(discontinued)M2+CDs/Amounts Outstanding at End of Period/(Reference) Money Stock (Based on excluding Foreign Banks in Japan, etc., through March 1999)",100 million yen,MONTHLY,Money Stock,20171229,198802,3770894
MAMS1ENM2C,"(discontinued)M2+CDs/Amounts Outstanding at End of Period/(Reference) Money Stock (Based on excluding Foreign Banks in Japan, etc., through March 1999)",100 million yen,MONTHLY,Money Stock,20171229,198803,3809953
MAMS1ENM2C,"(discontinued)M2+CDs/Amounts Outstanding at End of Period/(Reference) Money Stock (Based on excluding Foreign Banks in Japan, etc., through March 1999)",100 million yen,MONTHLY,Money Stock,20171229,198804,3846124
MAMS1ENM2C,"(discontinued)M2+CDs/Amounts Outstanding at End of Period/(Reference) Money Stock (Based on excluding Foreign Banks in Japan, etc., through March 1999)",100 million yen,MONTHLY,Money Stock,20171229,198805,3846659
MAMS1ENM2C,"(discontinued)M2+CDs/Amounts Outstanding at End of Period/(Reference) Money Stock (Based on excluding Foreign Banks in Japan, etc., through March 1999)",100 million yen,MONTHLY,Money Stock,20171229,198806,3944555
MAMS1ENM2C,"(discontinued)M2+CDs/Amounts Outstanding at End of Period/(Reference) Money Stock (Based on excluding Foreign Banks in Japan, etc., through March 1999)",100 million yen,MONTHLY,Money Stock,20171229,198807,3995886
MAMS1ENM2C,"(discontinued)M2+CDs/Amounts Outstanding at End of Period/(Reference) Money Stock (Based on excluding Foreign Banks in Japan, etc., through March 1999)",100 million yen,MONTHLY,Money Stock,20171229,198808,3952513
MAMS1ENM2C,"(discontinued)M2+CDs/Amounts Outstanding at End of Period/(Reference) Money Stock (Based on excluding Foreign Banks in Japan, etc., through March 1999)",100 million yen,MONTHLY,Money Stock,20171229,198809,3981792
MAMS1ENM2C,"(discontinued)M2+CDs/Amounts Outstanding at End of Period/(Reference) Money Stock (Based on excluding Foreign Banks in Japan, etc., through March 1999)",100 million yen,MONTHLY,Money Stock,20171229,198810,4010710
MAMS1ENM2C,"(discontinued)M2+CDs/Amounts Outstanding at End of Period/(Reference) Money Stock (Based on excluding Foreign Banks in Japan, etc., through March 1999)",100 million yen,MONTHLY,Money Stock,20171229,198811,4049684
MAMS1ENM2C,"(discontinued)M2+CDs/Amounts Outstanding at End of Period/(Reference) Money Stock (Based on excluding Foreign Banks in Japan, etc., through March 1999)",100 million yen,MONTHLY,Money Stock,20171229,198812,4197323
MAMS1ENM2C,"(discontinued)M2+CDs/Amounts Outstanding at End of Period/(Reference) Money Stock (Based on excluding Foreign Banks in Japan, etc., through March 1999)",100 million yen,MONTHLY,Money Stock,20171229,198901,4117155
MAMS1ENM2C,"(discontinued)M2+CDs/Amounts Outstanding at End of Period/(Reference) Money Stock (Based on excluding Foreign Banks in Japan, etc., through March 1999)",100 million yen,MONTHLY,Money Stock,20171229,198902,4156684
MAMS1ENM2C,"(discontinued)M2+CDs/Amounts Outstanding at End of Period/(Reference) Money Stock (Based on excluding Foreign Banks in Japan, etc., through March 1999)",100 million yen,MONTHLY,Money Stock,20171229,198903,4196157
MAMS1ENM2C,"(discontinued)M2+CDs/Amounts Outstanding at End of Period/(Reference) Money Stock (Based on excluding Foreign Banks in Japan, etc., through March 1999)",100 million yen,MONTHLY,Money Stock,20171229,198904,4272221
MAMS1ENM2C,"(discontinued)M2+CDs/Amounts Outstanding at End of Period/(Reference) Money Stock (Based on excluding Foreign Banks in Japan, etc., through March 1999)",100 million yen,MONTHLY,Money Stock,20171229,198905,4205554
MAMS1ENM2C,"(discontinued)M2+CDs/Amounts Outstanding at End of Period/(Reference) Money Stock (Based on excluding Foreign Banks in Japan, etc., through March 1999)",100 million yen,MONTHLY,Money Stock,20171229,198906,4336068
MAMS1ENM2C,"(discontinued)M2+CDs/Amounts Outstanding at End of Period/(Reference) Money Stock (Based on excluding Foreign Banks in Japan, etc., through March 1999)",100 million yen,MONTHLY,Money Stock,20171229,198907,4342721
MAMS1ENM2C,"(discontinued)M2+CDs/Amounts Outstanding at End of Period/(Reference) Money Stock (Based on excluding Foreign Banks in Japan, etc., through March 1999)",100 million yen,MONTHLY,Money Stock,20171229,198908,4336930
MAMS1ENM2C,"(discontinued)M2+CDs/Amounts Outstanding at End of Period/(Reference) Money Stock (Based on excluding Foreign Banks in Japan, etc., through March 1999)",100 million yen,MONTHLY,Money Stock,20171229,198909,4382925
MAMS1ENM2C,"(discontinued)M2+CDs/Amounts Outstanding at End of Period/(Reference) Money Stock (Based on excluding Foreign Banks in Japan, etc., through March 1999)",100 million yen,MONTHLY,Money Stock,20171229,198910,4392362
MAMS1ENM2C,"(discontinued)M2+CDs/Amounts Outstanding at End of Period/(Reference) Money Stock (Based on excluding Foreign Banks in Japan, etc., through March 1999)",100 million yen,MONTHLY,Money Stock,20171229,198911,4463715
MAMS1ENM2C,"(discontinued)M2+CDs/Amounts Outstanding at End of Period/(Reference) Money Stock (Based on excluding Foreign Banks in Japan, etc., through March 1999)",100 million yen,MONTHLY,Money Stock,20171229,198912,4700203
MAMS1ENM2C,"(discontinued)M2+CDs/Amounts Outstanding at End of Period/(Reference) Money Stock (Based on excluding Foreign Banks in Japan, etc., through March 1999)",100 million yen,MONTHLY,Money Stock,20171229,199001,4604137
MAMS1ENM2C,"(discontinued)M2+CDs/Amounts Outstanding at End of Period/(Reference) Money Stock (Based on excluding Foreign Banks in Japan, etc., through March 1999)",100 million yen,MONTHLY,Money Stock,20171229,199002,4644180
MAMS1ENM2C,"(discontinued)M2+CDs/Amounts Outstanding at End of Period/(Reference) Money Stock (Based on excluding Foreign Banks in Japan, etc., through March 1999)",100 million yen,MONTHLY,Money Stock,20171229,199003,4724778
MAMS1ENM2C,"(discontinued)M2+CDs/Amounts Outstanding at End of Period/(Reference) Money Stock (Based on excluding Foreign Banks in Japan, etc., through March 1999)",100 million yen,MONTHLY,Money Stock,20171229,199004,4857644
MAMS1ENM2C,"(discontinued)M2+CDs/Amounts Outstanding at End of Period/(Reference) Money Stock (Based on excluding Foreign Banks in Japan, etc., through March 1999)",100 million yen,MONTHLY,Money Stock,20171229,199005,4725648
MAMS1ENM2C,"(discontinued)M2+CDs/Amounts Outstanding at End of Period/(Reference) Money Stock (Based on excluding Foreign Banks in Japan, etc., through March 1999)",100 million yen,MONTHLY,Money Stock,20171229,199006,4880557
MAMS1ENM2C,"(discontinued)M2+CDs/Amounts Outstanding at End of Period/(Reference) Money Stock (Based on excluding Foreign Banks in Japan, etc., through March 1999)",100 million yen,MONTHLY,Money Stock,20171229,199007,4851157
MAMS1ENM2C,"(discontinued)M2+CDs/Amounts Outstanding at End of Period/(Reference) Money Stock (Based on excluding Foreign Banks in Japan, etc., through March 1999)",100 million yen,MONTHLY,Money Stock,20171229,199008,4845521
MAMS1ENM2C,"(discontinued)M2+CDs/Amounts Outstanding at End of Period/(Reference) Money Stock (Based on excluding Foreign Banks in Japan, etc., through March 1999)",100 million yen,MONTHLY,Money Stock,20171229,199009,4959013
MAMS1ENM2C,"(discontinued)M2+CDs/Amounts Outstanding at End of Period/(Reference) Money Stock (Based on excluding Foreign Banks in Japan, etc., through March 1999)",100 million yen,MONTHLY,Money Stock,20171229,199010,4864182
MAMS1ENM2C,"(discontinued)M2+CDs/Amounts Outstanding at End of Period/(Reference) Money Stock (Based on excluding Foreign Banks in Japan, etc., through March 1999)",100 million yen,MONTHLY,Money Stock,20171229,199011,4878400
MAMS1ENM2C,"(discontinued)M2+CDs/Amounts Outstanding at End of Period/(Reference) Money Stock (Based on excluding Foreign Banks in Japan, etc., through March 1999)",100 million yen,MONTHLY,Money Stock,20171229,199012,5049720
MAMS1ENM2C,"(discontinued)M2+CDs/Amounts Outstanding at End of Period/(Reference) Money Stock (Based on excluding Foreign Banks in Japan, etc., through March 1999)",100 million yen,MONTHLY,Money Stock,20171229,199101,4879956
MAMS1ENM2C,"(discontinued)M2+CDs/Amounts Outstanding at End of Period/(Reference) Money Stock (Based on excluding Foreign Banks in Japan, etc., through March 1999)",100 million yen,MONTHLY,Money Stock,20171229,199102,4887468
MAMS1ENM2C,"(discontinued)M2+CDs/Amounts Outstanding at End of Period/(Reference) Money Stock (Based on excluding Foreign Banks in Japan, etc., through March 1999)",100 million yen,MONTHLY,Money Stock,20171229,199103,5048968
MAMS1ENM2C,"(discontinued)M2+CDs/Amounts Outstanding at End of Period/(Reference) Money Stock (Based on excluding Foreign Banks in Japan, etc., through March 1999)",100 million yen,MONTHLY,Money Stock,20171229,199104,4960504
MAMS1ENM2C,"(discontinued)M2+CDs/Amounts Outstanding at End of Period/(Reference) Money Stock (Based on excluding Foreign Banks in Japan, etc., through March 1999)",100 million yen,MONTHLY,Money Stock,20171229,199105,4920097
MAMS1ENM2C,"(discontinued)M2+CDs/Amounts Outstanding at End of Period/(Reference) Money Stock (Based on excluding Foreign Banks in Japan, etc., through March 1999)",100 million yen,MONTHLY,Money Stock,20171229,199106,5057908
MAMS1ENM2C,"(discontinued)M2+CDs/Amounts Outstanding at End of Period/(Reference) Money Stock (Based on excluding Foreign Banks in Japan, etc., through March 1999)",100 million yen,MONTHLY,Money Stock,20171229,199107,4990529
MAMS1ENM2C,"(discontinued)M2+CDs/Amounts Outstanding at End of Period/(Reference) Money Stock (Based on excluding Foreign Banks in Japan, etc., through March 1999)",100 million yen,MONTHLY,Money Stock,20171229,199108,5037075
MAMS1ENM2C,"(discontinued)M2+CDs/Amounts Outstanding at End of Period/(Reference) Money Stock (Based on excluding Foreign Banks in Japan, etc., through March 1999)",100 million yen,MONTHLY,Money Stock,20171229,199109,5042478
MAMS1ENM2C,"(discontinued)M2+CDs/Amounts Outstanding at End of Period/(Reference) Money Stock (Based on excluding Foreign Banks in Japan, etc., through March 1999)",100 million yen,MONTHLY,Money Stock,20171229,199110,4999302
MAMS1ENM2C,"(discontinued)M2+CDs/Amounts Outstanding at End of Period/(Reference) Money Stock (Based on excluding Foreign Banks in Japan, etc., through March 1999)",100 million yen,MONTHLY,Money Stock,20171229,199111,5082171
MAMS1ENM2C,"(discontinued)M2+CDs/Amounts Outstanding at End of Period/(Reference) Money Stock (Based on excluding Foreign Banks in Japan, etc., through March 1999)",100 million yen,MONTHLY,Money Stock,20171229,199112,5163460
MAMS1ENM2C,"(discontinued)M2+CDs/Amounts Outstanding at End of Period/(Reference) Money Stock (Based on excluding Foreign Banks in Japan, etc., through March 1999)",100 million yen,MONTHLY,Money Stock,20171229,199201,5003790
MAMS1ENM2C,"(discontinued)M2+CDs/Amounts Outstanding at End of Period/(Reference) Money Stock (Based on excluding Foreign Banks in Japan, etc., through March 1999)",100 million yen,MONTHLY,Money Stock,20171229,199202,5066944
MAMS1ENM2C,"(discontinued)M2+CDs/Amounts Outstanding at End of Period/(Reference) Money Stock (Based on excluding Foreign Banks in Japan, etc., through March 1999)",100 million yen,MONTHLY,Money Stock,20171229,199203,5084141
MAMS1ENM2C,"(discontinued)M2+CDs/Amounts Outstanding at End of Period/(Reference) Money Stock (Based on excluding Foreign Banks in Japan, etc., through March 1999)",100 million yen,MONTHLY,Money Stock,20171229,199204,5047676
MAMS1ENM2C,"(discontinued)M2+CDs/Amounts Outstanding at End of Period/(Reference) Money Stock (Based on excluding Foreign Banks in Japan, etc., through March 1999)",100 million yen,MONTHLY,Money Stock,20171229,199205,5083109
MAMS1ENM2C,"(discontinued)M2+CDs/Amounts Outstanding at End of Period/(Reference) Money Stock (Based on excluding Foreign Banks in Japan, etc., through March 1999)",100 million yen,MONTHLY,Money Stock,20171229,199206,5084226
MAMS1ENM2C,"(discontinued)M2+CDs/Amounts Outstanding at End of Period/(Reference) Money Stock (Based on excluding Foreign Banks in Japan, etc., through March 1999)",100 million yen,MONTHLY,Money Stock,20171229,199207,5054269
MAMS1ENM2C,"(discontinued)M2+CDs/Amounts Outstanding at End of Period/(Reference) Money Stock (Based on excluding Foreign Banks in Japan, etc., through March 1999)",100 million yen,MONTHLY,Money Stock,20171229,199208,5005457
MAMS1ENM2C,"(discontinued)M2+CDs/Amounts Outstanding at End of Period/(Reference) Money Stock (Based on excluding Foreign Banks in Japan, etc., through March 1999)",100 million yen,MONTHLY,Money Stock,20171229,199209,5044042
MAMS1ENM2C,"(discontinued)M2+CDs/Amounts Outstanding at End of Period/(Reference) Money Stock (Based on excluding Foreign Banks in Japan, etc., through March 1999)",100 million yen,MONTHLY,Money Stock,20171229,199210,5040998
MAMS1ENM2C,"(discontinued)M2+CDs/Amounts Outstanding at End of Period/(Reference) Money Stock (Based on excluding Foreign Banks in Japan, etc., through March 1999)",100 million yen,MONTHLY,Money Stock,20171229,199211,5010225
MAMS1ENM2C,"(discontinued)M2+CDs/Amounts Outstanding at End of Period/(Reference) Money Stock (Based on excluding Foreign Banks in Japan, etc., through March 1999)",100 million yen,MONTHLY,Money Stock,20171229,199212,5154843
MAMS1ENM2C,"(discontinued)M2+CDs/Amounts Outstanding at End of Period/(Reference) Money Stock (Based on excluding Foreign Banks in Japan, etc., through March 1999)",100 million yen,MONTHLY,Money Stock,20171229,199301,5065415
MAMS1ENM2C,"(discontinued)M2+CDs/Amounts Outstanding at End of Period/(Reference) Money Stock (Based on excluding Foreign Banks in Japan, etc., through March 1999)",100 million yen,MONTHLY,Money Stock,20171229,199302,5074185
MAMS1ENM2C,"(discontinued)M2+CDs/Amounts Outstanding at End of Period/(Reference) Money Stock (Based on excluding Foreign Banks in Japan, etc., through March 1999)",100 million yen,MONTHLY,Money Stock,20171229,199303,5144702
MAMS1ENM2C,"(discontinued)M2+CDs/Amounts Outstanding at End of Period/(Reference) Money Stock (Based on excluding Foreign Banks in Japan, etc., through March 1999)",100 million yen,MONTHLY,Money Stock,20171229,199304,5140616
MAMS1ENM2C,"(discontinued)M2+CDs/Amounts Outstanding at End of Period/(Reference) Money Stock (Based on excluding Foreign Banks in Japan, etc., through March 1999)",100 million yen,MONTHLY,Money Stock,20171229,199305,5087856
MAMS1ENM2C,"(discontinued)M2+CDs/Amounts Outstanding at End of Period/(Reference) Money Stock (Based on excluding Foreign Banks in Japan, etc., through March 1999)",100 million yen,MONTHLY,Money Stock,20171229,199306,5160344
MAMS1ENM2C,"(discontinued)M2+CDs/Amounts Outstanding at End of Period/(Reference) Money Stock (Based on excluding Foreign Banks in Japan, etc., through March 1999)",100 million yen,MONTHLY,Money Stock,20171229,199307,5185363
MAMS1ENM2C,"(discontinued)M2+CDs/Amounts Outstanding at End of Period/(Reference) Money Stock (Based on excluding Foreign Banks in Japan, etc., through March 1999)",100 million yen,MONTHLY,Money Stock,20171229,199308,5097878
MAMS1ENM2C,"(discontinued)M2+CDs/Amounts Outstanding at End of Period/(Reference) Money Stock (Based on excluding Foreign Banks in Japan, etc., through March 1999)",100 million yen,MONTHLY,Money Stock,20171229,199309,5168101
MAMS1ENM2C,"(discontinued)M2+CDs/Amounts Outstanding at End of Period/(Reference) Money Stock (Based on excluding Foreign Banks in Japan, etc., through March 1999)",100 million yen,MONTHLY,Money Stock,20171229,199310,5142319
MAMS1ENM2C,"(discontinued)M2+CDs/Amounts Outstanding at End of Period/(Reference) Money Stock (Based on excluding Foreign Banks in Japan, etc., through March 1999)",100 million yen,MONTHLY,Money Stock,20171229,199311,5077899
MAMS1ENM2C,"(discontinued)M2+CDs/Amounts Outstanding at End of Period/(Reference) Money Stock (Based on excluding Foreign Banks in Japan, etc., through March 1999)",100 million yen,MONTHLY,Money Stock,20171229,199312,5268396
MAMS1ENM2C,"(discontinued)M2+CDs/Amounts Outstanding at End of Period/(Reference) Money Stock (Based on excluding Foreign Banks in Japan, etc., through March 1999)",100 million yen,MONTHLY,Money Stock,20171229,199401,5103100
MAMS1ENM2C,"(discontinued)M2+CDs/Amounts Outstanding at End of Period/(Reference) Money Stock (Based on excluding Foreign Banks in Japan, etc., through March 1999)",100 million yen,MONTHLY,Money Stock,20171229,199402,5113868
MAMS1ENM2C,"(discontinued)M2+CDs/Amounts Outstanding at End of Period/(Reference) Money Stock (Based on excluding Foreign Banks in Japan, etc., through March 1999)",100 million yen,MONTHLY,Money Stock,20171229,199403,5237180
MAMS1ENM2C,"(discontinued)M2+CDs/Amounts Outstanding at End of Period/(Reference) Money Stock (Based on excluding Foreign Banks in Japan, etc., through March 1999)",100 million yen,MONTHLY,Money Stock,20171229,199404,5281035
MAMS1ENM2C,"(discontinued)M2+CDs/Amounts Outstanding at End of Period/(Reference) Money Stock (Based on excluding Foreign Banks in Japan, etc., through March 1999)",100 million yen,MONTHLY,Money Stock,20171229,199405,5162550
MAMS1ENM2C,"(discontinued)M2+CDs/Amounts Outstanding at End of Period/(Reference) Money Stock (Based on excluding Foreign Banks in Japan, etc., through March 1999)",100 million yen,MONTHLY,Money Stock,20171229,199406,5254246
MAMS1ENM2C,"(discontinued)M2+CDs/Amounts Outstanding at End of Period/(Reference) Money Stock (Based on excluding Foreign Banks in Japan, etc., through March 1999)",100 million yen,MONTHLY,Money Stock,20171229,199407,5282422
MAMS1ENM2C,"(discontinued)M2+CDs/Amounts Outstanding at End of Period/(Reference) Money Stock (Based on excluding Foreign Banks in Japan, etc., through March 1999)",100 million yen,MONTHLY,Money Stock,20171229,199408,5220610
MAMS1ENM2C,"(discontinued)M2+CDs/Amounts Outstanding at End of Period/(Reference) Money Stock (Based on excluding Foreign Banks in Japan, etc., through March 1999)",100 million yen,MONTHLY,Money Stock,20171229,199409,5272995
MAMS1ENM2C,"(discontinued)M2+CDs/Amounts Outstanding at End of Period/(Reference) Money Stock (Based on excluding Foreign Banks in Japan, etc., through March 1999)",100 million yen,MONTHLY,Money Stock,20171229,199410,5220940
MAMS1ENM2C,"(discontinued)M2+CDs/Amounts Outstanding at End of Period/(Reference) Money Stock (Based on excluding Foreign Banks in Japan, etc., through March 1999)",100 million yen,MONTHLY,Money Stock,20171229,199411,5228681
MAMS1ENM2C,"(discontinued)M2+CDs/Amounts Outstanding at End of Period/(Reference) Money Stock (Based on excluding Foreign Banks in Japan, etc., through March 1999)",100 million yen,MONTHLY,Money Stock,20171229,199412,5414194
MAMS1ENM2C,"(discontinued)M2+CDs/Amounts Outstanding at End of Period/(Reference) Money Stock (Based on excluding Foreign Banks in Japan, etc., through March 1999)",100 million yen,MONTHLY,Money Stock,20171229,199501,5279149
MAMS1ENM2C,"(discontinued)M2+CDs/Amounts Outstanding at End of Period/(Reference) Money Stock (Based on excluding Foreign Banks in Japan, etc., through March 1999)",100 million yen,MONTHLY,Money Stock,20171229,199502,5296591
MAMS1ENM2C,"(discontinued)M2+CDs/Amounts Outstanding at End of Period/(Reference) Money Stock (Based on excluding Foreign Banks in Japan, etc., through March 1999)",100 million yen,MONTHLY,Money Stock,20171229,199503,5401777
MAMS1ENM2C,"(discontinued)M2+CDs/Amounts Outstanding at End of Period/(Reference) Money Stock (Based on excluding Foreign Banks in Japan, etc., through March 1999)",100 million yen,MONTHLY,Money Stock,20171229,199504,5440063
MAMS1ENM2C,"(discontinued)M2+CDs/Amounts Outstanding at End of Period/(Reference) Money Stock (Based on excluding Foreign Banks in Japan, etc., through March 1999)",100 million yen,MONTHLY,Money Stock,20171229,199505,5331455
MAMS1ENM2C,"(discontinued)M2+CDs/Amounts Outstanding at End of Period/(Reference) Money Stock (Based on excluding Foreign Banks in Japan, etc., through March 1999)",100 million yen,MONTHLY,Money Stock,20171229,199506,5412462
MAMS1ENM2C,"(discontinued)M2+CDs/Amounts Outstanding at End of Period/(Reference) Money Stock (Based on excluding Foreign Banks in Japan, etc., through March 1999)",100 million yen,MONTHLY,Money Stock,20171229,199507,5377194
MAMS1ENM2C,"(discontinued)M2+CDs/Amounts Outstanding at End of Period/(Reference) Money Stock (Based on excluding Foreign Banks in Japan, etc., through March 1999)",100 million yen,MONTHLY,Money Stock,20171229,199508,5343287
MAMS1ENM2C,"(discontinued)M2+CDs/Amounts Outstanding at End of Period/(Reference) Money Stock (Based on excluding Foreign Banks in Japan, etc., through March 1999)",100 million yen,MONTHLY,Money Stock,20171229,199509,5454624
MAMS1ENM2C,"(discontinued)M2+CDs/Amounts Outstanding at End of Period/(Reference) Money Stock (Based on excluding Foreign Banks in Japan, etc., through March 1999)",100 million yen,MONTHLY,Money Stock,20171229,199510,5375078
MAMS1ENM2C,"(discontinued)M2+CDs/Amounts Outstanding at End of Period/(Reference) Money Stock (Based on excluding Foreign Banks in Japan, etc., through March 1999)",100 million yen,MONTHLY,Money Stock,20171229,199511,5404036
MAMS1ENM2C,"(discontinued)M2+CDs/Amounts Outstanding at End of Period/(Reference) Money Stock (Based on excluding Foreign Banks in Japan, etc., through March 1999)",100 million yen,MONTHLY,Money Stock,20171229,199512,5588043
MAMS1ENM2C,"(discontinued)M2+CDs/Amounts Outstanding at End of Period/(Reference) Money Stock (Based on excluding Foreign Banks in Japan, etc., through March 1999)",100 million yen,MONTHLY,Money Stock,20171229,199601,5420250
MAMS1ENM2C,"(discontinued)M2+CDs/Amounts Outstanding at End of Period/(Reference) Money Stock (Based on excluding Foreign Banks in Japan, etc., through March 1999)",100 million yen,MONTHLY,Money Stock,20171229,199602,5435842
MAMS1ENM2C,"(discontinued)M2+CDs/Amounts Outstanding at End of Period/(Reference) Money Stock (Based on excluding Foreign Banks in Japan, etc., through March 1999)",100 million yen,MONTHLY,Money Stock,20171229,199603,5587794
MAMS1ENM2C,"(discontinued)M2+CDs/Amounts Outstanding at End of Period/(Reference) Money Stock (Based on excluding Foreign Banks in Japan, etc., through March 1999)",100 million yen,MONTHLY,Money Stock,20171229,199604,5564856
MAMS1ENM2C,"(discontinued)M2+CDs/Amounts Outstanding at End of Period/(Reference) Money Stock (Based on excluding Foreign Banks in Japan, etc., through March 1999)",100 million yen,MONTHLY,Money Stock,20171229,199605,5504946
MAMS1ENM2C,"(discontinued)M2+CDs/Amounts Outstanding at End of Period/(Reference) Money Stock (Based on excluding Foreign Banks in Japan, etc., through March 1999)",100 million yen,MONTHLY,Money Stock,20171229,199606,5661611
MAMS1ENM2C,"(discontinued)M2+CDs/Amounts Outstanding at End of Period/(Reference) Money Stock (Based on excluding Foreign Banks in Japan, etc., through March 1999)",100 million yen,MONTHLY,Money Stock,20171229,199607,5571393
MAMS1ENM2C,"(discontinued)M2+CDs/Amounts Outstanding at End of Period/(Reference) Money Stock (Based on excluding Foreign Banks in Japan, etc., through March 1999)",100 million yen,MONTHLY,Money Stock,20171229,199608,5605056
MAMS1ENM2C,"(discontinued)M2+CDs/Amounts Outstanding at End of Period/(Reference) Money Stock (Based on excluding Foreign Banks in Japan, etc., through March 1999)",100 million yen,MONTHLY,Money Stock,20171229,199609,5592748
MAMS1ENM2C,"(discontinued)M2+CDs/Amounts Outstanding at End of Period/(Reference) Money Stock (Based on excluding Foreign Banks in Japan, etc., through March 1999)",100 million yen,MONTHLY,Money Stock,20171229,199610,5556287
MAMS1ENM2C,"(discontinued)M2+CDs/Amounts Outstanding at End of Period/(Reference) Money Stock (Based on excluding Foreign Banks in Japan, etc., through March 1999)",100 million yen,MONTHLY,Money Stock,20171229,199611,5631316
MAMS1ENM2C,"(discontinued)M2+CDs/Amounts Outstanding at End of Period/(Reference) Money Stock (Based on excluding Foreign Banks in Japan, etc., through March 1999)",100 million yen,MONTHLY,Money Stock,20171229,199612,5752981
MAMS1ENM2C,"(discontinued)M2+CDs/Amounts Outstanding at End of Period/(Reference) Money Stock (Based on excluding Foreign Banks in Japan, etc., through March 1999)",100 million yen,MONTHLY,Money Stock,20171229,199701,5588590
MAMS1ENM2C,"(discontinued)M2+CDs/Amounts Outstanding at End of Period/(Reference) Money Stock (Based on excluding Foreign Banks in Japan, etc., through March 1999)",100 million yen,MONTHLY,Money Stock,20171229,199702,5593603
MAMS1ENM2C,"(discontinued)M2+CDs/Amounts Outstanding at End of Period/(Reference) Money Stock (Based on excluding Foreign Banks in Japan, etc., through March 1999)",100 million yen,MONTHLY,Money Stock,20171229,199703,5698278
MAMS1ENM2C,"(discontinued)M2+CDs/Amounts Outstanding at End of Period/(Reference) Money Stock (Based on excluding Foreign Banks in Japan, etc., through March 1999)",100 million yen,MONTHLY,Money Stock,20171229,199704,5719765
MAMS1ENM2C,"(discontinued)M2+CDs/Amounts Outstanding at End of Period/(Reference) Money Stock (Based on excluding Foreign Banks in Japan, etc., through March 1999)",100 million yen,MONTHLY,Money Stock,20171229,199705,5746306
MAMS1ENM2C,"(discontinued)M2+CDs/Amounts Outstanding at End of Period/(Reference) Money Stock (Based on excluding Foreign Banks in Japan, etc., through March 1999)",100 million yen,MONTHLY,Money Stock,20171229,199706,5773311
MAMS1ENM2C,"(discontinued)M2+CDs/Amounts Outstanding at End of Period/(Reference) Money Stock (Based on excluding Foreign Banks in Japan, etc., through March 1999)",100 million yen,MONTHLY,Money Stock,20171229,199707,5746954
MAMS1ENM2C,"(discontinued)M2+CDs/Amounts Outstanding at End of Period/(Reference) Money Stock (Based on excluding Foreign Banks in Japan, etc., through March 1999)",100 million yen,MONTHLY,Money Stock,20171229,199708,5775838
MAMS1ENM2C,"(discontinued)M2+CDs/Amounts Outstanding at End of Period/(Reference) Money Stock (Based on excluding Foreign Banks in Japan, etc., through March 1999)",100 million yen,MONTHLY,Money Stock,20171229,199709,5722228
MAMS1ENM2C,"(discontinued)M2+CDs/Amounts Outstanding at End of Period/(Reference) Money Stock (Based on excluding Foreign Banks in Japan, etc., through March 1999)",100 million yen,MONTHLY,Money Stock,20171229,199710,5710630
MAMS1ENM2C,"(discontinued)M2+CDs/Amounts Outstanding at End of Period/(Reference) Money Stock (Based on excluding Foreign Banks in Japan, etc., through March 1999)",100 million yen,MONTHLY,Money Stock,20171229,199711,5822988
MAMS1ENM2C,"(discontinued)M2+CDs/Amounts Outstanding at End of Period/(Reference) Money Stock (Based on excluding Foreign Banks in Japan, etc., through March 1999)",100 million yen,MONTHLY,Money Stock,20171229,199712,5974938
MAMS1ENM2C,"(discontinued)M2+CDs/Amounts Outstanding at End of Period/(Reference) Money Stock (Based on excluding Foreign Banks in Japan, etc., through March 1999)",100 million yen,MONTHLY,Money Stock,20171229,199801,5880468
MAMS1ENM2C,"(discontinued)M2+CDs/Amounts Outstanding at End of Period/(Reference) Money Stock (Based on excluding Foreign Banks in Japan, etc., through March 1999)",100 million yen,MONTHLY,Money Stock,20171229,199802,5926304
MAMS1ENM2C,"(discontinued)M2+CDs/Amounts Outstanding at End of Period/(Reference) Money Stock (Based on excluding Foreign Banks in Japan, etc., through March 1999)",100 million yen,MONTHLY,Money Stock,20171229,199803,5897978
MAMS1ENM2C,"(discontinued)M2+CDs/Amounts Outstanding at End of Period/(Reference) Money Stock (Based on excluding Foreign Banks in Japan, etc., through March 1999)",100 million yen,MONTHLY,Money Stock,20171229,199804,5914283
MAMS1ENM2C,"(discontinued)M2+CDs/Amounts Outstanding at End of Period/(Reference) Money Stock (Based on excluding Foreign Banks in Japan, etc., through March 1999)",100 million yen,MONTHLY,Money Stock,20171229,199805,5968355
MAMS1ENM2C,"(discontinued)M2+CDs/Amounts Outstanding at End of Period/(Reference) Money Stock (Based on excluding Foreign Banks in Japan, etc., through March 1999)",100 million yen,MONTHLY,Money Stock,20171229,199806,5968279
MAMS1ENM2C,"(discontinued)M2+CDs/Amounts Outstanding at End of Period/(Reference) Money Stock (Based on excluding Foreign Banks in Japan, etc., through March 1999)",100 million yen,MONTHLY,Money Stock,20171229,199807,5954450
MAMS1ENM2C,"(discontinued)M2+CDs/Amounts Outstanding at End of Period/(Reference) Money Stock (Based on excluding Foreign Banks in Japan, etc., through March 1999)",100 million yen,MONTHLY,Money Stock,20171229,199808,5929975
MAMS1ENM2C,"(discontinued)M2+CDs/Amounts Outstanding at End of Period/(Reference) Money Stock (Based on excluding Foreign Banks in Japan, etc., through March 1999)",100 million yen,MONTHLY,Money Stock,20171229,199809,5931172
MAMS1ENM2C,"(discontinued)M2+CDs/Amounts Outstanding at End of Period/(Reference) Money Stock (Based on excluding Foreign Banks in Japan, etc., through March 1999)",100 million yen,MONTHLY,Money Stock,20171229,199810,5995187
MAMS1ENM2C,"(discontinued)M2+CDs/Amounts Outstanding at End of Period/(Reference) Money Stock (Based on excluding Foreign Banks in Japan, etc., through March 1999)",100 million yen,MONTHLY,Money Stock,20171229,199811,6002042
MAMS1ENM2C,"(discontinued)M2+CDs/Amounts Outstanding at End of Period/(Reference) Money Stock (Based on excluding Foreign Banks in Japan, etc., through March 1999)",100 million yen,MONTHLY,Money Stock,20171229,199812,6188770
MAMS1ENM2C,"(discontinued)M2+CDs/Amounts Outstanding at End of Period/(Reference) Money Stock (Based on excluding Foreign Banks in Japan, etc., through March 1999)",100 million yen,MONTHLY,Money Stock,20171229,199901,6090046
MAMS1ENM2C,"(discontinued)M2+CDs/Amounts Outstanding at End of Period/(Reference) Money Stock (Based on excluding Foreign Banks in Japan, etc., through March 1999)",100 million yen,MONTHLY,Money Stock,20171229,199902,6125764
MAMS1ENM2C,"(discontinued)M2+CDs/Amounts Outstanding at End of Period/(Reference) Money Stock (Based on excluding Foreign Banks in Japan, etc., through March 1999)",100 million yen,MONTHLY,Money Stock,20171229,199903,6120707
