STRUCTURE,STRUCTURE_ID,STRUCTURE_NAME,ACTION,REF_AREA,Reference area,FREQ,Frequency of observation,MEASURE,Measure,UNIT_MEASURE,Unit of measure,ACTIVITY,Economic activity,ADJUSTMENT,Adjustment,TRANSFORMATION,Transformation,TIME_HORIZ,Time horizon,METHODOLOGY,Calculation methodology,TIME_PERIOD,Time period,OBS_VALUE,Observation value,OBS_STATUS,Observation status,UNIT_MULT,Unit multiplier,DECIMALS,Decimals,BASE_PER,Base period
DATAFLOW,OECD.SDD.STES:DSD_STES@DF_MONAGG(4.0),Monetary aggregates,I,CHN,China (People’s Republic of),M,Monthly,MABM,M3,XDC,National currency,_Z,Not applicable,N,Neither seasonally adjusted nor calendar adjusted,_Z,Not applicable,_Z,Not applicable,N,National,1999-01,,10550000,,A,Normal value,6,Millions,0,Zero,,
DATAFLOW,OECD.SDD.STES:DSD_STES@DF_MONAGG(4.0),Monetary aggregates,I,CHN,China (People’s Republic of),M,Monthly,MABM,M3,XDC,National currency,_Z,Not applicable,N,Neither seasonally adjusted nor calendar adjusted,_Z,Not applicable,_Z,Not applicable,N,National,1999-02,,10777800,,A,Normal value,6,Millions,0,Zero,,
DATAFLOW,OECD.SDD.STES:DSD_STES@DF_MONAGG(4.0),Monetary aggregates,I,CHN,China (People’s Republic of),M,Monthly,MABM,M3,XDC,National currency,_Z,Not applicable,N,Neither seasonally adjusted nor calendar adjusted,_Z,Not applicable,_Z,Not applicable,N,National,1999-03,,10843800,,A,Normal value,6,Millions,0,Zero,,
DATAFLOW,OECD.SDD.STES:DSD_STES@DF_MONAGG(4.0),Monetary aggregates,I,CHN,China (People’s Republic of),M,Monthly,MABM,M3,XDC,National currency,_Z,Not applicable,N,Neither seasonally adjusted nor calendar adjusted,_Z,Not applicable,_Z,Not applicable,N,National,1999-04,,10921800,,A,Normal value,6,Millions,0,Zero,,
DATAFLOW,OECD.SDD.STES:DSD_STES@DF_MONAGG(4.0),Monetary aggregates,I,CHN,China (People’s Republic of),M,Monthly,MABM,M3,XDC,National currency,_Z,Not applicable,N,Neither seasonally adjusted nor calendar adjusted,_Z,Not applicable,_Z,Not applicable,N,National,1999-05,,11006100,,A,Normal value,6,Millions,0,Zero,,
DATAFLOW,OECD.SDD.STES:DSD_STES@DF_MONAGG(4.0),Monetary aggregates,I,CHN,China (People’s Republic of),M,Monthly,MABM,M3,XDC,National currency,_Z,Not applicable,N,Neither seasonally adjusted nor calendar adjusted,_Z,Not applicable,_Z,Not applicable,N,National,1999-06,,11136300,,A,Normal value,6,Millions,0,Zero,,
DATAFLOW,OECD.SDD.STES:DSD_STES@DF_MONAGG(4.0),Monetary aggregates,I,CHN,China (People’s Republic of),M,Monthly,MABM,M3,XDC,National currency,_Z,Not applicable,N,Neither seasonally adjusted nor calendar adjusted,_Z,Not applicable,_Z,Not applicable,N,National,1999-07,,11141400,,A,Normal value,6,Millions,0,Zero,,
DATAFLOW,OECD.SDD.STES:DSD_STES@DF_MONAGG(4.0),Monetary aggregates,I,CHN,China (People’s Republic of),M,Monthly,MABM,M3,XDC,National currency,_Z,Not applicable,N,Neither seasonally adjusted nor calendar adjusted,_Z,Not applicable,_Z,Not applicable,N,National,1999-08,,11282700,,A,Normal value,6,Millions,0,Zero,,
DATAFLOW,OECD.SDD.STES:DSD_STES@DF_MONAGG(4.0),Monetary aggregates,I,CHN,China (People’s Republic of),M,Monthly,MABM,M3,XDC,National currency,_Z,Not applicable,N,Neither seasonally adjusted nor calendar adjusted,_Z,Not applicable,_Z,Not applicable,N,National,1999-09,,11507900,,A,Normal value,6,Millions,0,Zero,,
DATAFLOW,OECD.SDD.STES:DSD_STES@DF_MONAGG(4.0),Monetary aggregates,I,CHN,China (People’s Republic of),M,Monthly,MABM,M3,XDC,National currency,_Z,Not applicable,N,Neither seasonally adjusted nor calendar adjusted,_Z,Not applicable,_Z,Not applicable,N,National,1999-10,,11538900,,A,Normal value,6,Millions,0,Zero,,
DATAFLOW,OECD.SDD.STES:DSD_STES@DF_MONAGG(4.0),Monetary aggregates,I,CHN,China (People’s Republic of),M,Monthly,MABM,M3,XDC,National currency,_Z,Not applicable,N,Neither seasonally adjusted nor calendar adjusted,_Z,Not applicable,_Z,Not applicable,N,National,1999-11,,11655900,,A,Normal value,6,Millions,0,Zero,,
DATAFLOW,OECD.SDD.STES:DSD_STES@DF_MONAGG(4.0),Monetary aggregates,I,CHN,China (People’s Republic of),M,Monthly,MABM,M3,XDC,National currency,_Z,Not applicable,N,Neither seasonally adjusted nor calendar adjusted,_Z,Not applicable,_Z,Not applicable,N,National,1999-12,,11989790,,A,Normal value,6,Millions,0,Zero,,
DATAFLOW,OECD.SDD.STES:DSD_STES@DF_MONAGG(4.0),Monetary aggregates,I,CHN,China (People’s Republic of),M,Monthly,MABM,M3,XDC,National currency,_Z,Not applicable,N,Neither seasonally adjusted nor calendar adjusted,_Z,Not applicable,_Z,Not applicable,N,National,2000-01,,12122040,,A,Normal value,6,Millions,0,Zero,,
DATAFLOW,OECD.SDD.STES:DSD_STES@DF_MONAGG(4.0),Monetary aggregates,I,CHN,China (People’s Republic of),M,Monthly,MABM,M3,XDC,National currency,_Z,Not applicable,N,Neither seasonally adjusted nor calendar adjusted,_Z,Not applicable,_Z,Not applicable,N,National,2000-02,,12158340,,A,Normal value,6,Millions,0,Zero,,
DATAFLOW,OECD.SDD.STES:DSD_STES@DF_MONAGG(4.0),Monetary aggregates,I,CHN,China (People’s Republic of),M,Monthly,MABM,M3,XDC,National currency,_Z,Not applicable,N,Neither seasonally adjusted nor calendar adjusted,_Z,Not applicable,_Z,Not applicable,N,National,2000-03,,12260680,,A,Normal value,6,Millions,0,Zero,,
DATAFLOW,OECD.SDD.STES:DSD_STES@DF_MONAGG(4.0),Monetary aggregates,I,CHN,China (People’s Republic of),M,Monthly,MABM,M3,XDC,National currency,_Z,Not applicable,N,Neither seasonally adjusted nor calendar adjusted,_Z,Not applicable,_Z,Not applicable,N,National,2000-04,,12412190,,A,Normal value,6,Millions,0,Zero,,
DATAFLOW,OECD.SDD.STES:DSD_STES@DF_MONAGG(4.0),Monetary aggregates,I,CHN,China (People’s Republic of),M,Monthly,MABM,M3,XDC,National currency,_Z,Not applicable,N,Neither seasonally adjusted nor calendar adjusted,_Z,Not applicable,_Z,Not applicable,N,National,2000-05,,12405330,,A,Normal value,6,Millions,0,Zero,,
DATAFLOW,OECD.SDD.STES:DSD_STES@DF_MONAGG(4.0),Monetary aggregates,I,CHN,China (People’s Republic of),M,Monthly,MABM,M3,XDC,National currency,_Z,Not applicable,N,Neither seasonally adjusted nor calendar adjusted,_Z,Not applicable,_Z,Not applicable,N,National,2000-06,,12660530,,A,Normal value,6,Millions,0,Zero,,
DATAFLOW,OECD.SDD.STES:DSD_STES@DF_MONAGG(4.0),Monetary aggregates,I,CHN,China (People’s Republic of),M,Monthly,MABM,M3,XDC,National currency,_Z,Not applicable,N,Neither seasonally adjusted nor calendar adjusted,_Z,Not applicable,_Z,Not applicable,N,National,2000-07,,12632390,,A,Normal value,6,Millions,0,Zero,,
DATAFLOW,OECD.SDD.STES:DSD_STES@DF_MONAGG(4.0),Monetary aggregates,I,CHN,China (People’s Republic of),M,Monthly,MABM,M3,XDC,National currency,_Z,Not applicable,N,Neither seasonally adjusted nor calendar adjusted,_Z,Not applicable,_Z,Not applicable,N,National,2000-08,,12779030,,A,Normal value,6,Millions,0,Zero,,
DATAFLOW,OECD.SDD.STES:DSD_STES@DF_MONAGG(4.0),Monetary aggregates,I,CHN,China (People’s Republic of),M,Monthly,MABM,M3,XDC,National currency,_Z,Not applicable,N,Neither seasonally adjusted nor calendar adjusted,_Z,Not applicable,_Z,Not applicable,N,National,2000-09,,13047380,,A,Normal value,6,Millions,0,Zero,,
DATAFLOW,OECD.SDD.STES:DSD_STES@DF_MONAGG(4.0),Monetary aggregates,I,CHN,China (People’s Republic of),M,Monthly,MABM,M3,XDC,National currency,_Z,Not applicable,N,Neither seasonally adjusted nor calendar adjusted,_Z,Not applicable,_Z,Not applicable,N,National,2000-10,,12952240,,A,Normal value,6,Millions,0,Zero,,
DATAFLOW,OECD.SDD.STES:DSD_STES@DF_MONAGG(4.0),Monetary aggregates,I,CHN,China (People’s Republic of),M,Monthly,MABM,M3,XDC,National currency,_Z,Not applicable,N,Neither seasonally adjusted nor calendar adjusted,_Z,Not applicable,_Z,Not applicable,N,National,2000-11,,13099410,,A,Normal value,6,Millions,0,Zero,,
DATAFLOW,OECD.SDD.STES:DSD_STES@DF_MONAGG(4.0),Monetary aggregates,I,CHN,China (People’s Republic of),M,Monthly,MABM,M3,XDC,National currency,_Z,Not applicable,N,Neither seasonally adjusted nor calendar adjusted,_Z,Not applicable,_Z,Not applicable,N,National,2000-12,,13461030,,A,Normal value,6,Millions,0,Zero,,
DATAFLOW,OECD.SDD.STES:DSD_STES@DF_MONAGG(4.0),Monetary aggregates,I,CHN,China (People’s Republic of),M,Monthly,MABM,M3,XDC,National currency,_Z,Not applicable,N,Neither seasonally adjusted nor calendar adjusted,_Z,Not applicable,_Z,Not applicable,N,National,2001-01,,13754360,,A,Normal value,6,Millions,0,Zero,,
DATAFLOW,OECD.SDD.STES:DSD_STES@DF_MONAGG(4.0),Monetary aggregates,I,CHN,China (People’s Republic of),M,Monthly,MABM,M3,XDC,National currency,_Z,Not applicable,N,Neither seasonally adjusted nor calendar adjusted,_Z,Not applicable,_Z,Not applicable,N,National,2001-02,,13621020,,A,Normal value,6,Millions,0,Zero,,
DATAFLOW,OECD.SDD.STES:DSD_STES@DF_MONAGG(4.0),Monetary aggregates,I,CHN,China (People’s Republic of),M,Monthly,MABM,M3,XDC,National currency,_Z,Not applicable,N,Neither seasonally adjusted nor calendar adjusted,_Z,Not applicable,_Z,Not applicable,N,National,2001-03,,13874450,,A,Normal value,6,Millions,0,Zero,,
DATAFLOW,OECD.SDD.STES:DSD_STES@DF_MONAGG(4.0),Monetary aggregates,I,CHN,China (People’s Republic of),M,Monthly,MABM,M3,XDC,National currency,_Z,Not applicable,N,Neither seasonally adjusted nor calendar adjusted,_Z,Not applicable,_Z,Not applicable,N,National,2001-04,,13994990,,A,Normal value,6,Millions,0,Zero,,
DATAFLOW,OECD.SDD.STES:DSD_STES@DF_MONAGG(4.0),Monetary aggregates,I,CHN,China (People’s Republic of),M,Monthly,MABM,M3,XDC,National currency,_Z,Not applicable,N,Neither seasonally adjusted nor calendar adjusted,_Z,Not applicable,_Z,Not applicable,N,National,2001-05,,13901580,,A,Normal value,6,Millions,0,Zero,,
DATAFLOW,OECD.SDD.STES:DSD_STES@DF_MONAGG(4.0),Monetary aggregates,I,CHN,China (People’s Republic of),M,Monthly,MABM,M3,XDC,National currency,_Z,Not applicable,N,Neither seasonally adjusted nor calendar adjusted,_Z,Not applicable,_Z,Not applicable,N,National,2001-06,,14780970,,A,Normal value,6,Millions,0,Zero,,
DATAFLOW,OECD.SDD.STES:DSD_STES@DF_MONAGG(4.0),Monetary aggregates,I,CHN,China (People’s Republic of),M,Monthly,MABM,M3,XDC,National currency,_Z,Not applicable,N,Neither seasonally adjusted nor calendar adjusted,_Z,Not applicable,_Z,Not applicable,N,National,2001-07,,14922870,,A,Normal value,6,Millions,0,Zero,,
DATAFLOW,OECD.SDD.STES:DSD_STES@DF_MONAGG(4.0),Monetary aggregates,I,CHN,China (People’s Republic of),M,Monthly,MABM,M3,XDC,National currency,_Z,Not applicable,N,Neither seasonally adjusted nor calendar adjusted,_Z,Not applicable,_Z,Not applicable,N,National,2001-08,,14994180,,A,Normal value,6,Millions,0,Zero,,
DATAFLOW,OECD.SDD.STES:DSD_STES@DF_MONAGG(4.0),Monetary aggregates,I,CHN,China (People’s Republic of),M,Monthly,MABM,M3,XDC,National currency,_Z,Not applicable,N,Neither seasonally adjusted nor calendar adjusted,_Z,Not applicable,_Z,Not applicable,N,National,2001-09,,15164260,,A,Normal value,6,Millions,0,Zero,,
DATAFLOW,OECD.SDD.STES:DSD_STES@DF_MONAGG(4.0),Monetary aggregates,I,CHN,China (People’s Republic of),M,Monthly,MABM,M3,XDC,National currency,_Z,Not applicable,N,Neither seasonally adjusted nor calendar adjusted,_Z,Not applicable,_Z,Not applicable,N,National,2001-10,,15149730,,A,Normal value,6,Millions,0,Zero,,
DATAFLOW,OECD.SDD.STES:DSD_STES@DF_MONAGG(4.0),Monetary aggregates,I,CHN,China (People’s Republic of),M,Monthly,MABM,M3,XDC,National currency,_Z,Not applicable,N,Neither seasonally adjusted nor calendar adjusted,_Z,Not applicable,_Z,Not applicable,N,National,2001-11,,15408830,,A,Normal value,6,Millions,0,Zero,,
DATAFLOW,OECD.SDD.STES:DSD_STES@DF_MONAGG(4.0),Monetary aggregates,I,CHN,China (People’s Republic of),M,Monthly,MABM,M3,XDC,National currency,_Z,Not applicable,N,Neither seasonally adjusted nor calendar adjusted,_Z,Not applicable,_Z,Not applicable,N,National,2001-12,,15830190,,A,Normal value,6,Millions,0,Zero,,
DATAFLOW,OECD.SDD.STES:DSD_STES@DF_MONAGG(4.0),Monetary aggregates,I,CHN,China (People’s Republic of),M,Monthly,MABM,M3,XDC,National currency,_Z,Not applicable,N,Neither seasonally adjusted nor calendar adjusted,_Z,Not applicable,_Z,Not applicable,N,National,2002-01,,15963930,,A,Normal value,6,Millions,0,Zero,,
DATAFLOW,OECD.SDD.STES:DSD_STES@DF_MONAGG(4.0),Monetary aggregates,I,CHN,China (People’s Republic of),M,Monthly,MABM,M3,XDC,National currency,_Z,Not applicable,N,Neither seasonally adjusted nor calendar adjusted,_Z,Not applicable,_Z,Not applicable,N,National,2002-02,,16093560,,A,Normal value,6,Millions,0,Zero,,
DATAFLOW,OECD.SDD.STES:DSD_STES@DF_MONAGG(4.0),Monetary aggregates,I,CHN,China (People’s Republic of),M,Monthly,MABM,M3,XDC,National currency,_Z,Not applicable,N,Neither seasonally adjusted nor calendar adjusted,_Z,Not applicable,_Z,Not applicable,N,National,2002-03,,16406460,,A,Normal value,6,Millions,0,Zero,,
DATAFLOW,OECD.SDD.STES:DSD_STES@DF_MONAGG(4.0),Monetary aggregates,I,CHN,China (People’s Republic of),M,Monthly,MABM,M3,XDC,National currency,_Z,Not applicable,N,Neither seasonally adjusted nor calendar adjusted,_Z,Not applicable,_Z,Not applicable,N,National,2002-04,,16457060,,A,Normal value,6,Millions,0,Zero,,
DATAFLOW,OECD.SDD.STES:DSD_STES@DF_MONAGG(4.0),Monetary aggregates,I,CHN,China (People’s Republic of),M,Monthly,MABM,M3,XDC,National currency,_Z,Not applicable,N,Neither seasonally adjusted nor calendar adjusted,_Z,Not applicable,_Z,Not applicable,N,National,2002-05,,16602300,,A,Normal value,6,Millions,0,Zero,,
DATAFLOW,OECD.SDD.STES:DSD_STES@DF_MONAGG(4.0),Monetary aggregates,I,CHN,China (People’s Republic of),M,Monthly,MABM,M3,XDC,National currency,_Z,Not applicable,N,Neither seasonally adjusted nor calendar adjusted,_Z,Not applicable,_Z,Not applicable,N,National,2002-06,,16960120,,A,Normal value,6,Millions,0,Zero,,
DATAFLOW,OECD.SDD.STES:DSD_STES@DF_MONAGG(4.0),Monetary aggregates,I,CHN,China (People’s Republic of),M,Monthly,MABM,M3,XDC,National currency,_Z,Not applicable,N,Neither seasonally adjusted nor calendar adjusted,_Z,Not applicable,_Z,Not applicable,N,National,2002-07,,17085110,,A,Normal value,6,Millions,0,Zero,,
DATAFLOW,OECD.SDD.STES:DSD_STES@DF_MONAGG(4.0),Monetary aggregates,I,CHN,China (People’s Republic of),M,Monthly,MABM,M3,XDC,National currency,_Z,Not applicable,N,Neither seasonally adjusted nor calendar adjusted,_Z,Not applicable,_Z,Not applicable,N,National,2002-08,,17325090,,A,Normal value,6,Millions,0,Zero,,
DATAFLOW,OECD.SDD.STES:DSD_STES@DF_MONAGG(4.0),Monetary aggregates,I,CHN,China (People’s Republic of),M,Monthly,MABM,M3,XDC,National currency,_Z,Not applicable,N,Neither seasonally adjusted nor calendar adjusted,_Z,Not applicable,_Z,Not applicable,N,National,2002-09,,17698520,,A,Normal value,6,Millions,0,Zero,,
DATAFLOW,OECD.SDD.STES:DSD_STES@DF_MONAGG(4.0),Monetary aggregates,I,CHN,China (People’s Republic of),M,Monthly,MABM,M3,XDC,National currency,_Z,Not applicable,N,Neither seasonally adjusted nor calendar adjusted,_Z,Not applicable,_Z,Not applicable,N,National,2002-10,,17729420,,A,Normal value,6,Millions,0,Zero,,
DATAFLOW,OECD.SDD.STES:DSD_STES@DF_MONAGG(4.0),Monetary aggregates,I,CHN,China (People’s Republic of),M,Monthly,MABM,M3,XDC,National currency,_Z,Not applicable,N,Neither seasonally adjusted nor calendar adjusted,_Z,Not applicable,_Z,Not applicable,N,National,2002-11,,17973630,,A,Normal value,6,Millions,0,Zero,,
DATAFLOW,OECD.SDD.STES:DSD_STES@DF_MONAGG(4.0),Monetary aggregates,I,CHN,China (People’s Republic of),M,Monthly,MABM,M3,XDC,National currency,_Z,Not applicable,N,Neither seasonally adjusted nor calendar adjusted,_Z,Not applicable,_Z,Not applicable,N,National,2002-12,,18500700,,A,Normal value,6,Millions,0,Zero,,
DATAFLOW,OECD.SDD.STES:DSD_STES@DF_MONAGG(4.0),Monetary aggregates,I,CHN,China (People’s Republic of),M,Monthly,MABM,M3,XDC,National currency,_Z,Not applicable,N,Neither seasonally adjusted nor calendar adjusted,_Z,Not applicable,_Z,Not applicable,N,National,2003-01,,19048830,,A,Normal value,6,Millions,0,Zero,,
DATAFLOW,OECD.SDD.STES:DSD_STES@DF_MONAGG(4.0),Monetary aggregates,I,CHN,China (People’s Republic of),M,Monthly,MABM,M3,XDC,National currency,_Z,Not applicable,N,Neither seasonally adjusted nor calendar adjusted,_Z,Not applicable,_Z,Not applicable,N,National,2003-02,,19010840,,A,Normal value,6,Millions,0,Zero,,
DATAFLOW,OECD.SDD.STES:DSD_STES@DF_MONAGG(4.0),Monetary aggregates,I,CHN,China (People’s Republic of),M,Monthly,MABM,M3,XDC,National currency,_Z,Not applicable,N,Neither seasonally adjusted nor calendar adjusted,_Z,Not applicable,_Z,Not applicable,N,National,2003-03,,19448730,,A,Normal value,6,Millions,0,Zero,,
DATAFLOW,OECD.SDD.STES:DSD_STES@DF_MONAGG(4.0),Monetary aggregates,I,CHN,China (People’s Republic of),M,Monthly,MABM,M3,XDC,National currency,_Z,Not applicable,N,Neither seasonally adjusted nor calendar adjusted,_Z,Not applicable,_Z,Not applicable,N,National,2003-04,,19613010,,A,Normal value,6,Millions,0,Zero,,
DATAFLOW,OECD.SDD.STES:DSD_STES@DF_MONAGG(4.0),Monetary aggregates,I,CHN,China (People’s Republic of),M,Monthly,MABM,M3,XDC,National currency,_Z,Not applicable,N,Neither seasonally adjusted nor calendar adjusted,_Z,Not applicable,_Z,Not applicable,N,National,2003-05,,19950520,,A,Normal value,6,Millions,0,Zero,,
DATAFLOW,OECD.SDD.STES:DSD_STES@DF_MONAGG(4.0),Monetary aggregates,I,CHN,China (People’s Republic of),M,Monthly,MABM,M3,XDC,National currency,_Z,Not applicable,N,Neither seasonally adjusted nor calendar adjusted,_Z,Not applicable,_Z,Not applicable,N,National,2003-06,,20490740,,A,Normal value,6,Millions,0,Zero,,
DATAFLOW,OECD.SDD.STES:DSD_STES@DF_MONAGG(4.0),Monetary aggregates,I,CHN,China (People’s Republic of),M,Monthly,MABM,M3,XDC,National currency,_Z,Not applicable,N,Neither seasonally adjusted nor calendar adjusted,_Z,Not applicable,_Z,Not applicable,N,National,2003-07,,20619310,,A,Normal value,6,Millions,0,Zero,,
DATAFLOW,OECD.SDD.STES:DSD_STES@DF_MONAGG(4.0),Monetary aggregates,I,CHN,China (People’s Republic of),M,Monthly,MABM,M3,XDC,National currency,_Z,Not applicable,N,Neither seasonally adjusted nor calendar adjusted,_Z,Not applicable,_Z,Not applicable,N,National,2003-08,,21059190,,A,Normal value,6,Millions,0,Zero,,
DATAFLOW,OECD.SDD.STES:DSD_STES@DF_MONAGG(4.0),Monetary aggregates,I,CHN,China (People’s Republic of),M,Monthly,MABM,M3,XDC,National currency,_Z,Not applicable,N,Neither seasonally adjusted nor calendar adjusted,_Z,Not applicable,_Z,Not applicable,N,National,2003-09,,21356710,,A,Normal value,6,Millions,0,Zero,,
DATAFLOW,OECD.SDD.STES:DSD_STES@DF_MONAGG(4.0),Monetary aggregates,I,CHN,China (People’s Republic of),M,Monthly,MABM,M3,XDC,National currency,_Z,Not applicable,N,Neither seasonally adjusted nor calendar adjusted,_Z,Not applicable,_Z,Not applicable,N,National,2003-10,,21446940,,A,Normal value,6,Millions,0,Zero,,
DATAFLOW,OECD.SDD.STES:DSD_STES@DF_MONAGG(4.0),Monetary aggregates,I,CHN,China (People’s Republic of),M,Monthly,MABM,M3,XDC,National currency,_Z,Not applicable,N,Neither seasonally adjusted nor calendar adjusted,_Z,Not applicable,_Z,Not applicable,N,National,2003-11,,21635170,,A,Normal value,6,Millions,0,Zero,,
DATAFLOW,OECD.SDD.STES:DSD_STES@DF_MONAGG(4.0),Monetary aggregates,I,CHN,China (People’s Republic of),M,Monthly,MABM,M3,XDC,National currency,_Z,Not applicable,N,Neither seasonally adjusted nor calendar adjusted,_Z,Not applicable,_Z,Not applicable,N,National,2003-12,,22122280,,A,Normal value,6,Millions,0,Zero,,
DATAFLOW,OECD.SDD.STES:DSD_STES@DF_MONAGG(4.0),Monetary aggregates,I,CHN,China (People’s Republic of),M,Monthly,MABM,M3,XDC,National currency,_Z,Not applicable,N,Neither seasonally adjusted nor calendar adjusted,_Z,Not applicable,_Z,Not applicable,N,National,2004-01,,22510190,,A,Normal value,6,Millions,0,Zero,,
DATAFLOW,OECD.SDD.STES:DSD_STES@DF_MONAGG(4.0),Monetary aggregates,I,CHN,China (People’s Republic of),M,Monthly,MABM,M3,XDC,National currency,_Z,Not applicable,N,Neither seasonally adjusted nor calendar adjusted,_Z,Not applicable,_Z,Not applicable,N,National,2004-02,,22705070,,A,Normal value,6,Millions,0,Zero,,
DATAFLOW,OECD.SDD.STES:DSD_STES@DF_MONAGG(4.0),Monetary aggregates,I,CHN,China (People’s Republic of),M,Monthly,MABM,M3,XDC,National currency,_Z,Not applicable,N,Neither seasonally adjusted nor calendar adjusted,_Z,Not applicable,_Z,Not applicable,N,National,2004-03,,23165460,,A,Normal value,6,Millions,0,Zero,,
DATAFLOW,OECD.SDD.STES:DSD_STES@DF_MONAGG(4.0),Monetary aggregates,I,CHN,China (People’s Republic of),M,Monthly,MABM,M3,XDC,National currency,_Z,Not applicable,N,Neither seasonally adjusted nor calendar adjusted,_Z,Not applicable,_Z,Not applicable,N,National,2004-04,,23362790,,A,Normal value,6,Millions,0,Zero,,
DATAFLOW,OECD.SDD.STES:DSD_STES@DF_MONAGG(4.0),Monetary aggregates,I,CHN,China (People’s Republic of),M,Monthly,MABM,M3,XDC,National currency,_Z,Not applicable,N,Neither seasonally adjusted nor calendar adjusted,_Z,Not applicable,_Z,Not applicable,N,National,2004-05,,23484240,,A,Normal value,6,Millions,0,Zero,,
DATAFLOW,OECD.SDD.STES:DSD_STES@DF_MONAGG(4.0),Monetary aggregates,I,CHN,China (People’s Republic of),M,Monthly,MABM,M3,XDC,National currency,_Z,Not applicable,N,Neither seasonally adjusted nor calendar adjusted,_Z,Not applicable,_Z,Not applicable,N,National,2004-06,,23842750,,A,Normal value,6,Millions,0,Zero,,
DATAFLOW,OECD.SDD.STES:DSD_STES@DF_MONAGG(4.0),Monetary aggregates,I,CHN,China (People’s Republic of),M,Monthly,MABM,M3,XDC,National currency,_Z,Not applicable,N,Neither seasonally adjusted nor calendar adjusted,_Z,Not applicable,_Z,Not applicable,N,National,2004-07,,23812700,,A,Normal value,6,Millions,0,Zero,,
DATAFLOW,OECD.SDD.STES:DSD_STES@DF_MONAGG(4.0),Monetary aggregates,I,CHN,China (People’s Republic of),M,Monthly,MABM,M3,XDC,National currency,_Z,Not applicable,N,Neither seasonally adjusted nor calendar adjusted,_Z,Not applicable,_Z,Not applicable,N,National,2004-08,,23972920,,A,Normal value,6,Millions,0,Zero,,
DATAFLOW,OECD.SDD.STES:DSD_STES@DF_MONAGG(4.0),Monetary aggregates,I,CHN,China (People’s Republic of),M,Monthly,MABM,M3,XDC,National currency,_Z,Not applicable,N,Neither seasonally adjusted nor calendar adjusted,_Z,Not applicable,_Z,Not applicable,N,National,2004-09,,24375690,,A,Normal value,6,Millions,0,Zero,,
DATAFLOW,OECD.SDD.STES:DSD_STES@DF_MONAGG(4.0),Monetary aggregates,I,CHN,China (People’s Republic of),M,Monthly,MABM,M3,XDC,National currency,_Z,Not applicable,N,Neither seasonally adjusted nor calendar adjusted,_Z,Not applicable,_Z,Not applicable,N,National,2004-10,,24374030,,A,Normal value,6,Millions,0,Zero,,
DATAFLOW,OECD.SDD.STES:DSD_STES@DF_MONAGG(4.0),Monetary aggregates,I,CHN,China (People’s Republic of),M,Monthly,MABM,M3,XDC,National currency,_Z,Not applicable,N,Neither seasonally adjusted nor calendar adjusted,_Z,Not applicable,_Z,Not applicable,N,National,2004-11,,24713560,,A,Normal value,6,Millions,0,Zero,,
DATAFLOW,OECD.SDD.STES:DSD_STES@DF_MONAGG(4.0),Monetary aggregates,I,CHN,China (People’s Republic of),M,Monthly,MABM,M3,XDC,National currency,_Z,Not applicable,N,Neither seasonally adjusted nor calendar adjusted,_Z,Not applicable,_Z,Not applicable,N,National,2004-12,,25320770,,A,Normal value,6,Millions,0,Zero,,
DATAFLOW,OECD.SDD.STES:DSD_STES@DF_MONAGG(4.0),Monetary aggregates,I,CHN,China (People’s Republic of),M,Monthly,MABM,M3,XDC,National currency,_Z,Not applicable,N,Neither seasonally adjusted nor calendar adjusted,_Z,Not applicable,_Z,Not applicable,N,National,2005-01,,25770850,,A,Normal value,6,Millions,0,Zero,,
DATAFLOW,OECD.SDD.STES:DSD_STES@DF_MONAGG(4.0),Monetary aggregates,I,CHN,China (People’s Republic of),M,Monthly,MABM,M3,XDC,National currency,_Z,Not applicable,N,Neither seasonally adjusted nor calendar adjusted,_Z,Not applicable,_Z,Not applicable,N,National,2005-02,,25935730,,A,Normal value,6,Millions,0,Zero,,
DATAFLOW,OECD.SDD.STES:DSD_STES@DF_MONAGG(4.0),Monetary aggregates,I,CHN,China (People’s Republic of),M,Monthly,MABM,M3,XDC,National currency,_Z,Not applicable,N,Neither seasonally adjusted nor calendar adjusted,_Z,Not applicable,_Z,Not applicable,N,National,2005-03,,26458890,,A,Normal value,6,Millions,0,Zero,,
DATAFLOW,OECD.SDD.STES:DSD_STES@DF_MONAGG(4.0),Monetary aggregates,I,CHN,China (People’s Republic of),M,Monthly,MABM,M3,XDC,National currency,_Z,Not applicable,N,Neither seasonally adjusted nor calendar adjusted,_Z,Not applicable,_Z,Not applicable,N,National,2005-04,,26699270,,A,Normal value,6,Millions,0,Zero,,
DATAFLOW,OECD.SDD.STES:DSD_STES@DF_MONAGG(4.0),Monetary aggregates,I,CHN,China (People’s Republic of),M,Monthly,MABM,M3,XDC,National currency,_Z,Not applicable,N,Neither seasonally adjusted nor calendar adjusted,_Z,Not applicable,_Z,Not applicable,N,National,2005-05,,26924050,,A,Normal value,6,Millions,0,Zero,,
DATAFLOW,OECD.SDD.STES:DSD_STES@DF_MONAGG(4.0),Monetary aggregates,I,CHN,China (People’s Republic of),M,Monthly,MABM,M3,XDC,National currency,_Z,Not applicable,N,Neither seasonally adjusted nor calendar adjusted,_Z,Not applicable,_Z,Not applicable,N,National,2005-06,,27578550,,A,Normal value,6,Millions,0,Zero,,
DATAFLOW,OECD.SDD.STES:DSD_STES@DF_MONAGG(4.0),Monetary aggregates,I,CHN,China (People’s Republic of),M,Monthly,MABM,M3,XDC,National currency,_Z,Not applicable,N,Neither seasonally adjusted nor calendar adjusted,_Z,Not applicable,_Z,Not applicable,N,National,2005-07,,27695210,,A,Normal value,6,Millions,0,Zero,,
DATAFLOW,OECD.SDD.STES:DSD_STES@DF_MONAGG(4.0),Monetary aggregates,I,CHN,China (People’s Republic of),M,Monthly,MABM,M3,XDC,National currency,_Z,Not applicable,N,Neither seasonally adjusted nor calendar adjusted,_Z,Not applicable,_Z,Not applicable,N,National,2005-08,,28128820,,A,Normal value,6,Millions,0,Zero,,
DATAFLOW,OECD.SDD.STES:DSD_STES@DF_MONAGG(4.0),Monetary aggregates,I,CHN,China (People’s Republic of),M,Monthly,MABM,M3,XDC,National currency,_Z,Not applicable,N,Neither seasonally adjusted nor calendar adjusted,_Z,Not applicable,_Z,Not applicable,N,National,2005-09,,28743830,,A,Normal value,6,Millions,0,Zero,,
DATAFLOW,OECD.SDD.STES:DSD_STES@DF_MONAGG(4.0),Monetary aggregates,I,CHN,China (People’s Republic of),M,Monthly,MABM,M3,XDC,National currency,_Z,Not applicable,N,Neither seasonally adjusted nor calendar adjusted,_Z,Not applicable,_Z,Not applicable,N,National,2005-10,,28759160,,A,Normal value,6,Millions,0,Zero,,
DATAFLOW,OECD.SDD.STES:DSD_STES@DF_MONAGG(4.0),Monetary aggregates,I,CHN,China (People’s Republic of),M,Monthly,MABM,M3,XDC,National currency,_Z,Not applicable,N,Neither seasonally adjusted nor calendar adjusted,_Z,Not applicable,_Z,Not applicable,N,National,2005-11,,29235040,,A,Normal value,6,Millions,0,Zero,,
DATAFLOW,OECD.SDD.STES:DSD_STES@DF_MONAGG(4.0),Monetary aggregates,I,CHN,China (People’s Republic of),M,Monthly,MABM,M3,XDC,National currency,_Z,Not applicable,N,Neither seasonally adjusted nor calendar adjusted,_Z,Not applicable,_Z,Not applicable,N,National,2005-12,,29875550,,A,Normal value,6,Millions,0,Zero,,
DATAFLOW,OECD.SDD.STES:DSD_STES@DF_MONAGG(4.0),Monetary aggregates,I,CHN,China (People’s Republic of),M,Monthly,MABM,M3,XDC,National currency,_Z,Not applicable,N,Neither seasonally adjusted nor calendar adjusted,_Z,Not applicable,_Z,Not applicable,N,National,2006-01,,30353860,,A,Normal value,6,Millions,0,Zero,,
DATAFLOW,OECD.SDD.STES:DSD_STES@DF_MONAGG(4.0),Monetary aggregates,I,CHN,China (People’s Republic of),M,Monthly,MABM,M3,XDC,National currency,_Z,Not applicable,N,Neither seasonally adjusted nor calendar adjusted,_Z,Not applicable,_Z,Not applicable,N,National,2006-02,,30451630,,A,Normal value,6,Millions,0,Zero,,
DATAFLOW,OECD.SDD.STES:DSD_STES@DF_MONAGG(4.0),Monetary aggregates,I,CHN,China (People’s Republic of),M,Monthly,MABM,M3,XDC,National currency,_Z,Not applicable,N,Neither seasonally adjusted nor calendar adjusted,_Z,Not applicable,_Z,Not applicable,N,National,2006-03,,31049070,,A,Normal value,6,Millions,0,Zero,,
DATAFLOW,OECD.SDD.STES:DSD_STES@DF_MONAGG(4.0),Monetary aggregates,I,CHN,China (People’s Republic of),M,Monthly,MABM,M3,XDC,National currency,_Z,Not applicable,N,Neither seasonally adjusted nor calendar adjusted,_Z,Not applicable,_Z,Not applicable,N,National,2006-04,,31370180,,A,Normal value,6,Millions,0,Zero,,
DATAFLOW,OECD.SDD.STES:DSD_STES@DF_MONAGG(4.0),Monetary aggregates,I,CHN,China (People’s Republic of),M,Monthly,MABM,M3,XDC,National currency,_Z,Not applicable,N,Neither seasonally adjusted nor calendar adjusted,_Z,Not applicable,_Z,Not applicable,N,National,2006-05,,31670980,,A,Normal value,6,Millions,0,Zero,,
DATAFLOW,OECD.SDD.STES:DSD_STES@DF_MONAGG(4.0),Monetary aggregates,I,CHN,China (People’s Republic of),M,Monthly,MABM,M3,XDC,National currency,_Z,Not applicable,N,Neither seasonally adjusted nor calendar adjusted,_Z,Not applicable,_Z,Not applicable,N,National,2006-06,,32275640,,A,Normal value,6,Millions,0,Zero,,
DATAFLOW,OECD.SDD.STES:DSD_STES@DF_MONAGG(4.0),Monetary aggregates,I,CHN,China (People’s Republic of),M,Monthly,MABM,M3,XDC,National currency,_Z,Not applicable,N,Neither seasonally adjusted nor calendar adjusted,_Z,Not applicable,_Z,Not applicable,N,National,2006-07,,32401080,,A,Normal value,6,Millions,0,Zero,,
DATAFLOW,OECD.SDD.STES:DSD_STES@DF_MONAGG(4.0),Monetary aggregates,I,CHN,China (People’s Republic of),M,Monthly,MABM,M3,XDC,National currency,_Z,Not applicable,N,Neither seasonally adjusted nor calendar adjusted,_Z,Not applicable,_Z,Not applicable,N,National,2006-08,,32788570,,A,Normal value,6,Millions,0,Zero,,
DATAFLOW,OECD.SDD.STES:DSD_STES@DF_MONAGG(4.0),Monetary aggregates,I,CHN,China (People’s Republic of),M,Monthly,MABM,M3,XDC,National currency,_Z,Not applicable,N,Neither seasonally adjusted nor calendar adjusted,_Z,Not applicable,_Z,Not applicable,N,National,2006-09,,33186540,,A,Normal value,6,Millions,0,Zero,,
DATAFLOW,OECD.SDD.STES:DSD_STES@DF_MONAGG(4.0),Monetary aggregates,I,CHN,China (People’s Republic of),M,Monthly,MABM,M3,XDC,National currency,_Z,Not applicable,N,Neither seasonally adjusted nor calendar adjusted,_Z,Not applicable,_Z,Not applicable,N,National,2006-10,,33274720,,A,Normal value,6,Millions,0,Zero,,
DATAFLOW,OECD.SDD.STES:DSD_STES@DF_MONAGG(4.0),Monetary aggregates,I,CHN,China (People’s Republic of),M,Monthly,MABM,M3,XDC,National currency,_Z,Not applicable,N,Neither seasonally adjusted nor calendar adjusted,_Z,Not applicable,_Z,Not applicable,N,National,2006-11,,33750420,,A,Normal value,6,Millions,0,Zero,,
DATAFLOW,OECD.SDD.STES:DSD_STES@DF_MONAGG(4.0),Monetary aggregates,I,CHN,China (People’s Republic of),M,Monthly,MABM,M3,XDC,National currency,_Z,Not applicable,N,Neither seasonally adjusted nor calendar adjusted,_Z,Not applicable,_Z,Not applicable,N,National,2006-12,,34557790,,A,Normal value,6,Millions,0,Zero,,
DATAFLOW,OECD.SDD.STES:DSD_STES@DF_MONAGG(4.0),Monetary aggregates,I,CHN,China (People’s Republic of),M,Monthly,MABM,M3,XDC,National currency,_Z,Not applicable,N,Neither seasonally adjusted nor calendar adjusted,_Z,Not applicable,_Z,Not applicable,N,National,2007-01,,35149880,,A,Normal value,6,Millions,0,Zero,,
DATAFLOW,OECD.SDD.STES:DSD_STES@DF_MONAGG(4.0),Monetary aggregates,I,CHN,China (People’s Republic of),M,Monthly,MABM,M3,XDC,National currency,_Z,Not applicable,N,Neither seasonally adjusted nor calendar adjusted,_Z,Not applicable,_Z,Not applicable,N,National,2007-02,,35865930,,A,Normal value,6,Millions,0,Zero,,
DATAFLOW,OECD.SDD.STES:DSD_STES@DF_MONAGG(4.0),Monetary aggregates,I,CHN,China (People’s Republic of),M,Monthly,MABM,M3,XDC,National currency,_Z,Not applicable,N,Neither seasonally adjusted nor calendar adjusted,_Z,Not applicable,_Z,Not applicable,N,National,2007-03,,36410470,,A,Normal value,6,Millions,0,Zero,,
DATAFLOW,OECD.SDD.STES:DSD_STES@DF_MONAGG(4.0),Monetary aggregates,I,CHN,China (People’s Republic of),M,Monthly,MABM,M3,XDC,National currency,_Z,Not applicable,N,Neither seasonally adjusted nor calendar adjusted,_Z,Not applicable,_Z,Not applicable,N,National,2007-04,,36742560,,A,Normal value,6,Millions,0,Zero,,
DATAFLOW,OECD.SDD.STES:DSD_STES@DF_MONAGG(4.0),Monetary aggregates,I,CHN,China (People’s Republic of),M,Monthly,MABM,M3,XDC,National currency,_Z,Not applicable,N,Neither seasonally adjusted nor calendar adjusted,_Z,Not applicable,_Z,Not applicable,N,National,2007-05,,36971820,,A,Normal value,6,Millions,0,Zero,,
DATAFLOW,OECD.SDD.STES:DSD_STES@DF_MONAGG(4.0),Monetary aggregates,I,CHN,China (People’s Republic of),M,Monthly,MABM,M3,XDC,National currency,_Z,Not applicable,N,Neither seasonally adjusted nor calendar adjusted,_Z,Not applicable,_Z,Not applicable,N,National,2007-06,,37783220,,A,Normal value,6,Millions,0,Zero,,
DATAFLOW,OECD.SDD.STES:DSD_STES@DF_MONAGG(4.0),Monetary aggregates,I,CHN,China (People’s Republic of),M,Monthly,MABM,M3,XDC,National currency,_Z,Not applicable,N,Neither seasonally adjusted nor calendar adjusted,_Z,Not applicable,_Z,Not applicable,N,National,2007-07,,38388490,,A,Normal value,6,Millions,0,Zero,,
DATAFLOW,OECD.SDD.STES:DSD_STES@DF_MONAGG(4.0),Monetary aggregates,I,CHN,China (People’s Republic of),M,Monthly,MABM,M3,XDC,National currency,_Z,Not applicable,N,Neither seasonally adjusted nor calendar adjusted,_Z,Not applicable,_Z,Not applicable,N,National,2007-08,,38720500,,A,Normal value,6,Millions,0,Zero,,
DATAFLOW,OECD.SDD.STES:DSD_STES@DF_MONAGG(4.0),Monetary aggregates,I,CHN,China (People’s Republic of),M,Monthly,MABM,M3,XDC,National currency,_Z,Not applicable,N,Neither seasonally adjusted nor calendar adjusted,_Z,Not applicable,_Z,Not applicable,N,National,2007-09,,39309890,,A,Normal value,6,Millions,0,Zero,,
DATAFLOW,OECD.SDD.STES:DSD_STES@DF_MONAGG(4.0),Monetary aggregates,I,CHN,China (People’s Republic of),M,Monthly,MABM,M3,XDC,National currency,_Z,Not applicable,N,Neither seasonally adjusted nor calendar adjusted,_Z,Not applicable,_Z,Not applicable,N,National,2007-10,,39420420,,A,Normal value,6,Millions,0,Zero,,
DATAFLOW,OECD.SDD.STES:DSD_STES@DF_MONAGG(4.0),Monetary aggregates,I,CHN,China (People’s Republic of),M,Monthly,MABM,M3,XDC,National currency,_Z,Not applicable,N,Neither seasonally adjusted nor calendar adjusted,_Z,Not applicable,_Z,Not applicable,N,National,2007-11,,39975790,,A,Normal value,6,Millions,0,Zero,,
DATAFLOW,OECD.SDD.STES:DSD_STES@DF_MONAGG(4.0),Monetary aggregates,I,CHN,China (People’s Republic of),M,Monthly,MABM,M3,XDC,National currency,_Z,Not applicable,N,Neither seasonally adjusted nor calendar adjusted,_Z,Not applicable,_Z,Not applicable,N,National,2007-12,,40340130,,A,Normal value,6,Millions,0,Zero,,
DATAFLOW,OECD.SDD.STES:DSD_STES@DF_MONAGG(4.0),Monetary aggregates,I,CHN,China (People’s Republic of),M,Monthly,MABM,M3,XDC,National currency,_Z,Not applicable,N,Neither seasonally adjusted nor calendar adjusted,_Z,Not applicable,_Z,Not applicable,N,National,2008-01,,41784620,,A,Normal value,6,Millions,0,Zero,,
DATAFLOW,OECD.SDD.STES:DSD_STES@DF_MONAGG(4.0),Monetary aggregates,I,CHN,China (People’s Republic of),M,Monthly,MABM,M3,XDC,National currency,_Z,Not applicable,N,Neither seasonally adjusted nor calendar adjusted,_Z,Not applicable,_Z,Not applicable,N,National,2008-02,,42103780,,A,Normal value,6,Millions,0,Zero,,
DATAFLOW,OECD.SDD.STES:DSD_STES@DF_MONAGG(4.0),Monetary aggregates,I,CHN,China (People’s Republic of),M,Monthly,MABM,M3,XDC,National currency,_Z,Not applicable,N,Neither seasonally adjusted nor calendar adjusted,_Z,Not applicable,_Z,Not applicable,N,National,2008-03,,42305450,,A,Normal value,6,Millions,0,Zero,,
DATAFLOW,OECD.SDD.STES:DSD_STES@DF_MONAGG(4.0),Monetary aggregates,I,CHN,China (People’s Republic of),M,Monthly,MABM,M3,XDC,National currency,_Z,Not applicable,N,Neither seasonally adjusted nor calendar adjusted,_Z,Not applicable,_Z,Not applicable,N,National,2008-04,,42924090,,A,Normal value,6,Millions,0,Zero,,
DATAFLOW,OECD.SDD.STES:DSD_STES@DF_MONAGG(4.0),Monetary aggregates,I,CHN,China (People’s Republic of),M,Monthly,MABM,M3,XDC,National currency,_Z,Not applicable,N,Neither seasonally adjusted nor calendar adjusted,_Z,Not applicable,_Z,Not applicable,N,National,2008-05,,43622160,,A,Normal value,6,Millions,0,Zero,,
DATAFLOW,OECD.SDD.STES:DSD_STES@DF_MONAGG(4.0),Monetary aggregates,I,CHN,China (People’s Republic of),M,Monthly,MABM,M3,XDC,National currency,_Z,Not applicable,N,Neither seasonally adjusted nor calendar adjusted,_Z,Not applicable,_Z,Not applicable,N,National,2008-06,,44314100,,A,Normal value,6,Millions,0,Zero,,
DATAFLOW,OECD.SDD.STES:DSD_STES@DF_MONAGG(4.0),Monetary aggregates,I,CHN,China (People’s Republic of),M,Monthly,MABM,M3,XDC,National currency,_Z,Not applicable,N,Neither seasonally adjusted nor calendar adjusted,_Z,Not applicable,_Z,Not applicable,N,National,2008-07,,44636220,,A,Normal value,6,Millions,0,Zero,,
DATAFLOW,OECD.SDD.STES:DSD_STES@DF_MONAGG(4.0),Monetary aggregates,I,CHN,China (People’s Republic of),M,Monthly,MABM,M3,XDC,National currency,_Z,Not applicable,N,Neither seasonally adjusted nor calendar adjusted,_Z,Not applicable,_Z,Not applicable,N,National,2008-08,,44884670,,A,Normal value,6,Millions,0,Zero,,
DATAFLOW,OECD.SDD.STES:DSD_STES@DF_MONAGG(4.0),Monetary aggregates,I,CHN,China (People’s Republic of),M,Monthly,MABM,M3,XDC,National currency,_Z,Not applicable,N,Neither seasonally adjusted nor calendar adjusted,_Z,Not applicable,_Z,Not applicable,N,National,2008-09,,45289870,,A,Normal value,6,Millions,0,Zero,,
DATAFLOW,OECD.SDD.STES:DSD_STES@DF_MONAGG(4.0),Monetary aggregates,I,CHN,China (People’s Republic of),M,Monthly,MABM,M3,XDC,National currency,_Z,Not applicable,N,Neither seasonally adjusted nor calendar adjusted,_Z,Not applicable,_Z,Not applicable,N,National,2008-10,,45313330,,A,Normal value,6,Millions,0,Zero,,
DATAFLOW,OECD.SDD.STES:DSD_STES@DF_MONAGG(4.0),Monetary aggregates,I,CHN,China (People’s Republic of),M,Monthly,MABM,M3,XDC,National currency,_Z,Not applicable,N,Neither seasonally adjusted nor calendar adjusted,_Z,Not applicable,_Z,Not applicable,N,National,2008-11,,45864470,,A,Normal value,6,Millions,0,Zero,,
DATAFLOW,OECD.SDD.STES:DSD_STES@DF_MONAGG(4.0),Monetary aggregates,I,CHN,China (People’s Republic of),M,Monthly,MABM,M3,XDC,National currency,_Z,Not applicable,N,Neither seasonally adjusted nor calendar adjusted,_Z,Not applicable,_Z,Not applicable,N,National,2008-12,,47516660,,A,Normal value,6,Millions,0,Zero,,
DATAFLOW,OECD.SDD.STES:DSD_STES@DF_MONAGG(4.0),Monetary aggregates,I,CHN,China (People’s Republic of),M,Monthly,MABM,M3,XDC,National currency,_Z,Not applicable,N,Neither seasonally adjusted nor calendar adjusted,_Z,Not applicable,_Z,Not applicable,N,National,2009-01,,49613530,,A,Normal value,6,Millions,0,Zero,,
DATAFLOW,OECD.SDD.STES:DSD_STES@DF_MONAGG(4.0),Monetary aggregates,I,CHN,China (People’s Republic of),M,Monthly,MABM,M3,XDC,National currency,_Z,Not applicable,N,Neither seasonally adjusted nor calendar adjusted,_Z,Not applicable,_Z,Not applicable,N,National,2009-02,,50670810,,A,Normal value,6,Millions,0,Zero,,
DATAFLOW,OECD.SDD.STES:DSD_STES@DF_MONAGG(4.0),Monetary aggregates,I,CHN,China (People’s Republic of),M,Monthly,MABM,M3,XDC,National currency,_Z,Not applicable,N,Neither seasonally adjusted nor calendar adjusted,_Z,Not applicable,_Z,Not applicable,N,National,2009-03,,53062670,,A,Normal value,6,Millions,0,Zero,,
DATAFLOW,OECD.SDD.STES:DSD_STES@DF_MONAGG(4.0),Monetary aggregates,I,CHN,China (People’s Republic of),M,Monthly,MABM,M3,XDC,National currency,_Z,Not applicable,N,Neither seasonally adjusted nor calendar adjusted,_Z,Not applicable,_Z,Not applicable,N,National,2009-04,,54048120,,A,Normal value,6,Millions,0,Zero,,
DATAFLOW,OECD.SDD.STES:DSD_STES@DF_MONAGG(4.0),Monetary aggregates,I,CHN,China (People’s Republic of),M,Monthly,MABM,M3,XDC,National currency,_Z,Not applicable,N,Neither seasonally adjusted nor calendar adjusted,_Z,Not applicable,_Z,Not applicable,N,National,2009-05,,54826350,,A,Normal value,6,Millions,0,Zero,,
DATAFLOW,OECD.SDD.STES:DSD_STES@DF_MONAGG(4.0),Monetary aggregates,I,CHN,China (People’s Republic of),M,Monthly,MABM,M3,XDC,National currency,_Z,Not applicable,N,Neither seasonally adjusted nor calendar adjusted,_Z,Not applicable,_Z,Not applicable,N,National,2009-06,,56891620,,A,Normal value,6,Millions,0,Zero,,
DATAFLOW,OECD.SDD.STES:DSD_STES@DF_MONAGG(4.0),Monetary aggregates,I,CHN,China (People’s Republic of),M,Monthly,MABM,M3,XDC,National currency,_Z,Not applicable,N,Neither seasonally adjusted nor calendar adjusted,_Z,Not applicable,_Z,Not applicable,N,National,2009-07,,57310280,,A,Normal value,6,Millions,0,Zero,,
DATAFLOW,OECD.SDD.STES:DSD_STES@DF_MONAGG(4.0),Monetary aggregates,I,CHN,China (People’s Republic of),M,Monthly,MABM,M3,XDC,National currency,_Z,Not applicable,N,Neither seasonally adjusted nor calendar adjusted,_Z,Not applicable,_Z,Not applicable,N,National,2009-08,,57669900,,A,Normal value,6,Millions,0,Zero,,
DATAFLOW,OECD.SDD.STES:DSD_STES@DF_MONAGG(4.0),Monetary aggregates,I,CHN,China (People’s Republic of),M,Monthly,MABM,M3,XDC,National currency,_Z,Not applicable,N,Neither seasonally adjusted nor calendar adjusted,_Z,Not applicable,_Z,Not applicable,N,National,2009-09,,58540530,,A,Normal value,6,Millions,0,Zero,,
DATAFLOW,OECD.SDD.STES:DSD_STES@DF_MONAGG(4.0),Monetary aggregates,I,CHN,China (People’s Republic of),M,Monthly,MABM,M3,XDC,National currency,_Z,Not applicable,N,Neither seasonally adjusted nor calendar adjusted,_Z,Not applicable,_Z,Not applicable,N,National,2009-10,,58664330,,A,Normal value,6,Millions,0,Zero,,
DATAFLOW,OECD.SDD.STES:DSD_STES@DF_MONAGG(4.0),Monetary aggregates,I,CHN,China (People’s Republic of),M,Monthly,MABM,M3,XDC,National currency,_Z,Not applicable,N,Neither seasonally adjusted nor calendar adjusted,_Z,Not applicable,_Z,Not applicable,N,National,2009-11,,59460470,,A,Normal value,6,Millions,0,Zero,,
DATAFLOW,OECD.SDD.STES:DSD_STES@DF_MONAGG(4.0),Monetary aggregates,I,CHN,China (People’s Republic of),M,Monthly,MABM,M3,XDC,National currency,_Z,Not applicable,N,Neither seasonally adjusted nor calendar adjusted,_Z,Not applicable,_Z,Not applicable,N,National,2009-12,,60622500,,A,Normal value,6,Millions,0,Zero,,
DATAFLOW,OECD.SDD.STES:DSD_STES@DF_MONAGG(4.0),Monetary aggregates,I,CHN,China (People’s Republic of),M,Monthly,MABM,M3,XDC,National currency,_Z,Not applicable,N,Neither seasonally adjusted nor calendar adjusted,_Z,Not applicable,_Z,Not applicable,N,National,2010-01,,62560930,,A,Normal value,6,Millions,0,Zero,,
DATAFLOW,OECD.SDD.STES:DSD_STES@DF_MONAGG(4.0),Monetary aggregates,I,CHN,China (People’s Republic of),M,Monthly,MABM,M3,XDC,National currency,_Z,Not applicable,N,Neither seasonally adjusted nor calendar adjusted,_Z,Not applicable,_Z,Not applicable,N,National,2010-02,,63607220,,A,Normal value,6,Millions,0,Zero,,
DATAFLOW,OECD.SDD.STES:DSD_STES@DF_MONAGG(4.0),Monetary aggregates,I,CHN,China (People’s Republic of),M,Monthly,MABM,M3,XDC,National currency,_Z,Not applicable,N,Neither seasonally adjusted nor calendar adjusted,_Z,Not applicable,_Z,Not applicable,N,National,2010-03,,64994750,,A,Normal value,6,Millions,0,Zero,,
DATAFLOW,OECD.SDD.STES:DSD_STES@DF_MONAGG(4.0),Monetary aggregates,I,CHN,China (People’s Republic of),M,Monthly,MABM,M3,XDC,National currency,_Z,Not applicable,N,Neither seasonally adjusted nor calendar adjusted,_Z,Not applicable,_Z,Not applicable,N,National,2010-04,,65656120,,A,Normal value,6,Millions,0,Zero,,
DATAFLOW,OECD.SDD.STES:DSD_STES@DF_MONAGG(4.0),Monetary aggregates,I,CHN,China (People’s Republic of),M,Monthly,MABM,M3,XDC,National currency,_Z,Not applicable,N,Neither seasonally adjusted nor calendar adjusted,_Z,Not applicable,_Z,Not applicable,N,National,2010-05,,66335240,,A,Normal value,6,Millions,0,Zero,,
DATAFLOW,OECD.SDD.STES:DSD_STES@DF_MONAGG(4.0),Monetary aggregates,I,CHN,China (People’s Republic of),M,Monthly,MABM,M3,XDC,National currency,_Z,Not applicable,N,Neither seasonally adjusted nor calendar adjusted,_Z,Not applicable,_Z,Not applicable,N,National,2010-06,,67392180,,A,Normal value,6,Millions,0,Zero,,
DATAFLOW,OECD.SDD.STES:DSD_STES@DF_MONAGG(4.0),Monetary aggregates,I,CHN,China (People’s Republic of),M,Monthly,MABM,M3,XDC,National currency,_Z,Not applicable,N,Neither seasonally adjusted nor calendar adjusted,_Z,Not applicable,_Z,Not applicable,N,National,2010-07,,67405160,,A,Normal value,6,Millions,0,Zero,,
DATAFLOW,OECD.SDD.STES:DSD_STES@DF_MONAGG(4.0),Monetary aggregates,I,CHN,China (People’s Republic of),M,Monthly,MABM,M3,XDC,National currency,_Z,Not applicable,N,Neither seasonally adjusted nor calendar adjusted,_Z,Not applicable,_Z,Not applicable,N,National,2010-08,,68750690,,A,Normal value,6,Millions,0,Zero,,
DATAFLOW,OECD.SDD.STES:DSD_STES@DF_MONAGG(4.0),Monetary aggregates,I,CHN,China (People’s Republic of),M,Monthly,MABM,M3,XDC,National currency,_Z,Not applicable,N,Neither seasonally adjusted nor calendar adjusted,_Z,Not applicable,_Z,Not applicable,N,National,2010-09,,69647150,,A,Normal value,6,Millions,0,Zero,,
DATAFLOW,OECD.SDD.STES:DSD_STES@DF_MONAGG(4.0),Monetary aggregates,I,CHN,China (People’s Republic of),M,Monthly,MABM,M3,XDC,National currency,_Z,Not applicable,N,Neither seasonally adjusted nor calendar adjusted,_Z,Not applicable,_Z,Not applicable,N,National,2010-10,,69977670,,A,Normal value,6,Millions,0,Zero,,
DATAFLOW,OECD.SDD.STES:DSD_STES@DF_MONAGG(4.0),Monetary aggregates,I,CHN,China (People’s Republic of),M,Monthly,MABM,M3,XDC,National currency,_Z,Not applicable,N,Neither seasonally adjusted nor calendar adjusted,_Z,Not applicable,_Z,Not applicable,N,National,2010-11,,71039900,,A,Normal value,6,Millions,0,Zero,,
DATAFLOW,OECD.SDD.STES:DSD_STES@DF_MONAGG(4.0),Monetary aggregates,I,CHN,China (People’s Republic of),M,Monthly,MABM,M3,XDC,National currency,_Z,Not applicable,N,Neither seasonally adjusted nor calendar adjusted,_Z,Not applicable,_Z,Not applicable,N,National,2010-12,,72585180,,A,Normal value,6,Millions,0,Zero,,
DATAFLOW,OECD.SDD.STES:DSD_STES@DF_MONAGG(4.0),Monetary aggregates,I,CHN,China (People’s Republic of),M,Monthly,MABM,M3,XDC,National currency,_Z,Not applicable,N,Neither seasonally adjusted nor calendar adjusted,_Z,Not applicable,_Z,Not applicable,N,National,2011-01,,73388480,,A,Normal value,6,Millions,0,Zero,,
DATAFLOW,OECD.SDD.STES:DSD_STES@DF_MONAGG(4.0),Monetary aggregates,I,CHN,China (People’s Republic of),M,Monthly,MABM,M3,XDC,National currency,_Z,Not applicable,N,Neither seasonally adjusted nor calendar adjusted,_Z,Not applicable,_Z,Not applicable,N,National,2011-02,,73613090,,A,Normal value,6,Millions,0,Zero,,
DATAFLOW,OECD.SDD.STES:DSD_STES@DF_MONAGG(4.0),Monetary aggregates,I,CHN,China (People’s Republic of),M,Monthly,MABM,M3,XDC,National currency,_Z,Not applicable,N,Neither seasonally adjusted nor calendar adjusted,_Z,Not applicable,_Z,Not applicable,N,National,2011-03,,75813090,,A,Normal value,6,Millions,0,Zero,,
DATAFLOW,OECD.SDD.STES:DSD_STES@DF_MONAGG(4.0),Monetary aggregates,I,CHN,China (People’s Republic of),M,Monthly,MABM,M3,XDC,National currency,_Z,Not applicable,N,Neither seasonally adjusted nor calendar adjusted,_Z,Not applicable,_Z,Not applicable,N,National,2011-04,,75738460,,A,Normal value,6,Millions,0,Zero,,
DATAFLOW,OECD.SDD.STES:DSD_STES@DF_MONAGG(4.0),Monetary aggregates,I,CHN,China (People’s Republic of),M,Monthly,MABM,M3,XDC,National currency,_Z,Not applicable,N,Neither seasonally adjusted nor calendar adjusted,_Z,Not applicable,_Z,Not applicable,N,National,2011-05,,76340920,,A,Normal value,6,Millions,0,Zero,,
DATAFLOW,OECD.SDD.STES:DSD_STES@DF_MONAGG(4.0),Monetary aggregates,I,CHN,China (People’s Republic of),M,Monthly,MABM,M3,XDC,National currency,_Z,Not applicable,N,Neither seasonally adjusted nor calendar adjusted,_Z,Not applicable,_Z,Not applicable,N,National,2011-06,,78082090,,A,Normal value,6,Millions,0,Zero,,
DATAFLOW,OECD.SDD.STES:DSD_STES@DF_MONAGG(4.0),Monetary aggregates,I,CHN,China (People’s Republic of),M,Monthly,MABM,M3,XDC,National currency,_Z,Not applicable,N,Neither seasonally adjusted nor calendar adjusted,_Z,Not applicable,_Z,Not applicable,N,National,2011-07,,77292370,,A,Normal value,6,Millions,0,Zero,,
DATAFLOW,OECD.SDD.STES:DSD_STES@DF_MONAGG(4.0),Monetary aggregates,I,CHN,China (People’s Republic of),M,Monthly,MABM,M3,XDC,National currency,_Z,Not applicable,N,Neither seasonally adjusted nor calendar adjusted,_Z,Not applicable,_Z,Not applicable,N,National,2011-08,,78085230,,A,Normal value,6,Millions,0,Zero,,
DATAFLOW,OECD.SDD.STES:DSD_STES@DF_MONAGG(4.0),Monetary aggregates,I,CHN,China (People’s Republic of),M,Monthly,MABM,M3,XDC,National currency,_Z,Not applicable,N,Neither seasonally adjusted nor calendar adjusted,_Z,Not applicable,_Z,Not applicable,N,National,2011-09,,78740620,,A,Normal value,6,Millions,0,Zero,,
DATAFLOW,OECD.SDD.STES:DSD_STES@DF_MONAGG(4.0),Monetary aggregates,I,CHN,China (People’s Republic of),M,Monthly,MABM,M3,XDC,National currency,_Z,Not applicable,N,Neither seasonally adjusted nor calendar adjusted,_Z,Not applicable,_Z,Not applicable,N,National,2011-10,,81682920,,A,Normal value,6,Millions,0,Zero,,
DATAFLOW,OECD.SDD.STES:DSD_STES@DF_MONAGG(4.0),Monetary aggregates,I,CHN,China (People’s Republic of),M,Monthly,MABM,M3,XDC,National currency,_Z,Not applicable,N,Neither seasonally adjusted nor calendar adjusted,_Z,Not applicable,_Z,Not applicable,N,National,2011-11,,82549390,,A,Normal value,6,Millions,0,Zero,,
DATAFLOW,OECD.SDD.STES:DSD_STES@DF_MONAGG(4.0),Monetary aggregates,I,CHN,China (People’s Republic of),M,Monthly,MABM,M3,XDC,National currency,_Z,Not applicable,N,Neither seasonally adjusted nor calendar adjusted,_Z,Not applicable,_Z,Not applicable,N,National,2011-12,,85159090,,A,Normal value,6,Millions,0,Zero,,
DATAFLOW,OECD.SDD.STES:DSD_STES@DF_MONAGG(4.0),Monetary aggregates,I,CHN,China (People’s Republic of),M,Monthly,MABM,M3,XDC,National currency,_Z,Not applicable,N,Neither seasonally adjusted nor calendar adjusted,_Z,Not applicable,_Z,Not applicable,N,National,2012-01,,85589890,,A,Normal value,6,Millions,0,Zero,,
DATAFLOW,OECD.SDD.STES:DSD_STES@DF_MONAGG(4.0),Monetary aggregates,I,CHN,China (People’s Republic of),M,Monthly,MABM,M3,XDC,National currency,_Z,Not applicable,N,Neither seasonally adjusted nor calendar adjusted,_Z,Not applicable,_Z,Not applicable,N,National,2012-02,,86717760,,A,Normal value,6,Millions,0,Zero,,
DATAFLOW,OECD.SDD.STES:DSD_STES@DF_MONAGG(4.0),Monetary aggregates,I,CHN,China (People’s Republic of),M,Monthly,MABM,M3,XDC,National currency,_Z,Not applicable,N,Neither seasonally adjusted nor calendar adjusted,_Z,Not applicable,_Z,Not applicable,N,National,2012-03,,89556550,,A,Normal value,6,Millions,0,Zero,,
DATAFLOW,OECD.SDD.STES:DSD_STES@DF_MONAGG(4.0),Monetary aggregates,I,CHN,China (People’s Republic of),M,Monthly,MABM,M3,XDC,National currency,_Z,Not applicable,N,Neither seasonally adjusted nor calendar adjusted,_Z,Not applicable,_Z,Not applicable,N,National,2012-04,,88960400,,A,Normal value,6,Millions,0,Zero,,
DATAFLOW,OECD.SDD.STES:DSD_STES@DF_MONAGG(4.0),Monetary aggregates,I,CHN,China (People’s Republic of),M,Monthly,MABM,M3,XDC,National currency,_Z,Not applicable,N,Neither seasonally adjusted nor calendar adjusted,_Z,Not applicable,_Z,Not applicable,N,National,2012-05,,90004880,,A,Normal value,6,Millions,0,Zero,,
DATAFLOW,OECD.SDD.STES:DSD_STES@DF_MONAGG(4.0),Monetary aggregates,I,CHN,China (People’s Republic of),M,Monthly,MABM,M3,XDC,National currency,_Z,Not applicable,N,Neither seasonally adjusted nor calendar adjusted,_Z,Not applicable,_Z,Not applicable,N,National,2012-06,,92499120,,A,Normal value,6,Millions,0,Zero,,
DATAFLOW,OECD.SDD.STES:DSD_STES@DF_MONAGG(4.0),Monetary aggregates,I,CHN,China (People’s Republic of),M,Monthly,MABM,M3,XDC,National currency,_Z,Not applicable,N,Neither seasonally adjusted nor calendar adjusted,_Z,Not applicable,_Z,Not applicable,N,National,2012-07,,91907240,,A,Normal value,6,Millions,0,Zero,,
DATAFLOW,OECD.SDD.STES:DSD_STES@DF_MONAGG(4.0),Monetary aggregates,I,CHN,China (People’s Republic of),M,Monthly,MABM,M3,XDC,National currency,_Z,Not applicable,N,Neither seasonally adjusted nor calendar adjusted,_Z,Not applicable,_Z,Not applicable,N,National,2012-08,,92489500,,A,Normal value,6,Millions,0,Zero,,
DATAFLOW,OECD.SDD.STES:DSD_STES@DF_MONAGG(4.0),Monetary aggregates,I,CHN,China (People’s Republic of),M,Monthly,MABM,M3,XDC,National currency,_Z,Not applicable,N,Neither seasonally adjusted nor calendar adjusted,_Z,Not applicable,_Z,Not applicable,N,National,2012-09,,94368930,,A,Normal value,6,Millions,0,Zero,,
DATAFLOW,OECD.SDD.STES:DSD_STES@DF_MONAGG(4.0),Monetary aggregates,I,CHN,China (People’s Republic of),M,Monthly,MABM,M3,XDC,National currency,_Z,Not applicable,N,Neither seasonally adjusted nor calendar adjusted,_Z,Not applicable,_Z,Not applicable,N,National,2012-10,,93640590,,A,Normal value,6,Millions,0,Zero,,
DATAFLOW,OECD.SDD.STES:DSD_STES@DF_MONAGG(4.0),Monetary aggregates,I,CHN,China (People’s Republic of),M,Monthly,MABM,M3,XDC,National currency,_Z,Not applicable,N,Neither seasonally adjusted nor calendar adjusted,_Z,Not applicable,_Z,Not applicable,N,National,2012-11,,94483240,,A,Normal value,6,Millions,0,Zero,,
DATAFLOW,OECD.SDD.STES:DSD_STES@DF_MONAGG(4.0),Monetary aggregates,I,CHN,China (People’s Republic of),M,Monthly,MABM,M3,XDC,National currency,_Z,Not applicable,N,Neither seasonally adjusted nor calendar adjusted,_Z,Not applicable,_Z,Not applicable,N,National,2012-12,,97415950,,A,Normal value,6,Millions,0,Zero,,
DATAFLOW,OECD.SDD.STES:DSD_STES@DF_MONAGG(4.0),Monetary aggregates,I,CHN,China (People’s Republic of),M,Monthly,MABM,M3,XDC,National currency,_Z,Not applicable,N,Neither seasonally adjusted nor calendar adjusted,_Z,Not applicable,_Z,Not applicable,N,National,2013-01,,99212930,,A,Normal value,6,Millions,0,Zero,,
DATAFLOW,OECD.SDD.STES:DSD_STES@DF_MONAGG(4.0),Monetary aggregates,I,CHN,China (People’s Republic of),M,Monthly,MABM,M3,XDC,National currency,_Z,Not applicable,N,Neither seasonally adjusted nor calendar adjusted,_Z,Not applicable,_Z,Not applicable,N,National,2013-02,,99860080,,A,Normal value,6,Millions,0,Zero,,
DATAFLOW,OECD.SDD.STES:DSD_STES@DF_MONAGG(4.0),Monetary aggregates,I,CHN,China (People’s Republic of),M,Monthly,MABM,M3,XDC,National currency,_Z,Not applicable,N,Neither seasonally adjusted nor calendar adjusted,_Z,Not applicable,_Z,Not applicable,N,National,2013-03,,103585800,,A,Normal value,6,Millions,0,Zero,,
DATAFLOW,OECD.SDD.STES:DSD_STES@DF_MONAGG(4.0),Monetary aggregates,I,CHN,China (People’s Republic of),M,Monthly,MABM,M3,XDC,National currency,_Z,Not applicable,N,Neither seasonally adjusted nor calendar adjusted,_Z,Not applicable,_Z,Not applicable,N,National,2013-04,,103255200,,A,Normal value,6,Millions,0,Zero,,
DATAFLOW,OECD.SDD.STES:DSD_STES@DF_MONAGG(4.0),Monetary aggregates,I,CHN,China (People’s Republic of),M,Monthly,MABM,M3,XDC,National currency,_Z,Not applicable,N,Neither seasonally adjusted nor calendar adjusted,_Z,Not applicable,_Z,Not applicable,N,National,2013-05,,104216900,,A,Normal value,6,Millions,0,Zero,,
DATAFLOW,OECD.SDD.STES:DSD_STES@DF_MONAGG(4.0),Monetary aggregates,I,CHN,China (People’s Republic of),M,Monthly,MABM,M3,XDC,National currency,_Z,Not applicable,N,Neither seasonally adjusted nor calendar adjusted,_Z,Not applicable,_Z,Not applicable,N,National,2013-06,,105440400,,A,Normal value,6,Millions,0,Zero,,
DATAFLOW,OECD.SDD.STES:DSD_STES@DF_MONAGG(4.0),Monetary aggregates,I,CHN,China (People’s Republic of),M,Monthly,MABM,M3,XDC,National currency,_Z,Not applicable,N,Neither seasonally adjusted nor calendar adjusted,_Z,Not applicable,_Z,Not applicable,N,National,2013-07,,105221200,,A,Normal value,6,Millions,0,Zero,,
DATAFLOW,OECD.SDD.STES:DSD_STES@DF_MONAGG(4.0),Monetary aggregates,I,CHN,China (People’s Republic of),M,Monthly,MABM,M3,XDC,National currency,_Z,Not applicable,N,Neither seasonally adjusted nor calendar adjusted,_Z,Not applicable,_Z,Not applicable,N,National,2013-08,,106125600,,A,Normal value,6,Millions,0,Zero,,
DATAFLOW,OECD.SDD.STES:DSD_STES@DF_MONAGG(4.0),Monetary aggregates,I,CHN,China (People’s Republic of),M,Monthly,MABM,M3,XDC,National currency,_Z,Not applicable,N,Neither seasonally adjusted nor calendar adjusted,_Z,Not applicable,_Z,Not applicable,N,National,2013-09,,107737900,,A,Normal value,6,Millions,0,Zero,,
DATAFLOW,OECD.SDD.STES:DSD_STES@DF_MONAGG(4.0),Monetary aggregates,I,CHN,China (People’s Republic of),M,Monthly,MABM,M3,XDC,National currency,_Z,Not applicable,N,Neither seasonally adjusted nor calendar adjusted,_Z,Not applicable,_Z,Not applicable,N,National,2013-10,,107024200,,A,Normal value,6,Millions,0,Zero,,
DATAFLOW,OECD.SDD.STES:DSD_STES@DF_MONAGG(4.0),Monetary aggregates,I,CHN,China (People’s Republic of),M,Monthly,MABM,M3,XDC,National currency,_Z,Not applicable,N,Neither seasonally adjusted nor calendar adjusted,_Z,Not applicable,_Z,Not applicable,N,National,2013-11,,107925700,,A,Normal value,6,Millions,0,Zero,,
DATAFLOW,OECD.SDD.STES:DSD_STES@DF_MONAGG(4.0),Monetary aggregates,I,CHN,China (People’s Republic of),M,Monthly,MABM,M3,XDC,National currency,_Z,Not applicable,N,Neither seasonally adjusted nor calendar adjusted,_Z,Not applicable,_Z,Not applicable,N,National,2013-12,,110652500,,A,Normal value,6,Millions,0,Zero,,
DATAFLOW,OECD.SDD.STES:DSD_STES@DF_MONAGG(4.0),Monetary aggregates,I,CHN,China (People’s Republic of),M,Monthly,MABM,M3,XDC,National currency,_Z,Not applicable,N,Neither seasonally adjusted nor calendar adjusted,_Z,Not applicable,_Z,Not applicable,N,National,2014-01,,112352100,,A,Normal value,6,Millions,0,Zero,,
DATAFLOW,OECD.SDD.STES:DSD_STES@DF_MONAGG(4.0),Monetary aggregates,I,CHN,China (People’s Republic of),M,Monthly,MABM,M3,XDC,National currency,_Z,Not applicable,N,Neither seasonally adjusted nor calendar adjusted,_Z,Not applicable,_Z,Not applicable,N,National,2014-02,,113176100,,A,Normal value,6,Millions,0,Zero,,
DATAFLOW,OECD.SDD.STES:DSD_STES@DF_MONAGG(4.0),Monetary aggregates,I,CHN,China (People’s Republic of),M,Monthly,MABM,M3,XDC,National currency,_Z,Not applicable,N,Neither seasonally adjusted nor calendar adjusted,_Z,Not applicable,_Z,Not applicable,N,National,2014-03,,116068700,,A,Normal value,6,Millions,0,Zero,,
DATAFLOW,OECD.SDD.STES:DSD_STES@DF_MONAGG(4.0),Monetary aggregates,I,CHN,China (People’s Republic of),M,Monthly,MABM,M3,XDC,National currency,_Z,Not applicable,N,Neither seasonally adjusted nor calendar adjusted,_Z,Not applicable,_Z,Not applicable,N,National,2014-04,,116881300,,A,Normal value,6,Millions,0,Zero,,
DATAFLOW,OECD.SDD.STES:DSD_STES@DF_MONAGG(4.0),Monetary aggregates,I,CHN,China (People’s Republic of),M,Monthly,MABM,M3,XDC,National currency,_Z,Not applicable,N,Neither seasonally adjusted nor calendar adjusted,_Z,Not applicable,_Z,Not applicable,N,National,2014-05,,118230000,,A,Normal value,6,Millions,0,Zero,,
DATAFLOW,OECD.SDD.STES:DSD_STES@DF_MONAGG(4.0),Monetary aggregates,I,CHN,China (People’s Republic of),M,Monthly,MABM,M3,XDC,National currency,_Z,Not applicable,N,Neither seasonally adjusted nor calendar adjusted,_Z,Not applicable,_Z,Not applicable,N,National,2014-06,,120958700,,A,Normal value,6,Millions,0,Zero,,
DATAFLOW,OECD.SDD.STES:DSD_STES@DF_MONAGG(4.0),Monetary aggregates,I,CHN,China (People’s Republic of),M,Monthly,MABM,M3,XDC,National currency,_Z,Not applicable,N,Neither seasonally adjusted nor calendar adjusted,_Z,Not applicable,_Z,Not applicable,N,National,2014-07,,119424900,,A,Normal value,6,Millions,0,Zero,,
DATAFLOW,OECD.SDD.STES:DSD_STES@DF_MONAGG(4.0),Monetary aggregates,I,CHN,China (People’s Republic of),M,Monthly,MABM,M3,XDC,National currency,_Z,Not applicable,N,Neither seasonally adjusted nor calendar adjusted,_Z,Not applicable,_Z,Not applicable,N,National,2014-08,,119749900,,A,Normal value,6,Millions,0,Zero,,
DATAFLOW,OECD.SDD.STES:DSD_STES@DF_MONAGG(4.0),Monetary aggregates,I,CHN,China (People’s Republic of),M,Monthly,MABM,M3,XDC,National currency,_Z,Not applicable,N,Neither seasonally adjusted nor calendar adjusted,_Z,Not applicable,_Z,Not applicable,N,National,2014-09,,120205100,,A,Normal value,6,Millions,0,Zero,,
DATAFLOW,OECD.SDD.STES:DSD_STES@DF_MONAGG(4.0),Monetary aggregates,I,CHN,China (People’s Republic of),M,Monthly,MABM,M3,XDC,National currency,_Z,Not applicable,N,Neither seasonally adjusted nor calendar adjusted,_Z,Not applicable,_Z,Not applicable,N,National,2014-10,,119923600,,A,Normal value,6,Millions,0,Zero,,
DATAFLOW,OECD.SDD.STES:DSD_STES@DF_MONAGG(4.0),Monetary aggregates,I,CHN,China (People’s Republic of),M,Monthly,MABM,M3,XDC,National currency,_Z,Not applicable,N,Neither seasonally adjusted nor calendar adjusted,_Z,Not applicable,_Z,Not applicable,N,National,2014-11,,120860600,,A,Normal value,6,Millions,0,Zero,,
DATAFLOW,OECD.SDD.STES:DSD_STES@DF_MONAGG(4.0),Monetary aggregates,I,CHN,China (People’s Republic of),M,Monthly,MABM,M3,XDC,National currency,_Z,Not applicable,N,Neither seasonally adjusted nor calendar adjusted,_Z,Not applicable,_Z,Not applicable,N,National,2014-12,,122837500,,A,Normal value,6,Millions,0,Zero,,
DATAFLOW,OECD.SDD.STES:DSD_STES@DF_MONAGG(4.0),Monetary aggregates,I,CHN,China (People’s Republic of),M,Monthly,MABM,M3,XDC,National currency,_Z,Not applicable,N,Neither seasonally adjusted nor calendar adjusted,_Z,Not applicable,_Z,Not applicable,N,National,2015-01,,124271000,,A,Normal value,6,Millions,0,Zero,,
DATAFLOW,OECD.SDD.STES:DSD_STES@DF_MONAGG(4.0),Monetary aggregates,I,CHN,China (People’s Republic of),M,Monthly,MABM,M3,XDC,National currency,_Z,Not applicable,N,Neither seasonally adjusted nor calendar adjusted,_Z,Not applicable,_Z,Not applicable,N,National,2015-02,,125738000,,A,Normal value,6,Millions,0,Zero,,
DATAFLOW,OECD.SDD.STES:DSD_STES@DF_MONAGG(4.0),Monetary aggregates,I,CHN,China (People’s Republic of),M,Monthly,MABM,M3,XDC,National currency,_Z,Not applicable,N,Neither seasonally adjusted nor calendar adjusted,_Z,Not applicable,_Z,Not applicable,N,National,2015-03,,127533300,,A,Normal value,6,Millions,0,Zero,,
DATAFLOW,OECD.SDD.STES:DSD_STES@DF_MONAGG(4.0),Monetary aggregates,I,CHN,China (People’s Republic of),M,Monthly,MABM,M3,XDC,National currency,_Z,Not applicable,N,Neither seasonally adjusted nor calendar adjusted,_Z,Not applicable,_Z,Not applicable,N,National,2015-04,,128077900,,A,Normal value,6,Millions,0,Zero,,
DATAFLOW,OECD.SDD.STES:DSD_STES@DF_MONAGG(4.0),Monetary aggregates,I,CHN,China (People’s Republic of),M,Monthly,MABM,M3,XDC,National currency,_Z,Not applicable,N,Neither seasonally adjusted nor calendar adjusted,_Z,Not applicable,_Z,Not applicable,N,National,2015-05,,130735800,,A,Normal value,6,Millions,0,Zero,,
DATAFLOW,OECD.SDD.STES:DSD_STES@DF_MONAGG(4.0),Monetary aggregates,I,CHN,China (People’s Republic of),M,Monthly,MABM,M3,XDC,National currency,_Z,Not applicable,N,Neither seasonally adjusted nor calendar adjusted,_Z,Not applicable,_Z,Not applicable,N,National,2015-06,,133337500,,A,Normal value,6,Millions,0,Zero,,
DATAFLOW,OECD.SDD.STES:DSD_STES@DF_MONAGG(4.0),Monetary aggregates,I,CHN,China (People’s Republic of),M,Monthly,MABM,M3,XDC,National currency,_Z,Not applicable,N,Neither seasonally adjusted nor calendar adjusted,_Z,Not applicable,_Z,Not applicable,N,National,2015-07,,135321100,,A,Normal value,6,Millions,0,Zero,,
DATAFLOW,OECD.SDD.STES:DSD_STES@DF_MONAGG(4.0),Monetary aggregates,I,CHN,China (People’s Republic of),M,Monthly,MABM,M3,XDC,National currency,_Z,Not applicable,N,Neither seasonally adjusted nor calendar adjusted,_Z,Not applicable,_Z,Not applicable,N,National,2015-08,,135690800,,A,Normal value,6,Millions,0,Zero,,
DATAFLOW,OECD.SDD.STES:DSD_STES@DF_MONAGG(4.0),Monetary aggregates,I,CHN,China (People’s Republic of),M,Monthly,MABM,M3,XDC,National currency,_Z,Not applicable,N,Neither seasonally adjusted nor calendar adjusted,_Z,Not applicable,_Z,Not applicable,N,National,2015-09,,135982400,,A,Normal value,6,Millions,0,Zero,,
DATAFLOW,OECD.SDD.STES:DSD_STES@DF_MONAGG(4.0),Monetary aggregates,I,CHN,China (People’s Republic of),M,Monthly,MABM,M3,XDC,National currency,_Z,Not applicable,N,Neither seasonally adjusted nor calendar adjusted,_Z,Not applicable,_Z,Not applicable,N,National,2015-10,,136102100,,A,Normal value,6,Millions,0,Zero,,
DATAFLOW,OECD.SDD.STES:DSD_STES@DF_MONAGG(4.0),Monetary aggregates,I,CHN,China (People’s Republic of),M,Monthly,MABM,M3,XDC,National currency,_Z,Not applicable,N,Neither seasonally adjusted nor calendar adjusted,_Z,Not applicable,_Z,Not applicable,N,National,2015-11,,137395600,,A,Normal value,6,Millions,0,Zero,,
DATAFLOW,OECD.SDD.STES:DSD_STES@DF_MONAGG(4.0),Monetary aggregates,I,CHN,China (People’s Republic of),M,Monthly,MABM,M3,XDC,National currency,_Z,Not applicable,N,Neither seasonally adjusted nor calendar adjusted,_Z,Not applicable,_Z,Not applicable,N,National,2015-12,,139227800,,A,Normal value,6,Millions,0,Zero,,
DATAFLOW,OECD.SDD.STES:DSD_STES@DF_MONAGG(4.0),Monetary aggregates,I,CHN,China (People’s Republic of),M,Monthly,MABM,M3,XDC,National currency,_Z,Not applicable,N,Neither seasonally adjusted nor calendar adjusted,_Z,Not applicable,_Z,Not applicable,N,National,2016-01,,141632000,,A,Normal value,6,Millions,0,Zero,,
DATAFLOW,OECD.SDD.STES:DSD_STES@DF_MONAGG(4.0),Monetary aggregates,I,CHN,China (People’s Republic of),M,Monthly,MABM,M3,XDC,National currency,_Z,Not applicable,N,Neither seasonally adjusted nor calendar adjusted,_Z,Not applicable,_Z,Not applicable,N,National,2016-02,,142461900,,A,Normal value,6,Millions,0,Zero,,
DATAFLOW,OECD.SDD.STES:DSD_STES@DF_MONAGG(4.0),Monetary aggregates,I,CHN,China (People’s Republic of),M,Monthly,MABM,M3,XDC,National currency,_Z,Not applicable,N,Neither seasonally adjusted nor calendar adjusted,_Z,Not applicable,_Z,Not applicable,N,National,2016-03,,144619800,,A,Normal value,6,Millions,0,Zero,,
DATAFLOW,OECD.SDD.STES:DSD_STES@DF_MONAGG(4.0),Monetary aggregates,I,CHN,China (People’s Republic of),M,Monthly,MABM,M3,XDC,National currency,_Z,Not applicable,N,Neither seasonally adjusted nor calendar adjusted,_Z,Not applicable,_Z,Not applicable,N,National,2016-04,,144521000,,A,Normal value,6,Millions,0,Zero,,
DATAFLOW,OECD.SDD.STES:DSD_STES@DF_MONAGG(4.0),Monetary aggregates,I,CHN,China (People’s Republic of),M,Monthly,MABM,M3,XDC,National currency,_Z,Not applicable,N,Neither seasonally adjusted nor calendar adjusted,_Z,Not applicable,_Z,Not applicable,N,National,2016-05,,146169500,,A,Normal value,6,Millions,0,Zero,,
DATAFLOW,OECD.SDD.STES:DSD_STES@DF_MONAGG(4.0),Monetary aggregates,I,CHN,China (People’s Republic of),M,Monthly,MABM,M3,XDC,National currency,_Z,Not applicable,N,Neither seasonally adjusted nor calendar adjusted,_Z,Not applicable,_Z,Not applicable,N,National,2016-06,,149049200,,A,Normal value,6,Millions,0,Zero,,
DATAFLOW,OECD.SDD.STES:DSD_STES@DF_MONAGG(4.0),Monetary aggregates,I,CHN,China (People’s Republic of),M,Monthly,MABM,M3,XDC,National currency,_Z,Not applicable,N,Neither seasonally adjusted nor calendar adjusted,_Z,Not applicable,_Z,Not applicable,N,National,2016-07,,149155900,,A,Normal value,6,Millions,0,Zero,,
DATAFLOW,OECD.SDD.STES:DSD_STES@DF_MONAGG(4.0),Monetary aggregates,I,CHN,China (People’s Republic of),M,Monthly,MABM,M3,XDC,National currency,_Z,Not applicable,N,Neither seasonally adjusted nor calendar adjusted,_Z,Not applicable,_Z,Not applicable,N,National,2016-08,,151098300,,A,Normal value,6,Millions,0,Zero,,
DATAFLOW,OECD.SDD.STES:DSD_STES@DF_MONAGG(4.0),Monetary aggregates,I,CHN,China (People’s Republic of),M,Monthly,MABM,M3,XDC,National currency,_Z,Not applicable,N,Neither seasonally adjusted nor calendar adjusted,_Z,Not applicable,_Z,Not applicable,N,National,2016-09,,151636000,,A,Normal value,6,Millions,0,Zero,,
DATAFLOW,OECD.SDD.STES:DSD_STES@DF_MONAGG(4.0),Monetary aggregates,I,CHN,China (People’s Republic of),M,Monthly,MABM,M3,XDC,National currency,_Z,Not applicable,N,Neither seasonally adjusted nor calendar adjusted,_Z,Not applicable,_Z,Not applicable,N,National,2016-10,,151948500,,A,Normal value,6,Millions,0,Zero,,
DATAFLOW,OECD.SDD.STES:DSD_STES@DF_MONAGG(4.0),Monetary aggregates,I,CHN,China (People’s Republic of),M,Monthly,MABM,M3,XDC,National currency,_Z,Not applicable,N,Neither seasonally adjusted nor calendar adjusted,_Z,Not applicable,_Z,Not applicable,N,National,2016-11,,153043200,,A,Normal value,6,Millions,0,Zero,,
DATAFLOW,OECD.SDD.STES:DSD_STES@DF_MONAGG(4.0),Monetary aggregates,I,CHN,China (People’s Republic of),M,Monthly,MABM,M3,XDC,National currency,_Z,Not applicable,N,Neither seasonally adjusted nor calendar adjusted,_Z,Not applicable,_Z,Not applicable,N,National,2016-12,,155006700,,A,Normal value,6,Millions,0,Zero,,
DATAFLOW,OECD.SDD.STES:DSD_STES@DF_MONAGG(4.0),Monetary aggregates,I,CHN,China (People’s Republic of),M,Monthly,MABM,M3,XDC,National currency,_Z,Not applicable,N,Neither seasonally adjusted nor calendar adjusted,_Z,Not applicable,_Z,Not applicable,N,National,2017-01,,157594600,,A,Normal value,6,Millions,0,Zero,,
DATAFLOW,OECD.SDD.STES:DSD_STES@DF_MONAGG(4.0),Monetary aggregates,I,CHN,China (People’s Republic of),M,Monthly,MABM,M3,XDC,National currency,_Z,Not applicable,N,Neither seasonally adjusted nor calendar adjusted,_Z,Not applicable,_Z,Not applicable,N,National,2017-02,,158291300,,A,Normal value,6,Millions,0,Zero,,
DATAFLOW,OECD.SDD.STES:DSD_STES@DF_MONAGG(4.0),Monetary aggregates,I,CHN,China (People’s Republic of),M,Monthly,MABM,M3,XDC,National currency,_Z,Not applicable,N,Neither seasonally adjusted nor calendar adjusted,_Z,Not applicable,_Z,Not applicable,N,National,2017-03,,159961000,,A,Normal value,6,Millions,0,Zero,,
DATAFLOW,OECD.SDD.STES:DSD_STES@DF_MONAGG(4.0),Monetary aggregates,I,CHN,China (People’s Republic of),M,Monthly,MABM,M3,XDC,National currency,_Z,Not applicable,N,Neither seasonally adjusted nor calendar adjusted,_Z,Not applicable,_Z,Not applicable,N,National,2017-04,,159633200,,A,Normal value,6,Millions,0,Zero,,
DATAFLOW,OECD.SDD.STES:DSD_STES@DF_MONAGG(4.0),Monetary aggregates,I,CHN,China (People’s Republic of),M,Monthly,MABM,M3,XDC,National currency,_Z,Not applicable,N,Neither seasonally adjusted nor calendar adjusted,_Z,Not applicable,_Z,Not applicable,N,National,2017-05,,160136000,,A,Normal value,6,Millions,0,Zero,,
DATAFLOW,OECD.SDD.STES:DSD_STES@DF_MONAGG(4.0),Monetary aggregates,I,CHN,China (People’s Republic of),M,Monthly,MABM,M3,XDC,National currency,_Z,Not applicable,N,Neither seasonally adjusted nor calendar adjusted,_Z,Not applicable,_Z,Not applicable,N,National,2017-06,,163128300,,A,Normal value,6,Millions,0,Zero,,
DATAFLOW,OECD.SDD.STES:DSD_STES@DF_MONAGG(4.0),Monetary aggregates,I,CHN,China (People’s Republic of),M,Monthly,MABM,M3,XDC,National currency,_Z,Not applicable,N,Neither seasonally adjusted nor calendar adjusted,_Z,Not applicable,_Z,Not applicable,N,National,2017-07,,162899700,,A,Normal value,6,Millions,0,Zero,,
DATAFLOW,OECD.SDD.STES:DSD_STES@DF_MONAGG(4.0),Monetary aggregates,I,CHN,China (People’s Republic of),M,Monthly,MABM,M3,XDC,National currency,_Z,Not applicable,N,Neither seasonally adjusted nor calendar adjusted,_Z,Not applicable,_Z,Not applicable,N,National,2017-08,,164515700,,A,Normal value,6,Millions,0,Zero,,
DATAFLOW,OECD.SDD.STES:DSD_STES@DF_MONAGG(4.0),Monetary aggregates,I,CHN,China (People’s Republic of),M,Monthly,MABM,M3,XDC,National currency,_Z,Not applicable,N,Neither seasonally adjusted nor calendar adjusted,_Z,Not applicable,_Z,Not applicable,N,National,2017-09,,165566200,,A,Normal value,6,Millions,0,Zero,,
DATAFLOW,OECD.SDD.STES:DSD_STES@DF_MONAGG(4.0),Monetary aggregates,I,CHN,China (People’s Republic of),M,Monthly,MABM,M3,XDC,National currency,_Z,Not applicable,N,Neither seasonally adjusted nor calendar adjusted,_Z,Not applicable,_Z,Not applicable,N,National,2017-10,,165343400,,A,Normal value,6,Millions,0,Zero,,
DATAFLOW,OECD.SDD.STES:DSD_STES@DF_MONAGG(4.0),Monetary aggregates,I,CHN,China (People’s Republic of),M,Monthly,MABM,M3,XDC,National currency,_Z,Not applicable,N,Neither seasonally adjusted nor calendar adjusted,_Z,Not applicable,_Z,Not applicable,N,National,2017-11,,167001300,,A,Normal value,6,Millions,0,Zero,,
DATAFLOW,OECD.SDD.STES:DSD_STES@DF_MONAGG(4.0),Monetary aggregates,I,CHN,China (People’s Republic of),M,Monthly,MABM,M3,XDC,National currency,_Z,Not applicable,N,Neither seasonally adjusted nor calendar adjusted,_Z,Not applicable,_Z,Not applicable,N,National,2017-12,,167676800,,A,Normal value,6,Millions,0,Zero,,
DATAFLOW,OECD.SDD.STES:DSD_STES@DF_MONAGG(4.0),Monetary aggregates,I,CHN,China (People’s Republic of),M,Monthly,MABM,M3,XDC,National currency,_Z,Not applicable,N,Neither seasonally adjusted nor calendar adjusted,_Z,Not applicable,_Z,Not applicable,N,National,2018-01,,172081400,,A,Normal value,6,Millions,0,Zero,,
DATAFLOW,OECD.SDD.STES:DSD_STES@DF_MONAGG(4.0),Monetary aggregates,I,CHN,China (People’s Republic of),M,Monthly,MABM,M3,XDC,National currency,_Z,Not applicable,N,Neither seasonally adjusted nor calendar adjusted,_Z,Not applicable,_Z,Not applicable,N,National,2018-02,,172907000,,A,Normal value,6,Millions,0,Zero,,
DATAFLOW,OECD.SDD.STES:DSD_STES@DF_MONAGG(4.0),Monetary aggregates,I,CHN,China (People’s Republic of),M,Monthly,MABM,M3,XDC,National currency,_Z,Not applicable,N,Neither seasonally adjusted nor calendar adjusted,_Z,Not applicable,_Z,Not applicable,N,National,2018-03,,173986000,,A,Normal value,6,Millions,0,Zero,,
DATAFLOW,OECD.SDD.STES:DSD_STES@DF_MONAGG(4.0),Monetary aggregates,I,CHN,China (People’s Republic of),M,Monthly,MABM,M3,XDC,National currency,_Z,Not applicable,N,Neither seasonally adjusted nor calendar adjusted,_Z,Not applicable,_Z,Not applicable,N,National,2018-04,,173768400,,A,Normal value,6,Millions,0,Zero,,
DATAFLOW,OECD.SDD.STES:DSD_STES@DF_MONAGG(4.0),Monetary aggregates,I,CHN,China (People’s Republic of),M,Monthly,MABM,M3,XDC,National currency,_Z,Not applicable,N,Neither seasonally adjusted nor calendar adjusted,_Z,Not applicable,_Z,Not applicable,N,National,2018-05,,174306400,,A,Normal value,6,Millions,0,Zero,,
DATAFLOW,OECD.SDD.STES:DSD_STES@DF_MONAGG(4.0),Monetary aggregates,I,CHN,China (People’s Republic of),M,Monthly,MABM,M3,XDC,National currency,_Z,Not applicable,N,Neither seasonally adjusted nor calendar adjusted,_Z,Not applicable,_Z,Not applicable,N,National,2018-06,,177017800,,A,Normal value,6,Millions,0,Zero,,
DATAFLOW,OECD.SDD.STES:DSD_STES@DF_MONAGG(4.0),Monetary aggregates,I,CHN,China (People’s Republic of),M,Monthly,MABM,M3,XDC,National currency,_Z,Not applicable,N,Neither seasonally adjusted nor calendar adjusted,_Z,Not applicable,_Z,Not applicable,N,National,2018-07,,177619600,,A,Normal value,6,Millions,0,Zero,,
DATAFLOW,OECD.SDD.STES:DSD_STES@DF_MONAGG(4.0),Monetary aggregates,I,CHN,China (People’s Republic of),M,Monthly,MABM,M3,XDC,National currency,_Z,Not applicable,N,Neither seasonally adjusted nor calendar adjusted,_Z,Not applicable,_Z,Not applicable,N,National,2018-08,,178867000,,A,Normal value,6,Millions,0,Zero,,
DATAFLOW,OECD.SDD.STES:DSD_STES@DF_MONAGG(4.0),Monetary aggregates,I,CHN,China (People’s Republic of),M,Monthly,MABM,M3,XDC,National currency,_Z,Not applicable,N,Neither seasonally adjusted nor calendar adjusted,_Z,Not applicable,_Z,Not applicable,N,National,2018-09,,180166600,,A,Normal value,6,Millions,0,Zero,,
DATAFLOW,OECD.SDD.STES:DSD_STES@DF_MONAGG(4.0),Monetary aggregates,I,CHN,China (People’s Republic of),M,Monthly,MABM,M3,XDC,National currency,_Z,Not applicable,N,Neither seasonally adjusted nor calendar adjusted,_Z,Not applicable,_Z,Not applicable,N,National,2018-10,,179556200,,A,Normal value,6,Millions,0,Zero,,
DATAFLOW,OECD.SDD.STES:DSD_STES@DF_MONAGG(4.0),Monetary aggregates,I,CHN,China (People’s Republic of),M,Monthly,MABM,M3,XDC,National currency,_Z,Not applicable,N,Neither seasonally adjusted nor calendar adjusted,_Z,Not applicable,_Z,Not applicable,N,National,2018-11,,181317500,,A,Normal value,6,Millions,0,Zero,,
DATAFLOW,OECD.SDD.STES:DSD_STES@DF_MONAGG(4.0),Monetary aggregates,I,CHN,China (People’s Republic of),M,Monthly,MABM,M3,XDC,National currency,_Z,Not applicable,N,Neither seasonally adjusted nor calendar adjusted,_Z,Not applicable,_Z,Not applicable,N,National,2018-12,,182674400,,A,Normal value,6,Millions,0,Zero,,
DATAFLOW,OECD.SDD.STES:DSD_STES@DF_MONAGG(4.0),Monetary aggregates,I,CHN,China (People’s Republic of),M,Monthly,MABM,M3,XDC,National currency,_Z,Not applicable,N,Neither seasonally adjusted nor calendar adjusted,_Z,Not applicable,_Z,Not applicable,N,National,2019-01,,186593500,,A,Normal value,6,Millions,0,Zero,,
DATAFLOW,OECD.SDD.STES:DSD_STES@DF_MONAGG(4.0),Monetary aggregates,I,CHN,China (People’s Republic of),M,Monthly,MABM,M3,XDC,National currency,_Z,Not applicable,N,Neither seasonally adjusted nor calendar adjusted,_Z,Not applicable,_Z,Not applicable,N,National,2019-02,,186742700,,A,Normal value,6,Millions,0,Zero,,
DATAFLOW,OECD.SDD.STES:DSD_STES@DF_MONAGG(4.0),Monetary aggregates,I,CHN,China (People’s Republic of),M,Monthly,MABM,M3,XDC,National currency,_Z,Not applicable,N,Neither seasonally adjusted nor calendar adjusted,_Z,Not applicable,_Z,Not applicable,N,National,2019-03,,188941200,,A,Normal value,6,Millions,0,Zero,,
DATAFLOW,OECD.SDD.STES:DSD_STES@DF_MONAGG(4.0),Monetary aggregates,I,CHN,China (People’s Republic of),M,Monthly,MABM,M3,XDC,National currency,_Z,Not applicable,N,Neither seasonally adjusted nor calendar adjusted,_Z,Not applicable,_Z,Not applicable,N,National,2019-04,,188467000,,A,Normal value,6,Millions,0,Zero,,
DATAFLOW,OECD.SDD.STES:DSD_STES@DF_MONAGG(4.0),Monetary aggregates,I,CHN,China (People’s Republic of),M,Monthly,MABM,M3,XDC,National currency,_Z,Not applicable,N,Neither seasonally adjusted nor calendar adjusted,_Z,Not applicable,_Z,Not applicable,N,National,2019-05,,189115400,,A,Normal value,6,Millions,0,Zero,,
DATAFLOW,OECD.SDD.STES:DSD_STES@DF_MONAGG(4.0),Monetary aggregates,I,CHN,China (People’s Republic of),M,Monthly,MABM,M3,XDC,National currency,_Z,Not applicable,N,Neither seasonally adjusted nor calendar adjusted,_Z,Not applicable,_Z,Not applicable,N,National,2019-06,,192136000,,A,Normal value,6,Millions,0,Zero,,
DATAFLOW,OECD.SDD.STES:DSD_STES@DF_MONAGG(4.0),Monetary aggregates,I,CHN,China (People’s Republic of),M,Monthly,MABM,M3,XDC,National currency,_Z,Not applicable,N,Neither seasonally adjusted nor calendar adjusted,_Z,Not applicable,_Z,Not applicable,N,National,2019-07,,191941100,,A,Normal value,6,Millions,0,Zero,,
DATAFLOW,OECD.SDD.STES:DSD_STES@DF_MONAGG(4.0),Monetary aggregates,I,CHN,China (People’s Republic of),M,Monthly,MABM,M3,XDC,National currency,_Z,Not applicable,N,Neither seasonally adjusted nor calendar adjusted,_Z,Not applicable,_Z,Not applicable,N,National,2019-08,,193549200,,A,Normal value,6,Millions,0,Zero,,
DATAFLOW,OECD.SDD.STES:DSD_STES@DF_MONAGG(4.0),Monetary aggregates,I,CHN,China (People’s Republic of),M,Monthly,MABM,M3,XDC,National currency,_Z,Not applicable,N,Neither seasonally adjusted nor calendar adjusted,_Z,Not applicable,_Z,Not applicable,N,National,2019-09,,195225100,,A,Normal value,6,Millions,0,Zero,,
DATAFLOW,OECD.SDD.STES:DSD_STES@DF_MONAGG(4.0),Monetary aggregates,I,CHN,China (People’s Republic of),M,Monthly,MABM,M3,XDC,National currency,_Z,Not applicable,N,Neither seasonally adjusted nor calendar adjusted,_Z,Not applicable,_Z,Not applicable,N,National,2019-10,,194560000,,A,Normal value,6,Millions,0,Zero,,
DATAFLOW,OECD.SDD.STES:DSD_STES@DF_MONAGG(4.0),Monetary aggregates,I,CHN,China (People’s Republic of),M,Monthly,MABM,M3,XDC,National currency,_Z,Not applicable,N,Neither seasonally adjusted nor calendar adjusted,_Z,Not applicable,_Z,Not applicable,N,National,2019-11,,196143000,,A,Normal value,6,Millions,0,Zero,,
DATAFLOW,OECD.SDD.STES:DSD_STES@DF_MONAGG(4.0),Monetary aggregates,I,CHN,China (People’s Republic of),M,Monthly,MABM,M3,XDC,National currency,_Z,Not applicable,N,Neither seasonally adjusted nor calendar adjusted,_Z,Not applicable,_Z,Not applicable,N,National,2019-12,,198648900,,A,Normal value,6,Millions,0,Zero,,
DATAFLOW,OECD.SDD.STES:DSD_STES@DF_MONAGG(4.0),Monetary aggregates,I,CHN,China (People’s Republic of),M,Monthly,MABM,M3,XDC,National currency,_Z,Not applicable,N,Neither seasonally adjusted nor calendar adjusted,_Z,Not applicable,_Z,Not applicable,N,National,2020-01,,202306700,,A,Normal value,6,Millions,0,Zero,,
DATAFLOW,OECD.SDD.STES:DSD_STES@DF_MONAGG(4.0),Monetary aggregates,I,CHN,China (People’s Republic of),M,Monthly,MABM,M3,XDC,National currency,_Z,Not applicable,N,Neither seasonally adjusted nor calendar adjusted,_Z,Not applicable,_Z,Not applicable,N,National,2020-02,,203083000,,A,Normal value,6,Millions,0,Zero,,
DATAFLOW,OECD.SDD.STES:DSD_STES@DF_MONAGG(4.0),Monetary aggregates,I,CHN,China (People’s Republic of),M,Monthly,MABM,M3,XDC,National currency,_Z,Not applicable,N,Neither seasonally adjusted nor calendar adjusted,_Z,Not applicable,_Z,Not applicable,N,National,2020-03,,208092300,,A,Normal value,6,Millions,0,Zero,,
DATAFLOW,OECD.SDD.STES:DSD_STES@DF_MONAGG(4.0),Monetary aggregates,I,CHN,China (People’s Republic of),M,Monthly,MABM,M3,XDC,National currency,_Z,Not applicable,N,Neither seasonally adjusted nor calendar adjusted,_Z,Not applicable,_Z,Not applicable,N,National,2020-04,,209353400,,A,Normal value,6,Millions,0,Zero,,
DATAFLOW,OECD.SDD.STES:DSD_STES@DF_MONAGG(4.0),Monetary aggregates,I,CHN,China (People’s Republic of),M,Monthly,MABM,M3,XDC,National currency,_Z,Not applicable,N,Neither seasonally adjusted nor calendar adjusted,_Z,Not applicable,_Z,Not applicable,N,National,2020-05,,210018400,,A,Normal value,6,Millions,0,Zero,,
DATAFLOW,OECD.SDD.STES:DSD_STES@DF_MONAGG(4.0),Monetary aggregates,I,CHN,China (People’s Republic of),M,Monthly,MABM,M3,XDC,National currency,_Z,Not applicable,N,Neither seasonally adjusted nor calendar adjusted,_Z,Not applicable,_Z,Not applicable,N,National,2020-06,,213494900,,A,Normal value,6,Millions,0,Zero,,
DATAFLOW,OECD.SDD.STES:DSD_STES@DF_MONAGG(4.0),Monetary aggregates,I,CHN,China (People’s Republic of),M,Monthly,MABM,M3,XDC,National currency,_Z,Not applicable,N,Neither seasonally adjusted nor calendar adjusted,_Z,Not applicable,_Z,Not applicable,N,National,2020-07,,212545800,,A,Normal value,6,Millions,0,Zero,,
DATAFLOW,OECD.SDD.STES:DSD_STES@DF_MONAGG(4.0),Monetary aggregates,I,CHN,China (People’s Republic of),M,Monthly,MABM,M3,XDC,National currency,_Z,Not applicable,N,Neither seasonally adjusted nor calendar adjusted,_Z,Not applicable,_Z,Not applicable,N,National,2020-08,,213683700,,A,Normal value,6,Millions,0,Zero,,
DATAFLOW,OECD.SDD.STES:DSD_STES@DF_MONAGG(4.0),Monetary aggregates,I,CHN,China (People’s Republic of),M,Monthly,MABM,M3,XDC,National currency,_Z,Not applicable,N,Neither seasonally adjusted nor calendar adjusted,_Z,Not applicable,_Z,Not applicable,N,National,2020-09,,216408500,,A,Normal value,6,Millions,0,Zero,,
DATAFLOW,OECD.SDD.STES:DSD_STES@DF_MONAGG(4.0),Monetary aggregates,I,CHN,China (People’s Republic of),M,Monthly,MABM,M3,XDC,National currency,_Z,Not applicable,N,Neither seasonally adjusted nor calendar adjusted,_Z,Not applicable,_Z,Not applicable,N,National,2020-10,,214972000,,A,Normal value,6,Millions,0,Zero,,
DATAFLOW,OECD.SDD.STES:DSD_STES@DF_MONAGG(4.0),Monetary aggregates,I,CHN,China (People’s Republic of),M,Monthly,MABM,M3,XDC,National currency,_Z,Not applicable,N,Neither seasonally adjusted nor calendar adjusted,_Z,Not applicable,_Z,Not applicable,N,National,2020-11,,217200300,,A,Normal value,6,Millions,0,Zero,,
DATAFLOW,OECD.SDD.STES:DSD_STES@DF_MONAGG(4.0),Monetary aggregates,I,CHN,China (People’s Republic of),M,Monthly,MABM,M3,XDC,National currency,_Z,Not applicable,N,Neither seasonally adjusted nor calendar adjusted,_Z,Not applicable,_Z,Not applicable,N,National,2020-12,,218679600,,A,Normal value,6,Millions,0,Zero,,
DATAFLOW,OECD.SDD.STES:DSD_STES@DF_MONAGG(4.0),Monetary aggregates,I,CHN,China (People’s Republic of),M,Monthly,MABM,M3,XDC,National currency,_Z,Not applicable,N,Neither seasonally adjusted nor calendar adjusted,_Z,Not applicable,_Z,Not applicable,N,National,2021-01,,221304700,,A,Normal value,6,Millions,0,Zero,,
DATAFLOW,OECD.SDD.STES:DSD_STES@DF_MONAGG(4.0),Monetary aggregates,I,CHN,China (People’s Republic of),M,Monthly,MABM,M3,XDC,National currency,_Z,Not applicable,N,Neither seasonally adjusted nor calendar adjusted,_Z,Not applicable,_Z,Not applicable,N,National,2021-02,,223603000,,A,Normal value,6,Millions,0,Zero,,
DATAFLOW,OECD.SDD.STES:DSD_STES@DF_MONAGG(4.0),Monetary aggregates,I,CHN,China (People’s Republic of),M,Monthly,MABM,M3,XDC,National currency,_Z,Not applicable,N,Neither seasonally adjusted nor calendar adjusted,_Z,Not applicable,_Z,Not applicable,N,National,2021-03,,227648800,,A,Normal value,6,Millions,0,Zero,,
DATAFLOW,OECD.SDD.STES:DSD_STES@DF_MONAGG(4.0),Monetary aggregates,I,CHN,China (People’s Republic of),M,Monthly,MABM,M3,XDC,National currency,_Z,Not applicable,N,Neither seasonally adjusted nor calendar adjusted,_Z,Not applicable,_Z,Not applicable,N,National,2021-04,,226210700,,A,Normal value,6,Millions,0,Zero,,
DATAFLOW,OECD.SDD.STES:DSD_STES@DF_MONAGG(4.0),Monetary aggregates,I,CHN,China (People’s Republic of),M,Monthly,MABM,M3,XDC,National currency,_Z,Not applicable,N,Neither seasonally adjusted nor calendar adjusted,_Z,Not applicable,_Z,Not applicable,N,National,2021-05,,227553800,,A,Normal value,6,Millions,0,Zero,,
DATAFLOW,OECD.SDD.STES:DSD_STES@DF_MONAGG(4.0),Monetary aggregates,I,CHN,China (People’s Republic of),M,Monthly,MABM,M3,XDC,National currency,_Z,Not applicable,N,Neither seasonally adjusted nor calendar adjusted,_Z,Not applicable,_Z,Not applicable,N,National,2021-06,,231778800,,A,Normal value,6,Millions,0,Zero,,
DATAFLOW,OECD.SDD.STES:DSD_STES@DF_MONAGG(4.0),Monetary aggregates,I,CHN,China (People’s Republic of),M,Monthly,MABM,M3,XDC,National currency,_Z,Not applicable,N,Neither seasonally adjusted nor calendar adjusted,_Z,Not applicable,_Z,Not applicable,N,National,2021-07,,230215400,,A,Normal value,6,Millions,0,Zero,,
DATAFLOW,OECD.SDD.STES:DSD_STES@DF_MONAGG(4.0),Monetary aggregates,I,CHN,China (People’s Republic of),M,Monthly,MABM,M3,XDC,National currency,_Z,Not applicable,N,Neither seasonally adjusted nor calendar adjusted,_Z,Not applicable,_Z,Not applicable,N,National,2021-08,,231226800,,A,Normal value,6,Millions,0,Zero,,
DATAFLOW,OECD.SDD.STES:DSD_STES@DF_MONAGG(4.0),Monetary aggregates,I,CHN,China (People’s Republic of),M,Monthly,MABM,M3,XDC,National currency,_Z,Not applicable,N,Neither seasonally adjusted nor calendar adjusted,_Z,Not applicable,_Z,Not applicable,N,National,2021-09,,234283000,,A,Normal value,6,Millions,0,Zero,,
DATAFLOW,OECD.SDD.STES:DSD_STES@DF_MONAGG(4.0),Monetary aggregates,I,CHN,China (People’s Republic of),M,Monthly,MABM,M3,XDC,National currency,_Z,Not applicable,N,Neither seasonally adjusted nor calendar adjusted,_Z,Not applicable,_Z,Not applicable,N,National,2021-10,,233616000,,A,Normal value,6,Millions,0,Zero,,
DATAFLOW,OECD.SDD.STES:DSD_STES@DF_MONAGG(4.0),Monetary aggregates,I,CHN,China (People’s Republic of),M,Monthly,MABM,M3,XDC,National currency,_Z,Not applicable,N,Neither seasonally adjusted nor calendar adjusted,_Z,Not applicable,_Z,Not applicable,N,National,2021-11,,235601300,,A,Normal value,6,Millions,0,Zero,,
DATAFLOW,OECD.SDD.STES:DSD_STES@DF_MONAGG(4.0),Monetary aggregates,I,CHN,China (People’s Republic of),M,Monthly,MABM,M3,XDC,National currency,_Z,Not applicable,N,Neither seasonally adjusted nor calendar adjusted,_Z,Not applicable,_Z,Not applicable,N,National,2021-12,,238290000,,A,Normal value,6,Millions,0,Zero,,
DATAFLOW,OECD.SDD.STES:DSD_STES@DF_MONAGG(4.0),Monetary aggregates,I,CHN,China (People’s Republic of),M,Monthly,MABM,M3,XDC,National currency,_Z,Not applicable,N,Neither seasonally adjusted nor calendar adjusted,_Z,Not applicable,_Z,Not applicable,N,National,2022-01,,243102300,,A,Normal value,6,Millions,0,Zero,,
DATAFLOW,OECD.SDD.STES:DSD_STES@DF_MONAGG(4.0),Monetary aggregates,I,CHN,China (People’s Republic of),M,Monthly,MABM,M3,XDC,National currency,_Z,Not applicable,N,Neither seasonally adjusted nor calendar adjusted,_Z,Not applicable,_Z,Not applicable,N,National,2022-02,,244148900,,A,Normal value,6,Millions,0,Zero,,
DATAFLOW,OECD.SDD.STES:DSD_STES@DF_MONAGG(4.0),Monetary aggregates,I,CHN,China (People’s Republic of),M,Monthly,MABM,M3,XDC,National currency,_Z,Not applicable,N,Neither seasonally adjusted nor calendar adjusted,_Z,Not applicable,_Z,Not applicable,N,National,2022-03,,249768800,,A,Normal value,6,Millions,0,Zero,,
DATAFLOW,OECD.SDD.STES:DSD_STES@DF_MONAGG(4.0),Monetary aggregates,I,CHN,China (People’s Republic of),M,Monthly,MABM,M3,XDC,National currency,_Z,Not applicable,N,Neither seasonally adjusted nor calendar adjusted,_Z,Not applicable,_Z,Not applicable,N,National,2022-04,,249971100,,A,Normal value,6,Millions,0,Zero,,
DATAFLOW,OECD.SDD.STES:DSD_STES@DF_MONAGG(4.0),Monetary aggregates,I,CHN,China (People’s Republic of),M,Monthly,MABM,M3,XDC,National currency,_Z,Not applicable,N,Neither seasonally adjusted nor calendar adjusted,_Z,Not applicable,_Z,Not applicable,N,National,2022-05,,252702600,,A,Normal value,6,Millions,0,Zero,,
DATAFLOW,OECD.SDD.STES:DSD_STES@DF_MONAGG(4.0),Monetary aggregates,I,CHN,China (People’s Republic of),M,Monthly,MABM,M3,XDC,National currency,_Z,Not applicable,N,Neither seasonally adjusted nor calendar adjusted,_Z,Not applicable,_Z,Not applicable,N,National,2022-06,,258145100,,A,Normal value,6,Millions,0,Zero,,
DATAFLOW,OECD.SDD.STES:DSD_STES@DF_MONAGG(4.0),Monetary aggregates,I,CHN,China (People’s Republic of),M,Monthly,MABM,M3,XDC,National currency,_Z,Not applicable,N,Neither seasonally adjusted nor calendar adjusted,_Z,Not applicable,_Z,Not applicable,N,National,2022-07,,257807900,,A,Normal value,6,Millions,0,Zero,,
DATAFLOW,OECD.SDD.STES:DSD_STES@DF_MONAGG(4.0),Monetary aggregates,I,CHN,China (People’s Republic of),M,Monthly,MABM,M3,XDC,National currency,_Z,Not applicable,N,Neither seasonally adjusted nor calendar adjusted,_Z,Not applicable,_Z,Not applicable,N,National,2022-08,,259506800,,A,Normal value,6,Millions,0,Zero,,
DATAFLOW,OECD.SDD.STES:DSD_STES@DF_MONAGG(4.0),Monetary aggregates,I,CHN,China (People’s Republic of),M,Monthly,MABM,M3,XDC,National currency,_Z,Not applicable,N,Neither seasonally adjusted nor calendar adjusted,_Z,Not applicable,_Z,Not applicable,N,National,2022-09,,262660100,,A,Normal value,6,Millions,0,Zero,,
DATAFLOW,OECD.SDD.STES:DSD_STES@DF_MONAGG(4.0),Monetary aggregates,I,CHN,China (People’s Republic of),M,Monthly,MABM,M3,XDC,National currency,_Z,Not applicable,N,Neither seasonally adjusted nor calendar adjusted,_Z,Not applicable,_Z,Not applicable,N,National,2022-10,,261291500,,A,Normal value,6,Millions,0,Zero,,
DATAFLOW,OECD.SDD.STES:DSD_STES@DF_MONAGG(4.0),Monetary aggregates,I,CHN,China (People’s Republic of),M,Monthly,MABM,M3,XDC,National currency,_Z,Not applicable,N,Neither seasonally adjusted nor calendar adjusted,_Z,Not applicable,_Z,Not applicable,N,National,2022-11,,264700800,,A,Normal value,6,Millions,0,Zero,,
DATAFLOW,OECD.SDD.STES:DSD_STES@DF_MONAGG(4.0),Monetary aggregates,I,CHN,China (People’s Republic of),M,Monthly,MABM,M3,XDC,National currency,_Z,Not applicable,N,Neither seasonally adjusted nor calendar adjusted,_Z,Not applicable,_Z,Not applicable,N,National,2022-12,,266432100,,A,Normal value,6,Millions,0,Zero,,
DATAFLOW,OECD.SDD.STES:DSD_STES@DF_MONAGG(4.0),Monetary aggregates,I,CHN,China (People’s Republic of),M,Monthly,MABM,M3,XDC,National currency,_Z,Not applicable,N,Neither seasonally adjusted nor calendar adjusted,_Z,Not applicable,_Z,Not applicable,N,National,2023-01,,273807200,,A,Normal value,6,Millions,0,Zero,,
DATAFLOW,OECD.SDD.STES:DSD_STES@DF_MONAGG(4.0),Monetary aggregates,I,CHN,China (People’s Republic of),M,Monthly,MABM,M3,XDC,National currency,_Z,Not applicable,N,Neither seasonally adjusted nor calendar adjusted,_Z,Not applicable,_Z,Not applicable,N,National,2023-02,,275524900,,A,Normal value,6,Millions,0,Zero,,
DATAFLOW,OECD.SDD.STES:DSD_STES@DF_MONAGG(4.0),Monetary aggregates,I,CHN,China (People’s Republic of),M,Monthly,MABM,M3,XDC,National currency,_Z,Not applicable,N,Neither seasonally adjusted nor calendar adjusted,_Z,Not applicable,_Z,Not applicable,N,National,2023-03,,281456600,,A,Normal value,6,Millions,0,Zero,,
DATAFLOW,OECD.SDD.STES:DSD_STES@DF_MONAGG(4.0),Monetary aggregates,I,CHN,China (People’s Republic of),M,Monthly,MABM,M3,XDC,National currency,_Z,Not applicable,N,Neither seasonally adjusted nor calendar adjusted,_Z,Not applicable,_Z,Not applicable,N,National,2023-04,,280846900,,A,Normal value,6,Millions,0,Zero,,
DATAFLOW,OECD.SDD.STES:DSD_STES@DF_MONAGG(4.0),Monetary aggregates,I,CHN,China (People’s Republic of),M,Monthly,MABM,M3,XDC,National currency,_Z,Not applicable,N,Neither seasonally adjusted nor calendar adjusted,_Z,Not applicable,_Z,Not applicable,N,National,2023-05,,282050500,,A,Normal value,6,Millions,0,Zero,,
DATAFLOW,OECD.SDD.STES:DSD_STES@DF_MONAGG(4.0),Monetary aggregates,I,CHN,China (People’s Republic of),M,Monthly,MABM,M3,XDC,National currency,_Z,Not applicable,N,Neither seasonally adjusted nor calendar adjusted,_Z,Not applicable,_Z,Not applicable,N,National,2023-06,,287302400,,A,Normal value,6,Millions,0,Zero,,
DATAFLOW,OECD.SDD.STES:DSD_STES@DF_MONAGG(4.0),Monetary aggregates,I,CHN,China (People’s Republic of),M,Monthly,MABM,M3,XDC,National currency,_Z,Not applicable,N,Neither seasonally adjusted nor calendar adjusted,_Z,Not applicable,_Z,Not applicable,N,National,2023-07,,285403200,,A,Normal value,6,Millions,0,Zero,,
DATAFLOW,OECD.SDD.STES:DSD_STES@DF_MONAGG(4.0),Monetary aggregates,I,CHN,China (People’s Republic of),M,Monthly,MABM,M3,XDC,National currency,_Z,Not applicable,N,Neither seasonally adjusted nor calendar adjusted,_Z,Not applicable,_Z,Not applicable,N,National,2023-08,,286934300,,A,Normal value,6,Millions,0,Zero,,
DATAFLOW,OECD.SDD.STES:DSD_STES@DF_MONAGG(4.0),Monetary aggregates,I,CHN,China (People’s Republic of),M,Monthly,MABM,M3,XDC,National currency,_Z,Not applicable,N,Neither seasonally adjusted nor calendar adjusted,_Z,Not applicable,_Z,Not applicable,N,National,2023-09,,289665900,,A,Normal value,6,Millions,0,Zero,,
DATAFLOW,OECD.SDD.STES:DSD_STES@DF_MONAGG(4.0),Monetary aggregates,I,CHN,China (People’s Republic of),M,Monthly,MABM,M3,XDC,National currency,_Z,Not applicable,N,Neither seasonally adjusted nor calendar adjusted,_Z,Not applicable,_Z,Not applicable,N,National,2023-10,,288227600,,A,Normal value,6,Millions,0,Zero,,
DATAFLOW,OECD.SDD.STES:DSD_STES@DF_MONAGG(4.0),Monetary aggregates,I,CHN,China (People’s Republic of),M,Monthly,MABM,M3,XDC,National currency,_Z,Not applicable,N,Neither seasonally adjusted nor calendar adjusted,_Z,Not applicable,_Z,Not applicable,N,National,2023-11,,291201400,,A,Normal value,6,Millions,0,Zero,,
DATAFLOW,OECD.SDD.STES:DSD_STES@DF_MONAGG(4.0),Monetary aggregates,I,CHN,China (People’s Republic of),M,Monthly,MABM,M3,XDC,National currency,_Z,Not applicable,N,Neither seasonally adjusted nor calendar adjusted,_Z,Not applicable,_Z,Not applicable,N,National,2023-12,,292271300,,A,Normal value,6,Millions,0,Zero,,
DATAFLOW,OECD.SDD.STES:DSD_STES@DF_MONAGG(4.0),Monetary aggregates,I,CHN,China (People’s Republic of),M,Monthly,MABM,M3,XDC,National currency,_Z,Not applicable,N,Neither seasonally adjusted nor calendar adjusted,_Z,Not applicable,_Z,Not applicable,N,National,2024-01,,297625000,,A,Normal value,6,Millions,0,Zero,,
DATAFLOW,OECD.SDD.STES:DSD_STES@DF_MONAGG(4.0),Monetary aggregates,I,CHN,China (People’s Republic of),M,Monthly,MABM,M3,XDC,National currency,_Z,Not applicable,N,Neither seasonally adjusted nor calendar adjusted,_Z,Not applicable,_Z,Not applicable,N,National,2024-02,,299557300,,A,Normal value,6,Millions,0,Zero,,
DATAFLOW,OECD.SDD.STES:DSD_STES@DF_MONAGG(4.0),Monetary aggregates,I,CHN,China (People’s Republic of),M,Monthly,MABM,M3,XDC,National currency,_Z,Not applicable,N,Neither seasonally adjusted nor calendar adjusted,_Z,Not applicable,_Z,Not applicable,N,National,2024-03,,304795200,,A,Normal value,6,Millions,0,Zero,,
DATAFLOW,OECD.SDD.STES:DSD_STES@DF_MONAGG(4.0),Monetary aggregates,I,CHN,China (People’s Republic of),M,Monthly,MABM,M3,XDC,National currency,_Z,Not applicable,N,Neither seasonally adjusted nor calendar adjusted,_Z,Not applicable,_Z,Not applicable,N,National,2024-04,,301194200,,A,Normal value,6,Millions,0,Zero,,
DATAFLOW,OECD.SDD.STES:DSD_STES@DF_MONAGG(4.0),Monetary aggregates,I,CHN,China (People’s Republic of),M,Monthly,MABM,M3,XDC,National currency,_Z,Not applicable,N,Neither seasonally adjusted nor calendar adjusted,_Z,Not applicable,_Z,Not applicable,N,National,2024-05,,301850700,,A,Normal value,6,Millions,0,Zero,,
DATAFLOW,OECD.SDD.STES:DSD_STES@DF_MONAGG(4.0),Monetary aggregates,I,CHN,China (People’s Republic of),M,Monthly,MABM,M3,XDC,National currency,_Z,Not applicable,N,Neither seasonally adjusted nor calendar adjusted,_Z,Not applicable,_Z,Not applicable,N,National,2024-06,,305016200,,A,Normal value,6,Millions,0,Zero,,
DATAFLOW,OECD.SDD.STES:DSD_STES@DF_MONAGG(4.0),Monetary aggregates,I,CHN,China (People’s Republic of),M,Monthly,MABM,M3,XDC,National currency,_Z,Not applicable,N,Neither seasonally adjusted nor calendar adjusted,_Z,Not applicable,_Z,Not applicable,N,National,2024-07,,303306100,,A,Normal value,6,Millions,0,Zero,,
DATAFLOW,OECD.SDD.STES:DSD_STES@DF_MONAGG(4.0),Monetary aggregates,I,CHN,China (People’s Republic of),M,Monthly,MABM,M3,XDC,National currency,_Z,Not applicable,N,Neither seasonally adjusted nor calendar adjusted,_Z,Not applicable,_Z,Not applicable,N,National,2024-08,,305046100,,A,Normal value,6,Millions,0,Zero,,
DATAFLOW,OECD.SDD.STES:DSD_STES@DF_MONAGG(4.0),Monetary aggregates,I,CHN,China (People’s Republic of),M,Monthly,MABM,M3,XDC,National currency,_Z,Not applicable,N,Neither seasonally adjusted nor calendar adjusted,_Z,Not applicable,_Z,Not applicable,N,National,2024-09,,309479800,,A,Normal value,6,Millions,0,Zero,,
DATAFLOW,OECD.SDD.STES:DSD_STES@DF_MONAGG(4.0),Monetary aggregates,I,CHN,China (People’s Republic of),M,Monthly,MABM,M3,XDC,National currency,_Z,Not applicable,N,Neither seasonally adjusted nor calendar adjusted,_Z,Not applicable,_Z,Not applicable,N,National,2024-10,,309709200,,A,Normal value,6,Millions,0,Zero,,
DATAFLOW,OECD.SDD.STES:DSD_STES@DF_MONAGG(4.0),Monetary aggregates,I,CHN,China (People’s Republic of),M,Monthly,MABM,M3,XDC,National currency,_Z,Not applicable,N,Neither seasonally adjusted nor calendar adjusted,_Z,Not applicable,_Z,Not applicable,N,National,2024-11,,311958700,,A,Normal value,6,Millions,0,Zero,,
DATAFLOW,OECD.SDD.STES:DSD_STES@DF_MONAGG(4.0),Monetary aggregates,I,CHN,China (People’s Republic of),M,Monthly,MABM,M3,XDC,National currency,_Z,Not applicable,N,Neither seasonally adjusted nor calendar adjusted,_Z,Not applicable,_Z,Not applicable,N,National,2024-12,,313532200,,A,Normal value,6,Millions,0,Zero,,
DATAFLOW,OECD.SDD.STES:DSD_STES@DF_MONAGG(4.0),Monetary aggregates,I,CHN,China (People’s Republic of),M,Monthly,MABM,M3,XDC,National currency,_Z,Not applicable,N,Neither seasonally adjusted nor calendar adjusted,_Z,Not applicable,_Z,Not applicable,N,National,2025-01,,318524700,,A,Normal value,6,Millions,0,Zero,,
DATAFLOW,OECD.SDD.STES:DSD_STES@DF_MONAGG(4.0),Monetary aggregates,I,CHN,China (People’s Republic of),M,Monthly,MABM,M3,XDC,National currency,_Z,Not applicable,N,Neither seasonally adjusted nor calendar adjusted,_Z,Not applicable,_Z,Not applicable,N,National,2025-02,,320517300,,A,Normal value,6,Millions,0,Zero,,
DATAFLOW,OECD.SDD.STES:DSD_STES@DF_MONAGG(4.0),Monetary aggregates,I,CHN,China (People’s Republic of),M,Monthly,MABM,M3,XDC,National currency,_Z,Not applicable,N,Neither seasonally adjusted nor calendar adjusted,_Z,Not applicable,_Z,Not applicable,N,National,2025-03,,326055500,,A,Normal value,6,Millions,0,Zero,,
DATAFLOW,OECD.SDD.STES:DSD_STES@DF_MONAGG(4.0),Monetary aggregates,I,CHN,China (People’s Republic of),M,Monthly,MABM,M3,XDC,National currency,_Z,Not applicable,N,Neither seasonally adjusted nor calendar adjusted,_Z,Not applicable,_Z,Not applicable,N,National,2025-04,,325173900,,A,Normal value,6,Millions,0,Zero,,
DATAFLOW,OECD.SDD.STES:DSD_STES@DF_MONAGG(4.0),Monetary aggregates,I,CHN,China (People’s Republic of),M,Monthly,MABM,M3,XDC,National currency,_Z,Not applicable,N,Neither seasonally adjusted nor calendar adjusted,_Z,Not applicable,_Z,Not applicable,N,National,2025-05,,325783800,,A,Normal value,6,Millions,0,Zero,,
DATAFLOW,OECD.SDD.STES:DSD_STES@DF_MONAGG(4.0),Monetary aggregates,I,CHN,China (People’s Republic of),M,Monthly,MABM,M3,XDC,National currency,_Z,Not applicable,N,Neither seasonally adjusted nor calendar adjusted,_Z,Not applicable,_Z,Not applicable,N,National,2025-06,,330286800,,A,Normal value,6,Millions,0,Zero,,
DATAFLOW,OECD.SDD.STES:DSD_STES@DF_MONAGG(4.0),Monetary aggregates,I,CHN,China (People’s Republic of),M,Monthly,MABM,M3,XDC,National currency,_Z,Not applicable,N,Neither seasonally adjusted nor calendar adjusted,_Z,Not applicable,_Z,Not applicable,N,National,2025-07,,329942900,,A,Normal value,6,Millions,0,Zero,,
DATAFLOW,OECD.SDD.STES:DSD_STES@DF_MONAGG(4.0),Monetary aggregates,I,CHN,China (People’s Republic of),M,Monthly,MABM,M3,XDC,National currency,_Z,Not applicable,N,Neither seasonally adjusted nor calendar adjusted,_Z,Not applicable,_Z,Not applicable,N,National,2025-08,,331983100,,A,Normal value,6,Millions,0,Zero,,
DATAFLOW,OECD.SDD.STES:DSD_STES@DF_MONAGG(4.0),Monetary aggregates,I,CHN,China (People’s Republic of),M,Monthly,MABM,M3,XDC,National currency,_Z,Not applicable,N,Neither seasonally adjusted nor calendar adjusted,_Z,Not applicable,_Z,Not applicable,N,National,2025-09,,335377100,,A,Normal value,6,Millions,0,Zero,,
DATAFLOW,OECD.SDD.STES:DSD_STES@DF_MONAGG(4.0),Monetary aggregates,I,CHN,China (People’s Republic of),M,Monthly,MABM,M3,XDC,National currency,_Z,Not applicable,N,Neither seasonally adjusted nor calendar adjusted,_Z,Not applicable,_Z,Not applicable,N,National,2025-10,,335131200,,A,Normal value,6,Millions,0,Zero,,
DATAFLOW,OECD.SDD.STES:DSD_STES@DF_MONAGG(4.0),Monetary aggregates,I,CHN,China (People’s Republic of),M,Monthly,MABM,M3,XDC,National currency,_Z,Not applicable,N,Neither seasonally adjusted nor calendar adjusted,_Z,Not applicable,_Z,Not applicable,N,National,2025-11,,336989100,,A,Normal value,6,Millions,0,Zero,,
DATAFLOW,OECD.SDD.STES:DSD_STES@DF_MONAGG(4.0),Monetary aggregates,I,CHN,China (People’s Republic of),M,Monthly,MABM,M3,XDC,National currency,_Z,Not applicable,N,Neither seasonally adjusted nor calendar adjusted,_Z,Not applicable,_Z,Not applicable,N,National,2025-12,,340294800,,A,Normal value,6,Millions,0,Zero,,
DATAFLOW,OECD.SDD.STES:DSD_STES@DF_MONAGG(4.0),Monetary aggregates,I,CHN,China (People’s Republic of),M,Monthly,MABM,M3,XDC,National currency,_Z,Not applicable,N,Neither seasonally adjusted nor calendar adjusted,_Z,Not applicable,_Z,Not applicable,N,National,2026-01,,347186000,,A,Normal value,6,Millions,0,Zero,,
DATAFLOW,OECD.SDD.STES:DSD_STES@DF_MONAGG(4.0),Monetary aggregates,I,CHN,China (People’s Republic of),M,Monthly,MABM,M3,XDC,National currency,_Z,Not applicable,N,Neither seasonally adjusted nor calendar adjusted,_Z,Not applicable,_Z,Not applicable,N,National,2026-02,,349216000,,A,Normal value,6,Millions,0,Zero,,
DATAFLOW,OECD.SDD.STES:DSD_STES@DF_MONAGG(4.0),Monetary aggregates,I,CHN,China (People’s Republic of),M,Monthly,MABM,M3,XDC,National currency,_Z,Not applicable,N,Neither seasonally adjusted nor calendar adjusted,_Z,Not applicable,_Z,Not applicable,N,National,2026-03,,353863600,,A,Normal value,6,Millions,0,Zero,,
DATAFLOW,OECD.SDD.STES:DSD_STES@DF_MONAGG(4.0),Monetary aggregates,I,CHN,China (People’s Republic of),M,Monthly,MABM,M3,XDC,National currency,_Z,Not applicable,N,Neither seasonally adjusted nor calendar adjusted,_Z,Not applicable,_Z,Not applicable,N,National,2026-04,,353042500,,A,Normal value,6,Millions,0,Zero,,
DATAFLOW,OECD.SDD.STES:DSD_STES@DF_MONAGG(4.0),Monetary aggregates,I,CHN,China (People’s Republic of),M,Monthly,MABM,M3,XDC,National currency,_Z,Not applicable,N,Neither seasonally adjusted nor calendar adjusted,_Z,Not applicable,_Z,Not applicable,N,National,2026-05,,353668900,,A,Normal value,6,Millions,0,Zero,,
DATAFLOW,OECD.SDD.STES:DSD_STES@DF_MONAGG(4.0),Monetary aggregates,I,CHN,China (People’s Republic of),M,Monthly,MABM,M3,XDC,National currency,_Z,Not applicable,N,Neither seasonally adjusted nor calendar adjusted,_Z,Not applicable,_Z,Not applicable,N,National,2026-06,,356710800,,A,Normal value,6,Millions,0,Zero,,
DATAFLOW,OECD.SDD.STES:DSD_STES@DF_MONAGG(4.0),Monetary aggregates,I,CHN,China (People’s Republic of),M,Monthly,MABM,M3,XDC,National currency,_Z,Not applicable,N,Neither seasonally adjusted nor calendar adjusted,_Z,Not applicable,_Z,Not applicable,N,National,2026-07,,355507700,,A,Normal value,6,Millions,0,Zero,,
