date,FL894122005.Q,FL893169175.Q,FL313161105.Q,FL893161705.Q,FL383162005.Q,FL893163005.Q,FL894122005.Q,FL384122005.Q,FL163162003.Q,FL104122005.Q,FL314122005.Q,FL213162005.Q,FL794122005.Q,FL764122005.Q,FL753169175.Q,FL403161705.Q,FL413065005.Q,FL674122005.Q,FL614122005.Q,FL644122075.Q,FL663163003.Q,FL453163003.Q,FL734122005.Q,FL504122005.Q,LM264122005.Q,FL894022005.Q,FL384022005.Q,LM154022005.Q,LM104022005.Q,LM114022005.Q,FL314022005.Q,LM214022005.Q,FL794022005.Q,LM714022005.Q,LM764022005.Q,LM754022005.Q,LM744022003.Q,LM474022005.Q,LM514022005.Q,LM544022005.Q,LM574022005.Q,LM344022005.Q,LM224022045.Q,FL634022005.Q,LM654022005.Q,LM554022005.Q,LM564022005.Q,LM404022005.Q,FL674022005.Q,LM613063003.Q,LM644022075.Q,LM464022005.Q,LM624022005.Q,LM443063000.Q,LM664022005.Q,LM734022605.Q,FL504022005.Q,LM264022005.Q,LM904022005.Q
1945:Q4,248814,315,208239,1181,12130,26949,248814,244677,0,24000,208547,12130,1224,125,31,873,0,0,195,0,0,0,0,0,2913,248814,62192,35908,18760,0,0,7524,183503,24262,112424,269,618,50,3438,32611,3851,0,2508,0,187,194,0,351,0,0,0,0,0,0,2715,0,25,3119,0
1946:Q4,225694,573,183777,1273,12199,27872,225694,221076,0,24995,183882,12199,1797,183,46,1168,0,0,400,0,0,0,0,0,2821,225694,52229,32338,13124,0,0,6767,171078,23350,98066,252,566,50,4032,35354,4100,0,2766,0,219,200,0,356,0,0,0,0,0,0,1648,0,119,2387,0
1947:Q4,221220,765,174498,1352,13810,30795,221220,216219,0,27843,174566,13810,2201,211,53,1284,0,0,653,0,0,0,0,0,2800,221220,50291,30079,12770,0,0,7442,167885,22559,93721,251,461,65,4764,36774,4351,0,3087,0,224,260,0,325,0,0,0,0,0,0,905,0,138,3044,0
1948:Q4,220510,936,166341,2478,15144,35611,220510,214537,0,32137,167256,15144,3093,210,52,1559,4,0,1268,0,0,0,0,0,2880,220510,50923,29392,13485,0,0,8046,166442,23333,87771,299,401,75,5670,38042,4600,0,3506,0,255,280,0,453,0,0,0,0,0,0,1489,0,268,3145,0
1949:Q4,225879,1113,167366,2458,16130,38812,225879,219536,0,35036,168370,16130,3472,220,55,1447,7,0,1743,0,0,0,0,0,2871,225879,51862,27990,15447,0,0,8425,170646,18885,93377,415,369,82,6333,39281,4900,0,4008,0,319,340,0,450,0,0,0,0,0,0,1542,0,345,3371,0
1950:Q4,231674,1319,166557,2242,20655,40901,231674,224299,0,36705,166939,20655,4253,318,80,1828,32,0,1995,0,0,0,0,0,3122,231674,56327,28544,18665,0,0,9118,170528,20725,89475,507,356,90,7115,39390,5173,0,4632,0,398,400,0,373,0,0,0,0,0,0,1403,0,491,4819,0
1951:Q4,238526,1828,166727,2343,22770,44858,238526,229803,0,40061,166972,22770,5324,396,99,2055,43,0,2731,0,0,0,0,0,3399,238526,57870,28451,19587,0,5,9827,175762,23604,89139,638,312,100,7687,39647,5928,0,5331,0,462,440,0,428,0,0,0,0,0,0,1184,0,862,4894,0
1952:Q1,240548,2109,165360,2194,25016,45869,240548,231785,0,41201,165568,25016,5325,370,93,1941,45,0,2876,0,0,0,0,0,3438,240548,59886,30920,18825,0,14,10127,175865,22228,89218,693,313,102,7929,40192,6171,0,5572,0,501,453,0,565,0,0,0,0,0,0,874,0,1054,4797,0
1952:Q2,244346,2227,165031,2138,27480,47470,244346,235211,0,42647,165084,27480,5648,336,84,2038,47,0,3143,0,0,0,0,0,3487,244346,61447,33084,17555,0,4,10804,177992,22506,89471,754,320,103,8063,40480,6414,0,5749,0,510,469,0,496,0,0,0,0,0,0,1699,0,958,4907,0
1952:Q3,250059,2436,167863,2579,28695,48486,250059,240775,0,43816,168264,28695,5880,367,92,2128,50,0,3243,0,0,0,0,0,3404,250059,63719,34755,18007,0,2,10955,181035,23215,90836,672,328,104,8358,41317,6691,0,6089,0,516,485,0,483,0,0,0,0,0,0,834,0,1107,5305,0
1952:Q4,255908,2246,171619,2781,29657,49605,255908,246730,0,44828,172245,29657,5752,398,99,2102,53,0,3100,0,0,0,0,0,3426,255908,65075,35169,18655,0,2,11249,185697,24034,92477,722,333,107,8610,41974,7027,0,6287,0,539,500,0,495,0,0,0,0,0,0,1486,0,1106,5136,0
1953:Q1,255440,2440,168191,2779,31221,50809,255440,245767,0,45627,168919,31221,6196,368,92,1996,55,0,3685,0,0,0,0,0,3477,255440,65981,35208,19241,0,54,11478,184202,23269,90269,682,335,108,8906,42691,7375,0,6561,0,542,515,0,695,0,0,0,0,0,0,914,0,1340,5257,0
1953:Q2,257803,2248,168581,2349,32379,52246,257803,247810,0,46567,168864,32379,6641,346,86,2010,56,0,4143,0,0,0,0,0,3352,257803,68273,39045,17581,0,20,11627,184042,24146,87994,709,335,109,9127,43255,7717,0,6932,0,520,530,0,574,0,0,0,0,0,0,821,0,1273,5488,0
1953:Q3,267017,2576,175018,2610,33795,53018,267017,256385,0,47147,175443,33795,7325,416,104,2127,58,0,4620,0,0,0,0,0,3307,267017,70642,39364,19467,0,1,11810,190588,24635,92066,700,334,110,9429,43746,8029,0,7291,0,524,545,0,592,0,0,0,0,0,0,1140,0,1447,5787,0
1953:Q4,273245,2624,176814,4412,35012,54383,273245,262493,0,48414,179067,35012,7438,463,116,2099,60,0,4700,0,0,0,0,0,3314,273245,71281,38681,20449,0,0,12151,196154,25317,95004,758,333,113,9734,44402,8301,0,7514,0,547,560,0,589,0,0,0,0,0,0,1608,0,1374,5810,0
1954:Q1,271904,2979,172200,4843,36516,55366,271904,260941,0,49314,175111,36516,7478,469,117,1871,61,0,4960,0,0,0,0,0,3485,271904,70533,39020,19162,0,18,12333,195316,24232,93618,729,336,115,9925,45097,8578,0,7898,0,595,575,0,901,0,0,0,0,0,0,1219,0,1498,6055,0
1954:Q2,272921,2839,171915,4031,37866,56270,272921,261991,0,50208,173917,37866,7508,476,119,1967,62,0,4884,0,0,0,0,0,3422,272921,67067,38450,16134,0,8,12475,199934,24737,95997,728,343,117,10149,45513,8870,0,8305,0,608,589,0,872,0,0,0,0,0,0,1738,0,1368,5920,0
1954:Q3,277288,2915,175045,2699,39376,57253,277288,266541,0,51583,175582,39376,7423,492,123,2092,70,0,4646,0,0,0,0,0,3324,277288,67744,37369,17663,0,6,12706,203276,23946,98877,716,350,119,10415,45899,9203,0,8606,0,648,603,0,896,0,0,0,0,0,0,1626,0,1372,6268,0
1954:Q4,284149,2904,178532,4480,40663,57570,284149,273611,0,52078,180870,40663,7274,706,176,2064,78,0,4250,0,0,0,0,0,3264,284149,68786,37084,18786,0,1,12915,208933,24888,102372,798,350,121,10685,46294,9589,0,8912,0,671,620,0,849,0,0,0,0,0,0,1635,0,1149,6430,0
1955:Q1,282043,3112,173973,4726,42155,58077,282043,271278,0,52555,176568,42155,7595,652,163,2045,86,0,4649,0,0,0,0,0,3170,282043,70960,38748,19039,0,7,13166,204654,23505,98215,781,349,124,10764,46861,9964,0,9188,0,677,638,0,982,0,0,0,0,0,0,1150,0,1456,6429,0
1955:Q2,281983,3047,172997,4006,43267,58666,281983,270973,0,53159,174547,43267,7898,530,132,2361,95,0,4780,0,0,0,0,0,3112,281983,72108,40234,18399,0,8,13467,203464,23423,95846,876,344,128,10909,47167,10326,0,9459,0,728,659,0,869,0,0,0,0,0,0,1182,0,1548,6411,0
1955:Q3,285763,3020,175191,3615,44668,59269,285763,274391,0,53624,176099,44668,8300,542,136,2602,105,0,4915,0,0,0,0,0,3072,285763,76363,42276,20323,0,4,13760,202789,23421,93934,903,339,132,11202,47656,10628,0,9788,0,795,680,0,637,0,0,0,0,0,0,1067,0,1607,6611,0
1955:Q4,292158,2749,178189,4732,45697,60791,292158,280423,0,54926,179800,45697,8664,518,130,3005,116,0,4895,0,0,0,0,0,3071,292158,80496,43368,23017,0,20,14091,204986,24415,93747,963,336,136,11377,47741,10844,0,10139,0,820,700,0,936,0,0,0,0,0,0,1387,0,1445,6676,0
1956:Q1,290708,3326,173724,4855,46932,61871,290708,277621,0,55348,175341,46932,9926,534,133,3111,127,0,6021,0,0,0,0,0,3161,290708,80725,45534,20868,0,15,14308,202868,23318,91068,894,339,140,11419,48058,11088,0,10594,0,916,720,0,1256,0,0,0,0,0,0,1091,0,1967,7115,0
1956:Q2,287323,3221,168502,4605,47853,63142,287323,273741,0,56235,169653,47853,10340,553,138,3316,138,0,6195,0,0,0,0,0,3242,287323,79223,46872,17675,0,14,14662,200900,23475,88401,888,346,144,11461,48330,11388,0,10840,0,826,739,0,1267,0,0,0,0,0,0,1015,0,1780,7200,0
1956:Q3,291055,3401,169476,4619,49038,64521,291055,276845,0,57414,170393,49038,10894,650,163,3559,143,0,6379,0,0,0,0,0,3316,291055,81187,48602,17616,0,6,14963,202302,23310,88728,866,354,148,11612,48852,11781,0,11073,0,1025,758,0,1257,0,0,0,0,0,0,817,0,1721,7566,0
1956:Q4,296559,3227,172637,4953,49862,65880,296559,282273,0,58418,173993,49862,10905,782,195,3448,149,0,6331,0,0,0,0,0,3381,296559,83060,49060,18765,0,9,15226,206238,24644,90229,855,361,151,11782,49107,12273,0,11286,0,1051,780,0,1226,0,0,0,0,0,0,965,0,1528,7261,0
1957:Q1,299586,3793,171487,5380,50925,68001,299586,283653,0,59863,172865,50925,12335,823,206,3845,157,0,7304,0,0,0,0,0,3598,299586,85357,51600,18440,0,20,15297,206881,22689,91170,831,366,155,11835,49675,12764,0,11631,0,1094,803,0,1342,0,0,0,0,0,0,570,0,1956,7348,0
1957:Q2,296752,3515,166057,5538,51836,69806,296752,280114,0,61295,166983,51836,12914,791,198,4446,166,0,7313,0,0,0,0,0,3724,296752,84516,52610,16579,0,18,15309,204974,22658,87977,847,369,159,11927,50173,13200,0,11974,0,1191,828,0,1269,0,0,0,0,0,0,659,0,1743,7262,0
1957:Q3,304990,3845,170669,5509,53192,71775,304990,287417,0,62852,171373,53192,13818,967,242,4635,170,0,7804,0,0,0,0,0,3755,304990,87492,54976,17328,0,19,15169,210356,22769,91471,811,372,163,12160,50844,13579,0,12380,0,1166,853,0,1137,0,0,0,0,0,0,819,0,1832,7142,0
1957:Q4,310562,4066,171843,6700,54369,73584,310562,292385,0,64494,173522,54369,14361,1056,264,4848,173,0,8020,0,0,0,0,0,3816,310562,89026,55721,18303,0,13,14989,214061,23762,92157,785,373,166,12438,51356,13911,0,12718,0,1180,880,0,1143,0,0,0,0,0,0,1354,0,1838,7475,0
1958:Q1,314219,5152,170060,7178,55829,76000,314219,294817,0,66653,172335,55829,15315,1235,309,4728,175,0,8868,0,0,0,0,0,4087,314219,87975,56176,17057,0,55,14687,219264,23154,95523,753,381,170,12432,52099,14255,0,13197,0,1298,908,0,1742,0,0,0,0,0,0,1220,0,2132,6980,0
1958:Q2,318541,4873,173354,6024,56972,77318,318541,299356,0,67808,174576,56972,14758,1093,273,4625,177,0,8590,0,0,0,0,0,4427,318541,84211,54438,14977,0,26,14770,227984,25173,99878,788,393,174,12555,52766,14615,0,13439,0,1478,937,0,1631,0,0,0,0,0,0,1940,0,2217,6346,0
1958:Q3,321834,4573,173914,6314,58513,78520,321834,302976,0,69258,175205,58513,14343,1035,259,4840,183,0,8026,0,0,0,0,0,4515,321834,83741,52971,15928,0,7,14835,230952,24678,102696,750,404,178,12858,53619,15000,0,13818,0,1477,967,0,1497,0,0,0,0,0,0,775,0,2235,7141,0
1958:Q4,331684,4053,181096,6713,59819,80003,331684,312886,0,70373,182694,59819,14064,965,241,4925,190,0,7743,0,0,0,0,0,4734,331684,87967,54143,18860,0,3,14961,236194,26295,104496,797,408,181,13222,54283,15409,0,14227,0,1453,996,0,1252,0,0,0,0,0,0,1242,0,1933,7523,0
1959:Q1,334435,4444,181118,6550,61397,80926,334435,314788,0,70959,182432,61397,14744,852,213,5041,195,0,8443,0,0,0,0,0,4903,334435,92541,56944,20440,0,2,15155,233948,25436,101596,793,327,184,13358,55051,15669,0,14634,0,1528,1075,0,1457,0,0,0,0,0,0,825,0,2015,7946,0
1959:Q2,338386,4494,182046,7137,62655,82054,338386,317354,0,71627,183072,62655,16064,794,199,5910,201,0,8960,0,0,0,0,0,4968,338386,95089,57963,21635,0,6,15485,233430,26000,98941,798,255,186,13603,55888,16062,0,14953,0,1562,1102,0,1328,0,0,0,0,0,0,719,0,2033,9867,0
1959:Q3,346490,4412,186548,7863,64594,83073,346490,324345,0,72264,187487,64594,17047,771,193,6722,202,0,9159,0,0,0,0,0,5098,346490,100723,61011,24006,0,15,15691,234699,26513,97526,790,146,188,14004,56375,16419,0,15459,0,1699,1131,0,1317,0,0,0,0,0,0,882,0,2250,11068,0
1959:Q4,352991,4365,190148,8272,65661,84545,352991,329867,0,73109,191097,65661,17917,930,233,7120,203,0,9431,0,0,0,0,0,5207,352991,105819,64358,25357,0,2,16102,235466,26650,96473,823,135,191,14460,56686,16896,0,15845,0,1799,1165,0,1352,0,0,0,0,0,0,1232,0,1759,11706,0
1960:Q1,354226,5875,186451,8138,67248,86514,354226,328320,0,73643,187429,67248,20420,1104,276,6956,204,0,11880,0,0,0,0,0,5486,354226,110552,69706,24375,0,47,16424,231582,25173,91585,789,138,193,14764,57148,17228,0,16338,0,1848,1265,0,1556,0,0,0,0,0,0,637,0,2920,12092,0
1960:Q2,355624,6023,184325,8769,68353,88154,355624,328285,0,74654,185278,68353,21728,1117,279,7610,206,0,12516,0,0,0,0,0,5611,355624,109853,70504,22526,0,16,16807,233781,26328,91081,790,145,195,14995,57481,17507,0,16717,0,1919,1322,0,1437,0,0,0,0,0,0,896,0,2968,11990,0
1960:Q3,360517,6413,186230,8322,69924,89628,360517,332217,0,75671,186622,69924,22613,1348,337,7726,204,0,12998,0,0,0,0,0,5687,360517,107949,69857,20832,0,4,17256,240232,26488,95243,772,153,197,15184,58052,17860,0,16998,0,2006,1373,0,1450,0,0,0,0,0,0,1405,0,3051,12336,0
1960:Q4,366394,6544,188350,8749,70971,91780,366394,336994,0,76985,189038,70971,23616,1638,409,7860,201,0,13508,0,0,0,0,0,5784,366394,106765,69154,20038,0,37,17536,247019,27038,99543,803,154,201,15352,58555,18381,0,17437,0,2043,1400,0,1494,0,0,0,0,0,0,1891,0,2727,12610,0
1961:Q1,366628,7331,185688,8513,72420,92676,366628,336242,0,77200,186622,72420,24517,1802,451,7378,201,0,14685,0,0,0,0,0,5869,366628,105003,67790,19503,0,36,17674,248971,26423,100142,944,158,205,15550,59235,18511,0,17992,0,2091,1468,0,1757,0,0,0,0,0,0,1207,0,3288,12654,0
1961:Q2,370079,7230,185994,8571,73250,95034,370079,339156,0,79256,186650,73250,24881,1835,459,7715,200,0,14672,0,0,0,0,0,6042,370079,105067,67904,19264,0,13,17886,252721,27029,101716,985,160,210,15777,59762,18909,0,18435,0,2036,1449,0,1708,0,0,0,0,0,0,1383,0,3162,12291,0
1961:Q3,378001,7321,191041,8893,75018,95728,378001,346749,0,80254,191477,75018,25143,1957,489,8213,244,0,14240,0,0,0,0,0,6109,378001,104451,68371,17972,0,37,18071,260563,26904,107727,1078,161,215,16046,60490,19181,0,18853,0,2160,1421,0,1635,0,0,0,0,0,0,1525,0,3167,12987,0
1961:Q4,385044,7396,194206,9759,76349,97334,385044,353255,0,81705,195201,76349,25568,2168,542,8474,290,0,14094,0,0,0,0,0,6221,385044,106535,69387,18828,0,35,18285,265445,28770,109658,892,157,221,16361,60932,19596,0,19186,0,2449,1399,0,1419,0,0,0,0,0,0,2043,0,2362,13064,0
1962:Q1,389565,8238,194302,10457,78037,98531,389565,356201,0,82568,195596,78037,26942,2018,505,8851,312,0,15256,0,0,0,0,0,6422,389565,107015,69362,19393,0,38,18222,269273,28600,109762,1106,159,226,16704,61952,19870,0,19830,0,2420,1434,0,1952,0,0,0,0,0,0,1852,0,3406,13277,0
1962:Q2,392544,8230,194009,10871,79203,100231,392544,358632,0,84073,195356,79203,27175,1892,473,9188,336,0,15286,0,0,0,0,0,6737,392544,105863,69118,18221,0,8,18516,272962,29453,110759,1389,161,230,17113,62616,20322,0,20248,0,2358,1392,0,1594,0,0,0,0,0,0,1968,0,3359,13719,0
1962:Q3,395898,8881,194901,10861,80552,100703,395898,361122,0,84921,195649,80552,27945,1843,461,9740,373,0,15528,0,0,0,0,0,6831,395898,106303,70279,17088,0,5,18931,275216,28816,111415,1265,164,235,17514,63401,20522,0,20671,0,2600,1363,0,1622,0,0,0,0,0,0,2014,0,3614,14379,0
1962:Q4,404860,8676,199754,11939,81800,102691,404860,368933,0,85841,201292,81800,28712,2141,535,9988,413,0,15635,0,0,0,0,0,7215,404860,106412,69232,17583,0,0,19597,283651,30530,116047,1054,168,241,17837,63722,21025,0,20969,0,2643,1377,0,1792,0,0,0,0,0,0,2964,0,3282,14797,0
1963:Q1,408367,9716,199827,11315,82976,104533,408367,371335,0,86793,201566,82976,29323,2092,523,9123,453,0,17132,0,0,0,0,0,7709,408367,107435,65500,21755,0,10,20170,285991,30366,116207,1071,182,251,18087,64571,21405,0,21386,0,2646,1499,0,2232,0,0,0,0,0,0,1923,0,4165,14941,0
1963:Q2,411945,9977,199094,12012,84724,106138,411945,372989,0,87682,200583,84724,30740,2179,545,10028,495,0,17493,0,0,0,0,0,8216,411945,106497,64641,21340,0,59,20457,289756,31850,116142,1037,205,263,18275,65049,21837,0,22017,0,2487,1614,0,2358,0,0,0,0,0,0,1972,0,4650,15692,0
1963:Q3,414213,9922,199333,12145,85899,106914,414213,374504,0,88336,200269,85899,31422,2224,547,10700,509,0,17442,0,0,0,0,0,8287,414213,106862,65002,21017,0,41,20802,291321,32023,115503,804,226,275,18442,65704,22284,0,22492,0,2719,1737,0,1870,0,0,0,0,0,0,2202,0,5040,16030,0
1963:Q4,421382,9709,202211,13416,87040,109006,421382,380000,0,89382,203578,87040,33174,2568,584,11524,525,0,17973,0,0,0,0,0,8208,421382,109226,66655,21492,0,29,21050,296263,33652,117821,735,235,286,18625,66083,22609,0,22944,0,2823,1823,0,2204,0,0,0,0,0,0,1921,0,4502,15893,0
1964:Q1,425023,10923,202520,12740,88177,110663,425023,381972,0,90039,203756,88177,34954,2926,627,10953,551,0,19897,0,0,0,0,0,8097,425023,111960,68234,22638,0,21,21067,297549,33223,117467,745,234,294,18817,66778,23056,0,23660,0,2894,1957,0,2006,0,0,0,0,0,0,1479,0,4939,15514,0
1964:Q2,428310,11276,200805,13630,89948,112651,428310,383368,0,91251,202169,89948,36693,3077,636,11685,581,0,20714,0,0,0,0,0,8249,428310,111725,68446,22000,0,14,21265,300966,34517,116033,742,225,300,19004,67190,23427,0,24387,0,3092,2003,0,2052,0,0,0,0,0,0,2257,0,5737,15619,0
1964:Q3,434458,11735,203501,13574,91760,113888,434458,388577,0,92139,204678,91760,37676,3243,641,11795,602,0,21395,0,0,0,0,0,8205,434458,112245,69385,21074,0,20,21766,305921,35009,119029,883,215,306,19197,67759,23718,0,24881,0,3175,2034,0,1847,0,0,0,0,0,0,2564,0,5304,16292,0
1964:Q4,443179,11861,206767,14783,93160,116608,443179,395682,0,93533,208989,93160,38822,3508,684,11937,624,0,22069,0,0,0,0,0,8675,443179,113230,69875,20855,0,12,22488,313041,36565,122984,811,204,311,19412,67963,24398,0,25255,0,3197,2051,0,1762,0,0,0,0,0,0,2674,0,5454,16908,0
1965:Q1,446532,12535,206174,15040,94661,118122,446532,397332,0,94189,208482,94661,40435,3579,672,12056,676,0,23452,0,0,0,0,0,8765,446532,114906,71018,21054,0,18,22816,315134,37184,120825,854,205,316,19630,68718,24938,0,26054,0,3545,2131,0,2013,0,0,0,0,0,0,2104,0,6617,16492,0
1965:Q2,448508,12891,202972,15930,96858,119857,448508,397464,0,95668,204938,96858,42209,4201,678,13234,730,0,23366,0,0,0,0,0,8835,448508,113566,70757,19512,0,25,23272,318745,38703,120087,823,209,318,19836,69144,25197,0,26689,0,3449,2112,0,1932,0,0,0,0,0,0,3132,0,7114,16197,0
1965:Q3,451853,13210,201452,16790,98905,121496,451853,400185,0,97560,203720,98905,42691,4195,669,13725,797,0,23305,0,0,0,0,0,8977,451853,115266,72069,19162,0,47,23988,320019,39280,120551,906,215,323,20082,69914,25334,0,27096,0,3822,2084,0,1832,0,0,0,0,0,0,1721,0,6859,16568,0
1965:Q4,460658,12726,207025,17385,100397,123125,460658,408149,0,98057,209695,100397,43374,4331,685,13846,869,0,23643,0,0,0,0,0,9135,460658,116030,71438,19756,0,45,24791,327243,40553,124611,930,222,338,20419,70152,25696,0,27515,0,3861,2061,0,1896,0,0,0,0,0,0,2449,0,6540,17385,0
1966:Q1,468965,14456,206960,18869,101842,126838,468965,412955,0,101043,210070,101842,46516,4371,684,14810,949,0,25702,0,0,0,0,0,9494,468965,123783,78025,20617,0,67,25074,328360,40226,122358,885,237,363,20691,71412,26684,0,28357,0,4308,2113,0,1876,0,0,0,0,0,0,1605,0,7245,16822,0
1966:Q2,471996,14545,200411,23042,104141,129857,471996,412832,0,103651,205040,104141,49535,4457,691,17380,1033,0,25974,0,0,0,0,0,9629,471996,123753,79074,19245,0,106,25328,331186,41907,120772,814,258,399,21087,71533,27014,0,28941,0,4578,2082,0,2187,0,0,0,0,0,0,2303,0,7311,17057,0
1966:Q3,479653,15527,202581,23200,105524,132821,479653,418716,0,106689,206503,105524,51201,4417,681,18111,1167,0,26825,0,0,0,0,0,9736,479653,128456,84603,18339,0,547,24967,334016,41585,121216,955,280,437,21496,71867,27411,0,29837,0,4950,2056,0,2075,0,0,0,0,0,0,1595,0,8256,17181,0
1966:Q4,491972,17284,208138,24243,106633,135674,491972,427892,0,109096,212163,106633,54210,4605,728,18904,1314,0,28659,0,0,0,0,0,9870,491972,130534,86024,18572,0,1355,24583,344177,43724,123936,977,295,467,21882,72193,27981,0,30432,0,5119,2044,0,2831,0,0,0,0,0,0,3235,0,9061,17261,0
1967:Q1,502342,20234,209601,25227,107874,139406,502342,436258,0,113294,215090,107874,55925,4890,748,18258,1480,0,30549,0,0,0,0,0,10159,502342,128810,84641,18078,0,1769,24322,355653,44029,130538,1017,317,490,22251,73128,28227,0,30920,0,4835,2117,0,3818,0,0,0,0,0,0,3379,0,10587,17879,0
1967:Q2,500222,20779,199980,26373,110195,142895,500222,434753,0,117478,207080,110195,55073,5258,834,17613,1660,0,29708,0,0,0,0,0,10396,500222,121591,80255,15334,0,1737,24265,360371,46355,132439,1050,339,507,22576,73907,28195,0,31595,0,4363,2123,0,3975,0,0,0,0,0,0,2340,0,10607,18260,0
1967:Q3,515701,20941,208290,26150,112319,148001,515701,449537,0,122009,215209,112319,55379,5305,837,17410,1821,0,30006,0,0,0,0,0,10785,515701,125291,84437,14993,50,1345,24466,371419,46462,141977,1252,361,525,22913,75169,28553,0,32328,0,4145,2143,0,3153,0,0,0,0,0,0,2632,0,9806,18991,0
1967:Q4,533171,21445,216899,28518,113793,152516,533171,464038,0,125166,225079,113793,58047,5451,872,18350,1988,0,31386,0,0,0,0,0,11086,533171,130161,87305,16871,100,1267,24618,382973,49055,147416,1389,382,549,23298,75730,28679,0,33277,0,4309,2189,0,2855,0,0,0,0,0,0,2888,0,10957,20037,0
1968:Q1,546637,23506,222114,30168,115278,155571,546637,474145,0,128216,230651,115278,61103,5466,876,19462,2169,0,33130,0,0,0,0,0,11389,546637,136056,90165,19243,150,1251,25247,390704,49595,150025,1420,395,582,23744,77153,29303,0,33818,0,4918,2271,0,3019,0,0,0,0,0,0,2509,0,11952,19877,0
1968:Q2,550288,23840,217294,32673,117323,159158,550288,475737,0,131662,226752,117323,63102,5602,866,20856,2359,0,33419,0,0,0,0,0,11449,550288,137638,91551,18304,200,1658,25925,393304,52364,148398,1412,403,617,24248,77814,29317,0,34599,0,4326,2399,0,3180,0,0,0,0,0,0,2305,0,11922,19346,0
1968:Q3,565217,25346,223989,33932,119319,162631,565217,490276,0,136491,234466,119319,63258,5718,874,21011,2444,0,33211,0,0,0,0,0,11683,565217,138630,92165,17515,250,1641,27059,405864,52454,156075,1408,410,659,24758,78704,29505,0,35358,0,4654,2522,0,2767,0,0,0,0,0,0,4211,0,12379,20723,0
1968:Q4,575991,25645,225679,35445,122132,167090,575991,498425,0,139274,237019,122132,65396,5799,894,21579,2526,0,34598,0,0,0,0,0,12170,575991,139702,90473,19274,300,1401,28254,413683,52995,161380,1361,444,712,25220,79362,29756,0,36278,0,4128,2588,0,2735,0,0,0,0,0,0,3534,0,13190,22606,0
1969:Q1,587388,28933,225552,36896,125803,170204,587388,506249,0,143342,237104,125803,68652,5704,902,22728,2616,0,36502,0,0,0,200,0,12487,587388,153772,101511,20976,350,1102,29833,411640,52089,157368,1401,459,778,25637,80683,29729,0,37074,0,5161,2702,0,2467,0,0,0,0,0,0,1823,0,14269,21976,0
1969:Q2,586710,31731,213596,38803,129343,173237,586710,500655,0,146673,224639,129343,73363,5952,986,25059,2701,0,37416,4,0,0,1245,0,12692,586710,151241,99897,19656,400,472,30816,413216,54136,153307,1424,473,858,25928,80849,29571,0,38022,0,4760,2699,0,2527,0,0,0,0,0,0,2851,0,15811,22253,0
1969:Q3,604956,35763,219837,40084,132054,177218,604956,511581,0,150311,229216,132054,80268,6242,1057,27756,2949,0,39651,18,0,0,2595,0,13107,604956,164597,114569,17611,450,354,31613,415426,54028,151009,1482,488,943,26381,81478,30160,0,39122,0,5334,2660,0,1908,0,0,0,0,0,0,2087,0,18346,24933,0
1969:Q4,620360,38106,224726,42885,133518,181125,620360,519711,0,152431,233762,133518,87451,6442,1101,30645,3204,0,41745,20,0,0,4294,0,13198,620360,172779,121674,17750,500,104,32751,424417,57218,151588,1572,506,1028,26832,81719,30404,0,39893,0,5145,2576,0,2147,0,0,0,0,0,0,3670,0,20119,23164,0
1970:Q1,637252,43690,227467,46361,135658,184076,637252,529061,0,157352,236051,135658,94711,6385,1081,34278,3499,0,41990,63,0,0,7415,0,13480,637252,181733,130275,17562,550,120,33226,430013,55697,150307,1322,517,1114,27604,82608,30657,0,40853,0,5589,2423,0,3438,0,0,0,0,0,0,3436,0,24448,25506,0
1970:Q2,643424,44985,221776,47633,138998,190032,643424,531880,0,163008,229874,138998,98122,6919,1207,35822,3713,0,41796,84,0,0,8581,0,13422,643424,175919,122876,19033,600,117,33293,439316,57746,154631,1419,522,1206,28366,82887,30775,0,41683,0,6938,2173,0,2881,0,0,0,0,0,0,2351,0,25738,28189,0
1970:Q3,657930,41147,229196,49546,141582,196459,657930,547611,0,168834,237195,141582,96501,6835,1181,37415,4132,0,41182,84,0,0,5672,0,13818,657930,176378,124805,18488,650,113,32322,450348,60142,164601,1674,530,1295,29409,84143,31697,0,43016,0,6207,1941,0,2399,0,0,0,0,0,0,3850,0,19444,31204,0
1970:Q4,679368,40200,237659,51712,145501,204296,679368,565601,0,174363,245737,145501,99695,7838,1426,38879,4755,0,43222,126,0,0,3449,0,14072,679368,173931,123668,19056,700,7,30500,470477,62199,178416,2281,543,1371,30625,84100,32471,0,43682,0,5729,1842,0,3247,0,0,0,0,0,0,6003,0,17968,34960,0
1971:Q1,691787,39940,239296,51176,149746,211629,691787,577533,0,181120,246667,149746,99900,8346,1449,37848,5957,0,42339,150,0,0,3811,0,14354,691787,168143,119817,19163,750,7,28406,483203,64133,188785,1749,629,1430,31576,86101,31771,0,44608,0,5468,1936,0,4395,0,0,0,0,0,0,4520,0,16102,40441,0
1971:Q2,703220,38623,241212,51632,153986,217767,703220,587584,0,185270,248348,153966,101014,8815,1544,36924,7572,0,42102,206,0,0,3851,0,14622,703220,166080,117233,20525,800,0,27522,489464,64930,195257,1505,667,1468,32529,87498,30949,0,45366,0,5311,2097,0,3632,0,0,0,0,0,0,3394,0,14861,47676,0
1971:Q3,724163,39911,249957,53699,157928,222668,724163,603925,0,189398,256652,157875,105304,9358,1646,38635,8369,0,42754,500,0,0,4042,0,14934,724163,171003,122312,20548,860,0,27283,495002,66802,197227,1582,712,1511,33481,89247,30525,0,46005,0,4937,2287,0,2352,0,0,0,0,0,0,3579,0,14755,58158,0
1971:Q4,748483,40094,261392,56565,161652,228780,748483,622685,0,192699,268420,161566,110786,9364,1594,40021,9516,0,45087,993,0,0,4211,0,15012,748483,170761,117695,24418,900,25,27723,514875,69561,208555,1630,722,1587,34424,90117,31345,0,46588,0,5523,2410,0,2701,0,0,0,0,0,0,4642,0,15070,62847,0
1972:Q1,763969,41680,264601,58107,165807,233774,763969,634308,0,196912,271715,165681,114166,9938,1613,40451,10542,0,45215,1564,0,0,4843,0,15495,763969,172081,118766,23843,950,4,28518,525820,69748,213208,1950,738,1694,35377,92829,32197,0,47648,0,5834,2562,0,4373,0,0,0,0,0,0,3316,0,14346,66068,0
1972:Q2,769162,41506,257796,60732,169358,239770,769162,635540,0,201580,264895,169065,117705,9335,1428,41885,11748,0,45924,2206,0,0,5179,0,15917,769162,169436,116026,22902,1000,3,29505,532626,71845,214916,1869,735,1831,36353,94143,33828,0,48708,0,5750,2601,0,3449,0,0,0,0,0,0,3303,0,13295,67100,0
1972:Q3,782218,40680,261550,62929,172942,244117,782218,646052,0,204465,269111,172476,120377,9094,1334,42553,12815,0,45596,2879,0,0,6106,0,15789,782218,171945,116679,23241,1050,3,30972,538696,69708,217903,2125,872,1977,37297,96936,36295,0,49785,0,6171,2636,0,2617,0,0,0,0,0,0,3569,0,10805,71577,0
1972:Q4,805221,41688,272428,65873,175818,249414,805221,661989,0,206450,280355,175184,127190,9701,1393,43542,14404,0,47829,3532,0,0,6789,0,16042,805221,175342,114853,26327,1100,8,33054,556701,71189,228547,2425,1000,2108,38150,97413,37818,0,50958,0,6025,2704,0,1900,0,0,0,0,0,0,5958,0,10506,73178,0
1973:Q1,822347,40980,279503,68894,180262,252708,822347,674243,61,207245,287691,179246,131929,9601,1386,45546,15160,0,48897,3423,0,0,7916,0,16175,822347,181391,120345,24727,1133,13,35173,559642,75247,223381,2506,923,2229,39020,100836,39986,0,52185,0,6466,2897,0,1336,0,0,0,0,0,0,3920,0,8710,81314,0
1973:Q2,830792,43095,272356,74970,183929,256442,830792,673694,144,211128,280127,182295,140773,9806,1462,50584,16615,0,49868,3482,0,0,8956,0,16325,830792,184059,121039,24502,1161,6,37351,567739,76437,223122,2827,846,2353,39830,101842,41224,0,53471,0,6590,3053,0,837,0,0,0,0,0,0,4587,0,10720,78994,0
1973:Q3,846768,45893,270401,81941,187988,260545,846768,679241,255,214618,278614,185754,150981,10542,1650,56671,17057,0,50681,4292,0,0,10088,0,16546,846768,193855,131476,21890,1176,4,39309,574272,76916,221819,2657,921,2473,40667,103134,43334,0,54945,0,6823,3192,0,855,0,0,0,0,0,0,4897,0,11639,78641,0
1973:Q4,870254,50054,276350,86234,192693,264923,870254,694224,400,219254,284707,189863,159030,11320,1796,59837,18040,0,53696,4382,0,0,9959,0,17000,870254,198890,133185,23431,1183,6,41085,596698,80463,229915,2806,997,2585,41611,103077,44383,0,55970,0,6643,3252,0,1688,0,0,0,0,0,0,7526,0,15782,74666,0
1974:Q1,888654,54958,278582,88300,197202,269612,888654,705982,578,224325,287296,193783,164980,12414,2054,59877,19709,0,55536,3815,0,0,11575,0,17692,888654,208704,140679,24079,1199,8,42739,605642,79906,233109,3096,963,2677,42671,106234,45609,0,57235,187,7132,3331,0,1780,0,0,0,0,0,0,5287,0,16425,74308,0
1974:Q2,903120,58152,271853,94208,201835,277072,903120,709981,787,230873,280538,197783,174988,14955,2661,65391,20132,0,56888,2000,0,0,12961,0,18151,903120,209162,140069,23788,1214,0,44091,616212,83216,231349,3407,1030,2738,43838,106953,47142,0,58908,358,7068,3228,0,1329,0,0,0,0,0,0,6092,0,19556,77746,0
1974:Q3,909022,65361,251769,102062,206004,283826,909022,700625,1028,237971,260246,201380,189742,17256,3239,73048,20537,0,59231,1324,0,0,15107,0,18655,909022,202913,129895,26587,1226,0,45205,628532,84377,228790,3375,1075,2819,45039,107782,50161,1501,60758,598,7212,3111,0,1396,0,0,0,0,0,0,6822,0,23716,77577,0
1974:Q4,938511,67813,261883,106124,207999,294692,938511,718859,1300,244828,270110,202621,200099,19225,3734,76439,21458,0,62900,1151,0,0,15192,0,19553,938511,212130,138999,26740,1238,0,45153,646836,85339,236843,3716,986,2973,46214,108467,53276,1501,61684,757,7398,3044,0,2987,0,0,0,0,0,0,7750,0,23901,79545,0
1975:Q1,973987,69744,278231,108426,210167,307419,973987,747812,1603,255988,286165,204056,204440,19469,3783,76072,24420,0,63515,1132,0,0,16049,0,21735,973987,206235,136156,22971,1228,0,45880,681635,87706,247992,3037,1037,3201,47906,111577,57738,0,63492,1294,7453,3107,0,6431,0,0,0,0,0,0,7775,0,31889,86117,0
1975:Q2,1002562,66683,294758,109510,214248,317363,1002562,774094,1937,262522,302643,206992,205379,18696,3583,76022,25603,0,64325,1176,0,0,15974,0,23089,1002589,208313,134616,25659,1226,0,46812,707786,89077,267127,3401,1072,3508,49392,113551,61567,0,65872,1079,7619,3106,0,5639,0,0,0,0,0,0,7994,0,27782,86490,-27
1975:Q3,1036828,65215,319044,111617,216917,324035,1036828,804642,2303,266725,326920,208694,207812,18046,3392,76956,26785,0,65334,1068,0,0,16231,0,24374,1036751,225114,149621,25362,1243,0,48888,726252,92563,276481,3317,1126,3826,51145,117518,65452,0,67748,1334,8030,3119,0,4290,0,0,0,0,0,0,7312,0,22991,85385,77
1975:Q4,1086165,66604,343752,115166,222956,337687,1086165,838850,2700,270946,351626,213578,220216,19660,3783,78781,28511,0,68467,1060,0,0,19954,0,27099,1086225,243241,160264,30745,1274,0,50958,754992,93530,289561,3608,1175,4088,53487,120829,68839,38,70714,1455,8029,3133,0,4545,0,0,0,0,0,0,9374,1500,21087,87992,-60
1976:Q1,1126333,68428,365380,118587,227091,346847,1126333,872828,3131,278936,373786,216975,223903,19972,3818,79029,31152,0,68754,851,0,0,20327,0,29602,1126512,249496,157362,35755,1249,0,55130,786207,94440,301931,3615,1295,4287,57269,126227,71900,74,73056,1915,7672,3258,0,6058,0,0,0,0,0,0,10091,1600,21519,90809,-179
1976:Q2,1156990,70028,372629,122020,236798,355515,1156990,895694,3575,285306,381077,225736,230134,20951,3996,79556,34016,0,70290,817,0,0,20508,0,31162,1157134,254455,160383,36008,1258,0,56806,809490,97741,307855,3750,1375,4448,59493,130501,74899,96,76687,1669,7624,3333,0,6085,0,0,0,0,0,0,10154,1700,22080,93189,-144
1976:Q3,1191787,69647,388895,126588,241084,365573,1191787,921278,4082,290926,397628,228642,236548,20976,3959,80871,36984,0,71497,867,0,0,21394,0,33961,1192050,260814,164811,35022,1352,0,59629,833303,101262,314753,3968,1548,4588,62789,136153,75059,124,78968,1746,7795,3385,0,5891,0,0,0,0,0,0,13850,1800,19624,97933,-263
1976:Q4,1227629,74789,402836,130263,243876,375865,1227629,943428,4700,297550,411165,230013,248215,23499,4550,81241,40693,0,75251,751,0,0,22230,0,35986,1228647,271053,166903,39154,1515,0,63481,859174,100258,327931,4540,1765,4726,65944,140700,75346,142,79959,1893,8405,3355,0,6000,0,0,0,0,0,0,18076,2055,18079,98420,-1018
1977:Q1,1262374,77592,417402,135711,248344,383325,1262374,968718,5453,306725,425577,230963,256789,23687,4584,82118,45418,0,77317,700,0,0,22965,0,36867,1263149,276689,167399,39768,1686,0,67836,881007,102391,335050,4376,1810,4862,70252,146941,76217,152,81459,1866,9243,3230,0,5143,0,0,0,0,0,0,10438,2300,25277,105453,-775
1977:Q2,1290869,83046,413050,140748,260914,393111,1290869,981358,6363,313376,421147,240472,270769,24976,4735,84671,47980,0,83414,763,0,0,24230,0,38742,1291691,271043,162772,34028,1878,0,72365,909160,105629,337510,3941,1884,4993,74458,152135,80103,6,84540,1725,10338,2998,0,4101,0,0,0,0,0,0,12492,2600,29707,111488,-822
1977:Q3,1329545,83502,429469,146033,267803,402738,1329545,1010538,7291,321380,437068,244799,278239,25134,4710,86022,52412,0,83943,703,0,0,25315,0,40768,1330290,278678,164979,33482,2123,0,78094,930146,109779,339852,4574,1940,5106,79044,157493,81566,38,87795,1671,11807,2770,0,2911,0,0,0,0,0,0,10672,3000,30128,121466,-745
1977:Q4,1377638,89789,445890,152556,273620,415783,1377638,1040020,8100,330331,453446,248143,296442,27739,5182,88197,56803,0,91629,692,0,0,26200,0,41176,1377156,286737,169259,32988,2412,0,82078,955927,108922,343769,4735,1998,5184,83324,161167,85675,55,91175,1947,12290,2654,0,2431,0,0,0,0,0,0,14134,3349,33118,134492,482
1978:Q1,1419204,91638,461467,159366,283342,423391,1419204,1070267,8808,336927,468700,255832,306336,26603,4885,92621,59512,0,94576,693,0,0,27446,0,42601,1418652,298157,174329,31857,2732,0,89239,971649,107819,344638,5004,2116,5131,87659,168776,86654,66,94464,2625,13090,2720,0,2201,0,0,0,0,0,0,12052,3000,33634,148846,552
1978:Q2,1461433,97416,462538,169026,298639,433814,1461433,1093640,9431,346165,469674,268370,323761,27215,4906,99279,62611,0,98654,797,0,0,30299,0,44032,1460791,306533,176570,31087,3001,0,95875,1009183,116027,348178,5587,2229,4839,90860,173710,91407,84,98950,3569,13025,2811,0,2745,0,0,0,0,0,0,11906,2700,40556,145075,642
1978:Q3,1500577,97117,474270,177607,311442,440141,1500577,1123372,10039,354093,480854,278386,332299,25495,4434,105268,65755,0,98857,815,0,0,31675,0,44906,1499971,317359,183008,29508,3143,0,101700,1033992,120977,353890,5823,2328,4640,95438,180191,93994,117,102405,4043,12593,2923,0,1688,0,0,0,0,0,0,10588,2400,39954,148620,606
1978:Q4,1548535,107456,478139,187894,324876,450170,1548535,1145842,10700,361647,484360,289135,355149,28143,4930,111266,70407,0,104549,759,0,0,35095,0,47544,1544914,324545,183302,31966,3184,0,106093,1059812,117374,358864,6172,2427,4353,99831,182255,96009,140,107409,5138,12508,2974,0,1823,0,0,0,0,0,0,11850,2065,48620,160557,3621
1979:Q1,1593255,115734,487732,198574,334127,457088,1593255,1170572,11398,370486,493325,295363,374034,28555,4990,117354,75627,0,110222,786,0,0,36500,0,48649,1589665,344715,195287,31664,3192,0,114572,1089952,116724,364345,5994,2243,4229,103644,189063,99249,156,109371,9899,13179,3061,0,1257,0,0,0,0,0,0,12120,2500,52918,154998,3590
1979:Q2,1632885,128400,487581,208211,344686,464007,1632885,1188742,12118,381010,492727,302887,394822,30958,5550,122559,80506,0,114563,882,0,0,39804,0,49321,1629348,364974,209719,34343,3159,0,117753,1120952,114193,363997,6092,2096,4099,105697,193773,105441,186,113753,14505,14194,3035,0,2219,0,0,0,0,0,0,18626,3000,56046,143422,3537
1979:Q3,1680731,137501,498750,219355,355757,469368,1680731,1217950,12854,390698,503820,310578,411002,35100,6440,126976,87309,0,112829,767,0,0,41581,0,51779,1676892,365970,212587,28160,3024,0,122199,1159136,122820,370994,7106,2218,3909,109524,198462,112178,226,114725,17780,14585,3001,0,1373,0,0,0,0,0,0,17078,3500,59657,151786,3839
1979:Q4,1739965,144985,516104,235238,364182,479456,1739965,1248131,13600,397935,521042,315554,436768,36838,6750,135522,94778,0,120252,887,0,0,41741,0,55066,1735760,407783,248667,29316,2805,0,126995,1181362,124507,378282,7286,2335,3283,113006,198291,117641,5,116955,24939,14545,2985,0,2177,0,0,0,0,0,0,13019,3722,58384,146615,4205
1980:Q1,1804015,155653,540619,249123,370864,487756,1804015,1291756,14339,412546,545493,319378,456424,39511,7450,144295,99954,0,119816,777,0,0,44621,0,55835,1798065,428441,264796,34124,2635,0,126886,1221487,123945,383279,7297,2421,2724,115578,202875,124722,27,122397,37719,14211,2989,0,2908,0,0,0,0,0,0,11968,3800,62627,148137,5950
1980:Q2,1860353,164302,553831,257577,380809,503834,1860353,1331235,15056,431934,558516,325729,472060,42994,8103,148876,104016,0,109042,717,0,0,45613,12699,57058,1857225,426111,267547,29518,2509,0,126537,1277444,132933,398133,7103,2593,3640,117057,204813,133066,56,129872,49323,16506,3013,0,3683,0,0,0,0,0,0,17208,3800,54645,153670,3128
1980:Q3,1913342,161823,582379,265008,390860,513272,1913342,1372863,15820,437794,586952,332297,483039,43220,8894,150744,109691,0,109705,646,0,0,46721,13418,57440,1908338,438821,273129,31966,2493,0,131233,1308959,128200,417311,8147,2744,4243,119732,210284,140604,78,133641,47961,17136,3029,0,3479,0,0,0,0,0,0,15695,3900,52775,160558,5004
1980:Q4,1969425,163820,609679,278330,399440,518156,1969425,1407659,16700,439987,614124,336848,502668,43589,8649,159926,113959,0,113088,666,0,0,50268,12523,59098,1959903,454685,281524,34396,2564,0,136201,1339937,128038,436261,8805,2766,4267,122530,212104,147815,104,136284,42048,17057,3010,0,2881,0,0,0,0,0,0,16926,3904,55137,165281,9522
1981:Q1,2036967,176604,646299,285034,408226,520804,2036967,1462905,17634,452914,650690,341667,513121,46880,9291,163383,117260,0,114340,693,0,0,47186,14088,60941,2026978,456175,283192,28656,2728,0,141599,1393704,126388,441902,9001,2666,4424,125229,219418,153623,138,139477,70044,17830,3182,0,950,0,0,0,0,0,0,24545,3700,51187,177099,9989
1981:Q2,2089377,194563,646256,298481,418219,531858,2089377,1486280,18563,470467,650488,346762,539736,47768,10248,173398,120851,0,120275,685,0,0,52144,14367,63361,2078474,471730,286657,32498,2900,0,149675,1428421,128711,445248,9677,2449,4353,126784,224740,160053,211,146259,75683,18888,3064,0,2897,0,0,0,0,0,0,23576,3643,52185,178323,10903
1981:Q3,2166669,212570,668124,315259,431847,538869,2166669,1532487,19660,484375,672294,356158,569316,49294,10633,186719,124370,0,122730,697,0,0,57604,17269,64866,2153518,503207,306752,36467,3091,0,156897,1473295,132991,449547,9816,2200,3932,129241,230364,165892,0,149946,96446,19102,2952,0,2975,0,0,0,0,0,0,20680,3700,53511,177016,13151
1981:Q4,2245303,215070,705719,323521,443653,557340,2245303,1587071,21100,492918,709823,363230,586205,51497,11865,190431,128986,0,126144,697,0,0,59772,16813,72027,2231874,522847,314754,43236,3298,0,161559,1527471,136863,459041,11173,2000,4611,130707,232678,174716,0,156449,107489,20184,2898,0,3570,0,0,0,0,0,0,31008,3860,50224,181556,13429
1982:Q1,2320198,222460,738577,333348,456863,568950,2320198,1647561,22860,511578,742083,371040,599233,52588,12423,192214,137628,0,124422,665,0,0,61365,17928,73404,2307402,540842,334271,36605,3080,0,166886,1582064,133005,475509,10508,1920,5124,132201,242105,188462,0,162435,116826,20866,3187,0,3178,0,0,0,0,0,0,27902,2900,55936,184496,12796
1982:Q2,2391272,239219,749688,351445,474230,576690,2391272,1683019,24914,521903,753173,383029,632773,54804,13356,201009,146951,0,130169,633,0,0,65793,20058,75480,2378554,558893,350391,31586,2945,0,173971,1629060,136007,478789,10450,1897,5471,133746,249074,199167,0,168574,122838,21916,3254,0,3671,0,0,0,0,0,0,27119,1904,65183,190601,12718
1982:Q3,2493483,230488,809587,370776,491353,591279,2493483,1765960,27186,532166,813030,393578,648954,55820,12661,207102,160231,0,127072,601,0,0,63112,22355,78569,2484648,596483,383072,33659,3014,0,176738,1689200,139540,491278,10585,1901,4938,135575,256874,207946,0,174283,140457,23773,3332,0,7427,0,0,0,0,0,0,29703,2300,59288,198965,8835
1982:Q4,2605601,226843,869350,387243,508049,614116,2605601,1839887,29600,533603,872701,403983,678347,62039,13415,205373,178519,0,128408,569,0,0,67268,22756,87367,2608978,605448,379590,44459,3244,0,178155,1783724,144544,533009,11527,1900,5802,138027,267514,217596,0,176919,137553,25360,3370,0,4735,0,0,0,0,0,0,51275,2700,61893,219806,-3377
1983:Q1,2698951,226311,925470,402097,520910,624163,2698951,1918677,32309,545830,928857,411681,690587,57689,12492,202193,196517,0,129844,552,46,0,69393,21861,89687,2702133,634718,397688,49745,3987,0,183298,1839893,145566,571488,8934,1910,5934,140018,279443,226423,0,180066,133936,28234,3082,0,4656,0,0,0,0,0,0,32585,2750,74868,227522,-3182
1983:Q2,2801168,233658,966482,419074,543310,638644,2801168,1990833,35463,557500,969826,428044,717826,59821,12432,202669,213061,220,134018,536,74,0,72141,22854,92509,2803786,673233,426767,56051,4711,0,185704,1896462,149401,605939,10174,1940,9398,140729,289194,233448,0,184530,122464,31653,3100,0,4398,0,0,0,0,0,0,33623,2773,73698,234091,-2618
1983:Q3,2901063,242383,1010312,438438,559704,650226,2901063,2057354,38535,565894,1013632,439293,749818,61658,14553,203580,231538,2229,136651,520,122,0,76303,22664,93891,2903176,710031,467118,51430,5386,0,186097,1957824,154908,626930,10319,1976,10710,142558,299305,248051,0,182817,119983,32722,3142,0,5268,1789,0,0,0,0,0,40717,3600,73029,235321,-2113
1983:Q4,2976654,253778,1044748,454898,575106,648124,2976654,2107456,41000,568188,1048059,450209,784565,65175,15652,206780,244807,3655,141455,503,377,0,80212,25949,84633,2975687,718563,456251,64787,6023,0,191502,2019683,159203,646475,11067,2000,8947,145247,307788,257414,0,184170,119697,34910,3149,0,3846,2995,0,0,0,0,0,44999,4492,83284,237441,967
1984:Q1,3077473,268645,1092278,471527,590092,654931,3077473,2184308,43368,584561,1095552,460827,806227,62363,16358,212323,255930,5630,148629,667,128,0,77571,26628,86938,3075946,759488,479162,76853,6139,0,197334,2073502,159372,644919,10407,2017,9794,147842,320955,263161,0,190729,132316,39164,3126,0,4257,4750,13742,690,0,0,0,40604,4100,81557,242956,1527
1984:Q2,3190363,296549,1121406,487974,610773,673661,3190363,2253907,45649,606582,1124668,477008,842368,69993,18510,221368,263344,7600,152159,833,337,0,87546,20678,94088,3185391,818359,534393,74845,6155,0,202966,2115107,161360,643898,11067,2021,10791,151675,332194,257266,0,201352,134467,41727,3133,0,5104,6500,13750,1379,0,0,0,33428,3874,100121,251925,4972
1984:Q3,3315881,300622,1172606,512617,631749,698287,3315881,2347172,48212,630042,1175861,493057,878020,64348,21840,233824,275538,9570,154780,1001,515,0,88778,27826,90689,3314343,853852,569950,69308,5920,0,208674,2199134,163511,657357,12133,2036,11021,155807,344830,275121,0,209169,140567,46920,2815,0,8742,8250,14147,2066,0,0,0,47752,4600,92290,261357,1538
1984:Q4,3455850,305701,1232741,529441,650603,737364,3455850,2442365,51171,660216,1235985,494993,926870,67097,22921,237210,288987,21339,163663,1181,1071,0,96289,27112,86615,3461007,857913,568230,74011,5481,0,210191,2309191,167612,664803,12576,2083,9633,159311,357730,296028,0,217912,165056,50845,2672,0,5347,8799,13580,2572,0,0,0,77189,5345,90098,293903,-5157
1985:Q1,3584390,317853,1277088,548395,675913,765141,3584390,2535167,53635,685075,1280318,516139,961097,65626,22505,241132,304033,25928,170550,1263,382,0,99512,30166,88126,3589222,935530,639336,62817,5468,0,227909,2353854,169355,672580,13638,2169,11213,163689,373212,295012,0,217234,175513,63647,2943,0,7435,5015,13834,2580,0,0,0,51977,5900,106908,299838,-4832
1985:Q2,3723369,326920,1310253,574247,705901,806048,3723369,2626542,56013,717806,1313474,539249,1005430,63385,23159,249936,321090,29733,182977,1345,548,0,102811,30446,91397,3733226,982062,653478,82688,5488,0,240408,2433097,177413,667658,14594,2287,12295,169628,387558,301886,0,222794,188949,79975,3071,0,9476,6699,14923,2591,0,0,0,61453,6528,103319,318067,-9857
1985:Q3,3867580,343467,1348328,600079,737592,838114,3867580,2715715,57850,742619,1351543,563703,1058292,64412,23012,253532,343332,33294,194675,1428,622,0,108260,35725,93573,3875984,1002645,684643,70885,5588,0,241529,2539210,177929,685657,16773,2421,13242,179107,404020,303540,0,231312,183620,95010,3557,0,13534,9450,17404,2603,0,0,0,68554,8100,123377,334129,-8404
1985:Q4,4153574,358526,1425915,628876,859484,880773,4153574,2941979,81334,780402,1429132,651111,1117243,65317,24416,257795,367864,37174,207972,1500,1342,0,115158,38705,94352,4177787,1099068,718297,81169,5754,0,293848,2714798,186025,720231,20525,2554,13321,188482,419013,314830,14194,237054,179152,129592,4070,0,9272,10174,17309,2763,0,0,0,96304,9710,140223,363921,-24213
1986:Q1,4283013,359798,1461722,654303,855878,951312,4283013,3007490,78698,810766,1464885,653141,1171181,63509,24309,256553,394587,45700,222402,1617,990,0,110538,50976,104342,4317752,1104776,729349,69882,9425,0,296120,2827986,184807,720905,20234,2706,13876,198257,436879,329103,14169,243096,201439,162931,4542,0,12192,17040,18777,4005,0,0,0,104438,8800,129790,384990,-34739
1986:Q2,4455217,374342,1488154,693538,883232,1015951,4455217,3100115,78393,846331,1491319,684072,1247153,63587,24954,261301,429072,53248,233494,1689,1696,0,126260,51852,107949,4486905,1140868,740753,80815,10008,0,309292,2929982,191986,747287,24234,2891,15019,207983,450657,327777,0,250530,203985,193260,5337,0,15484,21667,18823,5247,0,0,0,104677,8037,135101,416055,-31688
1986:Q3,4653028,388864,1553259,746678,898843,1065384,4653028,3214166,79199,878036,1556818,700113,1326425,65264,27909,267223,475896,59631,243523,1970,1322,0,131499,52188,112437,4683181,1137651,736578,78234,10530,0,312309,3110079,192484,790468,28139,3062,16249,218916,468009,336055,15000,263318,220283,224394,6132,0,16268,25345,23130,6489,0,0,0,105962,8376,142000,435451,-30153
1986:Q4,4837371,384904,1608685,808209,920383,1115190,4837371,3307581,78372,892043,1612293,724873,1420022,63771,27240,273010,531591,74753,255842,2829,3397,0,136561,51028,109768,4878047,1185467,767478,77913,10771,0,329305,3233846,205454,811475,30821,3173,17486,230237,484824,321538,15000,281535,214131,252046,6986,0,18843,53525,22392,7731,0,0,0,104427,7910,144312,458734,-40676
1987:Q1,4991692,396222,1624673,848405,949044,1173348,4991692,3379368,78339,918406,1629267,753356,1502299,67424,27218,268376,575435,93231,263330,3119,2952,0,144990,56224,110025,5022256,1202261,775804,75671,10720,0,340066,3344148,204128,817162,33736,3227,19025,240407,504141,325035,15000,293098,216543,294154,7587,0,21195,69250,23284,9346,0,0,0,92243,8624,146963,475847,-30564
1987:Q2,5134667,414601,1646764,895040,965157,1213105,5134667,3441048,78188,941146,1650891,770823,1585683,65950,32669,275771,615142,104186,270760,3601,3340,0,147775,66489,107936,5156814,1251197,832327,69549,10365,0,338956,3412948,217931,841942,35083,3222,20766,250627,519343,325972,15000,299182,211240,290508,7933,0,17848,76028,22848,10961,0,0,0,73931,9122,163461,492669,-22147
1987:Q3,5271671,421195,1663907,934710,989645,1262214,5271671,3504874,77948,963518,1667808,795600,1652407,64741,32394,283725,647084,116106,284144,4053,4022,0,153608,62530,114390,5280894,1307970,881268,70878,9971,0,345853,3474363,219564,865635,35677,3203,20633,260504,541932,332763,15000,303473,211957,282446,8956,0,19882,81439,25370,12576,0,0,0,71182,9124,153047,498561,-9223
1987:Q4,5418357,437922,1711632,977752,1011975,1279076,5418357,3598702,78073,986175,1716776,817678,1699070,67806,33830,303214,669394,118339,280555,4614,3248,0,150601,67469,120585,5425458,1315551,887378,68768,9799,0,349606,3601457,226459,909775,37041,3207,20448,269647,564156,338234,14845,313435,216367,267780,10967,0,23599,81771,28095,14191,0,0,0,81965,9347,170128,508450,-7101
1988:Q1,5529051,447503,1743989,996381,1020754,1320424,5529051,3665335,78178,1011324,1749010,826823,1738060,63436,32744,313519,677841,130411,276922,4741,3498,0,152703,82245,125656,5542035,1313078,884514,66367,9796,0,352401,3684551,225049,910567,37801,3152,20398,278031,588930,331869,14846,317490,236812,272177,14134,0,27619,91720,29466,14824,0,0,0,90431,8345,170890,544406,-12984
1988:Q2,5653414,474751,1755942,1020149,1032495,1370077,5653414,3726787,78285,1047566,1762894,838042,1799608,64833,33269,317882,695315,139000,290265,4846,5327,0,152835,96036,127019,5662232,1335288,910577,64426,9897,0,350388,3766260,230003,927028,38116,3039,21154,285635,609847,333028,15002,325603,224575,276416,19708,0,23178,98092,32269,15457,0,0,0,85957,8227,193926,560684,-8818
1988:Q3,5793567,484669,1786803,1061800,1056583,1403712,5793567,3814432,78989,1074802,1798979,861662,1848414,65587,32532,328487,721137,145804,288777,4830,5511,0,153750,101999,130721,5801461,1384176,955433,62416,10079,0,356248,3847413,231126,943531,37704,2949,21856,292942,630540,348593,15004,330853,217873,277215,24682,0,24211,101944,31672,16090,0,0,0,86903,8446,203279,569872,-7894
1988:Q4,6010119,513359,1824433,1115962,1079962,1476403,6010119,3913363,79564,1102799,1847011,883989,1920232,66146,34360,348097,745287,154412,304717,4874,7517,0,150137,104685,176524,6004454,1484148,1040999,64397,10318,0,368434,3931637,241215,948734,37247,3009,22450,300435,650991,351363,14852,334934,227898,276008,28834,0,29921,107131,32918,16723,0,0,0,77595,9492,219887,588669,5665
1989:Q1,6175507,543026,1856155,1157059,1087465,1531802,6175507,3977914,79271,1127636,1878439,892568,2015314,64059,30500,364316,770459,194169,310873,5021,9649,0,158026,108242,182279,6165314,1534489,1071616,82449,10655,0,369769,4015902,235422,946339,36472,3176,22230,307659,670676,354088,14857,345503,247478,278528,31464,0,30730,109991,33992,16941,0,0,0,97004,9437,223915,614923,10193
1989:Q2,6270497,562198,1861784,1187035,1094584,1564896,6270497,4027466,79517,1162621,1885351,899977,2060719,63805,33087,368986,794482,195175,322545,4967,10865,0,157584,109223,182312,6279363,1580971,1099662,88980,11129,0,381200,4086350,238421,927491,36957,3351,21648,314893,692938,365805,15017,356190,260035,287690,31645,0,11322,107924,36113,17158,0,0,0,123720,9337,228695,612042,-8866
1989:Q3,6387147,569591,1892480,1222783,1112503,1589790,6387147,4097065,80471,1181428,1917822,917344,2101422,62394,34250,370429,827012,196980,334042,4974,10128,0,161207,100006,188660,6390627,1620294,1125615,93651,11605,0,389423,4128896,227606,902646,38706,3544,20444,322050,707674,379038,15022,361431,277738,292106,34512,0,20255,110046,37252,17376,0,0,0,124814,8950,227686,641437,-3480
1989:Q4,6547828,579222,1942516,1267073,1129798,1629219,6547828,4178938,82715,1197917,1966713,931593,2170508,60268,35386,373327,869549,209855,341386,4906,13783,0,161047,101001,198382,6569296,1656685,1141670,107244,11946,0,395825,4219184,233300,889662,41019,3717,19499,329181,727879,395377,15030,366167,297379,296256,35390,0,25406,99100,38981,17593,0,0,0,159092,10714,218442,693427,-21468
1990:Q1,6663139,594386,1955020,1314825,1147494,1651414,6663139,4242140,82882,1222979,1986610,949669,2217789,57523,33173,378070,905165,220160,354725,4562,12289,0,158940,93182,203210,6672850,1652410,1135114,87382,12183,0,417731,4333014,224423,907872,45640,4634,22006,336211,750923,399411,15043,382642,340615,306031,37898,0,32679,105141,38818,17318,0,0,0,128637,11553,225519,687426,-9711
1990:Q2,6786193,593977,1985110,1358106,1159783,1689217,6786193,4305315,83695,1242767,2018043,960810,2266991,52967,32955,380974,944199,236567,358845,4610,10825,0,148213,96836,213887,6800686,1692739,1171262,87450,12347,0,421680,4409142,237829,898564,48258,3909,23241,343050,778010,417060,15058,389877,329771,314179,36563,0,39197,105931,40978,17043,0,0,0,128021,9459,233144,698805,-14493
1990:Q3,6922895,612854,2043898,1395547,1170082,1700514,6922895,4383998,84265,1252441,2076501,970791,2318129,51760,32129,384410,978534,250067,353358,4456,14312,0,135337,113766,220768,6929381,1726546,1208870,77320,12452,0,427904,4492271,240750,896437,50792,3973,24137,349980,804348,427635,15076,392299,357389,313906,36398,0,56454,107378,42534,16768,0,0,0,117964,8921,229132,710564,-6486
1990:Q4,7096927,609879,2117196,1445906,1178619,1745327,7096927,4467466,85694,1254454,2149546,977772,2401519,54502,34501,393694,1019862,269216,362910,4716,15289,0,124843,121986,227942,7096807,1801767,1277494,79441,12512,0,432320,4585706,241432,892859,56387,4057,25278,357274,818897,435846,15134,385928,377358,325997,36692,0,53659,103252,44427,16493,0,0,0,166025,8389,220322,709334,120
1991:Q1,7221259,607807,2165271,1473628,1191778,1782775,7221259,4545239,85495,1276700,2191621,991423,2432917,51598,28106,396972,1050306,280019,368461,4776,16421,0,119572,116686,243103,7222616,1773472,1241914,76700,12497,0,442361,4729580,247307,899413,59504,4160,27978,365315,849404,449133,15186,390515,416657,365298,38766,0,65413,101467,46522,16517,0,0,0,158875,8139,204011,719564,-1357
1991:Q2,7329452,583624,2204987,1500385,1211966,1828490,7329452,4627071,86925,1300855,2229787,1009504,2469616,49051,28010,389601,1085984,293897,368224,4748,18154,0,116344,115603,232765,7327533,1817317,1279376,81002,12373,0,444566,4774117,253697,896028,57073,4281,30491,373473,883741,450260,15223,394449,395345,390682,42557,0,66819,94215,48812,16541,0,0,0,170789,8062,181579,736099,1919
1991:Q3,7524814,572015,2308289,1535655,1242263,1866592,7524814,4761092,89027,1308215,2325891,1037959,2522999,47224,26181,394741,1123312,310980,360841,4654,18212,0,114275,122579,240723,7538668,1878388,1303245,96531,12254,0,466358,4911942,264708,916258,60526,4392,32725,381120,903804,464217,15287,391528,394524,425634,46088,0,83520,87131,54108,16565,0,0,0,190234,8584,170989,748338,-13854
1991:Q4,7710893,565918,2390681,1577948,1272079,1904267,7710893,4880905,89511,1313573,2409237,1068584,2583609,46671,24906,402903,1156489,322980,376896,4669,19000,0,114541,114554,246379,7750941,1913738,1316319,108051,12249,0,477119,5052658,272530,937144,72504,4466,36264,387614,909242,468462,15364,387730,409201,486059,49482,0,89358,76631,59266,16589,0,0,0,187218,8761,178773,784545,-40048
1992:Q1,7881200,574110,2473821,1601230,1275453,1956586,7881200,4996594,90587,1345889,2489586,1070532,2638713,44824,23137,405736,1179729,339038,379512,4867,19686,0,117436,124748,245893,7902796,1948884,1348713,97079,12356,0,490736,5147400,271756,962165,70402,4977,41451,394153,934929,475638,15449,397418,430118,464474,55306,0,105101,76437,58637,16650,0,0,0,179204,10694,182441,806512,-21596
1992:Q2,8051720,579920,2532517,1653138,1287091,1999054,8051720,5087111,91820,1366738,2548379,1080174,2706790,46197,22045,418289,1218987,351799,371991,4628,23104,0,113208,136542,257819,8084991,1947628,1332039,120387,12560,0,482642,5296184,282593,976000,77409,5814,46183,399421,960384,477665,15533,402636,419423,508162,60007,0,108689,71788,55935,16703,0,0,0,214977,10665,186197,841180,-33271
1992:Q3,8227833,583561,2606080,1696981,1301309,2039902,8227833,5188784,91436,1379380,2624199,1093769,2774089,49073,20142,435214,1243648,367588,378973,4629,22706,0,115003,137113,264960,8277408,1966910,1349964,115587,13040,0,488319,5456883,285246,1005744,79202,6584,49964,400805,986517,491775,15661,419036,416916,541276,64628,0,115461,64032,59092,16712,0,0,0,236985,13554,187693,853616,-49575
1992:Q4,8378545,579048,2683010,1734442,1295401,2086644,8378545,5273208,91891,1394296,2701796,1085225,2833397,51753,21155,443609,1272047,385568,377509,4714,21694,0,113917,141431,271940,8393459,1985296,1355073,132173,12976,0,485074,5555013,300424,1028201,83149,7243,51552,404695,1009068,498293,15744,425302,413324,571309,69666,0,122898,59971,61171,16773,0,0,0,206084,14059,196087,853151,-14914
1993:Q1,8579737,565470,2737390,1771050,1314788,2191039,8579737,5412496,92579,1460069,2756966,1102882,2881295,50591,19304,451677,1299797,401062,364185,4528,19323,0,119093,151735,285946,8608350,1997777,1374402,118615,13288,0,491472,5747027,303584,1059577,88188,7800,56252,411987,1047251,512420,15858,424066,415016,634134,74662,0,115661,65634,64966,16728,0,0,0,238674,13379,181190,863546,-28613
1993:Q2,8768830,572048,2786667,1790737,1343078,2276300,8768830,5546776,93812,1517140,2807263,1128561,2920040,51788,18173,468841,1301300,416780,356099,4146,22754,0,120869,159290,302014,8789391,2000550,1357624,124767,13386,0,504773,5896712,318175,1066687,88345,8219,58027,421065,1081144,513658,16001,435798,414676,677266,79658,0,122930,68925,67343,16683,0,0,0,248515,14894,178703,892129,-20561
1993:Q3,9013078,568184,2829297,1865973,1360066,2389558,9013078,5653362,93740,1562042,2853951,1143629,3026780,51578,16490,510764,1330555,437602,359115,4070,26419,0,122287,167900,332936,9057054,2012193,1351185,143305,13453,0,504250,6113369,324161,1087103,90370,8601,59040,430487,1114555,536332,16202,452871,414741,713579,84654,0,140914,76924,71449,15754,0,0,0,264409,15608,195615,931492,-43976
1993:Q4,9264940,580012,2911911,1907522,1361698,2503797,9264940,5769193,92952,1593863,2938496,1143882,3123294,51309,16027,524171,1356766,468064,365098,4096,33734,0,126469,177560,372453,9279212,2062896,1405053,142181,15084,0,500578,6235482,336653,1096075,98316,8933,61116,438809,1135194,535408,16311,454083,432996,752418,89650,0,143682,83563,74787,16606,0,0,0,240732,16169,203981,980834,-14272
1994:Q1,9476162,582087,2964629,1989720,1361402,2578324,9476162,5869321,93617,1643978,2990888,1140838,3258601,51525,14372,564165,1399296,492130,377098,3901,31258,0,126970,197886,348240,9436807,2138136,1478422,148719,12640,0,498355,6289107,341487,1122643,103486,8800,65372,443678,1159045,535120,16407,459417,438767,702237,88725,0,161215,94748,75602,15211,0,0,0,236156,17166,203825,1009565,39355
1994:Q2,9600684,587978,2971742,2060648,1352276,2628040,9600684,5895949,94724,1673960,2999180,1128085,3358397,51155,14163,600793,1432417,504252,390257,3608,31324,0,130201,200227,346338,9539398,2228507,1563811,146132,17056,0,501508,6285659,351564,1111434,105346,8900,66767,448801,1167916,555540,16405,458923,438703,677415,87800,0,177463,101126,77603,13815,0,0,0,212170,16531,191437,1025232,61286
1994:Q3,9749395,599158,3011491,2121886,1341280,2675580,9749395,5942443,95193,1691955,3039653,1115642,3456135,52465,14652,638791,1454933,521277,398667,3500,29419,0,133818,208613,350817,9678380,2254728,1584926,143811,17707,0,508284,6364603,356816,1100699,103863,8700,66215,454672,1191565,573262,16439,459577,445072,675872,86875,0,199636,105535,79283,12419,0,0,0,213579,17347,197177,1059050,71015
1994:Q4,9956883,623463,3074079,2200192,1325770,2733379,9956883,6006349,96138,1711446,3100822,1097943,3586458,53628,13439,701044,1472405,538291,418949,3219,34255,0,142559,208669,364076,9820052,2383514,1726938,146524,19944,0,490108,6395866,368156,1076392,99102,9041,65070,461774,1208189,579670,16411,463505,466746,650510,85950,0,234196,106736,82376,11023,0,0,0,192954,16972,201093,1040672,136831
1995:Q1,10125636,654723,3147620,2223465,1311393,2788435,10125636,6087880,96515,1734179,3174056,1083130,3660620,55197,13041,716783,1480246,552219,435010,3220,26870,0,147694,230340,377136,10007182,2353993,1700391,128196,22101,0,503305,6552939,367115,1063818,128014,9225,63714,468741,1243705,587327,16502,483917,488218,670972,89146,0,246047,106906,87339,10751,0,0,0,204834,15951,200697,1100250,118454
1995:Q2,10296907,673805,3172695,2274800,1304195,2871412,10296907,6144283,97003,1773316,3199533,1074431,3763172,56801,12876,748564,1499398,578437,444951,3223,26844,0,152231,239847,389452,10208867,2329419,1685199,153320,23157,0,467743,6706636,375737,1052451,140900,9709,65196,475723,1277302,591123,16643,485294,515833,683957,93397,0,268872,111121,89347,10478,0,0,0,233109,17458,192986,1172813,88040
1995:Q3,10449527,692724,3199633,2328063,1278456,2950651,10449527,6155609,96364,1784090,3226573,1048582,3880040,59175,11643,774093,1527030,619031,449346,3229,27368,0,157789,251336,413878,10365492,2307872,1712849,123030,24763,0,447230,6802758,370564,1065256,141031,9652,63769,482980,1292042,590690,16732,487519,513454,718407,96307,0,275863,124146,90055,10205,0,0,0,239901,15363,198822,1254862,84035
1995:Q4,10712238,700379,3247828,2405961,1268157,3089913,10712238,6207043,96359,1797593,3276051,1037040,4017088,58607,10356,807007,1570731,666360,468641,3259,29300,0,157195,245632,488107,10697887,2363749,1774604,137852,25838,0,425455,6991460,380831,1046451,145062,10523,64608,490309,1301924,595534,16907,493864,553527,758138,100693,0,312060,127556,95345,11483,0,0,0,280167,16178,190300,1342678,14351
1996:Q1,10919011,717560,3326813,2442646,1264843,3167149,10919011,6321459,97616,1837097,3354456,1032290,4099112,60863,10033,814908,1600095,692959,475683,3290,21360,0,163111,256810,498440,10863355,2321648,1738381,124159,27372,0,431736,7123150,379582,1050095,151060,10166,67509,496220,1313316,602404,16972,509040,603617,761903,97876,0,326959,130457,96890,12760,0,0,0,269203,15285,211836,1418558,55656
1996:Q2,11097159,753577,3302754,2518478,1269829,3252521,11097159,6336906,99207,1873228,3330959,1033512,4254321,64111,8780,846568,1643705,728583,488577,3332,24649,0,167123,278893,505932,11031746,2424578,1814663,138943,29511,0,441461,7134533,386302,1041628,156342,10010,69464,500114,1311239,606864,16961,523235,603610,774865,97671,0,319317,129785,98291,14038,0,0,0,250106,16555,208136,1472635,65413
1996:Q3,11257355,777382,3344692,2573406,1251696,3310179,11257355,6367492,100371,1880751,3372129,1014241,4351348,65458,8898,866605,1679364,748336,497750,3383,26068,0,166220,289266,538515,11194090,2408531,1824364,135843,30298,0,418026,7214474,386219,1024290,160566,9719,68580,505628,1342576,594953,17040,511657,619063,794514,98877,0,334266,127192,102407,15319,0,0,0,263709,17670,220229,1571085,63265
1996:Q4,11486226,802977,3387118,2635764,1261631,3398736,11486226,6426792,102440,1889281,3413731,1021340,4492361,67615,9643,897443,1711708,781007,514778,3535,27281,0,165690,313661,567073,11439673,2414867,1853870,138732,31177,0,391088,7355191,393132,1004382,178299,9239,68398,511823,1393465,585711,17112,521621,644395,814396,100005,0,360661,122972,110801,15918,0,0,0,283929,19873,199059,1669616,46553
1997:Q1,11654832,861087,3433093,2662430,1266301,3431921,11654832,6518085,103523,1931085,3459351,1024126,4562506,69252,9738,895813,1740359,786673,516794,3843,26567,0,165783,347684,574241,11540844,2257554,1718618,131445,32878,0,374613,7540348,397070,1020032,196478,10661,81686,513436,1418983,596884,17076,541152,671488,814851,97473,0,381508,116493,110934,16421,0,0,0,300511,20833,216378,1742943,113988
1997:Q2,11806055,893081,3361985,2734372,1283206,3533411,11806055,6511515,106529,1979805,3388304,1036877,4705508,71589,10347,945532,1762521,803957,548485,4248,35301,0,173877,349651,589032,11755641,2268605,1736350,114841,33624,0,383790,7682755,412410,1026272,190341,10733,83859,519524,1463684,605418,17140,557669,667064,843887,99195,0,401093,114677,117766,18587,0,0,0,294215,22195,217026,1804281,50414
1997:Q3,11983589,925714,3369532,2774276,1294019,3620048,11983589,6582616,107244,2034658,3395621,1045093,4780402,72339,9249,957099,1791088,845136,523755,5518,33583,0,180176,362459,620571,11988353,2262348,1755669,107805,34613,0,364261,7839558,412747,1024082,198330,11668,81762,528244,1491260,616285,17222,573056,688733,893328,100607,0,409250,105090,111370,20977,0,0,0,307531,21214,226802,1886447,-4764
1997:Q4,12240620,979423,3388018,2849331,1318530,3705318,12240620,6637155,109571,2046083,3414544,1066957,4970223,78145,7215,996511,1826294,918436,544093,6677,35340,0,184907,372605,633242,12275472,2298336,1798406,99247,35411,0,365272,8084785,431421,1064522,206101,11495,78808,535969,1499016,628734,17361,580667,732284,927807,102220,0,434512,101229,120521,26747,0,0,0,303348,25407,256616,1892352,-34852
1998:Q1,12580333,1074753,3399328,2905729,1344209,3856314,12580333,6777174,113584,2151561,3425246,1086783,5145746,79712,5511,1032256,1847555,963406,566047,8428,35082,0,197449,410300,657413,12610234,2264576,1785627,91667,37258,0,350024,8411339,433807,1082840,216923,12549,81303,542469,1525900,627032,17464,595950,785469,969838,102862,0,485452,99724,127383,30104,0,0,0,378136,29069,267065,1934319,-29901
1998:Q2,12860287,1112723,3302345,3008901,1373908,4062410,12860287,6808389,117536,2252070,3327903,1110880,5370043,79756,3996,1073954,1909389,1039640,594667,10038,40084,0,209468,409051,681855,12920006,2394784,1893342,82588,38855,0,379999,8533974,440299,1071557,221390,12847,83901,542746,1540677,619335,17551,613538,828335,1007170,105053,0,510664,99880,130668,28303,0,0,0,348879,24856,286325,1991248,-59719
1998:Q3,13078915,1165059,3265085,3149272,1380576,4118923,13078915,6819194,118674,2295087,3290540,1114893,5581784,81549,3541,1147570,1976247,1102059,586545,10737,39435,0,217840,416261,677937,13212775,2490524,1966212,86759,39952,0,397601,8733648,446450,1092109,200652,12922,84567,544341,1558886,617319,17802,627731,885269,1026616,108372,0,571167,112088,121165,24904,0,0,0,372242,26409,282637,1988603,-133860
1998:Q4,13402887,1172560,3292049,3322895,1402728,4212655,13402887,6884993,121329,2309478,3320550,1133636,5843446,83857,2406,1275425,2018969,1177345,598983,11416,42533,0,219936,412576,674448,13471059,2454934,1873783,100255,40799,0,440097,8956392,452479,1155719,205051,15195,87102,546927,1573919,618172,17963,639064,987231,1043094,108208,0,651927,126445,127605,18339,0,0,0,293260,22693,265999,2059733,-68172
1999:Q1,13780786,1227578,3298489,3464886,1425161,4364672,13780786,6998341,123350,2395716,3326607,1152668,6103610,83950,2132,1323758,2113010,1226159,619647,12736,34756,0,230366,457096,678835,13773497,2448376,1844033,100327,40068,0,463948,9231114,465997,1183107,203073,14752,92078,542543,1584992,635507,17949,657123,1052849,1048425,108739,0,690912,144241,137978,19733,0,0,0,331307,21728,278081,2094007,7289
1999:Q2,13979792,1243339,3187031,3612367,1441525,4495530,13979792,6973136,126171,2466609,3215299,1165057,6328217,84018,2100,1400457,2183642,1283711,646842,12409,30182,0,237352,447504,678439,13852325,2386660,1759199,101694,39588,0,486179,9355344,485125,1215008,194213,15693,95808,542830,1584104,663942,17895,660889,1021217,1065169,108297,0,732809,159185,141965,19646,0,0,0,298797,21191,311561,2110321,127467
1999:Q3,14285524,1284463,3172959,3777827,1447418,4602857,14285524,7039552,128874,2542876,3201235,1166567,6550994,84577,1821,1502334,2247217,1329647,636604,12551,34623,0,242036,459584,694978,14081014,2376941,1717110,111411,39608,0,508812,9507163,489275,1229589,206474,16732,92769,540702,1580618,684961,17828,670704,1074755,1049863,108296,0,790383,167859,140434,19116,0,0,0,303896,20786,302123,2196911,204510
1999:Q4,14527899,1402444,3221095,3916025,1457089,4531246,14527899,7112709,131742,2559067,3249379,1172521,6768138,85133,2003,1594210,2293531,1334498,660739,14896,25309,0,253649,504170,647052,14104138,2246329,1559505,105469,39877,0,541478,9780514,478144,1253206,214576,17356,85686,546379,1570521,717506,17669,681303,1179905,1031477,105749,0,830637,167823,154573,19508,0,0,0,292920,30353,385223,2077295,423761
2000:Q1,14738674,1478128,3201973,3971750,1461603,4625220,14738674,7172352,132517,2634270,3229741,1175824,6896442,88040,1959,1620483,2323499,1361726,680100,14928,36416,0,261807,507484,669880,14278461,2144768,1425749,112516,40310,0,566193,9986193,501858,1267028,209897,17282,91301,547906,1589998,709576,17512,695000,1262013,1015488,107414,0,860846,175562,157329,19167,0,0,0,323682,20512,396822,2147500,460213
2000:Q2,14784403,1534260,3014524,4067602,1472014,4696003,14784403,7064490,135917,2703105,3042751,1182717,7068731,91550,2029,1682743,2356632,1389005,708258,15127,36246,0,271142,515999,651182,14321148,2155178,1403354,124591,40493,0,586740,9980250,505090,1260242,202625,17560,91126,545099,1600031,678148,17477,698673,1214276,1007756,106266,0,884524,180732,159425,18515,0,0,0,312561,19230,460894,2185720,463255
2000:Q3,14974275,1570845,2970228,4196119,1466923,4770160,14974275,7064965,136330,2754130,2997849,1176656,7227858,94032,1940,1752603,2415895,1427476,727582,14504,42588,0,242985,508253,681452,14551693,2160642,1379012,128395,41426,0,611809,10150001,511543,1271158,210385,19573,85024,547847,1620203,645116,17559,704547,1260214,1030773,106157,0,942266,179461,167189,18809,0,0,0,364667,19827,427683,2241051,422582
2000:Q4,15239511,1613994,2944782,4346988,1480713,4853034,15239511,7050004,137501,2751370,2972108,1189025,7486191,98616,1962,1826417,2493245,1515033,743347,13590,40944,0,250455,502582,703316,14913241,2294986,1495520,124661,42608,0,632197,10283724,511833,1277925,221998,21086,84785,547303,1629511,596136,17873,721119,1348643,1034925,106523,0,1015603,176758,173357,19917,0,0,0,334505,19114,424810,2334532,326270
2001:Q1,15559923,1540163,2964368,4455491,1509553,5090348,15559923,7157268,138656,2811249,2991135,1216228,7685529,101950,1819,1892900,2535824,1527531,718484,12977,35007,0,273912,585125,717126,15276565,2233563,1421330,113209,44040,0,654984,10617356,523872,1258003,225309,19434,94141,539969,1655920,615442,18979,697891,1472811,1074441,106056,0,1078120,186022,177258,20033,0,0,0,437949,19864,395842,2425647,283358
2001:Q2,15706945,1479518,2804731,4629047,1548554,5245095,15706945,7127128,142324,2902611,2831779,1250414,7873742,100757,1353,1964609,2637390,1579404,728401,12092,43913,0,261338,544485,706075,15398089,2192005,1347520,111844,45222,0,687419,10717816,535120,1276853,229728,19088,93763,539992,1693486,596082,19249,708765,1486655,1110982,104950,0,1143284,191050,170048,22006,0,0,0,428216,19213,329286,2488268,308856
2001:Q3,16044290,1442404,2883903,4833695,1557240,5327048,16044290,7234161,144462,2922464,2910863,1256372,8124811,101974,1030,2046278,2760457,1651442,732951,12176,47064,0,263257,508182,685318,15870078,2338720,1472486,117077,45652,0,703505,10986049,534146,1318501,238145,19992,103455,546468,1744657,578755,20801,679138,1590795,1115036,107247,0,1210412,192840,176461,24418,0,0,0,494610,18879,271293,2545309,174212
2001:Q4,16474481,1473993,2940792,4989126,1603398,5467172,16474481,7368707,151328,2955427,2967569,1294383,8401813,101979,1089,2130565,2831784,1758814,733687,13111,42343,0,256532,531909,703961,16303267,2288602,1381256,124868,46334,0,736144,11279715,551685,1387639,241455,23308,113913,562571,1757216,559216,23217,668411,1624482,1143035,110175,0,1256355,210239,192367,29089,0,0,0,461726,22972,340644,2734950,171214
2002:Q1,16792939,1411428,2994298,5158371,1627094,5601748,16792939,7472973,153440,2982753,3020626,1316154,8599419,99295,966,2175623,2956420,1808896,721283,12590,38425,0,250053,535868,720547,16589327,2254070,1326712,124424,46302,0,756632,11520724,575366,1440417,226922,25017,125599,573041,1827664,570019,22963,675783,1592750,1181445,115973,0,1320740,216311,188175,35734,0,0,0,466001,25813,314991,2814533,203612
2002:Q2,17090248,1348556,3012323,5279787,1681145,5768437,17090248,7557120,156625,2995194,3039098,1366203,8789473,100021,939,2210400,3042612,1870429,740447,15556,42805,0,248923,517341,743655,17000492,2396637,1445508,127959,46270,0,776900,11650721,590693,1473585,242377,25754,127198,585844,1886570,585531,23541,646827,1519197,1215212,118895,0,1342791,223564,192700,41865,0,0,0,512326,26344,269907,2953134,89756
2002:Q3,17369610,1340821,3096826,5395156,1706636,5830171,17369610,7651183,158059,2979716,3123996,1389412,8971453,98806,1066,2282789,3085197,1918406,766068,17499,46614,0,253248,501760,746974,17452175,2457536,1477236,140785,46238,0,793277,11930206,604201,1502110,260775,25752,130127,600948,1961467,576290,25171,619906,1506231,1280958,124323,3933,1370730,249713,201971,45549,0,0,0,499902,25907,314242,3064433,-82565
2002:Q4,17873727,1374897,3181716,5536276,1762821,6018017,17873727,7785472,163897,2974282,3208991,1438302,9259001,101496,655,2350398,3158603,2014801,783093,20010,40624,0,268115,521206,829254,17969380,2578603,1557050,145920,46206,4978,824449,12192982,634394,1549815,264218,27298,138887,625823,2018056,550500,26047,591833,1596707,1307441,127581,3914,1414264,285029,210467,41353,0,0,0,489273,25139,264943,3197795,-95653
2003:Q1,18313562,1358915,3293980,5664191,1793878,6202598,18313562,7937385,167987,2983421,3320860,1465117,9567641,103758,538,2406836,3230475,2098575,786298,21587,50232,0,323031,546311,808536,18427566,2503825,1480846,147400,46550,5011,824018,12625800,646485,1614021,272775,26285,153037,637952,2082234,570046,27152,587654,1577920,1355575,133486,3669,1452223,316252,219026,41823,0,0,0,541940,30602,335643,3297942,-114004
2003:Q2,18684750,1328250,3356764,5774915,1853615,6371206,18684750,8086994,171757,3011499,3383773,1519965,9765936,105590,458,2454945,3292961,2158546,831104,25618,46175,0,341903,508636,831820,18912715,2475040,1400646,150337,46895,5037,872125,12971024,657165,1668557,279592,29126,162660,654812,2145195,583950,27377,606873,1582105,1446576,150723,3868,1442512,349948,235140,43046,0,0,0,522037,36466,343296,3466651,-227965
2003:Q3,19038797,1295613,3438700,5972097,1865836,6466551,19038797,8214375,174523,3045334,3465723,1528795,10021763,106070,470,2569913,3375161,2204012,844984,32066,48640,0,346612,493835,802659,19192180,2485145,1380536,163107,47239,5058,889206,13146868,661184,1624018,261005,32820,158660,674091,2182956,598538,32848,607667,1555550,1435031,158868,4206,1537862,373523,253769,42863,0,0,0,554646,29575,367189,3560167,-153383
2003:Q4,19554851,1292938,3553832,5969388,1900376,6838317,19554851,8348054,177703,3032894,3578698,1558759,10173014,107789,592,2601271,3343251,2265119,888368,38613,46991,0,362965,518055,1033783,19587196,2656332,1506454,157048,47584,5588,939658,13258451,672253,1710309,250722,33441,159095,699615,2210252,622828,32898,649747,1516024,1457489,163180,4667,1376222,368709,263751,46719,0,0,0,613221,28819,378490,3672414,-32345
2004:Q1,20749885,1328860,3702839,5974191,2721611,7022384,20749885,9338400,190148,3085269,3727971,2335012,10345843,107878,550,2602671,3346388,2356252,901406,46761,59978,0,390324,533635,1065642,20872638,3506929,2303700,160190,49324,5624,988091,13472683,679708,1828105,261743,34963,162877,727547,2268393,623581,32833,698312,1444581,1437203,167491,6088,1379202,372216,258880,61163,0,0,0,599883,28841,399073,3893026,-122753
2004:Q2,21021967,1304433,3736774,6047127,2796767,7136866,21021967,9435685,195687,3080490,3760995,2398513,10528042,111755,576,2656374,3366532,2475078,910779,55930,60596,0,379975,510447,1058240,20898153,3277186,2113701,158009,51064,5651,948761,13519087,693042,1831930,253011,37249,164406,744024,2312510,625415,31984,712039,1380124,1459957,165471,6709,1390576,370829,248908,63491,0,0,0,572342,29023,426047,4101881,123814
2004:Q3,21423527,1309996,3822244,6090892,2833382,7367013,21423527,9563431,196971,3087514,3846427,2432519,10755951,112788,651,2685944,3380765,2603481,932021,71050,68897,0,401877,498477,1104145,21465060,3514413,2258555,161033,52804,5688,1036333,13690973,706029,1785042,255897,37994,155896,770282,2359056,623096,32528,685053,1348003,1501093,170330,7460,1411375,349049,253082,72748,0,0,0,688270,29355,449335,4259675,-41533
2004:Q4,21868350,1399127,3919926,6084549,2882552,7582196,21868350,9706294,201194,3084961,3944187,2475952,10992574,120238,736,2676270,3384018,2741363,992675,101146,62237,0,398781,515110,1169482,21874119,3594034,2388405,173582,54544,7786,969717,13830467,725605,1767912,267798,39079,159042,791013,2389522,621001,32465,749930,1368445,1522397,173651,8515,1364622,357382,256037,79273,0,0,0,615903,31294,509581,4449618,-5769
2005:Q1,22334973,1439633,4062682,6072148,2942413,7818097,22334973,9917952,204313,3097143,4086758,2529738,11230318,124776,641,2640891,3407181,2914301,1010642,112543,65026,0,407559,546758,1186703,22225208,3540169,2321876,190736,56063,7818,963676,14079306,725144,1905864,306557,39670,163859,813783,2418521,627865,32146,746021,1317922,1512632,173572,11316,1332777,365915,248228,81100,0,0,0,676413,30104,549897,4605733,109765
2005:Q2,22628867,1499011,3992064,6091054,3006133,8040605,22628867,9894659,206579,3095087,4015794,2577199,11515188,125339,759,2624974,3442350,3100864,1013974,123872,63720,0,419616,599720,1219020,22587891,3740261,2445580,192879,57582,7848,1036372,14087354,732570,1897320,324544,40925,161199,822989,2421864,635926,32696,706993,1276097,1565064,176253,12421,1306912,352916,252567,86568,0,0,0,693511,38732,549287,4760277,40976
2005:Q3,22812655,1561277,4044797,6066248,3050085,8090248,22812655,9993658,212553,3109126,4068433,2603546,11579410,127486,780,2557661,3484951,3282035,899795,130826,70720,0,429645,595511,1239587,22686908,3626344,2218869,198471,59102,7891,1142011,14118638,744251,1909941,347425,40727,148255,851057,2434406,647695,32639,706434,1274506,1591672,174847,13955,1289771,355378,204224,90516,0,0,0,676140,27038,557761,4941926,125747
2005:Q4,23334296,1644201,4143058,6164547,3105996,8276494,23334296,10115336,215906,3092421,4166893,2640116,11992475,133719,770,2592229,3548483,3502347,966475,126225,62361,0,440011,619855,1226485,23000551,3774216,2328291,215089,60621,8866,1161349,14246182,753081,1897641,346307,39968,149214,855336,2422801,664889,33064,740044,1369190,1609780,171608,15003,1283331,337885,203548,91091,0,0,0,692366,24314,545721,4980153,333745
2006:Q1,23877283,1699087,4297584,6240515,3121065,8519032,23877283,10303188,217999,3118338,4321166,2645685,12304371,135142,756,2589715,3627218,3682045,961901,137756,71136,0,455363,643339,1269724,23359902,3808515,2418982,208952,60989,8996,1110596,14457080,767538,1970356,344870,39875,157029,865089,2454790,658181,33068,729410,1382964,1633284,172449,15478,1288763,339893,200501,93013,0,0,0,708850,26423,575256,5094308,517381
2006:Q2,24343427,1764734,4211505,6353955,3184964,8828269,24343427,10324369,226489,3178229,4235144,2684507,12674307,141648,717,2638504,3691812,3856633,985305,137881,72769,0,497206,651832,1344751,23707733,3823214,2386123,211831,61358,9321,1154581,14581875,775685,2027470,365924,38018,150359,869905,2461985,661403,32719,747230,1405257,1643985,173930,17565,1295614,334042,189849,104332,0,0,0,711877,28464,546262,5302645,635694
2006:Q3,24797405,1865699,4257879,6409740,3212266,9051821,24797405,10412097,226630,3200336,4281264,2703867,12921133,146434,700,2617630,3768725,4041866,988034,138887,74011,0,508643,636203,1464175,24409139,3866750,2354829,208094,61726,9171,1232930,14861130,778095,2001438,369477,36633,145863,877029,2463559,688311,33282,765614,1495579,1716547,176300,18703,1275671,354411,183508,112670,0,0,0,786399,29981,552060,5681259,388266
2006:Q4,25396637,1958395,4297561,6492439,3292820,9355422,25396637,10556610,232184,3246740,4321070,2756616,13314786,160332,491,2627811,3841119,4277812,1014933,139177,68788,0,539047,645276,1525241,24894580,3763479,2194288,213883,62093,9319,1283896,15145684,788234,2018570,377669,34408,148997,892943,2414999,682519,34499,776414,1596477,1791096,177440,20515,1278440,384143,184833,127558,0,0,0,811802,31127,573001,5985418,502057
2007:Q1,26224272,2005500,4423714,6624119,3369823,9801116,26224272,10807195,234772,3309037,4446894,2816492,13808583,166515,336,2644481,3956458,4442628,1096064,145549,83652,0,557771,715129,1608494,25756869,3908795,2279638,192555,62724,9472,1364406,15500146,790373,2042640,404308,33878,158451,897640,2431325,694303,34939,755093,1683764,1847010,176996,22407,1256721,391274,189133,137691,0,0,0,934630,28611,588959,6347928,467403
2007:Q2,26740084,2111666,4294495,6785814,3455915,10092194,26740084,10843096,242495,3416601,4317651,2866349,14181721,173621,411,2684834,4077824,4601931,1086853,141041,93615,0,599130,722461,1715267,26085876,3765919,2187260,190807,63353,9263,1315236,15752392,799785,2065929,432220,33627,161760,895765,2441991,691865,35101,822281,1746180,1896783,177702,25901,1269010,405080,191967,139102,0,0,0,870581,27105,622657,6567565,654208
2007:Q3,27410701,1857724,4403060,7099555,3485892,10564470,27410701,10980860,244188,3428245,4426013,2882414,14613139,176994,290,2823986,4252616,4666508,1103631,136007,86273,0,631243,735591,1816702,26929974,4273358,2641684,164918,63984,9919,1392853,15933767,789551,2081568,444584,31823,159790,899179,2459616,712416,35420,815111,1848560,1952181,176197,29200,1237320,407566,195949,114708,0,0,0,962286,32090,548652,6722850,480727
2007:Q4,27965333,1788893,4493689,7397749,3562280,10722722,27965333,11169083,255272,3465732,4516828,2931251,14937052,185053,511,2910192,4464418,4641712,1097625,127295,64803,0,659051,786392,1859198,27449158,4317540,2681987,152455,64613,10244,1408241,16132014,750855,2072029,460671,30670,157461,898327,2450753,733828,36294,842539,1992717,2017732,170937,34692,1243820,429787,189350,120627,0,0,0,1020534,53618,424773,6999605,516175
2008:Q1,28398436,1784628,4691656,7563813,3598804,10759535,28398436,11439449,258232,3511339,4715114,2954764,15078892,185022,369,2938117,4602238,4586354,1118050,104724,80369,0,686088,777561,1880095,27908890,4320380,2738858,112416,62642,11076,1395388,16334501,602310,2060876,480638,29829,164339,893761,2401852,733874,37819,835055,2294309,2013549,162152,40445,1277834,421725,198352,113334,0,0,0,1110820,55055,406573,7254009,489546
2008:Q2,28645359,1748411,4656134,7885840,3643100,10711874,28645359,11524114,268705,3614518,4679655,2961236,15311709,184497,332,3102075,4760244,4491376,1101679,100931,84481,0,735379,750715,1809536,27740536,4415153,2873476,119669,60670,10994,1350344,16074254,489835,2104310,453571,31850,169226,881435,2346494,708565,37002,833388,2287419,2046967,155553,45154,1309013,415768,197768,118360,0,0,0,902763,78243,461570,7251129,904823
2008:Q3,28925724,1555718,5192997,8068431,3650887,10457691,28925724,12088571,266122,3649207,5216095,2957147,15256725,177108,0,3152680,4892653,4376021,1083805,91069,76926,0,699194,707269,1580428,27468425,4595377,3110471,118037,58699,13729,1294441,15826935,501545,2205759,436053,31303,162863,862239,2259770,687533,36980,770520,2287001,1956384,132815,50696,1253294,412952,195057,110263,0,0,0,1009317,69857,394734,7046114,1457299
2008:Q4,29356196,1599798,5757055,8166697,3676958,10155688,29356196,12679433,264913,3662767,5780401,2971352,15220499,185315,0,3181923,4961428,4231689,1025341,68413,97067,0,664312,805011,1456264,28159950,4942828,3438387,126993,56728,65975,1254745,15961649,507177,2148993,491473,28607,158147,854480,2175153,710197,34944,732359,2740354,1797057,112821,57262,1305544,393097,192364,98357,0,0,0,827588,65403,530272,7255474,1196246
2009:Q1,29743086,1424564,6227207,8182826,3713948,10194541,29743086,13258000,265554,3742417,6249755,3000274,15008303,170928,0,3118309,5041969,4034403,980846,43552,82039,0,1177700,358557,1476783,28447203,5189286,3720462,127408,55353,117535,1168528,16073001,790176,2207902,441986,26822,147827,869254,2279056,710435,33902,689698,2633063,1874420,114804,69103,1325449,329114,199695,100958,0,0,0,721678,54596,453063,7184917,1295883
2009:Q2,29995746,1279723,6571808,8141099,3761216,10241900,29995746,13694054,269096,3797691,6594082,3033185,14675051,168410,0,2948078,5170747,3841005,924769,42063,97137,0,1178841,304001,1626641,28945761,4959233,3332994,138700,53978,162036,1271525,16672899,1226811,2315376,378855,28117,159375,887830,2364036,730913,32677,711949,2473608,2064827,124268,82387,1330648,286764,204739,110380,0,0,0,728098,59284,371957,7313629,1049985
2009:Q3,30317028,1170016,6968783,8121259,3788075,10268895,30317028,14128230,270881,3815164,6991985,3050200,14396369,161345,0,2800509,5297548,3640151,913259,38224,104025,0,1185725,255583,1792429,29859734,5225439,3519468,132872,52604,185953,1334542,17137167,1604781,2347661,382340,28338,164738,910012,2468533,759314,34730,734152,2231858,2312180,136969,95771,1319054,221214,199890,116677,0,0,0,690187,60005,318763,7497128,457294
2009:Q4,30460644,1138000,7232689,8106793,3859997,10123165,30460644,14479890,272397,3841823,7256184,3109486,14108188,176970,0,2706589,5376709,3398960,899562,37062,92851,0,1157773,261712,1872566,29924253,5096574,3362180,145413,51229,208708,1329044,17347744,1856579,2390060,336341,26457,172584,939851,2584049,762342,36204,735603,2103482,2439786,136977,107082,1253705,153036,198615,116157,0,0,0,669497,61499,267838,7479935,536391
2010:Q1,30576360,1081303,7714997,7715167,3896070,10168823,30576360,15062010,273341,3914679,7738578,3135412,13571282,655309,74280,6703787,987799,2719953,922116,45124,92252,0,1147763,222899,1943068,30068956,5364932,3613671,146077,51844,198391,1354949,17090520,2025804,2399143,328581,23805,187188,939978,2634448,787839,36907,753104,1894547,2605986,141226,118006,786703,116893,87325,122397,0,0,0,725195,62280,313165,7613504,507404
2010:Q2,30727487,1028255,8059428,7696793,3901812,10041199,30727487,15446654,271131,3959588,8083278,3132657,13351838,688296,78180,6618868,1054075,2583267,897070,38682,100907,0,1099542,192951,1928995,30534108,5500915,3793250,153260,52460,187366,1314579,17225207,2071262,2369048,341842,20006,197515,940611,2706197,827762,35611,754333,1772758,2755793,141423,129569,770061,76222,86006,129127,0,0,0,716368,44749,338944,7807987,193379
2010:Q3,31212100,1050754,8457152,7631053,3908838,10164303,31212100,15938459,268502,4048523,8481123,3140311,13199804,645267,79569,6503569,1103513,2475034,879328,38495,96115,0,1174127,204787,2073837,31449089,5502462,3713226,165273,53074,177451,1393438,17650900,2056606,2459958,465469,17346,185478,945799,2784915,864807,37381,764342,1667136,2931692,148113,141070,752777,49655,84412,144513,0,0,0,730422,89837,329172,8295728,-236989
2010:Q4,31779720,1057585,8822662,7605498,3979584,10314391,31779720,16403874,270702,4088883,8846823,3197466,13274526,585097,88172,6434523,1146814,2347580,1188282,37013,129722,0,1150286,167037,2101320,31591228,5615309,3761443,216876,53689,162622,1420679,17724319,2173614,2502136,325623,16994,177364,944757,2856357,867278,37320,763146,1785437,2957017,142683,137680,725724,43626,84123,161173,0,0,0,741663,79399,201205,8251601,188492
2011:Q1,32133706,1131327,9090815,7656044,3962222,10293298,32133706,16714863,270546,4151316,9115274,3177727,13235279,583402,95954,6437298,1194287,2261705,1173614,37101,128238,0,1156677,167003,2183564,31924110,5509815,3693695,212702,53965,151940,1397513,18066126,2422712,2522103,321928,16709,196268,956658,2921772,876822,37080,769772,1762543,2904732,143478,145553,704244,43313,84436,211217,0,0,0,762469,79067,183250,8348169,209596
2011:Q2,32328720,1081645,9295140,7585054,3932592,10434289,32328720,16943600,269888,4209994,9319638,3144080,13075904,573314,86083,6317319,1243237,2199889,1162110,34755,110065,0,1202500,146632,2309216,32437656,5576490,3822212,218591,54240,117169,1364278,18336864,2657710,2485383,326830,15319,201084,958282,2968667,901078,36307,780985,1677008,2932495,147809,157176,690734,39447,86157,239397,0,0,0,758361,81337,195298,8524303,-108936
2011:Q3,32462416,1004484,9588341,7592222,3920434,10356935,32462416,17285357,265035,4269004,9613323,3137995,12890549,535955,61305,6282741,1284499,2122575,1164774,33477,99211,0,1180693,125319,2286510,33052750,5857378,4189558,188315,54515,84050,1340940,18410925,2656460,2543270,349000,13671,204131,965385,3033848,938994,37061,720387,1713491,2831722,145625,167881,704592,31351,88663,262772,0,0,0,719387,85938,197296,8784448,-590334
2011:Q4,32731884,969302,9906085,7584476,3941677,10330344,32731884,17657211,263571,4304140,9931353,3158147,12790967,563510,59502,6247324,1311884,2071969,1158531,31343,91829,0,1160753,94322,2283706,33464100,5891434,4188225,207993,54791,44371,1396054,18824009,2617610,2601063,327778,13479,207863,1012314,3074095,955513,39065,710796,1814229,3086862,148169,183675,697832,30195,85002,270279,0,0,0,723378,78434,146378,8748658,-732216
2012:Q1,33213549,979483,10306692,7539839,3943716,10443819,33213549,18155984,261851,4402215,10331125,3160793,12799114,554046,66481,6178597,1336809,2012518,1151606,31677,98018,0,1277137,92225,2258451,34342476,5726437,4096314,191365,55844,14351,1368563,19701868,2902051,2733172,320501,13518,226103,1000384,3128859,979643,40698,779166,1747335,3280912,151973,201949,686103,27930,84900,328240,0,0,0,784653,134905,148873,8914172,-1128927
2012:Q2,33296558,946771,10490548,7548146,3965895,10345198,33296558,18430590,257020,4481688,10515016,3176866,12565365,496224,60982,6139839,1383839,1945568,1128436,35362,102140,0,1197205,75770,2300603,34749476,5909126,4299342,188317,56898,12889,1351680,19862525,2995066,2738069,322903,12821,229839,990246,3121738,1023528,40983,792507,1678529,3388329,154882,221205,643079,26541,86899,347781,0,0,0,781530,99464,166586,8977826,-1452918
2012:Q3,33891870,939597,10723156,7550291,3956855,10721971,33891870,18769016,253399,4595527,10747550,3172540,12664696,493214,66035,6111541,1414356,1884737,1126468,33746,85832,0,1411584,37183,2458158,35574919,6067466,4389084,191765,57952,13074,1415591,20260714,2976546,2806926,349256,12154,228647,984214,3188255,1060580,41900,786965,1722367,3557229,161772,232560,617636,24537,85315,408008,0,0,0,765150,107404,143293,9246740,-1683049
2012:Q4,34282034,937938,11027944,7560295,3953506,10802351,34282034,19187592,249176,4714756,11052823,3170837,12557269,484610,68694,6092689,1442727,1829565,1084452,30137,90164,3571,1401424,29236,2537173,35855042,5721762,4076192,192241,59005,12370,1381954,20768489,3065045,2831472,340650,11092,225663,984218,3232852,1085388,42867,749596,1773488,3653046,164535,241989,594716,23795,78701,389477,0,205125,78940,797452,100961,97421,9364792,-1573008
2013:Q1,34756127,990866,11373129,7596160,3963677,10832295,34756127,19598624,247697,4773716,11397755,3179456,12571174,469806,74354,6103474,1468060,1810895,1072147,31766,89105,4082,1395481,52004,2586329,36113478,5561020,3882947,182849,59133,11666,1424425,21056150,3324085,2853205,320706,11344,236970,988835,3208022,1090253,41283,753373,1770040,3729482,171920,248340,585636,21721,74999,382061,0,199733,76255,759804,103119,104964,9496308,-1357351
2013:Q2,34634409,980241,11368166,7665042,3946167,10674793,34634409,19648386,244484,4849492,11393128,3161282,12467210,408318,63130,6137643,1502437,1611739,1066162,157713,103067,4268,1360256,52477,2518813,35078063,5047926,3408993,180382,59263,11355,1387933,20756457,3460797,2794308,298397,10839,242138,990445,3184105,1071741,37571,743184,1771695,3564822,170421,243675,562914,21746,70078,362142,0,180917,71641,684168,111326,107387,9273680,-443654
2013:Q3,34931104,966579,11563589,7717790,3913887,10769259,34931104,19954311,240171,4988511,11588687,3136942,12390451,364747,58770,6147700,1544992,1555877,1077540,159032,96121,4985,1351609,29078,2586342,35220674,4920709,3274892,190276,59392,11596,1384553,20892671,3707798,2787582,304160,11321,237925,996000,3155003,1082662,36294,747949,1797771,3488291,168434,249082,541885,20954,69971,341535,0,185944,72866,672936,113420,102888,9407294,-289570
2013:Q4,35376824,941316,11834187,7798225,3895483,10907613,35376824,20241743,235963,5023145,11858674,3123961,12540174,393733,66899,6200226,1573512,1509763,1078333,170120,112398,5585,1384368,45237,2594907,35376417,4717467,3054605,184184,59520,11119,1408039,21072044,3909862,2829839,295327,11987,230372,1009678,3137568,1086697,46099,769832,1805649,3469851,167569,245909,506148,22397,67939,299615,0,273701,73757,624671,72796,114781,9586906,407
2014:Q1,35697874,981876,12098504,7725110,3888424,11003960,35697874,20606618,234832,5130803,12122507,3118476,12430180,380537,66162,6111353,1589754,1458734,1054631,192285,122725,5985,1385594,62420,2661076,36031770,4762695,3063257,194438,59946,11115,1433939,21478726,4187134,2889576,292671,12506,235013,1009720,3188549,1122718,44238,785221,1705876,3503147,172073,259018,503682,22479,71832,289889,0,285087,68345,626338,68484,135130,9790350,-333896
2014:Q2,35921329,995202,12047511,7778524,3885429,11214663,35921329,20649769,234251,5227604,12071546,3116368,12439067,370890,67463,6150567,1603922,1436695,1059863,185988,113379,7084,1386748,56468,2832493,36659141,4783720,3113866,185753,60373,11059,1412669,21911525,4400551,2947729,289396,11213,234868,1016601,3256949,1156737,43772,833765,1568940,3621299,175602,274056,496708,22679,72451,299790,0,300674,66163,602591,75261,143730,9963896,-737812
2014:Q3,36239587,985785,12255772,7837560,3853352,11307118,36239587,20899812,231461,5299648,12279629,3089074,12526257,369345,65716,6186189,1627514,1443509,1066592,186968,123900,7837,1377040,71647,2813518,36921888,4758005,3143043,184117,60800,11114,1358931,22139630,4470427,3010583,278733,11009,232218,1030281,3306199,1175383,43339,838584,1633717,3617313,173990,276772,494762,25571,69928,294534,0,301089,64664,549630,80249,160655,10024254,-682301
2014:Q4,36650074,920070,12480854,7948383,3865121,11435646,36650074,21209807,229525,5375085,12505228,3099969,12627617,371402,58082,6275505,1648504,1450683,1080315,187718,123878,8539,1374162,48829,2812650,37537412,4790542,3105820,213614,61226,11389,1398493,22572679,4610724,3097354,271862,10760,221202,1045153,3339733,1209746,44823,831808,1698799,3696321,172229,296977,493259,27728,73938,306787,0,330809,63856,542551,71983,114277,10174192,-887338
2015:Q1,36842426,942378,12606703,7904936,3895350,11493059,36842426,21488556,229097,5504119,12630834,3124506,12543577,367440,60827,6234619,1646186,1440164,1080032,181018,107412,9309,1366209,50361,2810293,37905391,4846595,3124701,202563,62471,10703,1446157,22752326,4649000,3173839,267536,10716,226690,1034337,3315845,1215670,45423,822953,1665739,3798050,173226,318557,485468,28334,68839,302388,0,343834,62717,548730,66107,128328,10306470,-1062965
2015:Q2,37150593,968457,12670654,7959876,3909757,11641849,37150593,21725666,225774,5671155,12695304,3133433,12648643,396641,67945,6257982,1677244,1428168,1060680,169904,135794,9126,1371853,73306,2776284,37583946,4706886,3015919,197815,63717,10843,1418592,22463654,4528755,3179528,258140,11085,223983,1034713,3306511,1189832,43720,822669,1615789,3787755,169705,314898,466772,29297,71818,282901,0,330975,63648,525526,67276,138358,10413407,-433353
2015:Q3,37349746,980946,12812842,8047070,3902650,11606238,37349746,21978806,223306,5791301,12836937,3127262,12689116,416364,57224,6293517,1729458,1385750,1066468,157229,135387,9226,1343448,95045,2681824,37905694,5028070,3340971,204655,64961,10948,1406535,22551584,4591114,3204597,264525,11078,214943,1030528,3311631,1194448,43582,801738,1638628,3751341,165609,333400,460700,29000,70468,275252,0,335126,64018,533611,71453,154794,10326041,-555948
2015:Q4,37569007,931176,13168996,8169002,3892987,11406846,37569007,22356934,221905,5820444,13193550,3121035,12567433,415505,66063,6368996,1775452,1369303,953442,149238,131297,8947,1195119,134071,2644640,37723031,4866951,3140029,216373,66206,10781,1433562,22518769,4532110,3256119,266895,11547,218636,1028882,3309493,1175795,47050,802400,1755180,3718490,163196,340741,462196,28866,62654,262500,0,329749,64492,498182,51248,132348,10337311,-154024
2016:Q1,38076534,1010819,13407102,8178390,3915813,11564410,38076534,22764503,222898,5971248,13431541,3138816,12617817,419870,74710,6350100,1803851,1342187,936519,162369,119463,8145,1229652,170951,2694214,38928025,5031614,3274686,226260,66674,11034,1452960,23256754,4643167,3309793,288153,11383,217903,1063847,3453412,1222053,47847,821424,1861105,3823629,164095,380347,457945,27860,64021,261543,0,329655,68427,517027,48499,173619,10639657,-851491
2016:Q2,38310771,1005580,13391647,8324043,3951206,11638295,38310771,22871020,222824,6069716,13416203,3162277,12708995,426733,74262,6455513,1843974,1302501,915798,158562,111009,7931,1250487,162225,2730756,39751797,5151833,3391452,221766,67143,10617,1460855,23744409,4688537,3372913,312230,12130,216934,1091386,3594932,1257298,47006,830070,1773995,3986563,166859,396519,465344,25566,76754,248401,0,337206,66150,531504,50490,195622,10855555,-1441026
2016:Q3,38644667,901002,13621965,8414692,3948962,11758046,38644667,23172081,220537,6147846,13646328,3157370,12712456,382761,66658,6505000,1885329,1261009,897861,155488,125639,8287,1281752,142672,2760130,40045960,5117287,3308647,239609,67612,9668,1491751,24022217,4650078,3480887,298594,11835,211571,1113819,3645899,1267021,48096,834881,1719000,4098350,168714,420396,467572,21784,80229,246303,0,351869,67457,535101,49394,233367,10906456,-1401293
2016:Q4,38841235,874553,13880222,8520584,3949773,11616103,38841235,23428044,218881,6146735,13904681,3157747,12719968,356941,69370,6563167,1932958,1230016,886308,145933,129141,8470,1261541,136123,2693223,39113692,4949880,3185006,211927,68081,10570,1474296,23502679,4456201,3506124,273076,12975,216378,1064244,3503586,1231582,46764,814399,1866695,3970177,162998,420269,450895,20462,73130,235658,0,330270,72625,493702,54224,226245,10661134,-272457
2017:Q1,39138905,926837,13923005,8571556,3938915,11778592,39138905,23602215,218704,6290267,13947233,3146011,12717776,355980,65125,6570217,1977111,1189144,858763,137971,129718,8714,1270686,154347,2818914,39490596,4980968,3183006,212288,69824,9872,1505978,23744189,4480046,3563420,263011,13848,222547,1052712,3556550,1270754,47061,826314,1784053,4072817,165730,457237,436020,15903,70124,244031,0,313816,70682,539072,50008,228433,10765439,-351691
2017:Q2,39506904,915334,13965794,8666982,3949497,12009297,39506904,23735489,221821,6379980,13990185,3143503,12854484,355743,65710,6619811,2022780,1180261,848642,131674,165819,8951,1319414,135679,2916931,40156577,5111996,3286578,226241,71566,9367,1518244,23938240,4494937,3550224,267276,14053,222063,1064013,3607958,1320102,46089,839965,1652478,4219266,168156,493151,427704,12065,67969,249181,0,322645,67014,561004,67241,203686,11106342,-649673
2017:Q3,40000293,972043,14156063,8758864,3926287,12187036,40000293,23993839,218272,6466209,14180431,3128927,12997954,393176,74562,6658098,2076398,1169100,854880,128390,175522,9738,1333598,124492,3008500,40677084,5018921,3190783,208123,73310,8440,1538265,24301872,4491013,3600287,259819,13334,215151,1074171,3656473,1357414,46662,849949,1737271,4366714,168477,526810,411729,11474,64359,276036,0,316311,65579,532525,54035,206279,11356291,-676791
2017:Q4,40584436,955616,14434589,8867120,3972251,12354860,40584436,24364284,220123,6525065,14458984,3160112,13016912,323195,62733,6716266,2126459,1161168,835108,128255,185668,9957,1325999,142104,3203240,41112996,5140088,3229340,243351,75053,8483,1583861,24630970,4456791,3611619,303276,14735,212147,1097155,3695684,1391161,47220,864291,1826268,4448040,168002,543721,404908,12290,63783,290241,0,329321,71604,516215,62302,200196,11341939,-528560
2018:Q1,41201476,1038159,14894690,8871811,3953371,12443445,41201476,24910007,221789,6626625,14919352,3142241,13013388,341466,67437,6685669,2161480,1137117,832972,131886,175594,10490,1312440,156837,3278081,41101830,5161124,3280409,242469,75242,8453,1554551,24646119,4332150,3555824,292941,15862,212452,1075829,3638150,1376989,46140,885033,1988415,4497121,165360,552678,411976,13631,62668,285305,0,350251,70043,511105,73655,232541,11294588,99646
2018:Q2,41286626,1041206,14933718,8959855,3956519,12395328,41286626,24956648,221484,6635704,14957229,3142231,13073735,317788,60441,6736142,2200202,1140852,854908,126959,167352,10645,1299662,158784,3256243,40984321,5334130,3417327,241605,75432,7143,1592623,24461495,4225283,3552372,300221,16382,212202,1074896,3597917,1379220,44769,855498,1859232,4545817,167001,583231,416332,14669,59971,281730,0,364300,67964,541864,78242,222382,11188697,302305
2018:Q3,41740674,1035233,15227623,9021339,3941077,12515402,41740674,25287008,218797,6682997,15250445,3134769,13151852,317659,52852,6753272,2245245,1139346,878682,129907,175898,10802,1298777,149412,3301814,41211321,5613943,3674715,239969,75620,6969,1616670,24389237,4069057,3553898,295170,18993,205653,1093646,3615701,1394587,44736,849655,1882063,4576054,166551,602068,412624,18638,61355,301821,0,321085,64608,530844,89049,221381,11208142,529353
2018:Q4,42175937,985654,15566216,9112563,3931662,12579842,42175937,25624623,218630,6693624,15589156,3123213,13241905,288177,50078,6797349,2292274,1145857,879163,141927,184003,10372,1301256,151449,3309409,41684883,5826299,3877947,263220,75809,7231,1602092,24672545,3989827,3681552,318130,19475,206369,1118577,3611578,1416067,44442,878435,2024180,4436256,161005,625929,408334,20423,55263,314486,0,323715,61044,653277,92224,211957,11186039,491054
2019:Q1,42731558,1052114,15888708,9145613,3918320,12726803,42731558,26073476,217421,6837210,15910909,3107936,13315507,282809,48637,6808433,2314979,1153431,859216,149459,181887,9874,1337470,169312,3342575,43149911,6101856,4087887,281646,75822,6871,1649630,25475035,3960777,3750681,312943,20768,212092,1154267,3801606,1469607,46278,981816,2189646,4562368,166711,681966,418157,24301,54065,345329,0,307354,62760,658467,95543,197533,11573020,-418353
2019:Q2,43118041,1071291,15884286,9264025,3906192,12992247,43118041,26140367,218015,6924963,15906283,3091106,13495288,289102,52700,6901795,2340233,1155124,844884,157501,205851,11114,1370958,166026,3482386,44249394,6385994,4327181,285131,75834,6640,1691208,26041976,3906990,3831533,325558,28745,214673,1177760,3978871,1522365,46666,1040775,2057966,4763407,169355,733003,435638,26530,53105,367244,0,346307,67688,682225,105640,159932,11821425,-1131353
2019:Q3,43793088,1055790,16303690,9343225,3905253,13185130,43793088,26647885,217720,7016525,16325145,3088495,13625234,315143,67314,6952680,2369090,1188571,850033,163329,183332,11642,1373507,150593,3519969,45604486,6427107,4359378,316050,75846,6379,1669454,26848943,3904319,3968963,334431,31053,215960,1194426,4116408,1560253,48279,1003141,2313396,4963354,171163,775165,460515,29094,56737,373710,0,385415,66314,675339,123406,78102,12328436,-1811398
2019:Q4,44282743,1038531,16628907,9429469,3949389,13236447,44282743,27008140,217158,7015305,16650118,3125559,13704152,327936,71070,7002215,2406043,1200977,835375,178593,173984,12217,1350035,145707,3570451,45933540,6327181,4261930,337625,75859,6068,1645699,27237875,4017943,3996802,308972,33589,220304,1192773,4142315,1565782,49370,966905,2432288,5090499,171493,809136,467725,33034,59980,375688,0,369831,69281,644877,126766,92522,12368484,-1650797
2020:Q1,45357429,1082248,17115829,9769102,3958252,13431998,45357429,27746349,214477,7261329,17137013,3133530,14327179,350933,88004,7318099,2429819,1271368,859355,162061,256907,14587,1432946,143100,3283901,47348589,6240424,4154605,376824,76342,5795,1626858,28747601,5318698,4193470,340165,33957,234338,1184841,4039674,1585699,47191,984033,2898079,4704217,151660,814864,484216,32025,58813,235689,0,366977,65471,733187,121489,118848,12360564,-1991160
2020:Q2,48722317,1000114,19867035,9743728,3980564,14130876,48722317,30926205,212230,7669588,19888054,3156333,14259856,368982,75098,7305137,2417572,1251050,849029,170798,179726,14476,1495107,132881,3536256,51515073,5892131,3667429,389980,76826,5499,1752397,32667836,6853221,4506306,334397,38757,266160,1255264,4317091,1672633,49032,1015762,3917582,5037237,158585,921226,547909,30568,68150,229708,0,389217,74533,739182,125110,120206,12955107,-2792756
2020:Q3,49407422,950423,20340181,9866187,4017998,14232633,49407422,31466472,210927,7701634,20360332,3193579,14320004,406920,66868,7417660,2428376,1244616,816438,176608,165438,16543,1461288,119249,3620946,52370066,5877086,3635501,377706,77309,5455,1781115,33464808,7169189,4797645,319399,39274,289484,1282598,4367273,1688365,50703,1048188,3651036,5331846,162559,982092,557029,29531,69905,222557,0,398015,74436,675357,116148,142179,13028172,-2962644
2020:Q4,50509459,925481,20946158,10086673,4043846,14507301,50509459,32132157,207985,7734912,20966365,3222895,14609024,436898,65251,7638140,2428326,1245847,815203,177406,183886,19989,1479919,118159,3768278,53400256,5978260,3683482,377229,77792,7173,1832584,34167751,7429389,5069130,313517,41349,309287,1270149,4431254,1715260,53039,1099153,3525227,5539231,172683,1041768,520093,30315,73559,223932,0,336012,78624,655455,122432,116893,13254246,-2890797
2021:Q1,51360773,1109784,21347365,10226360,4071133,14606131,51360773,32712120,208895,7888264,21367192,3247769,14749640,418767,66014,7775145,2431388,1248880,795008,176937,196343,24025,1442209,174924,3899013,52871542,5295323,3013075,350848,75122,6842,1849436,34468872,7555180,5437256,294742,43759,345048,1247867,4261714,1675664,50809,1089357,3606137,5586299,174804,1058053,471928,28571,69685,209303,0,294645,76068,530737,145458,215788,13107348,-1510769
2021:Q2,52485638,1089986,21699043,10407473,4095425,15193711,52485638,33128028,209136,7933577,21718869,3266446,15299880,368933,58666,7928061,2459586,1273887,1130355,189834,204512,27853,1524801,133392,4057730,54252744,5457845,2851149,384406,75318,6635,2140337,35337065,8017450,5699997,289350,42396,374167,1304882,4353151,1754000,50004,1167743,3185242,5762034,179229,1133976,450455,27427,57819,199638,0,309597,73375,548823,144104,212206,13457834,-1767106
2021:Q3,53053467,1075984,21846135,10535899,4114653,15480796,53053467,33372751,208230,8014955,21865636,3283930,15457723,336288,52415,8041747,2474651,1328673,1123457,192947,214638,32989,1517694,142224,4222993,54471253,5581201,2897959,395967,74500,5132,2207643,35414029,8417420,5932920,289519,47290,385287,1308721,4399949,1786263,47950,1152302,2534453,5860564,181223,1173705,440080,28736,57442,177988,0,298162,70799,542767,139092,141397,13476023,-1417786
2021:Q4,53986280,1051755,22557536,10699163,4128041,15549785,53986280,34093998,207715,8013929,22577323,3295031,15661543,311792,53747,8177564,2501812,1409214,1085337,200707,217713,38096,1544939,120622,4230739,55358561,5408363,2661114,409561,75949,6192,2255547,36298611,8739364,6196872,286056,47475,401524,1320116,4452759,1820982,48913,1191768,2568809,5897364,181166,1215294,430206,31856,68291,180366,15623,283505,74749,547410,146450,151693,13651587,-1372281
2022:Q1,54933172,1139604,23246108,10926821,4111925,15508714,54933172,34869452,209800,8121641,23265505,3272506,16044178,348370,77313,8372641,2534783,1443839,1068151,206670,260836,42124,1531079,158372,4019542,53663273,5430474,2752285,373253,78396,5429,2221111,35001860,8475798,6121206,280776,47838,412804,1242886,4156542,1680262,45818,1142802,2514892,5561547,169326,1179910,432842,34483,58970,169295,22308,285375,75073,535452,148866,206789,13230939,1269899
2022:Q2,54983787,1163880,23253368,11195464,4117528,15253547,54983787,34842642,207331,8084840,23273089,3277382,16345018,390811,96175,8591872,2583871,1470112,1058598,210340,249244,41432,1516633,135930,3796127,51601261,5778914,2983051,399874,80841,5063,2310085,33158285,8048494,5889608,295476,51264,412291,1201110,3893365,1571190,40695,1085410,2224623,5088692,154989,1172834,404458,35695,50858,157014,23403,292399,83053,545598,166439,269327,12664063,3382526
2022:Q3,55390509,1165930,23616710,11442447,4101791,15063631,55390509,35206952,206594,8096115,23636062,3268181,16520263,396771,97654,8785708,2637387,1494999,1036967,206559,223595,42451,1472610,125562,3663294,50101114,6252310,3513000,360747,83288,4110,2291165,31555340,7511406,5528494,304358,54545,393883,1174716,3726890,1476421,38330,1033875,2113202,4810848,146170,1177162,398886,36312,47861,165998,23784,284257,89938,602260,176426,239318,12293465,5289395
2022:Q4,56049381,1203687,23844978,11678557,4079280,15242879,56049381,35426824,206894,8108858,23864777,3246295,16921046,446610,106704,8970820,2687938,1495249,1062396,213427,236100,42602,1541766,117434,3701511,50910945,7168553,4370437,382168,85734,4386,2325828,31478141,7353445,5488055,297796,50920,383555,1241699,3797217,1487447,39701,1034258,2021984,4793899,149388,1258330,395644,36411,52012,159017,23225,269779,100912,613253,181754,248440,12264251,5138436
2023:Q1,57052268,1158965,24282042,12041313,4084197,15485751,57052268,36034470,207183,8274869,24301785,3250633,17278216,399341,105191,9303695,2717875,1515099,1068545,211692,229311,41246,1547929,138292,3739582,52761028,7806794,4916345,387544,85510,4374,2413021,32237894,7247525,5443866,280415,50034,379286,1287301,3940226,1547756,40921,1097773,2206930,4929314,149317,1336562,407929,36357,40886,181277,24592,329450,101266,784334,168630,225947,12716341,4291240
2023:Q2,57537556,1167090,24772373,11972388,4100309,15525396,57537556,36561829,209391,8300270,24790364,3261804,17238078,428042,115553,9189393,2765004,1512602,1102999,206964,211194,41868,1541203,123256,3737649,52852159,7885865,4968480,400035,85287,4230,2427833,31983315,6906341,5279483,289987,49596,368820,1283748,3912601,1551328,42082,1080815,2392475,4974472,147585,1371457,421584,34452,38345,181840,25790,291491,102651,786956,166278,283138,12982980,4685397
2023:Q3,58333604,1206643,25630167,11938790,4092082,15465922,58333604,37444256,209468,8328440,25649734,3256614,17219783,442576,120648,9098342,2820881,1520452,1112736,203952,221033,42995,1486350,149818,3669565,52259359,7948708,5049070,435926,85064,4086,2374562,31419750,6397642,5041825,275701,68911,354432,1292324,3782922,1523658,40375,1063301,2881246,4860342,141571,1367487,427182,33192,35326,191092,26650,287213,100732,817276,174247,235103,12890902,6074245
2023:Q4,59214983,1219537,26226569,11975976,4103831,15689070,59214983,38081508,209224,8355689,26246746,3269849,17405762,442869,146022,9085118,2870681,1526512,1155590,212927,236247,45316,1556270,128210,3727713,55435667,8351684,5389933,400061,84840,3867,2472983,33272308,6527643,5233931,271544,73187,352269,1363671,4015599,1634131,43249,1134740,3414842,5068623,150501,1493244,456416,31432,28287,187356,28665,310782,122692,853623,182387,293494,13811676,3779316
2024:Q1,59999421,1233639,26808608,11973659,4130035,15853480,59999421,38816308,211836,8487405,26828554,3288513,17474535,438322,152199,9047513,2906200,1537623,1169677,212135,251019,51437,1558241,150169,3708578,55953464,8283481,5265475,444650,85927,3555,2483874,33633090,6208323,5293273,283883,74052,348402,1408940,4061298,1623157,43290,1166994,3741971,5196120,151304,1531379,451496,29188,29138,188477,31237,271041,117376,940747,170801,271203,14036893,4045957
2024:Q2,60308369,1217483,26903135,12057458,4176978,15953315,60308369,39008733,215627,8545058,26923354,3324694,17566552,433119,157980,9086472,2950767,1541176,1197788,207180,259133,55359,1535157,142421,3733084,56081333,8488725,5411997,462973,86819,3588,2523348,33573451,5959280,5245828,291562,76774,346914,1503926,4086295,1618988,42235,1221486,3611310,5228471,150065,1587954,464677,26860,37233,194094,33165,317275,118265,963214,173661,273919,14019158,4227036
2024:Q3,61584003,1242147,27586426,12137761,4212205,16405464,61584003,39829168,217408,8649210,27606688,3355862,17911470,447545,167356,9123133,2994366,1626928,1217074,209510,327226,59282,1590271,148779,3843365,58960504,8897993,5634807,537885,87677,3189,2634435,35212198,6066321,5456146,297301,77147,352684,1642009,4323551,1693390,45601,1303467,3887408,5496566,152771,1740475,490764,25904,23511,213072,34141,298273,111414,1025133,178832,276317,14850313,2623499
2024:Q4,62105061,1211335,28139470,12274578,4225358,16254320,62105061,40386906,217975,8639449,28159925,3369557,17999672,410325,170828,9209536,3044587,1667762,1220475,214725,327339,64407,1542081,127607,3718483,58064109,8743533,5534629,542474,88894,6486,2571050,34781211,5695449,5325724,298549,79221,344795,1557003,4187502,1638609,44795,1269638,4326471,5411212,147047,1756381,520652,26234,21042,205935,34584,288748,111114,1028706,177053,284747,14539365,4040952
2025:Q1,62970788,1318847,28447272,12296464,4260820,16647385,62970788,40893040,220034,8808464,28467966,3396576,18215912,427625,159296,9197802,3077968,1713083,1229742,215676,358264,67397,1606967,162092,3861836,59602632,8894644,5621932,554660,90157,8718,2619177,35612481,5710743,5489363,295023,80769,354603,1598807,4286130,1678268,46156,1301220,4252281,5559982,145427,1882910,535448,22564,21234,222768,36382,286675,111283,1172947,182507,338991,15095508,3368156
2025:Q2,63474543,1383192,28518345,12436060,4332374,16804572,63474543,41042282,226298,8824584,28539484,3451916,18529204,471280,178690,9287869,3127052,1764245,1233817,217855,377165,74444,1636210,160577,3903057,60425441,9093159,5733482,560644,91766,8539,2698728,35857330,5643246,5566754,316321,81803,359305,1595183,4384669,1702736,46776,1266511,4069426,5585210,144379,1972518,570692,20356,20764,230758,38008,292347,110430,1279297,175418,384423,15474953,3049102
2025:Q3,64804583,1348379,29571648,12458630,4377016,17048910,64804583,42219370,229604,8898645,29593715,3497406,18630397,452185,194583,9263855,3172708,1843908,1230399,225385,380996,78952,1619331,168095,3954816,62357566,9269926,5842969,572872,93272,5321,2755492,37238384,5641485,5677459,318923,78739,363492,1704164,4510661,1752285,48761,1361221,4697517,5760108,145397,2104546,571584,19026,20430,253355,40445,279764,108862,1255567,172933,351660,15849256,2447017
2025:Q4,65485674,1360463,30069641,12487780,4414516,17153274,65485674,42792255,234358,8939349,30091535,3527013,18652906,430993,180007,9256008,3209878,1888128,1210984,241353,362362,81517,1627769,163907,4040513,63201225,9317996,5878261,597710,95268,10437,2736320,37907061,5636568,5634334,333184,75777,364195,1698909,4536152,1763787,51125,1381689,5021251,5878950,144532,2227813,570317,19160,22739,278577,40726,277202,118227,1298819,167723,365305,15976168,2284449
2026:Q1,66494253,1425934,30641548,12561927,4466015,17398829,66494253,43610292,237655,9136223,30663619,3572795,18807965,417530,160668,9308508,3231348,1917146,1207299,243040,389401,87481,1680840,164704,4075996,64092602,9187333,5735448,597681,97697,10199,2746308,38780141,5736580,5780448,340348,74560,377185,1739889,4559437,1768970,49716,1429421,5000713,6018068,141270,2389705,579121,19026,22958,286511,41867,320607,118621,1407899,173476,403745,16125128,2401651
2026:Q2,67337709,1450562,30878287,12762647,4541057,17705156,67337709,43975071,243645,9190040,30899488,3641898,19143973,429384,144072,9459512,3281934,1981350,1199527,246326,440252,93351,1700900,167365,4218665,65013524,9562770,6006233,631385,99144,10118,2815890,39220908,5763409,5806833,353708,73156,382810,1749295,4647644,1801841,50296,1419316,4978325,6108046,143940,2545430,620232,18554,21687,292664,43221,364818,121414,1378485,174008,361776,16229847,2324185
